PERMNO,date,NAMEENDT,NCUSIP,TICKER,COMNAM,CUSIP,BIDLO,ASKHI,PRC,BID,ASK,OPENPRC
19285,4/3/2020,12/31/2024,14448C10,CARR,CARRIER GLOBAL CORP,14448C10,13.38,17,16.92,16.71,16.73,13.75
19285,4/6/2020,,14448C10,CARR,CARRIER GLOBAL CORP,14448C10,14.85,17.15,15.44,15.4,15.42,17.06
19285,4/7/2020,,14448C10,CARR,CARRIER GLOBAL CORP,14448C10,14.55,15.8,15.25,15.25,15.26,15.2
19285,4/8/2020,,14448C10,CARR,CARRIER GLOBAL CORP,14448C10,13.73,15.25,14.26,14.22,14.26,14.5
19285,4/9/2020,,14448C10,CARR,CARRIER GLOBAL CORP,14448C10,13.9,15.5,14.78,14.76,14.8,14
19285,4/13/2020,,14448C10,CARR,CARRIER GLOBAL CORP,14448C10,13.98,14.5,13.99,13.99,14,14.5
19285,4/14/2020,,14448C10,CARR,CARRIER GLOBAL CORP,14448C10,13.78,14.2,13.87,13.86,13.87,14
19285,4/15/2020,,14448C10,CARR,CARRIER GLOBAL CORP,14448C10,12.94,13.655,13.36,13.36,13.37,13.53
19285,4/16/2020,,14448C10,CARR,CARRIER GLOBAL CORP,14448C10,12.26,13.25,12.89,12.87,12.89,13.15
19285,4/17/2020,,14448C10,CARR,CARRIER GLOBAL CORP,14448C10,12.93,13.83,13.74,13.73,13.74,13.3
19285,4/20/2020,,14448C10,CARR,CARRIER GLOBAL CORP,14448C10,13.475,14.74,14.45,14.45,14.47,13.5
19285,4/21/2020,,14448C10,CARR,CARRIER GLOBAL CORP,14448C10,14.18,15.25,14.69,14.7,14.71,14.22
19285,4/22/2020,,14448C10,CARR,CARRIER GLOBAL CORP,14448C10,14.22,15.16,14.79,14.78,14.79,14.95
19285,4/23/2020,,14448C10,CARR,CARRIER GLOBAL CORP,14448C10,14.61,15.92,15.72,15.71,15.72,14.7
19285,4/24/2020,,14448C10,CARR,CARRIER GLOBAL CORP,14448C10,15.2901,16.67,16.25,16.24,16.25,15.6
19285,4/27/2020,,14448C10,CARR,CARRIER GLOBAL CORP,14448C10,15.975,16.81,16.8,16.8,16.81,16.17
19285,4/28/2020,,14448C10,CARR,CARRIER GLOBAL CORP,14448C10,16.61,17.75,17,17,17.01,16.88
19285,4/29/2020,,14448C10,CARR,CARRIER GLOBAL CORP,14448C10,17.17,18.08,17.64,17.59,17.63,17.46
19285,4/30/2020,,14448C10,CARR,CARRIER GLOBAL CORP,14448C10,16.985,17.84,17.71,17.75,17.76,17.22
19285,5/1/2020,,14448C10,CARR,CARRIER GLOBAL CORP,14448C10,16.62,17.35,16.77,16.74,16.77,17.33
19285,5/4/2020,,14448C10,CARR,CARRIER GLOBAL CORP,14448C10,15.69,16.52,16.4,16.41,16.43,16.15
19285,5/5/2020,,14448C10,CARR,CARRIER GLOBAL CORP,14448C10,15.8404,16.76,15.97,15.97,15.98,16.68
19285,5/6/2020,,14448C10,CARR,CARRIER GLOBAL CORP,14448C10,15.43,16.37,16.29,16.27,16.28,16
19285,5/7/2020,,14448C10,CARR,CARRIER GLOBAL CORP,14448C10,15.88,17.04,16.41,16.41,16.44,16.21
19285,5/8/2020,,14448C10,CARR,CARRIER GLOBAL CORP,14448C10,16.935,18.4,18.36,18.35,18.36,17.04
19285,5/11/2020,,14448C10,CARR,CARRIER GLOBAL CORP,14448C10,18.02,18.75,18.35,18.35,18.37,18.43
19285,5/12/2020,,14448C10,CARR,CARRIER GLOBAL CORP,14448C10,17.69,18.3998,17.8,17.8,17.81,18.39
19285,5/13/2020,,14448C10,CARR,CARRIER GLOBAL CORP,14448C10,16.1,17.4367,16.44,16.44,16.46,17.21
19285,5/14/2020,,14448C10,CARR,CARRIER GLOBAL CORP,14448C10,15.72,16.715,16.55,16.53,16.54,16.02
19285,5/15/2020,,14448C10,CARR,CARRIER GLOBAL CORP,14448C10,16,16.965,16.71,16.71,16.72,16.3
19285,5/18/2020,,14448C10,CARR,CARRIER GLOBAL CORP,14448C10,17.29,17.72,17.55,17.53,17.54,17.3
19285,5/19/2020,,14448C10,CARR,CARRIER GLOBAL CORP,14448C10,17.15,17.92,17.77,17.75,17.77,17.44
19285,5/20/2020,,14448C10,CARR,CARRIER GLOBAL CORP,14448C10,18.04,19.05,18.73,18.72,18.73,18.16
19285,5/21/2020,,14448C10,CARR,CARRIER GLOBAL CORP,14448C10,18.5,19.52,19.45,19.43,19.44,18.54
19285,5/22/2020,,14448C10,CARR,CARRIER GLOBAL CORP,14448C10,18.95,19.86,19.05,19.06,19.07,19.47
19285,5/26/2020,,14448C10,CARR,CARRIER GLOBAL CORP,14448C10,19.34,20.6,19.51,19.5,19.51,19.61
19285,5/27/2020,,14448C10,CARR,CARRIER GLOBAL CORP,14448C10,19.43,20.13,19.99,19.98,19.99,19.57
19285,5/28/2020,,14448C10,CARR,CARRIER GLOBAL CORP,14448C10,19.505,20.46,19.6,19.58,19.59,20.08
19285,5/29/2020,,14448C10,CARR,CARRIER GLOBAL CORP,14448C10,18.88,20.98,20.47,20.44,20.48,18.96
19285,6/1/2020,,14448C10,CARR,CARRIER GLOBAL CORP,14448C10,20.55,21.95,21.82,21.8,21.82,20.55
19285,6/2/2020,,14448C10,CARR,CARRIER GLOBAL CORP,14448C10,20.905,21.829,21.36,21.34,21.35,21.69
19285,6/3/2020,,14448C10,CARR,CARRIER GLOBAL CORP,14448C10,21.38,22.58,22.22,22.2,22.21,21.47
19285,6/4/2020,,14448C10,CARR,CARRIER GLOBAL CORP,14448C10,22.03,23.12,22.68,22.68,22.69,22.03
19285,6/5/2020,,14448C10,CARR,CARRIER GLOBAL CORP,14448C10,23.38,24.4,23.56,23.52,23.55,23.54
19285,6/8/2020,,14448C10,CARR,CARRIER GLOBAL CORP,14448C10,23.31,24.38,24.37,24.36,24.37,23.63
19285,6/9/2020,,14448C10,CARR,CARRIER GLOBAL CORP,14448C10,23.21,23.96,23.21,23.21,23.23,23.74
19285,6/10/2020,,14448C10,CARR,CARRIER GLOBAL CORP,14448C10,22.04,23.15,22.2,22.2,22.21,22.31
19285,6/11/2020,,14448C10,CARR,CARRIER GLOBAL CORP,14448C10,20,21.8,21.06,21.06,21.09,20.16
19285,6/12/2020,,14448C10,CARR,CARRIER GLOBAL CORP,14448C10,21.02,22.31,21.54,21.54,21.55,22
19285,6/15/2020,,14448C10,CARR,CARRIER GLOBAL CORP,14448C10,20.63,22.54,21.97,21.97,21.99,20.72
19285,6/16/2020,,14448C10,CARR,CARRIER GLOBAL CORP,14448C10,21.925,22.98,22.07,22.07,22.1,22.96
19285,6/17/2020,,14448C10,CARR,CARRIER GLOBAL CORP,14448C10,21.08,22.3397,21.26,21.25,21.26,22.17
19285,6/18/2020,,14448C10,CARR,CARRIER GLOBAL CORP,14448C10,21,21.8897,21.25,21.25,21.26,21
19285,6/19/2020,,14448C10,CARR,CARRIER GLOBAL CORP,14448C10,21,21.85,21.45,21.41,21.42,21.76
19285,6/22/2020,,14448C10,CARR,CARRIER GLOBAL CORP,14448C10,21.31,22.825,22.74,22.73,22.74,21.52
19285,6/23/2020,,14448C10,CARR,CARRIER GLOBAL CORP,14448C10,22.32,23.24,22.39,22.39,22.4,23.12
19285,6/24/2020,,14448C10,CARR,CARRIER GLOBAL CORP,14448C10,21.45,22.66,21.82,21.82,21.83,22.1
19285,6/25/2020,,14448C10,CARR,CARRIER GLOBAL CORP,14448C10,21.035,21.87,21.52,21.52,21.53,21.62
19285,6/26/2020,,14448C10,CARR,CARRIER GLOBAL CORP,14448C10,20.5909,21.74,20.97,21.02,21.03,21.52
19285,6/29/2020,,14448C10,CARR,CARRIER GLOBAL CORP,14448C10,21,22.47,22.12,22.12,22.13,21.08
19285,6/30/2020,,14448C10,CARR,CARRIER GLOBAL CORP,14448C10,21.41,22.41,22.22,22.21,22.22,21.81
19285,7/1/2020,,14448C10,CARR,CARRIER GLOBAL CORP,14448C10,21.87,23.01,22.61,22.6,22.61,22.32
19285,7/2/2020,,14448C10,CARR,CARRIER GLOBAL CORP,14448C10,22.57,23.22,22.91,22.91,22.92,22.99
19285,7/6/2020,,14448C10,CARR,CARRIER GLOBAL CORP,14448C10,23.13,24.29,24.21,24.21,24.22,23.13
19285,7/7/2020,,14448C10,CARR,CARRIER GLOBAL CORP,14448C10,23.724,24.18,24.01,23.99,24,23.76
19285,7/8/2020,,14448C10,CARR,CARRIER GLOBAL CORP,14448C10,23.46,24.09,23.99,23.99,24.01,23.88
19285,7/9/2020,,14448C10,CARR,CARRIER GLOBAL CORP,14448C10,23.76,24.22,23.91,23.91,23.92,24
19285,7/10/2020,,14448C10,CARR,CARRIER GLOBAL CORP,14448C10,23.72,26.06,24.89,24.88,24.89,23.84
19285,7/13/2020,,14448C10,CARR,CARRIER GLOBAL CORP,14448C10,23.26,25.21,24.28,24.27,24.28,25.14
19285,7/14/2020,,14448C10,CARR,CARRIER GLOBAL CORP,14448C10,24.23,25.1601,25.15,25.15,25.16,24.3
19285,7/15/2020,,14448C10,CARR,CARRIER GLOBAL CORP,14448C10,25.5401,26.57,26.45,26.43,26.45,25.58
19285,7/16/2020,,14448C10,CARR,CARRIER GLOBAL CORP,14448C10,25.92,26.99,26.61,26.61,26.63,26.12
19285,7/17/2020,,14448C10,CARR,CARRIER GLOBAL CORP,14448C10,26.33,26.9,26.48,26.48,26.49,26.89
19285,7/20/2020,,14448C10,CARR,CARRIER GLOBAL CORP,14448C10,26.065,26.54,26.41,26.4,26.41,26.22
19285,7/21/2020,,14448C10,CARR,CARRIER GLOBAL CORP,14448C10,26.16,26.8,26.57,26.57,26.58,26.29
19285,7/22/2020,,14448C10,CARR,CARRIER GLOBAL CORP,14448C10,26.32,27.06,26.6,26.59,26.61,26.34
19285,7/23/2020,,14448C10,CARR,CARRIER GLOBAL CORP,14448C10,26.52,27.63,27.35,27.33,27.35,26.66
19285,7/24/2020,,14448C10,CARR,CARRIER GLOBAL CORP,14448C10,26.54,27.26,26.58,26.58,26.59,27.25
19285,7/27/2020,,14448C10,CARR,CARRIER GLOBAL CORP,14448C10,26.08,26.78,26.25,26.24,26.25,26.5
19285,7/28/2020,,14448C10,CARR,CARRIER GLOBAL CORP,14448C10,25.85,26.4,26.07,26.06,26.07,26.07
19285,7/29/2020,,14448C10,CARR,CARRIER GLOBAL CORP,14448C10,26.11,27.72,27.18,27.15,27.18,26.11
19285,7/30/2020,,14448C10,CARR,CARRIER GLOBAL CORP,14448C10,25.6,27.5,26.9,26.87,26.9,25.85
19285,7/31/2020,,14448C10,CARR,CARRIER GLOBAL CORP,14448C10,26.63,27.355,27.24,27.24,27.26,26.85
19285,8/3/2020,,14448C10,CARR,CARRIER GLOBAL CORP,14448C10,27.01,27.89,27.62,27.62,27.63,27.24
19285,8/4/2020,,14448C10,CARR,CARRIER GLOBAL CORP,14448C10,27.16,27.87,27.77,27.76,27.77,27.4
19285,8/5/2020,,14448C10,CARR,CARRIER GLOBAL CORP,14448C10,27.66,28.175,28.11,28.11,28.12,27.66
19285,8/6/2020,,14448C10,CARR,CARRIER GLOBAL CORP,14448C10,27.94,28.54,28.27,28.27,28.28,28.02
19285,8/7/2020,,14448C10,CARR,CARRIER GLOBAL CORP,14448C10,28.44,29.03,28.97,28.97,28.98,28.72
19285,8/10/2020,,14448C10,CARR,CARRIER GLOBAL CORP,14448C10,28.91,29.57,29.46,29.46,29.47,29.02
19285,8/11/2020,,14448C10,CARR,CARRIER GLOBAL CORP,14448C10,29.44,30.3196,29.49,29.49,29.5,30.16
19285,8/12/2020,,14448C10,CARR,CARRIER GLOBAL CORP,14448C10,29.62,30.19,29.79,29.78,29.79,29.87
19285,8/13/2020,,14448C10,CARR,CARRIER GLOBAL CORP,14448C10,29.37,30.28,29.54,29.53,29.54,29.9
19285,8/14/2020,,14448C10,CARR,CARRIER GLOBAL CORP,14448C10,29.28,30.0481,29.52,29.51,29.52,29.71
19285,8/17/2020,,14448C10,CARR,CARRIER GLOBAL CORP,14448C10,29.1429,30.185,29.84,29.84,29.85,29.5
19285,8/18/2020,,14448C10,CARR,CARRIER GLOBAL CORP,14448C10,29.37,30.05,29.46,29.44,29.46,29.72
19285,8/19/2020,,14448C10,CARR,CARRIER GLOBAL CORP,14448C10,29.12,29.69,29.25,29.25,29.26,29.54
19285,8/20/2020,,14448C10,CARR,CARRIER GLOBAL CORP,14448C10,28.75,29.41,29.01,29.01,29.02,29.02
19285,8/21/2020,,14448C10,CARR,CARRIER GLOBAL CORP,14448C10,29.085,29.82,29.52,29.52,29.53,29.16
19285,8/24/2020,,14448C10,CARR,CARRIER GLOBAL CORP,14448C10,29.74,30.44,30.38,30.38,30.39,29.76
19285,8/25/2020,,14448C10,CARR,CARRIER GLOBAL CORP,14448C10,30.41,30.805,30.47,30.47,30.48,30.5
19285,8/26/2020,,14448C10,CARR,CARRIER GLOBAL CORP,14448C10,30.41,31.24,31.03,31.03,31.04,30.51
19285,8/27/2020,,14448C10,CARR,CARRIER GLOBAL CORP,14448C10,30.16,31.24,30.28,30.28,30.29,31.07
19285,8/28/2020,,14448C10,CARR,CARRIER GLOBAL CORP,14448C10,29.955,30.475,30.3,30.3,30.31,30.38
19285,8/31/2020,,14448C10,CARR,CARRIER GLOBAL CORP,14448C10,29.83,30.46,29.85,29.84,29.85,30.19
19285,9/1/2020,,14448C10,CARR,CARRIER GLOBAL CORP,14448C10,29.17,30.36,30.3,30.3,30.31,29.66
19285,9/2/2020,,14448C10,CARR,CARRIER GLOBAL CORP,14448C10,29.84,30.95,30.78,30.76,30.78,30.22
19285,9/3/2020,,14448C10,CARR,CARRIER GLOBAL CORP,14448C10,28.96,30.69,29.33,29.33,29.34,30.5
19285,9/4/2020,,14448C10,CARR,CARRIER GLOBAL CORP,14448C10,28.83,30.095,30,29.99,30,29.43
19285,9/8/2020,,14448C10,CARR,CARRIER GLOBAL CORP,14448C10,29.2,30.25,29.57,29.58,29.59,29.35
19285,9/9/2020,,14448C10,CARR,CARRIER GLOBAL CORP,14448C10,29.55,30.345,30.13,30.12,30.13,29.93
19285,9/10/2020,,14448C10,CARR,CARRIER GLOBAL CORP,14448C10,28.58,30.01,29.14,29.13,29.14,29.9
19285,9/11/2020,,14448C10,CARR,CARRIER GLOBAL CORP,14448C10,29.01,29.645,29.24,29.24,29.25,29.17
19285,9/14/2020,,14448C10,CARR,CARRIER GLOBAL CORP,14448C10,28.8297,29.44,29.15,29.14,29.15,29.4
19285,9/15/2020,,14448C10,CARR,CARRIER GLOBAL CORP,14448C10,29.3013,30.04,29.69,29.68,29.69,29.48
19285,9/16/2020,,14448C10,CARR,CARRIER GLOBAL CORP,14448C10,29.525,30.535,30.25,30.25,30.26,30.16
19285,9/17/2020,,14448C10,CARR,CARRIER GLOBAL CORP,14448C10,29.37,30.695,30.66,30.65,30.66,29.77
19285,9/18/2020,,14448C10,CARR,CARRIER GLOBAL CORP,14448C10,30.5,31.2,30.79,30.78,30.79,30.5
19285,9/21/2020,,14448C10,CARR,CARRIER GLOBAL CORP,14448C10,29.22,30.77,29.51,29.51,29.52,30.29
19285,9/22/2020,,14448C10,CARR,CARRIER GLOBAL CORP,14448C10,29.49,30.33,30.26,30.26,30.27,29.51
19285,9/23/2020,,14448C10,CARR,CARRIER GLOBAL CORP,14448C10,29.1,30.42,29.11,29.11,29.12,30.4
19285,9/24/2020,,14448C10,CARR,CARRIER GLOBAL CORP,14448C10,28.79,29.97,29.88,29.88,29.89,29.12
19285,9/25/2020,,14448C10,CARR,CARRIER GLOBAL CORP,14448C10,29.35,30.5,30.49,30.49,30.5,29.4
19285,9/28/2020,,14448C10,CARR,CARRIER GLOBAL CORP,14448C10,30.43,31.56,30.74,30.74,30.75,30.75
19285,9/29/2020,,14448C10,CARR,CARRIER GLOBAL CORP,14448C10,30.08,30.69,30.5,30.5,30.51,30.51
19285,9/30/2020,,14448C10,CARR,CARRIER GLOBAL CORP,14448C10,30.35,31.24,30.54,30.53,30.54,30.61
19285,10/1/2020,,14448C10,CARR,CARRIER GLOBAL CORP,14448C10,30.55,31.06,30.77,30.77,30.78,30.72
19285,10/2/2020,,14448C10,CARR,CARRIER GLOBAL CORP,14448C10,30.26,31.52,31.23,31.23,31.24,30.34
19285,10/5/2020,,14448C10,CARR,CARRIER GLOBAL CORP,14448C10,31.64,32.47,32.08,32.07,32.08,31.64
19285,10/6/2020,,14448C10,CARR,CARRIER GLOBAL CORP,14448C10,31.45,32.39,31.51,31.51,31.52,32.34
19285,10/7/2020,,14448C10,CARR,CARRIER GLOBAL CORP,14448C10,31.89,32.29,32.12,32.11,32.12,31.93
19285,10/8/2020,,14448C10,CARR,CARRIER GLOBAL CORP,14448C10,31.63,32.4665,31.95,31.94,31.95,32.31
19285,10/9/2020,,14448C10,CARR,CARRIER GLOBAL CORP,14448C10,31.71,32.55,32.23,32.22,32.23,31.91
19285,10/12/2020,,14448C10,CARR,CARRIER GLOBAL CORP,14448C10,32.2,33.16,33,33,33.01,32.59
19285,10/13/2020,,14448C10,CARR,CARRIER GLOBAL CORP,14448C10,32.04,33.47,32.49,32.48,32.49,33.3
19285,10/14/2020,,14448C10,CARR,CARRIER GLOBAL CORP,14448C10,32.43,33.05,32.51,32.51,32.52,32.68
19285,10/15/2020,,14448C10,CARR,CARRIER GLOBAL CORP,14448C10,32.01,32.66,32.6,32.6,32.61,32.09
19285,10/16/2020,,14448C10,CARR,CARRIER GLOBAL CORP,14448C10,32.42,33.27,32.76,32.75,32.76,32.92
19285,10/19/2020,,14448C10,CARR,CARRIER GLOBAL CORP,14448C10,32.07,33,32.32,32.33,32.34,32.8
19285,10/20/2020,,14448C10,CARR,CARRIER GLOBAL CORP,14448C10,32.35,33.8,33.23,33.23,33.24,32.45
19285,10/21/2020,,14448C10,CARR,CARRIER GLOBAL CORP,14448C10,32.9,33.44,33.35,33.35,33.36,33.06
19285,10/22/2020,,14448C10,CARR,CARRIER GLOBAL CORP,14448C10,33.15,34.13,33.89,33.9,33.91,33.15
19285,10/23/2020,,14448C10,CARR,CARRIER GLOBAL CORP,14448C10,33.86,34.96,34.93,34.92,34.94,33.9
19285,10/26/2020,,14448C10,CARR,CARRIER GLOBAL CORP,14448C10,33.27,34.45,33.71,33.7,33.71,34.45
19285,10/27/2020,,14448C10,CARR,CARRIER GLOBAL CORP,14448C10,33.11,33.94,33.6,33.6,33.61,33.83
19285,10/28/2020,,14448C10,CARR,CARRIER GLOBAL CORP,14448C10,32.76,33.76,33.3,33.34,33.35,32.93
19285,10/29/2020,,14448C10,CARR,CARRIER GLOBAL CORP,14448C10,32.93,34.78,34.07,34.08,34.09,33.79
19285,10/30/2020,,14448C10,CARR,CARRIER GLOBAL CORP,14448C10,33,34.88,33.39,33.37,33.38,33.97
19285,11/2/2020,,14448C10,CARR,CARRIER GLOBAL CORP,14448C10,33.87,35.13,35.1,35.1,35.13,34
19285,11/3/2020,,14448C10,CARR,CARRIER GLOBAL CORP,14448C10,35.43,37.01,36.95,36.94,36.95,35.45
19285,11/4/2020,,14448C10,CARR,CARRIER GLOBAL CORP,14448C10,35.5,37.4,36.78,36.78,36.79,35.63
19285,11/5/2020,,14448C10,CARR,CARRIER GLOBAL CORP,14448C10,37.38,38.3,38.2,38.2,38.23,37.51
19285,11/6/2020,,14448C10,CARR,CARRIER GLOBAL CORP,14448C10,38.145,39.03,38.95,38.94,38.95,38.53
19285,11/9/2020,,14448C10,CARR,CARRIER GLOBAL CORP,14448C10,38.68,41.3,38.8,38.8,38.82,40.74
19285,11/10/2020,,14448C10,CARR,CARRIER GLOBAL CORP,14448C10,37.58,39.35,37.81,37.81,37.82,39.03
19285,11/11/2020,,14448C10,CARR,CARRIER GLOBAL CORP,14448C10,37.89,38.73,38.06,38.06,38.07,38.49
19285,11/12/2020,,14448C10,CARR,CARRIER GLOBAL CORP,14448C10,37.785,38.935,37.96,37.95,37.96,38
19285,11/13/2020,,14448C10,CARR,CARRIER GLOBAL CORP,14448C10,38.14,38.61,38.29,38.28,38.29,38.23
19285,11/16/2020,,14448C10,CARR,CARRIER GLOBAL CORP,14448C10,38.48,40.51,40.5,40.5,40.51,39.24
19285,11/17/2020,,14448C10,CARR,CARRIER GLOBAL CORP,14448C10,39.86,41.48,40.36,40.32,40.36,41.45
19285,11/18/2020,,14448C10,CARR,CARRIER GLOBAL CORP,14448C10,39.37,40.59,39.39,39.38,39.39,40.28
19285,11/19/2020,,14448C10,CARR,CARRIER GLOBAL CORP,14448C10,38.51,39.28,39.13,39.13,39.14,39
19285,11/20/2020,,14448C10,CARR,CARRIER GLOBAL CORP,14448C10,38.21,39.1,38.54,38.54,38.55,38.93
19285,11/23/2020,,14448C10,CARR,CARRIER GLOBAL CORP,14448C10,38.4,39.14,38.77,38.77,38.79,39
19285,11/24/2020,,14448C10,CARR,CARRIER GLOBAL CORP,14448C10,38.43,39.565,39.37,39.36,39.37,38.94
19285,11/25/2020,,14448C10,CARR,CARRIER GLOBAL CORP,14448C10,38.52,39.24,38.61,38.62,38.63,39.06
19285,11/27/2020,,14448C10,CARR,CARRIER GLOBAL CORP,14448C10,37.46,38.84,37.81,37.82,37.86,38.69
19285,11/30/2020,,14448C10,CARR,CARRIER GLOBAL CORP,14448C10,37.41,38.48,38.07,38.06,38.07,37.75
19285,12/1/2020,,14448C10,CARR,CARRIER GLOBAL CORP,14448C10,37.55,38.94,37.6,37.6,37.61,38.64
19285,12/2/2020,,14448C10,CARR,CARRIER GLOBAL CORP,14448C10,36.56,37.28,36.83,36.83,36.84,37.19
19285,12/3/2020,,14448C10,CARR,CARRIER GLOBAL CORP,14448C10,36.6,37.77,36.69,36.69,36.72,37.19
19285,12/4/2020,,14448C10,CARR,CARRIER GLOBAL CORP,14448C10,37.055,37.97,37.7,37.69,37.7,37.27
19285,12/7/2020,,14448C10,CARR,CARRIER GLOBAL CORP,14448C10,36.71,37.7,36.84,36.84,36.85,37.55
19285,12/8/2020,,14448C10,CARR,CARRIER GLOBAL CORP,14448C10,36.61,37.57,37.3,37.3,37.31,36.64
19285,12/9/2020,,14448C10,CARR,CARRIER GLOBAL CORP,14448C10,37.39,37.99,37.84,37.84,37.87,37.41
19285,12/10/2020,,14448C10,CARR,CARRIER GLOBAL CORP,14448C10,37.2674,38.47,37.54,37.54,37.55,37.67
19285,12/11/2020,,14448C10,CARR,CARRIER GLOBAL CORP,14448C10,36.76,37.39,37.16,37.16,37.17,37.16
19285,12/14/2020,,14448C10,CARR,CARRIER GLOBAL CORP,14448C10,36.52,37.55,36.62,36.58,36.62,37.5
19285,12/15/2020,,14448C10,CARR,CARRIER GLOBAL CORP,14448C10,36.52,37.91,37.67,37.67,37.68,37.1
19285,12/16/2020,,14448C10,CARR,CARRIER GLOBAL CORP,14448C10,37.34,38.02,38,37.99,38.02,37.73
19285,12/17/2020,,14448C10,CARR,CARRIER GLOBAL CORP,14448C10,38.25,38.865,38.7,38.7,38.71,38.41
19285,12/18/2020,,14448C10,CARR,CARRIER GLOBAL CORP,14448C10,37.61,38.86,38.79,38.75,38.79,38.75
19285,12/21/2020,,14448C10,CARR,CARRIER GLOBAL CORP,14448C10,37.9308,38.72,38.52,38.5,38.51,38
19285,12/22/2020,,14448C10,CARR,CARRIER GLOBAL CORP,14448C10,37.86,38.52,38.03,38,38.02,38.29
19285,12/23/2020,,14448C10,CARR,CARRIER GLOBAL CORP,14448C10,37.8,38.4,38.16,38.16,38.17,38.12
19285,12/24/2020,,14448C10,CARR,CARRIER GLOBAL CORP,14448C10,37.85,38.24,37.89,37.9,37.95,37.91
19285,12/28/2020,,14448C10,CARR,CARRIER GLOBAL CORP,14448C10,37.75,39.43,37.76,37.76,37.77,38.11
19285,12/29/2020,,14448C10,CARR,CARRIER GLOBAL CORP,14448C10,36.68,38.18,37.17,37.17,37.18,38
19285,12/30/2020,,14448C10,CARR,CARRIER GLOBAL CORP,14448C10,37.25,37.8,37.73,37.74,37.75,37.31
19285,12/31/2020,,14448C10,CARR,CARRIER GLOBAL CORP,14448C10,36.92,37.81,37.72,37.71,37.72,37.62
19285,1/4/2021,,14448C10,CARR,CARRIER GLOBAL CORP,14448C10,36.98,38.38,37.03,37,37.01,38.35
19285,1/5/2021,,14448C10,CARR,CARRIER GLOBAL CORP,14448C10,36.8,38.18,37.94,37.93,37.94,37
19285,1/6/2021,,14448C10,CARR,CARRIER GLOBAL CORP,14448C10,38.32,40.26,40.05,40.04,40.05,38.32
19285,1/7/2021,,14448C10,CARR,CARRIER GLOBAL CORP,14448C10,40,41.19,41.09,41.08,41.09,40.41
19285,1/8/2021,,14448C10,CARR,CARRIER GLOBAL CORP,14448C10,40,41.35,40.69,40.66,40.69,41.2
19285,1/11/2021,,14448C10,CARR,CARRIER GLOBAL CORP,14448C10,39.85,41.8428,41.57,41.59,41.6,39.88
19285,1/12/2021,,14448C10,CARR,CARRIER GLOBAL CORP,14448C10,41.05,41.94,41.74,41.7,41.71,41.56
19285,1/13/2021,,14448C10,CARR,CARRIER GLOBAL CORP,14448C10,40.83,41.89,41.38,41.38,41.39,41.42
19285,1/14/2021,,14448C10,CARR,CARRIER GLOBAL CORP,14448C10,40.73,41.59,40.8,40.8,40.82,41.4
19285,1/15/2021,,14448C10,CARR,CARRIER GLOBAL CORP,14448C10,39.571,40.6,40.38,40.36,40.38,40.6
19285,1/19/2021,,14448C10,CARR,CARRIER GLOBAL CORP,14448C10,40.2,40.98,40.37,40.36,40.37,40.7
19285,1/20/2021,,14448C10,CARR,CARRIER GLOBAL CORP,14448C10,39.69,40.41,40.04,40.01,40.03,40.41
19285,1/21/2021,,14448C10,CARR,CARRIER GLOBAL CORP,14448C10,39.21,40.4,39.74,39.74,39.75,40.4
19285,1/22/2021,,14448C10,CARR,CARRIER GLOBAL CORP,14448C10,39.1,40.11,39.51,39.51,39.52,39.2
19285,1/25/2021,,14448C10,CARR,CARRIER GLOBAL CORP,14448C10,37.2,39.0569,38.89,38.86,38.87,38.97
19285,1/26/2021,,14448C10,CARR,CARRIER GLOBAL CORP,14448C10,37.3,39.05,37.32,37.3,37.32,38.89
19285,1/27/2021,,14448C10,CARR,CARRIER GLOBAL CORP,14448C10,34.21,36.78,36.23,36.23,36.24,36.6
19285,1/28/2021,,14448C10,CARR,CARRIER GLOBAL CORP,14448C10,36.4207,38.45,38.2,38.19,38.2,36.81
19285,1/29/2021,,14448C10,CARR,CARRIER GLOBAL CORP,14448C10,37.77,38.8,38.5,38.5,38.51,37.89
19285,2/1/2021,,14448C10,CARR,CARRIER GLOBAL CORP,14448C10,38.55,39.45,38.66,38.65,38.66,39.2
19285,2/2/2021,,14448C10,CARR,CARRIER GLOBAL CORP,14448C10,38.43,39.4,38.48,38.47,38.48,39.12
19285,2/3/2021,,14448C10,CARR,CARRIER GLOBAL CORP,14448C10,37.9556,38.66,38.15,38.15,38.17,38.3
19285,2/4/2021,,14448C10,CARR,CARRIER GLOBAL CORP,14448C10,37.86,38.53,38.33,38.29,38.33,38.37
19285,2/5/2021,,14448C10,CARR,CARRIER GLOBAL CORP,14448C10,38,39.99,39.15,39.16,39.17,38
19285,2/8/2021,,14448C10,CARR,CARRIER GLOBAL CORP,14448C10,39.34,40.12,39.7,39.65,39.72,39.53
19285,2/9/2021,,14448C10,CARR,CARRIER GLOBAL CORP,14448C10,36.95,38.28,37.25,37.25,37.29,37.1
19285,2/10/2021,,14448C10,CARR,CARRIER GLOBAL CORP,14448C10,36.8,37.95,37.19,37.18,37.21,37.66
19285,2/11/2021,,14448C10,CARR,CARRIER GLOBAL CORP,14448C10,36.63,37.475,37.2,37.29,37.33,37.3
19285,2/12/2021,,14448C10,CARR,CARRIER GLOBAL CORP,14448C10,36.76,37.4,37.28,37.27,37.28,37
19285,2/16/2021,,14448C10,CARR,CARRIER GLOBAL CORP,14448C10,36.775,37.525,37.41,37.38,37.39,37.46
19285,2/17/2021,,14448C10,CARR,CARRIER GLOBAL CORP,14448C10,36.7,37.3689,37.24,37.24,37.25,37.23
19285,2/18/2021,,14448C10,CARR,CARRIER GLOBAL CORP,14448C10,36.362,37.23,36.65,36.65,36.67,37.09
19285,2/19/2021,,14448C10,CARR,CARRIER GLOBAL CORP,14448C10,36.96,37.76,37.64,37.64,37.65,37
19285,2/22/2021,,14448C10,CARR,CARRIER GLOBAL CORP,14448C10,37.27,37.87,37.3,37.29,37.3,37.41
19285,2/23/2021,,14448C10,CARR,CARRIER GLOBAL CORP,14448C10,35.82,37.19,37.1,37.08,37.09,36.83
19285,2/24/2021,,14448C10,CARR,CARRIER GLOBAL CORP,14448C10,36.695,37.51,37.45,37.45,37.46,36.86
19285,2/25/2021,,14448C10,CARR,CARRIER GLOBAL CORP,14448C10,35.94,37.27,36.14,36.15,36.17,37.07
19285,2/26/2021,,14448C10,CARR,CARRIER GLOBAL CORP,14448C10,36.02,37,36.53,36.55,36.56,36.39
19285,3/1/2021,,14448C10,CARR,CARRIER GLOBAL CORP,14448C10,36.72,37.565,37.2,37.21,37.22,36.76
19285,3/2/2021,,14448C10,CARR,CARRIER GLOBAL CORP,14448C10,36.68,37.42,37.14,37.14,37.17,37.4
19285,3/3/2021,,14448C10,CARR,CARRIER GLOBAL CORP,14448C10,36.63,37.578,37.12,37.11,37.12,36.85
19285,3/4/2021,,14448C10,CARR,CARRIER GLOBAL CORP,14448C10,35.06,37.21,35.52,35.53,35.54,36.95
19285,3/5/2021,,14448C10,CARR,CARRIER GLOBAL CORP,14448C10,34.75,37.04,36.94,36.92,36.94,36.12
19285,3/8/2021,,14448C10,CARR,CARRIER GLOBAL CORP,14448C10,36.3,37.79,37.06,37.04,37.05,36.79
19285,3/9/2021,,14448C10,CARR,CARRIER GLOBAL CORP,14448C10,37.1,37.71,37.12,37.11,37.12,37.35
19285,3/10/2021,,14448C10,CARR,CARRIER GLOBAL CORP,14448C10,37.48,39.1,38.78,38.77,38.78,37.61
19285,3/11/2021,,14448C10,CARR,CARRIER GLOBAL CORP,14448C10,38.61,39.57,39.23,39.21,39.22,39.27
19285,3/12/2021,,14448C10,CARR,CARRIER GLOBAL CORP,14448C10,38.92,39.62,39.59,39.59,39.6,39
19285,3/15/2021,,14448C10,CARR,CARRIER GLOBAL CORP,14448C10,39.1,39.74,39.6,39.58,39.59,39.22
19285,3/16/2021,,14448C10,CARR,CARRIER GLOBAL CORP,14448C10,38.31,39.65,38.57,38.56,38.57,39.62
19285,3/17/2021,,14448C10,CARR,CARRIER GLOBAL CORP,14448C10,38.43,39.36,39.35,39.35,39.36,38.81
19285,3/18/2021,,14448C10,CARR,CARRIER GLOBAL CORP,14448C10,39.4,41.6,41,41,41.01,39.4
19285,3/19/2021,,14448C10,CARR,CARRIER GLOBAL CORP,14448C10,40.5806,41.31,40.91,40.9,40.91,41.23
19285,3/22/2021,,14448C10,CARR,CARRIER GLOBAL CORP,14448C10,39.85,41.69,41.41,41.41,41.42,40.62
19285,3/23/2021,,14448C10,CARR,CARRIER GLOBAL CORP,14448C10,40.055,41.49,40.29,40.29,40.3,40.92
19285,3/24/2021,,14448C10,CARR,CARRIER GLOBAL CORP,14448C10,40.13,41.23,40.14,40.13,40.14,40.5
19285,3/25/2021,,14448C10,CARR,CARRIER GLOBAL CORP,14448C10,39.58,40.475,40.35,40.34,40.35,40.19
19285,3/26/2021,,14448C10,CARR,CARRIER GLOBAL CORP,14448C10,39.83,41.14,41.09,41.07,41.08,40.82
19285,3/29/2021,,14448C10,CARR,CARRIER GLOBAL CORP,14448C10,41.9517,42.98,42.34,42.33,42.34,42.21
19285,3/30/2021,,14448C10,CARR,CARRIER GLOBAL CORP,14448C10,41.79,42.92,42.36,42.37,42.38,42.07
19285,3/31/2021,,14448C10,CARR,CARRIER GLOBAL CORP,14448C10,42.03,43.48,42.22,42.19,42.22,43
19285,4/1/2021,,14448C10,CARR,CARRIER GLOBAL CORP,14448C10,41.86,42.4,42.02,42.02,42.03,42.23
19285,4/5/2021,,14448C10,CARR,CARRIER GLOBAL CORP,14448C10,42.33,42.92,42.58,42.58,42.59,42.39
19285,4/6/2021,,14448C10,CARR,CARRIER GLOBAL CORP,14448C10,42.3,43.3,42.81,42.81,42.82,42.64
19285,4/7/2021,,14448C10,CARR,CARRIER GLOBAL CORP,14448C10,42.14,42.84,42.69,42.69,42.7,42.56
19285,4/8/2021,,14448C10,CARR,CARRIER GLOBAL CORP,14448C10,42.05,43,42.53,42.51,42.52,42.58
19285,4/9/2021,,14448C10,CARR,CARRIER GLOBAL CORP,14448C10,42.26,43.06,42.75,42.74,42.75,42.85
19285,4/12/2021,,14448C10,CARR,CARRIER GLOBAL CORP,14448C10,42.48,43.005,42.6,42.62,42.63,42.8
19285,4/13/2021,,14448C10,CARR,CARRIER GLOBAL CORP,14448C10,42.24,43.37,43.16,43.15,43.16,42.49
19285,4/14/2021,,14448C10,CARR,CARRIER GLOBAL CORP,14448C10,43.06,43.78,43.13,43.13,43.14,43.13
19285,4/15/2021,,14448C10,CARR,CARRIER GLOBAL CORP,14448C10,42.7,43.77,43.59,43.59,43.6,43.2
19285,4/16/2021,,14448C10,CARR,CARRIER GLOBAL CORP,14448C10,43.44,44.28,43.88,43.88,43.89,43.88
19285,4/19/2021,,14448C10,CARR,CARRIER GLOBAL CORP,14448C10,43.67,44.645,43.87,43.88,43.89,44
19285,4/20/2021,,14448C10,CARR,CARRIER GLOBAL CORP,14448C10,42.01,43.67,42.52,42.51,42.52,43.58
19285,4/21/2021,,14448C10,CARR,CARRIER GLOBAL CORP,14448C10,42.2,43.125,43.06,43.06,43.07,42.5
19285,4/22/2021,,14448C10,CARR,CARRIER GLOBAL CORP,14448C10,42.85,43.71,43.09,43.08,43.09,43.24
19285,4/23/2021,,14448C10,CARR,CARRIER GLOBAL CORP,14448C10,43.07,44.56,44.47,44.46,44.47,43.36
19285,4/26/2021,,14448C10,CARR,CARRIER GLOBAL CORP,14448C10,44.02,45.16,44.1,44.11,44.12,44.82
19285,4/27/2021,,14448C10,CARR,CARRIER GLOBAL CORP,14448C10,44,45.04,44.96,44.95,44.96,44.15
19285,4/28/2021,,14448C10,CARR,CARRIER GLOBAL CORP,14448C10,44.47,45.32,44.49,44.53,44.56,44.94
19285,4/29/2021,,14448C10,CARR,CARRIER GLOBAL CORP,14448C10,43.39,44.88,44.15,44.15,44.16,43.97
19285,4/30/2021,,14448C10,CARR,CARRIER GLOBAL CORP,14448C10,42.99,43.85,43.58,43.58,43.61,43.68
19285,5/3/2021,,14448C10,CARR,CARRIER GLOBAL CORP,14448C10,43.18,44.19,43.46,43.46,43.49,44.12
19285,5/4/2021,,14448C10,CARR,CARRIER GLOBAL CORP,14448C10,42.78,43.36,43.13,43.14,43.15,43.16
19285,5/5/2021,,14448C10,CARR,CARRIER GLOBAL CORP,14448C10,43.15,43.78,43.27,43.25,43.27,43.47
19285,5/6/2021,,14448C10,CARR,CARRIER GLOBAL CORP,14448C10,43.16,44.19,44.16,44.16,44.17,43.34
19285,5/7/2021,,14448C10,CARR,CARRIER GLOBAL CORP,14448C10,43.87,45.265,44.84,44.83,44.84,44.12
19285,5/10/2021,,14448C10,CARR,CARRIER GLOBAL CORP,14448C10,44.89,45.65,45.41,45.43,45.45,44.89
19285,5/11/2021,,14448C10,CARR,CARRIER GLOBAL CORP,14448C10,44.01,45.12,44.5,44.49,44.5,45.12
19285,5/12/2021,,14448C10,CARR,CARRIER GLOBAL CORP,14448C10,42.39,44.44,42.43,42.43,42.44,44.24
19285,5/13/2021,,14448C10,CARR,CARRIER GLOBAL CORP,14448C10,42.51,43.64,43.25,43.24,43.25,42.68
19285,5/14/2021,,14448C10,CARR,CARRIER GLOBAL CORP,14448C10,43.45,44.08,43.64,43.64,43.65,43.61
19285,5/17/2021,,14448C10,CARR,CARRIER GLOBAL CORP,14448C10,43.46,44.33,44.17,44.17,44.2,43.52
19285,5/18/2021,,14448C10,CARR,CARRIER GLOBAL CORP,14448C10,43.54,44.48,43.66,43.67,43.68,44.275
19285,5/19/2021,,14448C10,CARR,CARRIER GLOBAL CORP,14448C10,42.7,43.63,43.44,43.45,43.46,43.24
19285,5/20/2021,,14448C10,CARR,CARRIER GLOBAL CORP,14448C10,43.21,44.07,43.89,43.89,43.9,43.56
19285,5/21/2021,,14448C10,CARR,CARRIER GLOBAL CORP,14448C10,43.87,44.72,43.88,43.88,43.89,44.17
19285,5/24/2021,,14448C10,CARR,CARRIER GLOBAL CORP,14448C10,43.93,44.6799,44.38,44.4,44.41,44.08
19285,5/25/2021,,14448C10,CARR,CARRIER GLOBAL CORP,14448C10,44.51,45.18,44.72,44.72,44.74,44.65
19285,5/26/2021,,14448C10,CARR,CARRIER GLOBAL CORP,14448C10,44.525,45.03,44.72,44.72,44.73,44.78
19285,5/27/2021,,14448C10,CARR,CARRIER GLOBAL CORP,14448C10,44.84,45.48,45.31,45.32,45.34,45.07
19285,5/28/2021,,14448C10,CARR,CARRIER GLOBAL CORP,14448C10,45.41,46.13,45.93,45.94,45.95,45.695
19285,6/1/2021,,14448C10,CARR,CARRIER GLOBAL CORP,14448C10,46.58,47.09,46.85,46.84,46.85,46.61
19285,6/2/2021,,14448C10,CARR,CARRIER GLOBAL CORP,14448C10,45.91,46.935,46.05,46.04,46.05,46.76
19285,6/3/2021,,14448C10,CARR,CARRIER GLOBAL CORP,14448C10,45.14,46.18,45.73,45.73,45.74,45.73
19285,6/4/2021,,14448C10,CARR,CARRIER GLOBAL CORP,14448C10,45.76,46.05,45.89,45.87,45.88,45.95
19285,6/7/2021,,14448C10,CARR,CARRIER GLOBAL CORP,14448C10,45.87,46.37,46.06,46.06,46.07,46.18
19285,6/8/2021,,14448C10,CARR,CARRIER GLOBAL CORP,14448C10,45.79,46.46,46.36,46.36,46.37,46.2
19285,6/9/2021,,14448C10,CARR,CARRIER GLOBAL CORP,14448C10,45.99,46.53,46.19,46.23,46.24,46.3
19285,6/10/2021,,14448C10,CARR,CARRIER GLOBAL CORP,14448C10,45.78,46.63,45.86,45.87,45.88,46.41
19285,6/11/2021,,14448C10,CARR,CARRIER GLOBAL CORP,14448C10,45.66,46.28,46.1,46.1,46.11,46.17
19285,6/14/2021,,14448C10,CARR,CARRIER GLOBAL CORP,14448C10,45.7612,46.29,46.21,46.21,46.22,46.1
19285,6/15/2021,,14448C10,CARR,CARRIER GLOBAL CORP,14448C10,45.82,46.6,46.53,46.52,46.53,46.29
19285,6/16/2021,,14448C10,CARR,CARRIER GLOBAL CORP,14448C10,46.475,47.1325,46.91,46.9,46.91,46.73
19285,6/17/2021,,14448C10,CARR,CARRIER GLOBAL CORP,14448C10,45.11,46.91,46.13,46.13,46.14,46.9
19285,6/18/2021,,14448C10,CARR,CARRIER GLOBAL CORP,14448C10,45.02,45.86,45.05,45.05,45.06,45.43
19285,6/21/2021,,14448C10,CARR,CARRIER GLOBAL CORP,14448C10,45.3,46.61,46.5,46.49,46.51,45.4
19285,6/22/2021,,14448C10,CARR,CARRIER GLOBAL CORP,14448C10,46.01,46.7,46.11,46.11,46.12,46.6
19285,6/23/2021,,14448C10,CARR,CARRIER GLOBAL CORP,14448C10,45.69,46.64,46.1,46.1,46.11,46.5
19285,6/24/2021,,14448C10,CARR,CARRIER GLOBAL CORP,14448C10,45.95,46.39,46.22,46.21,46.22,46.25
19285,6/25/2021,,14448C10,CARR,CARRIER GLOBAL CORP,14448C10,46.24,47.17,47.06,47.05,47.06,46.33
19285,6/28/2021,,14448C10,CARR,CARRIER GLOBAL CORP,14448C10,46.675,47.94,47.88,47.87,47.89,47.06
19285,6/29/2021,,14448C10,CARR,CARRIER GLOBAL CORP,14448C10,48.03,49.1,48.71,48.71,48.72,48.03
19285,6/30/2021,,14448C10,CARR,CARRIER GLOBAL CORP,14448C10,48.25,48.99,48.6,48.57,48.58,48.46
19285,7/1/2021,,14448C10,CARR,CARRIER GLOBAL CORP,14448C10,48.31,48.89,48.75,48.74,48.75,48.62
19285,7/2/2021,,14448C10,CARR,CARRIER GLOBAL CORP,14448C10,48.44,48.9,48.52,48.51,48.53,48.8
19285,7/6/2021,,14448C10,CARR,CARRIER GLOBAL CORP,14448C10,47.62,48.625,48.17,48.17,48.18,48.61
19285,7/7/2021,,14448C10,CARR,CARRIER GLOBAL CORP,14448C10,48.02,49.055,48.83,48.83,48.84,48.2
19285,7/8/2021,,14448C10,CARR,CARRIER GLOBAL CORP,14448C10,47.53,48.42,48.05,48.04,48.05,47.81
19285,7/9/2021,,14448C10,CARR,CARRIER GLOBAL CORP,14448C10,48.21,48.865,48.27,48.26,48.27,48.55
19285,7/12/2021,,14448C10,CARR,CARRIER GLOBAL CORP,14448C10,47.98,49.27,49.21,49.23,49.24,48.5
19285,7/13/2021,,14448C10,CARR,CARRIER GLOBAL CORP,14448C10,49.02,49.615,49.23,49.25,49.26,49.09
19285,7/14/2021,,14448C10,CARR,CARRIER GLOBAL CORP,14448C10,48.9,49.72,49,49.01,49.02,49.4
19285,7/15/2021,,14448C10,CARR,CARRIER GLOBAL CORP,14448C10,48.51,49.675,49.56,49.56,49.57,48.73
19285,7/16/2021,,14448C10,CARR,CARRIER GLOBAL CORP,14448C10,49,49.81,49.08,49.06,49.07,49.56
19285,7/19/2021,,14448C10,CARR,CARRIER GLOBAL CORP,14448C10,47.6501,48.5,48.25,48.25,48.27,48.31
19285,7/20/2021,,14448C10,CARR,CARRIER GLOBAL CORP,14448C10,48.3169,50.065,49.9,49.93,49.94,48.48
19285,7/21/2021,,14448C10,CARR,CARRIER GLOBAL CORP,14448C10,49.94,50.59,50.45,50.44,50.45,50.02
19285,7/22/2021,,14448C10,CARR,CARRIER GLOBAL CORP,14448C10,50.23,51.015,50.81,50.81,50.82,50.5
19285,7/23/2021,,14448C10,CARR,CARRIER GLOBAL CORP,14448C10,50.94,51.96,51.9,51.9,51.91,50.96
19285,7/26/2021,,14448C10,CARR,CARRIER GLOBAL CORP,14448C10,51.26,52.088,51.51,51.5,51.51,51.8
19285,7/27/2021,,14448C10,CARR,CARRIER GLOBAL CORP,14448C10,51.2401,52.41,51.96,51.95,51.96,51.5
19285,7/28/2021,,14448C10,CARR,CARRIER GLOBAL CORP,14448C10,51.53,52.3,51.57,51.62,51.63,51.87
19285,7/29/2021,,14448C10,CARR,CARRIER GLOBAL CORP,14448C10,52.18,54.08,53.94,53.94,53.95,53.075
19285,7/30/2021,,14448C10,CARR,CARRIER GLOBAL CORP,14448C10,53.96,55.51,55.25,55.25,55.26,54.22
19285,8/2/2021,,14448C10,CARR,CARRIER GLOBAL CORP,14448C10,54.482,56.03,54.61,54.65,54.66,55.3
19285,8/3/2021,,14448C10,CARR,CARRIER GLOBAL CORP,14448C10,54.98,57.25,57.18,57.17,57.18,54.99
19285,8/4/2021,,14448C10,CARR,CARRIER GLOBAL CORP,14448C10,56.54,57.8999,57.04,57.02,57.03,56.6
19285,8/5/2021,,14448C10,CARR,CARRIER GLOBAL CORP,14448C10,55.91,57.535,56.32,56.32,56.33,57.36
19285,8/6/2021,,14448C10,CARR,CARRIER GLOBAL CORP,14448C10,55.855,56.82,56.38,56.37,56.38,56.52
19285,8/9/2021,,14448C10,CARR,CARRIER GLOBAL CORP,14448C10,55.955,56.529,56.24,56.24,56.25,56.1
19285,8/10/2021,,14448C10,CARR,CARRIER GLOBAL CORP,14448C10,56.26,57.5,56.61,56.61,56.62,56.4
19285,8/11/2021,,14448C10,CARR,CARRIER GLOBAL CORP,14448C10,56.08,57.0266,56.89,56.87,56.89,56.78
19285,8/12/2021,,14448C10,CARR,CARRIER GLOBAL CORP,14448C10,55.67,56.57,55.98,55.97,55.98,56.34
19285,8/13/2021,,14448C10,CARR,CARRIER GLOBAL CORP,14448C10,55.74,56.25,56.15,56.14,56.15,55.94
19285,8/16/2021,,14448C10,CARR,CARRIER GLOBAL CORP,14448C10,55.62,56.83,56.6,56.6,56.61,55.99
19285,8/17/2021,,14448C10,CARR,CARRIER GLOBAL CORP,14448C10,54.37,56.14,55.15,55.14,55.15,55.95
19285,8/18/2021,,14448C10,CARR,CARRIER GLOBAL CORP,14448C10,55.04,55.99,55.17,55.17,55.18,55.15
19285,8/19/2021,,14448C10,CARR,CARRIER GLOBAL CORP,14448C10,54.23,55.98,55.25,55.24,55.25,54.3
19285,8/20/2021,,14448C10,CARR,CARRIER GLOBAL CORP,14448C10,54.71,55.6,55.37,55.37,55.38,55.47
19285,8/23/2021,,14448C10,CARR,CARRIER GLOBAL CORP,14448C10,55.35,56.165,55.88,55.88,55.89,55.86
19285,8/24/2021,,14448C10,CARR,CARRIER GLOBAL CORP,14448C10,55.74,56.685,56.61,56.61,56.63,55.78
19285,8/25/2021,,14448C10,CARR,CARRIER GLOBAL CORP,14448C10,56.43,58.0399,57.74,57.75,57.77,56.46
19285,8/26/2021,,14448C10,CARR,CARRIER GLOBAL CORP,14448C10,57.155,57.975,57.38,57.36,57.37,57.65
19285,8/27/2021,,14448C10,CARR,CARRIER GLOBAL CORP,14448C10,57.61,58.42,58.32,58.32,58.33,57.61
19285,8/30/2021,,14448C10,CARR,CARRIER GLOBAL CORP,14448C10,58.02,58.89,58.03,58.03,58.04,58.52
19285,8/31/2021,,14448C10,CARR,CARRIER GLOBAL CORP,14448C10,56.9401,58.01,57.6,57.59,57.6,58
19285,9/1/2021,,14448C10,CARR,CARRIER GLOBAL CORP,14448C10,56.74,57.97,57.89,57.88,57.89,57.9
19285,9/2/2021,,14448C10,CARR,CARRIER GLOBAL CORP,14448C10,57.47,58.29,57.92,57.92,57.94,58.15
19285,9/3/2021,,14448C10,CARR,CARRIER GLOBAL CORP,14448C10,57.25,57.86,57.41,57.38,57.41,57.68
19285,9/7/2021,,14448C10,CARR,CARRIER GLOBAL CORP,14448C10,56.0913,56.99,56.22,56.22,56.23,56.32
19285,9/8/2021,,14448C10,CARR,CARRIER GLOBAL CORP,14448C10,55.79,56.95,56.66,56.65,56.66,56.08
19285,9/9/2021,,14448C10,CARR,CARRIER GLOBAL CORP,14448C10,56.41,57.395,56.73,56.71,56.72,56.81
19285,9/10/2021,,14448C10,CARR,CARRIER GLOBAL CORP,14448C10,56.4,57.23,56.43,56.43,56.44,57.16
19285,9/13/2021,,14448C10,CARR,CARRIER GLOBAL CORP,14448C10,55.18,57.08,55.74,55.74,55.75,56.94
19285,9/14/2021,,14448C10,CARR,CARRIER GLOBAL CORP,14448C10,54.59,56.035,54.98,54.99,55,56
19285,9/15/2021,,14448C10,CARR,CARRIER GLOBAL CORP,14448C10,54.83,55.9,55.76,55.76,55.77,55.06
19285,9/16/2021,,14448C10,CARR,CARRIER GLOBAL CORP,14448C10,54.69,55.86,55.07,55.07,55.08,55.67
19285,9/17/2021,,14448C10,CARR,CARRIER GLOBAL CORP,14448C10,54.57,55.08,55,55,55.01,54.77
19285,9/20/2021,,14448C10,CARR,CARRIER GLOBAL CORP,14448C10,53.06,54.6,53.82,53.8,53.81,53.95
19285,9/21/2021,,14448C10,CARR,CARRIER GLOBAL CORP,14448C10,51.67,54.16,51.69,51.68,51.69,54.11
19285,9/22/2021,,14448C10,CARR,CARRIER GLOBAL CORP,14448C10,52.09,53.12,52.59,52.59,52.6,52.17
19285,9/23/2021,,14448C10,CARR,CARRIER GLOBAL CORP,14448C10,52.98,54.175,53.49,53.49,53.5,52.98
19285,9/24/2021,,14448C10,CARR,CARRIER GLOBAL CORP,14448C10,52.81,53.46,53.12,53.12,53.13,52.89
19285,9/27/2021,,14448C10,CARR,CARRIER GLOBAL CORP,14448C10,52.275,53.14,52.37,52.36,52.37,53.09
19285,9/28/2021,,14448C10,CARR,CARRIER GLOBAL CORP,14448C10,51.31,52.18,51.96,51.95,51.96,51.77
19285,9/29/2021,,14448C10,CARR,CARRIER GLOBAL CORP,14448C10,52.2,53.07,52.85,52.85,52.86,52.27
19285,9/30/2021,,14448C10,CARR,CARRIER GLOBAL CORP,14448C10,51.73,53.68,51.76,51.73,51.74,53.14
19285,10/1/2021,,14448C10,CARR,CARRIER GLOBAL CORP,14448C10,51.125,52.75,52.46,52.44,52.46,51.86
19285,10/4/2021,,14448C10,CARR,CARRIER GLOBAL CORP,14448C10,51.56,52.52,52.33,52.34,52.35,52.06
19285,10/5/2021,,14448C10,CARR,CARRIER GLOBAL CORP,14448C10,52.29,53.425,52.82,52.81,52.82,52.62
19285,10/6/2021,,14448C10,CARR,CARRIER GLOBAL CORP,14448C10,51.61,52.71,52.61,52.61,52.62,52.13
19285,10/7/2021,,14448C10,CARR,CARRIER GLOBAL CORP,14448C10,53.24,53.98,53.35,53.33,53.34,53.24
19285,10/8/2021,,14448C10,CARR,CARRIER GLOBAL CORP,14448C10,51.46,53.21,51.5,51.51,51.52,52.94
19285,10/11/2021,,14448C10,CARR,CARRIER GLOBAL CORP,14448C10,51.1013,51.95,51.25,51.25,51.26,51.36
19285,10/12/2021,,14448C10,CARR,CARRIER GLOBAL CORP,14448C10,50.08,51.44,50.3,50.26,50.27,51.285
19285,10/13/2021,,14448C10,CARR,CARRIER GLOBAL CORP,14448C10,49.93,50.97,50.73,50.73,50.76,50.67
19285,10/14/2021,,14448C10,CARR,CARRIER GLOBAL CORP,14448C10,51.29,53.05,53.01,53.01,53.02,51.37
19285,10/15/2021,,14448C10,CARR,CARRIER GLOBAL CORP,14448C10,53.06,53.92,53.43,53.42,53.43,53.57
19285,10/18/2021,,14448C10,CARR,CARRIER GLOBAL CORP,14448C10,52.91,54.02,53.98,53.98,53.99,52.98
19285,10/19/2021,,14448C10,CARR,CARRIER GLOBAL CORP,14448C10,53.39,54.49,53.97,53.97,53.98,54.4
19285,10/20/2021,,14448C10,CARR,CARRIER GLOBAL CORP,14448C10,53.72,54.58,54.02,54.03,54.04,54.22
19285,10/21/2021,,14448C10,CARR,CARRIER GLOBAL CORP,14448C10,53.53,54.34,54.32,54.32,54.33,53.79
19285,10/22/2021,,14448C10,CARR,CARRIER GLOBAL CORP,14448C10,54.39,55.1,54.66,54.64,54.65,54.77
19285,10/25/2021,,14448C10,CARR,CARRIER GLOBAL CORP,14448C10,53.35,55.34,54.6,54.6,54.61,54.12
19285,10/26/2021,,14448C10,CARR,CARRIER GLOBAL CORP,14448C10,53.68,54.88,53.73,53.74,53.75,54.7
19285,10/27/2021,,14448C10,CARR,CARRIER GLOBAL CORP,14448C10,53.09,54.3,53.16,53.16,53.2,53.66
19285,10/28/2021,,14448C10,CARR,CARRIER GLOBAL CORP,14448C10,52.63,54.505,54.42,54.41,54.42,53.21
19285,10/29/2021,,14448C10,CARR,CARRIER GLOBAL CORP,14448C10,52.04,54.08,52.23,52.24,52.25,53.56
19285,11/1/2021,,14448C10,CARR,CARRIER GLOBAL CORP,14448C10,51.86,52.67,52.17,52.18,52.2,52.35
19285,11/2/2021,,14448C10,CARR,CARRIER GLOBAL CORP,14448C10,51.87,53.03,52.4,52.41,52.42,52.49
19285,11/3/2021,,14448C10,CARR,CARRIER GLOBAL CORP,14448C10,51.18,52.5,51.97,51.97,51.98,51.95
19285,11/4/2021,,14448C10,CARR,CARRIER GLOBAL CORP,14448C10,51.92,53.02,52.97,52.98,53.01,51.92
19285,11/5/2021,,14448C10,CARR,CARRIER GLOBAL CORP,14448C10,52.42,53.445,52.79,52.79,52.83,53.21
19285,11/8/2021,,14448C10,CARR,CARRIER GLOBAL CORP,14448C10,52.37,53.42,53.34,53.34,53.35,52.98
19285,11/9/2021,,14448C10,CARR,CARRIER GLOBAL CORP,14448C10,53.5,54.86,54.81,54.83,54.84,53.57
19285,11/10/2021,,14448C10,CARR,CARRIER GLOBAL CORP,14448C10,54.41,55.06,54.63,54.62,54.64,54.94
19285,11/11/2021,,14448C10,CARR,CARRIER GLOBAL CORP,14448C10,53.91,54.88,54.5,54.5,54.51,54.79
19285,11/12/2021,,14448C10,CARR,CARRIER GLOBAL CORP,14448C10,54.68,56.16,56.12,56.14,56.15,54.9
19285,11/15/2021,,14448C10,CARR,CARRIER GLOBAL CORP,14448C10,55.5,56.3299,55.7,55.69,55.7,56.06
19285,11/16/2021,,14448C10,CARR,CARRIER GLOBAL CORP,14448C10,55.5,56.63,56.26,56.27,56.28,55.52
19285,11/17/2021,,14448C10,CARR,CARRIER GLOBAL CORP,14448C10,55.92,56.54,56.12,56.13,56.14,56.5
19285,11/18/2021,,14448C10,CARR,CARRIER GLOBAL CORP,14448C10,56.2,57.06,57.02,57,57.01,56.55
19285,11/19/2021,,14448C10,CARR,CARRIER GLOBAL CORP,14448C10,56.93,57.97,57.15,57.12,57.13,56.965
19285,11/22/2021,,14448C10,CARR,CARRIER GLOBAL CORP,14448C10,56.4,57.6,56.41,56.41,56.42,57.37
19285,11/23/2021,,14448C10,CARR,CARRIER GLOBAL CORP,14448C10,54.52,56.61,54.87,54.86,54.87,56.3
19285,11/24/2021,,14448C10,CARR,CARRIER GLOBAL CORP,14448C10,54.35,55.83,55.69,55.69,55.7,54.58
19285,11/26/2021,,14448C10,CARR,CARRIER GLOBAL CORP,14448C10,54.62,55.66,55.38,55.35,55.37,54.82
19285,11/29/2021,,14448C10,CARR,CARRIER GLOBAL CORP,14448C10,55.02,56.2,55.98,55.96,55.97,56.16
19285,11/30/2021,,14448C10,CARR,CARRIER GLOBAL CORP,14448C10,53.66,56.04,54.12,54.09,54.1,55.87
19285,12/1/2021,,14448C10,CARR,CARRIER GLOBAL CORP,14448C10,53.55,55.9,53.6,53.58,53.59,54.79
19285,12/2/2021,,14448C10,CARR,CARRIER GLOBAL CORP,14448C10,53.95,55.7,55.52,55.53,55.54,53.95
19285,12/3/2021,,14448C10,CARR,CARRIER GLOBAL CORP,14448C10,54.97,56.175,56.12,56.1,56.12,55.86
19285,12/6/2021,,14448C10,CARR,CARRIER GLOBAL CORP,14448C10,55.65,56.505,55.85,55.83,55.84,56.37
19285,12/7/2021,,14448C10,CARR,CARRIER GLOBAL CORP,14448C10,55.77,57.69,56.64,56.62,56.63,56.14
19285,12/8/2021,,14448C10,CARR,CARRIER GLOBAL CORP,14448C10,55.97,56.675,56.44,56.44,56.45,56.6
19285,12/9/2021,,14448C10,CARR,CARRIER GLOBAL CORP,14448C10,55.92,57.025,55.99,55.99,56,56.72
19285,12/10/2021,,14448C10,CARR,CARRIER GLOBAL CORP,14448C10,54.55,55.84,55.51,55.5,55.51,55.06
19285,12/13/2021,,14448C10,CARR,CARRIER GLOBAL CORP,14448C10,54.89,56.04,54.93,54.95,54.96,55.82
19285,12/14/2021,,14448C10,CARR,CARRIER GLOBAL CORP,14448C10,52.9016,54.78,53.55,53.57,53.58,54.16
19285,12/15/2021,,14448C10,CARR,CARRIER GLOBAL CORP,14448C10,52.085,53.67,53.55,53.56,53.57,53.64
19285,12/16/2021,,14448C10,CARR,CARRIER GLOBAL CORP,14448C10,53.34,54.67,53.87,53.87,53.89,54.02
19285,12/17/2021,,14448C10,CARR,CARRIER GLOBAL CORP,14448C10,51.98,53.69,52.26,52.22,52.23,53.55
19285,12/20/2021,,14448C10,CARR,CARRIER GLOBAL CORP,14448C10,50.36,52.04,50.91,50.92,50.93,51.9
19285,12/21/2021,,14448C10,CARR,CARRIER GLOBAL CORP,14448C10,51.16,52.16,52.13,52.13,52.14,51.505
19285,12/22/2021,,14448C10,CARR,CARRIER GLOBAL CORP,14448C10,51.65,52.65,52.52,52.52,52.53,51.87
19285,12/23/2021,,14448C10,CARR,CARRIER GLOBAL CORP,14448C10,52.51,53.185,52.82,52.83,52.85,52.54
19285,12/27/2021,,14448C10,CARR,CARRIER GLOBAL CORP,14448C10,52.93,53.59,53.53,53.53,53.54,53.28
19285,12/28/2021,,14448C10,CARR,CARRIER GLOBAL CORP,14448C10,53.24,53.77,53.48,53.48,53.51,53.45
19285,12/29/2021,,14448C10,CARR,CARRIER GLOBAL CORP,14448C10,53.14,53.865,53.74,53.74,53.75,53.44
19285,12/30/2021,,14448C10,CARR,CARRIER GLOBAL CORP,14448C10,53.5,54.25,53.55,53.55,53.56,53.825
19285,12/31/2021,,14448C10,CARR,CARRIER GLOBAL CORP,14448C10,53.36,54.56,54.24,54.24,54.25,53.54
19285,1/3/2022,,14448C10,CARR,CARRIER GLOBAL CORP,14448C10,52.22,53.6,52.52,52.53,52.54,53.15
19285,1/4/2022,,14448C10,CARR,CARRIER GLOBAL CORP,14448C10,53.21,54.64,53.82,53.79,53.8,54.24
19285,1/5/2022,,14448C10,CARR,CARRIER GLOBAL CORP,14448C10,52.31,54.42,52.37,52.36,52.37,53.6
19285,1/6/2022,,14448C10,CARR,CARRIER GLOBAL CORP,14448C10,52.45,53.51,53.5,53.5,53.51,52.45
19285,1/7/2022,,14448C10,CARR,CARRIER GLOBAL CORP,14448C10,51.83,53.83,51.84,51.84,51.85,53.33
19285,1/10/2022,,14448C10,CARR,CARRIER GLOBAL CORP,14448C10,50.34,52.5,52.32,52.35,52.36,51.23
19285,1/11/2022,,14448C10,CARR,CARRIER GLOBAL CORP,14448C10,51.89,52.705,52.54,52.54,52.55,52.52
19285,1/12/2022,,14448C10,CARR,CARRIER GLOBAL CORP,14448C10,52.46,53.41,53,53,53.01,53.19
19285,1/13/2022,,14448C10,CARR,CARRIER GLOBAL CORP,14448C10,52.07,53.32,52.2,52.23,52.24,53
19285,1/14/2022,,14448C10,CARR,CARRIER GLOBAL CORP,14448C10,50.16,51.48,51.1,51.09,51.1,51.48
19285,1/18/2022,,14448C10,CARR,CARRIER GLOBAL CORP,14448C10,49.21,50.37,49.65,49.65,49.66,50.2
19285,1/19/2022,,14448C10,CARR,CARRIER GLOBAL CORP,14448C10,48.73,50.29,48.79,48.79,48.8,49.86
19285,1/20/2022,,14448C10,CARR,CARRIER GLOBAL CORP,14448C10,47.995,50.19,48.03,48.03,48.04,49.19
19285,1/21/2022,,14448C10,CARR,CARRIER GLOBAL CORP,14448C10,47.48,48.86,47.8,47.79,47.8,48.26
19285,1/24/2022,,14448C10,CARR,CARRIER GLOBAL CORP,14448C10,45.31,47.81,47.66,47.67,47.68,45.61
19285,1/25/2022,,14448C10,CARR,CARRIER GLOBAL CORP,14448C10,46.11,47.56,47.21,47.21,47.22,47.06
19285,1/26/2022,,14448C10,CARR,CARRIER GLOBAL CORP,14448C10,46.08,48.31,46.67,46.65,46.66,47.82
19285,1/27/2022,,14448C10,CARR,CARRIER GLOBAL CORP,14448C10,45.94,47.51,46.09,46.09,46.1,46.98
19285,1/28/2022,,14448C10,CARR,CARRIER GLOBAL CORP,14448C10,45.47,46.71,46.45,46.44,46.45,46.2
19285,1/31/2022,,14448C10,CARR,CARRIER GLOBAL CORP,14448C10,46.28,47.74,47.68,47.66,47.67,46.44
19285,2/1/2022,,14448C10,CARR,CARRIER GLOBAL CORP,14448C10,46.38,48.07,47.05,47.04,47.05,48
19285,2/2/2022,,14448C10,CARR,CARRIER GLOBAL CORP,14448C10,47.19,48.15,47.51,47.51,47.52,47.25
19285,2/3/2022,,14448C10,CARR,CARRIER GLOBAL CORP,14448C10,46.17,47.34,46.24,46.26,46.27,46.81
19285,2/4/2022,,14448C10,CARR,CARRIER GLOBAL CORP,14448C10,44.84,46.48,45.84,45.86,45.87,45.97
19285,2/7/2022,,14448C10,CARR,CARRIER GLOBAL CORP,14448C10,45.35,46.12,45.72,45.71,45.72,45.65
19285,2/8/2022,,14448C10,CARR,CARRIER GLOBAL CORP,14448C10,45.25,46.95,46.06,46.05,46.06,45.54
19285,2/9/2022,,14448C10,CARR,CARRIER GLOBAL CORP,14448C10,46.84,48.08,47.98,47.99,48,46.98
19285,2/10/2022,,14448C10,CARR,CARRIER GLOBAL CORP,14448C10,46.755,48.19,47.15,47.15,47.16,47.22
19285,2/11/2022,,14448C10,CARR,CARRIER GLOBAL CORP,14448C10,44.99,47.22,45.5,45.5,45.51,47.04
19285,2/14/2022,,14448C10,CARR,CARRIER GLOBAL CORP,14448C10,44.29,45.78,44.79,44.79,44.81,45.52
19285,2/15/2022,,14448C10,CARR,CARRIER GLOBAL CORP,14448C10,45.34,45.86,45.75,45.75,45.76,45.56
19285,2/16/2022,,14448C10,CARR,CARRIER GLOBAL CORP,14448C10,45,45.91,45.65,45.65,45.66,45.46
19285,2/17/2022,,14448C10,CARR,CARRIER GLOBAL CORP,14448C10,44.46,45.5,44.58,44.58,44.59,45.16
19285,2/18/2022,,14448C10,CARR,CARRIER GLOBAL CORP,14448C10,43.96,44.88,44.08,44.08,44.1,44.74
19285,2/22/2022,,14448C10,CARR,CARRIER GLOBAL CORP,14448C10,43.71,45.65,45.29,45.27,45.28,43.99
19285,2/23/2022,,14448C10,CARR,CARRIER GLOBAL CORP,14448C10,43.75,45.79,43.84,43.86,43.87,45.76
19285,2/24/2022,,14448C10,CARR,CARRIER GLOBAL CORP,14448C10,42.45,44.82,44.71,44.71,44.74,42.75
19285,2/25/2022,,14448C10,CARR,CARRIER GLOBAL CORP,14448C10,44.13,45.46,45.23,45.22,45.23,44.685
19285,2/28/2022,,14448C10,CARR,CARRIER GLOBAL CORP,14448C10,44.23,45.1,44.88,44.87,44.88,44.46
19285,3/1/2022,,14448C10,CARR,CARRIER GLOBAL CORP,14448C10,43.48,45.16,43.72,43.72,43.74,45.16
19285,3/2/2022,,14448C10,CARR,CARRIER GLOBAL CORP,14448C10,44.035,45.1803,44.91,44.9,44.91,44.14
19285,3/3/2022,,14448C10,CARR,CARRIER GLOBAL CORP,14448C10,44.98,45.91,45.88,45.88,45.89,45.38
19285,3/4/2022,,14448C10,CARR,CARRIER GLOBAL CORP,14448C10,44.325,45.64,45,45,45.01,45.19
19285,3/7/2022,,14448C10,CARR,CARRIER GLOBAL CORP,14448C10,43.47,45.045,43.52,43.49,43.5,45
19285,3/8/2022,,14448C10,CARR,CARRIER GLOBAL CORP,14448C10,42.85,44.42,43.58,43.58,43.59,43.4
19285,3/9/2022,,14448C10,CARR,CARRIER GLOBAL CORP,14448C10,44.135,45.14,44.59,44.6,44.61,44.44
19285,3/10/2022,,14448C10,CARR,CARRIER GLOBAL CORP,14448C10,43.56,44.18,43.81,43.8,43.81,43.93
19285,3/11/2022,,14448C10,CARR,CARRIER GLOBAL CORP,14448C10,43.19,44.32,43.22,43.21,43.22,44.28
19285,3/14/2022,,14448C10,CARR,CARRIER GLOBAL CORP,14448C10,42.835,44.1,42.91,42.9,42.91,43.55
19285,3/15/2022,,14448C10,CARR,CARRIER GLOBAL CORP,14448C10,43.415,45.33,45.2,45.22,45.23,43.5
19285,3/16/2022,,14448C10,CARR,CARRIER GLOBAL CORP,14448C10,45.52,47.1,46.88,46.87,46.89,45.56
19285,3/17/2022,,14448C10,CARR,CARRIER GLOBAL CORP,14448C10,46.15,47.12,47.12,47.11,47.12,46.21
19285,3/18/2022,,14448C10,CARR,CARRIER GLOBAL CORP,14448C10,46.64,47.83,47.78,47.76,47.77,47.16
19285,3/21/2022,,14448C10,CARR,CARRIER GLOBAL CORP,14448C10,46.98,47.93,47.48,47.46,47.47,47.28
19285,3/22/2022,,14448C10,CARR,CARRIER GLOBAL CORP,14448C10,47.016,47.935,47.49,47.49,47.5,47.59
19285,3/23/2022,,14448C10,CARR,CARRIER GLOBAL CORP,14448C10,46.45,47.29,46.52,46.49,46.51,46.86
19285,3/24/2022,,14448C10,CARR,CARRIER GLOBAL CORP,14448C10,46.03,46.73,46.17,46.16,46.17,46.69
19285,3/25/2022,,14448C10,CARR,CARRIER GLOBAL CORP,14448C10,45.54,46.44,46.39,46.39,46.4,46.19
19285,3/28/2022,,14448C10,CARR,CARRIER GLOBAL CORP,14448C10,46,46.91,46.89,46.89,46.91,46.44
19285,3/29/2022,,14448C10,CARR,CARRIER GLOBAL CORP,14448C10,47.18,48.48,48.08,48.07,48.08,47.73
19285,3/30/2022,,14448C10,CARR,CARRIER GLOBAL CORP,14448C10,47.36,48.22,47.57,47.57,47.59,47.88
19285,3/31/2022,,14448C10,CARR,CARRIER GLOBAL CORP,14448C10,45.83,47.53,45.87,45.88,45.9,47.29
19285,4/1/2022,,14448C10,CARR,CARRIER GLOBAL CORP,14448C10,45.65,46.41,46.04,46.03,46.04,46.3
19285,4/4/2022,,14448C10,CARR,CARRIER GLOBAL CORP,14448C10,44.68,45.72,45.25,45.25,45.26,45.51
19285,4/5/2022,,14448C10,CARR,CARRIER GLOBAL CORP,14448C10,44.34,45.175,44.54,44.54,44.55,45.04
19285,4/6/2022,,14448C10,CARR,CARRIER GLOBAL CORP,14448C10,43.31,44.04,43.88,43.87,43.88,43.97
19285,4/7/2022,,14448C10,CARR,CARRIER GLOBAL CORP,14448C10,43.08,44.01,43.69,43.68,43.69,43.33
19285,4/8/2022,,14448C10,CARR,CARRIER GLOBAL CORP,14448C10,43.16,44.41,43.38,43.38,43.39,43.84
19285,4/11/2022,,14448C10,CARR,CARRIER GLOBAL CORP,14448C10,42.305,43.26,42.44,42.44,42.45,42.81
19285,4/12/2022,,14448C10,CARR,CARRIER GLOBAL CORP,14448C10,41.5205,43.2,41.78,41.76,41.78,42.66
19285,4/13/2022,,14448C10,CARR,CARRIER GLOBAL CORP,14448C10,41.65,42.6,42.11,42.11,42.12,41.8
19285,4/14/2022,,14448C10,CARR,CARRIER GLOBAL CORP,14448C10,41.27,42.33,41.28,41.28,41.29,42.12
19285,4/18/2022,,14448C10,CARR,CARRIER GLOBAL CORP,14448C10,40.96,41.78,41.29,41.3,41.31,41.33
19285,4/19/2022,,14448C10,CARR,CARRIER GLOBAL CORP,14448C10,41.35,42.55,42.5,42.5,42.51,41.45
19285,4/20/2022,,14448C10,CARR,CARRIER GLOBAL CORP,14448C10,42.86,43.74,43.45,43.45,43.47,42.86
19285,4/21/2022,,14448C10,CARR,CARRIER GLOBAL CORP,14448C10,42.57,44.68,42.82,42.79,42.8,43.87
19285,4/22/2022,,14448C10,CARR,CARRIER GLOBAL CORP,14448C10,41.61,42.55,41.67,41.67,41.69,42.46
19285,4/25/2022,,14448C10,CARR,CARRIER GLOBAL CORP,14448C10,40.78,42.02,41.96,41.97,41.98,41.4
19285,4/26/2022,,14448C10,CARR,CARRIER GLOBAL CORP,14448C10,39.93,41.78,40.05,40.04,40.05,41.6
19285,4/27/2022,,14448C10,CARR,CARRIER GLOBAL CORP,14448C10,40,40.93,40.26,40.22,40.26,40.09
19285,4/28/2022,,14448C10,CARR,CARRIER GLOBAL CORP,14448C10,36.23,39.655,39.41,39.36,39.4,36.28
19285,4/29/2022,,14448C10,CARR,CARRIER GLOBAL CORP,14448C10,38.1,39.59,38.27,38.28,38.29,39.56
19285,5/2/2022,,14448C10,CARR,CARRIER GLOBAL CORP,14448C10,37.6256,39.04,38.6,38.61,38.62,38.54
19285,5/3/2022,,14448C10,CARR,CARRIER GLOBAL CORP,14448C10,38.04,38.78,38.38,38.37,38.38,38.61
19285,5/4/2022,,14448C10,CARR,CARRIER GLOBAL CORP,14448C10,37.31,39.575,39.41,39.41,39.42,38.49
19285,5/5/2022,,14448C10,CARR,CARRIER GLOBAL CORP,14448C10,37.57,39.43,37.96,37.99,38,38.96
19285,5/6/2022,,14448C10,CARR,CARRIER GLOBAL CORP,14448C10,37.07,38,37.78,37.78,37.79,37.78
19285,5/9/2022,,14448C10,CARR,CARRIER GLOBAL CORP,14448C10,37.02,38.79,38.13,38.13,38.14,37.22
19285,5/10/2022,,14448C10,CARR,CARRIER GLOBAL CORP,14448C10,37.215,38.9,38.09,38.09,38.1,38.61
19285,5/11/2022,,14448C10,CARR,CARRIER GLOBAL CORP,14448C10,37.53,38.76,37.59,37.59,37.6,38.07
19285,5/12/2022,,14448C10,CARR,CARRIER GLOBAL CORP,14448C10,37.28,39.14,39.1,39.12,39.13,37.51
19285,5/13/2022,,14448C10,CARR,CARRIER GLOBAL CORP,14448C10,39.59,40.43,40.19,40.18,40.19,39.59
19285,5/16/2022,,14448C10,CARR,CARRIER GLOBAL CORP,14448C10,39.26,40.275,39.86,39.86,39.88,39.93
19285,5/17/2022,,14448C10,CARR,CARRIER GLOBAL CORP,14448C10,39.32,40.73,40.18,40.18,40.19,40.62
19285,5/18/2022,,14448C10,CARR,CARRIER GLOBAL CORP,14448C10,37.2,39.48,37.36,37.37,37.38,38.75
19285,5/19/2022,,14448C10,CARR,CARRIER GLOBAL CORP,14448C10,36.91,38.01,37.41,37.41,37.42,37.1
19285,5/20/2022,,14448C10,CARR,CARRIER GLOBAL CORP,14448C10,36.98,38.23,37.96,37.95,37.96,37.96
19285,5/23/2022,,14448C10,CARR,CARRIER GLOBAL CORP,14448C10,37.6601,38.58,38.27,38.27,38.28,38.52
19285,5/24/2022,,14448C10,CARR,CARRIER GLOBAL CORP,14448C10,37,38.25,37.94,37.94,37.97,38.05
19285,5/25/2022,,14448C10,CARR,CARRIER GLOBAL CORP,14448C10,37.57,38.465,38.29,38.29,38.3,37.68
19285,5/26/2022,,14448C10,CARR,CARRIER GLOBAL CORP,14448C10,38.7,39.465,39.33,39.32,39.33,38.7
19285,5/27/2022,,14448C10,CARR,CARRIER GLOBAL CORP,14448C10,39.75,40.365,40.23,40.22,40.23,39.76
19285,5/31/2022,,14448C10,CARR,CARRIER GLOBAL CORP,14448C10,38.8,39.99,39.31,39.3,39.31,39.78
19285,6/1/2022,,14448C10,CARR,CARRIER GLOBAL CORP,14448C10,38.51,39.41,38.94,38.93,38.94,39.27
19285,6/2/2022,,14448C10,CARR,CARRIER GLOBAL CORP,14448C10,39.01,40.1,40.08,40.07,40.08,39.26
19285,6/3/2022,,14448C10,CARR,CARRIER GLOBAL CORP,14448C10,39.45,39.895,39.59,39.58,39.59,39.65
19285,6/6/2022,,14448C10,CARR,CARRIER GLOBAL CORP,14448C10,39.54,40.145,39.57,39.57,39.58,39.77
19285,6/7/2022,,14448C10,CARR,CARRIER GLOBAL CORP,14448C10,39.14,40.01,39.99,39.97,39.98,39.24
19285,6/8/2022,,14448C10,CARR,CARRIER GLOBAL CORP,14448C10,39.16,39.82,39.39,39.36,39.39,39.75
19285,6/9/2022,,14448C10,CARR,CARRIER GLOBAL CORP,14448C10,38.84,39.6,38.85,38.84,38.85,39.19
19285,6/10/2022,,14448C10,CARR,CARRIER GLOBAL CORP,14448C10,37.02,38.27,37.34,37.33,37.34,38.27
19285,6/13/2022,,14448C10,CARR,CARRIER GLOBAL CORP,14448C10,36.05,37.06,36.49,36.49,36.51,36.42
19285,6/14/2022,,14448C10,CARR,CARRIER GLOBAL CORP,14448C10,35.77,36.83,35.94,35.95,35.96,36.41
19285,6/15/2022,,14448C10,CARR,CARRIER GLOBAL CORP,14448C10,35.9,37.175,36.77,36.75,36.76,36.33
19285,6/16/2022,,14448C10,CARR,CARRIER GLOBAL CORP,14448C10,34.36,35.99,34.58,34.6,34.61,35.87
19285,6/17/2022,,14448C10,CARR,CARRIER GLOBAL CORP,14448C10,34.24,35.18,34.41,34.4,34.41,34.65
19285,6/21/2022,,14448C10,CARR,CARRIER GLOBAL CORP,14448C10,34.34,35.16,35.01,35.01,35.02,34.73
19285,6/22/2022,,14448C10,CARR,CARRIER GLOBAL CORP,14448C10,34.12,35.08,34.78,34.78,34.79,34.37
19285,6/23/2022,,14448C10,CARR,CARRIER GLOBAL CORP,14448C10,34.47,34.98,34.82,34.81,34.82,34.67
19285,6/24/2022,,14448C10,CARR,CARRIER GLOBAL CORP,14448C10,34.965,36.4,36.3,36.29,36.3,35.16
19285,6/27/2022,,14448C10,CARR,CARRIER GLOBAL CORP,14448C10,35.58,36.53,36.11,36.12,36.13,36.35
19285,6/28/2022,,14448C10,CARR,CARRIER GLOBAL CORP,14448C10,35.91,36.98,35.99,36,36.01,36.23
19285,6/29/2022,,14448C10,CARR,CARRIER GLOBAL CORP,14448C10,35.3,35.97,35.79,35.77,35.78,35.92
19285,6/30/2022,,14448C10,CARR,CARRIER GLOBAL CORP,14448C10,35.32,36.35,35.66,35.66,35.67,35.52
19285,7/1/2022,,14448C10,CARR,CARRIER GLOBAL CORP,14448C10,35.3797,36.26,36,35.99,36,35.77
19285,7/5/2022,,14448C10,CARR,CARRIER GLOBAL CORP,14448C10,35.01,36.09,36.07,36.07,36.09,35.41
19285,7/6/2022,,14448C10,CARR,CARRIER GLOBAL CORP,14448C10,35.77,36.41,36.18,36.18,36.19,36.3
19285,7/7/2022,,14448C10,CARR,CARRIER GLOBAL CORP,14448C10,35.8,36.44,36.4,36.39,36.4,36.26
19285,7/8/2022,,14448C10,CARR,CARRIER GLOBAL CORP,14448C10,35.94,36.505,36.07,36.07,36.08,36.41
19285,7/11/2022,,14448C10,CARR,CARRIER GLOBAL CORP,14448C10,35.71,36.83,36.53,36.53,36.54,35.91
19285,7/12/2022,,14448C10,CARR,CARRIER GLOBAL CORP,14448C10,35.931,37.19,36.13,36.13,36.14,36.54
19285,7/13/2022,,14448C10,CARR,CARRIER GLOBAL CORP,14448C10,35.2,35.975,35.73,35.71,35.73,35.52
19285,7/14/2022,,14448C10,CARR,CARRIER GLOBAL CORP,14448C10,34.69,35.69,35.61,35.61,35.62,35
19285,7/15/2022,,14448C10,CARR,CARRIER GLOBAL CORP,14448C10,35.565,36.25,36,36,36.01,36.12
19285,7/18/2022,,14448C10,CARR,CARRIER GLOBAL CORP,14448C10,35.39,36.33,35.55,35.55,35.56,36.1
19285,7/19/2022,,14448C10,CARR,CARRIER GLOBAL CORP,14448C10,35.93,37.3,37.17,37.16,37.17,36
19285,7/20/2022,,14448C10,CARR,CARRIER GLOBAL CORP,14448C10,36.965,37.53,37.39,37.38,37.39,37.15
19285,7/21/2022,,14448C10,CARR,CARRIER GLOBAL CORP,14448C10,37.22,38.315,38.27,38.27,38.28,37.4
19285,7/22/2022,,14448C10,CARR,CARRIER GLOBAL CORP,14448C10,38.065,38.64,38.5,38.49,38.5,38.4
19285,7/25/2022,,14448C10,CARR,CARRIER GLOBAL CORP,14448C10,37.9525,38.61,38.23,38.21,38.22,38.37
19285,7/26/2022,,14448C10,CARR,CARRIER GLOBAL CORP,14448C10,37.17,38.255,38.09,38.08,38.09,37.9
19285,7/27/2022,,14448C10,CARR,CARRIER GLOBAL CORP,14448C10,38.03,39.66,39.54,39.51,39.53,38.32
19285,7/28/2022,,14448C10,CARR,CARRIER GLOBAL CORP,14448C10,38.155,40.06,39.48,39.46,39.47,39.9
19285,7/29/2022,,14448C10,CARR,CARRIER GLOBAL CORP,14448C10,39.27,40.625,40.53,40.53,40.54,39.73
19285,8/1/2022,,14448C10,CARR,CARRIER GLOBAL CORP,14448C10,40.15,41.035,40.57,40.57,40.59,40.15
19285,8/2/2022,,14448C10,CARR,CARRIER GLOBAL CORP,14448C10,40.205,41.14,40.41,40.42,40.43,40.41
19285,8/3/2022,,14448C10,CARR,CARRIER GLOBAL CORP,14448C10,39.9,40.87,40.76,40.75,40.77,40.51
19285,8/4/2022,,14448C10,CARR,CARRIER GLOBAL CORP,14448C10,40.79,41.899,41.81,41.81,41.82,40.8
19285,8/5/2022,,14448C10,CARR,CARRIER GLOBAL CORP,14448C10,41.28,41.93,41.88,41.87,41.89,41.55
19285,8/8/2022,,14448C10,CARR,CARRIER GLOBAL CORP,14448C10,41.91,42.67,41.94,41.94,41.95,42.23
19285,8/9/2022,,14448C10,CARR,CARRIER GLOBAL CORP,14448C10,41.48,41.9,41.76,41.76,41.77,41.66
19285,8/10/2022,,14448C10,CARR,CARRIER GLOBAL CORP,14448C10,42.53,43.185,42.86,42.85,42.86,42.64
19285,8/11/2022,,14448C10,CARR,CARRIER GLOBAL CORP,14448C10,43.02,43.9102,43.05,43.05,43.06,43.06
19285,8/12/2022,,14448C10,CARR,CARRIER GLOBAL CORP,14448C10,43.05,44,43.97,43.95,43.97,43.26
19285,8/15/2022,,14448C10,CARR,CARRIER GLOBAL CORP,14448C10,43.52,44.505,44.41,44.41,44.42,43.76
19285,8/16/2022,,14448C10,CARR,CARRIER GLOBAL CORP,14448C10,43.96,44.6,44.39,44.39,44.41,44.06
19285,8/17/2022,,14448C10,CARR,CARRIER GLOBAL CORP,14448C10,43.78,44.46,44.13,44.13,44.14,43.86
19285,8/18/2022,,14448C10,CARR,CARRIER GLOBAL CORP,14448C10,43.99,44.405,44.3,44.3,44.31,44.23
19285,8/19/2022,,14448C10,CARR,CARRIER GLOBAL CORP,14448C10,42.325,44.08,42.48,42.47,42.48,44
19285,8/22/2022,,14448C10,CARR,CARRIER GLOBAL CORP,14448C10,41.4,41.93,41.62,41.63,41.64,41.89
19285,8/23/2022,,14448C10,CARR,CARRIER GLOBAL CORP,14448C10,41.19,41.86,41.46,41.46,41.47,41.62
19285,8/24/2022,,14448C10,CARR,CARRIER GLOBAL CORP,14448C10,41.325,41.77,41.66,41.66,41.67,41.45
19285,8/25/2022,,14448C10,CARR,CARRIER GLOBAL CORP,14448C10,41.6,42.255,41.99,41.99,42,42
19285,8/26/2022,,14448C10,CARR,CARRIER GLOBAL CORP,14448C10,40.195,42.24,40.24,40.24,40.25,42.17
19285,8/29/2022,,14448C10,CARR,CARRIER GLOBAL CORP,14448C10,39.73,40.275,39.74,39.74,39.75,39.84
19285,8/30/2022,,14448C10,CARR,CARRIER GLOBAL CORP,14448C10,39.22,40.09,39.31,39.32,39.33,39.81
19285,8/31/2022,,14448C10,CARR,CARRIER GLOBAL CORP,14448C10,38.96,39.605,39.12,39.11,39.12,39.57
19285,9/1/2022,,14448C10,CARR,CARRIER GLOBAL CORP,14448C10,38.9673,39.82,39.79,39.79,39.8,39.03
19285,9/2/2022,,14448C10,CARR,CARRIER GLOBAL CORP,14448C10,39.355,40.79,39.58,39.58,39.59,40.7
19285,9/6/2022,,14448C10,CARR,CARRIER GLOBAL CORP,14448C10,39.17,40.31,40.3,40.29,40.3,39.74
19285,9/7/2022,,14448C10,CARR,CARRIER GLOBAL CORP,14448C10,40.35,41.525,41.5,41.5,41.51,40.43
19285,9/8/2022,,14448C10,CARR,CARRIER GLOBAL CORP,14448C10,41.05,42.16,42.12,42.11,42.12,41.14
19285,9/9/2022,,14448C10,CARR,CARRIER GLOBAL CORP,14448C10,41.93,42.66,42.17,42.17,42.18,42.27
19285,9/12/2022,,14448C10,CARR,CARRIER GLOBAL CORP,14448C10,41.96,42.76,42.29,42.3,42.31,42.48
19285,9/13/2022,,14448C10,CARR,CARRIER GLOBAL CORP,14448C10,40.81,41.79,40.88,40.87,40.88,41.22
19285,9/14/2022,,14448C10,CARR,CARRIER GLOBAL CORP,14448C10,39.76,40.92,40.18,40.18,40.19,40.82
19285,9/15/2022,,14448C10,CARR,CARRIER GLOBAL CORP,14448C10,39.875,40.66,40.4,40.39,40.4,40
19285,9/16/2022,,14448C10,CARR,CARRIER GLOBAL CORP,14448C10,38.11,40.07,38.44,38.43,38.44,40.07
19285,9/19/2022,,14448C10,CARR,CARRIER GLOBAL CORP,14448C10,38.03,38.89,38.82,38.83,38.84,38.14
19285,9/20/2022,,14448C10,CARR,CARRIER GLOBAL CORP,14448C10,37.25,38.59,37.81,37.8,37.81,38.49
19285,9/21/2022,,14448C10,CARR,CARRIER GLOBAL CORP,14448C10,37.455,38.71,37.51,37.5,37.51,38.06
19285,9/22/2022,,14448C10,CARR,CARRIER GLOBAL CORP,14448C10,36.19,37.38,36.2,36.19,36.2,37.25
19285,9/23/2022,,14448C10,CARR,CARRIER GLOBAL CORP,14448C10,35.6275,36.39,36.11,36.11,36.12,35.95
19285,9/26/2022,,14448C10,CARR,CARRIER GLOBAL CORP,14448C10,34.95,36.18,35.28,35.29,35.3,35.87
19285,9/27/2022,,14448C10,CARR,CARRIER GLOBAL CORP,14448C10,35.01,35.78,35.55,35.54,35.55,35.72
19285,9/28/2022,,14448C10,CARR,CARRIER GLOBAL CORP,14448C10,35.48,37.185,36.9,36.91,36.92,35.59
19285,9/29/2022,,14448C10,CARR,CARRIER GLOBAL CORP,14448C10,35.35,36.6,35.62,35.64,35.65,36.48
19285,9/30/2022,,14448C10,CARR,CARRIER GLOBAL CORP,14448C10,35.46,36.355,35.56,35.59,35.6,35.74
19285,10/3/2022,,14448C10,CARR,CARRIER GLOBAL CORP,14448C10,35.695,37.22,36.81,36.8,36.81,35.93
19285,10/4/2022,,14448C10,CARR,CARRIER GLOBAL CORP,14448C10,37.39,38.63,38.58,38.59,38.6,37.45
19285,10/5/2022,,14448C10,CARR,CARRIER GLOBAL CORP,14448C10,37.69,38.53,38.2,38.22,38.23,37.92
19285,10/6/2022,,14448C10,CARR,CARRIER GLOBAL CORP,14448C10,36.98,38.21,37.21,37.18,37.19,37.99
19285,10/7/2022,,14448C10,CARR,CARRIER GLOBAL CORP,14448C10,35.02,36.96,35.33,35.32,35.33,36.7
19285,10/10/2022,,14448C10,CARR,CARRIER GLOBAL CORP,14448C10,35.38,36.045,35.6,35.59,35.61,35.65
19285,10/11/2022,,14448C10,CARR,CARRIER GLOBAL CORP,14448C10,34.965,35.95,35.15,35.14,35.15,35.45
19285,10/12/2022,,14448C10,CARR,CARRIER GLOBAL CORP,14448C10,34.77,35.39,34.88,34.88,34.89,35.19
19285,10/13/2022,,14448C10,CARR,CARRIER GLOBAL CORP,14448C10,33.1,35.14,34.85,34.86,34.87,33.89
19285,10/14/2022,,14448C10,CARR,CARRIER GLOBAL CORP,14448C10,34.34,35.81,34.57,34.67,34.68,35.1
19285,10/17/2022,,14448C10,CARR,CARRIER GLOBAL CORP,14448C10,34.92,35.99,35.55,35.55,35.56,35.52
19285,10/18/2022,,14448C10,CARR,CARRIER GLOBAL CORP,14448C10,35.85,36.81,36.32,36.34,36.36,36.49
19285,10/19/2022,,14448C10,CARR,CARRIER GLOBAL CORP,14448C10,34.57,35.89,34.89,34.88,34.89,35.82
19285,10/20/2022,,14448C10,CARR,CARRIER GLOBAL CORP,14448C10,33.93,35.26,34.06,34.04,34.05,34.89
19285,10/21/2022,,14448C10,CARR,CARRIER GLOBAL CORP,14448C10,33.955,35.35,35.19,35.18,35.19,34.2
19285,10/24/2022,,14448C10,CARR,CARRIER GLOBAL CORP,14448C10,35.21,36.065,35.85,35.86,35.87,35.48
19285,10/25/2022,,14448C10,CARR,CARRIER GLOBAL CORP,14448C10,35.78,37.325,37.29,37.26,37.27,35.78
19285,10/26/2022,,14448C10,CARR,CARRIER GLOBAL CORP,14448C10,37.08,37.93,37.14,37.13,37.14,37.37
19285,10/27/2022,,14448C10,CARR,CARRIER GLOBAL CORP,14448C10,37.53,38.59,37.88,37.87,37.88,38.05
19285,10/28/2022,,14448C10,CARR,CARRIER GLOBAL CORP,14448C10,37.44,39.98,39.95,39.94,39.96,37.62
19285,10/31/2022,,14448C10,CARR,CARRIER GLOBAL CORP,14448C10,39.425,39.99,39.76,39.77,39.78,39.51
19285,11/1/2022,,14448C10,CARR,CARRIER GLOBAL CORP,14448C10,39.41,40.45,39.71,39.71,39.72,40.32
19285,11/2/2022,,14448C10,CARR,CARRIER GLOBAL CORP,14448C10,39.1,40.96,39.12,39.1,39.11,39.73
19285,11/3/2022,,14448C10,CARR,CARRIER GLOBAL CORP,14448C10,37.94,39.76,39.37,39.37,39.38,38.09
19285,11/4/2022,,14448C10,CARR,CARRIER GLOBAL CORP,14448C10,39.44,40.37,40.28,40.26,40.27,40.22
19285,11/7/2022,,14448C10,CARR,CARRIER GLOBAL CORP,14448C10,40.12,41.12,41.04,41.04,41.05,40.41
19285,11/8/2022,,14448C10,CARR,CARRIER GLOBAL CORP,14448C10,40.905,41.885,41.41,41.41,41.42,41.19
19285,11/9/2022,,14448C10,CARR,CARRIER GLOBAL CORP,14448C10,40.275,41.36,40.34,40.34,40.35,41.06
19285,11/10/2022,,14448C10,CARR,CARRIER GLOBAL CORP,14448C10,42.2,43.73,43.48,43.47,43.48,42.33
19285,11/11/2022,,14448C10,CARR,CARRIER GLOBAL CORP,14448C10,43.1989,44.7523,44.44,44.43,44.44,43.4
19285,11/14/2022,,14448C10,CARR,CARRIER GLOBAL CORP,14448C10,43.59,44.43,43.61,43.61,43.62,44.01
19285,11/15/2022,,14448C10,CARR,CARRIER GLOBAL CORP,14448C10,43.85,44.89,44.35,44.36,44.37,44.52
19285,11/16/2022,,14448C10,CARR,CARRIER GLOBAL CORP,14448C10,43.54,44.5,43.86,43.86,43.87,44.35
19285,11/17/2022,,14448C10,CARR,CARRIER GLOBAL CORP,14448C10,42.13,43.32,43.04,43.04,43.05,43.24
19285,11/18/2022,,14448C10,CARR,CARRIER GLOBAL CORP,14448C10,43.36,44.2216,43.92,43.93,43.94,43.93
19285,11/21/2022,,14448C10,CARR,CARRIER GLOBAL CORP,14448C10,43.6,44.05,43.89,43.89,43.9,43.88
19285,11/22/2022,,14448C10,CARR,CARRIER GLOBAL CORP,14448C10,43.745,44.3,44.04,44.03,44.04,44.25
19285,11/23/2022,,14448C10,CARR,CARRIER GLOBAL CORP,14448C10,43.81,44.63,44.16,44.17,44.18,44.11
19285,11/25/2022,,14448C10,CARR,CARRIER GLOBAL CORP,14448C10,44.1,44.41,44.21,44.19,44.21,44.2
19285,11/28/2022,,14448C10,CARR,CARRIER GLOBAL CORP,14448C10,43.14,44.2,43.31,43.31,43.32,43.85
19285,11/29/2022,,14448C10,CARR,CARRIER GLOBAL CORP,14448C10,43.08,43.73,43.52,43.51,43.52,43.17
19285,11/30/2022,,14448C10,CARR,CARRIER GLOBAL CORP,14448C10,42.145,44.39,44.32,44.28,44.29,43.37
19285,12/1/2022,,14448C10,CARR,CARRIER GLOBAL CORP,14448C10,44.395,45.22,44.93,44.95,44.96,44.82
19285,12/2/2022,,14448C10,CARR,CARRIER GLOBAL CORP,14448C10,43.92,45,44.68,44.68,44.69,44.14
19285,12/5/2022,,14448C10,CARR,CARRIER GLOBAL CORP,14448C10,43.2,44.045,43.76,43.76,43.77,43.97
19285,12/6/2022,,14448C10,CARR,CARRIER GLOBAL CORP,14448C10,42.49,43.95,43.02,42.99,43,43.85
19285,12/7/2022,,14448C10,CARR,CARRIER GLOBAL CORP,14448C10,42.75,43.61,43.08,43.06,43.07,43.05
19285,12/8/2022,,14448C10,CARR,CARRIER GLOBAL CORP,14448C10,43.12,43.755,43.47,43.46,43.48,43.24
19285,12/9/2022,,14448C10,CARR,CARRIER GLOBAL CORP,14448C10,42.95,43.6,43.02,43.01,43.02,43.36
19285,12/12/2022,,14448C10,CARR,CARRIER GLOBAL CORP,14448C10,42.385,43.305,43.26,43.25,43.26,42.61
19285,12/13/2022,,14448C10,CARR,CARRIER GLOBAL CORP,14448C10,43.8,45,44.32,44.31,44.32,44.72
19285,12/14/2022,,14448C10,CARR,CARRIER GLOBAL CORP,14448C10,43.35,44.62,43.8,43.78,43.79,44.59
19285,12/15/2022,,14448C10,CARR,CARRIER GLOBAL CORP,14448C10,42.07,43.29,42.46,42.44,42.45,43.14
19285,12/16/2022,,14448C10,CARR,CARRIER GLOBAL CORP,14448C10,41.52,42.2,41.75,41.73,41.74,41.96
19285,12/19/2022,,14448C10,CARR,CARRIER GLOBAL CORP,14448C10,41.175,42.13,41.5,41.49,41.5,41.84
19285,12/20/2022,,14448C10,CARR,CARRIER GLOBAL CORP,14448C10,41.24,41.64,41.37,41.36,41.37,41.36
19285,12/21/2022,,14448C10,CARR,CARRIER GLOBAL CORP,14448C10,41.56,42.22,42.09,42.09,42.1,41.73
19285,12/22/2022,,14448C10,CARR,CARRIER GLOBAL CORP,14448C10,41.03,42.02,41.68,41.67,41.69,41.54
19285,12/23/2022,,14448C10,CARR,CARRIER GLOBAL CORP,14448C10,41.28,41.815,41.79,41.79,41.81,41.53
19285,12/27/2022,,14448C10,CARR,CARRIER GLOBAL CORP,14448C10,41.61,42.41,41.87,41.86,41.87,41.68
19285,12/28/2022,,14448C10,CARR,CARRIER GLOBAL CORP,14448C10,40.94,42.03,40.96,40.95,40.96,41.84
19285,12/29/2022,,14448C10,CARR,CARRIER GLOBAL CORP,14448C10,41.09,41.99,41.85,41.84,41.85,41.4
19285,12/30/2022,,14448C10,CARR,CARRIER GLOBAL CORP,14448C10,40.83,41.69,41.25,41.25,41.26,41.42
19285,1/3/2023,,14448C10,CARR,CARRIER GLOBAL CORP,14448C10,41.145,42.09,41.61,41.6,41.61,41.94
19285,1/4/2023,,14448C10,CARR,CARRIER GLOBAL CORP,14448C10,41.735,42.58,42.03,42.02,42.03,42.37
19285,1/5/2023,,14448C10,CARR,CARRIER GLOBAL CORP,14448C10,41.12,42.08,41.53,41.52,41.53,41.51
19285,1/6/2023,,14448C10,CARR,CARRIER GLOBAL CORP,14448C10,41.73,43.35,43.13,43.13,43.14,41.87
19285,1/9/2023,,14448C10,CARR,CARRIER GLOBAL CORP,14448C10,42.98,44.205,43.5,43.5,43.51,43.31
19285,1/10/2023,,14448C10,CARR,CARRIER GLOBAL CORP,14448C10,43.18,44.09,44,43.99,44,43.75
19285,1/11/2023,,14448C10,CARR,CARRIER GLOBAL CORP,14448C10,44.27,45.25,45.19,45.18,45.19,44.4
19285,1/12/2023,,14448C10,CARR,CARRIER GLOBAL CORP,14448C10,44.92,45.67,45.25,45.25,45.26,45.5
19285,1/13/2023,,14448C10,CARR,CARRIER GLOBAL CORP,14448C10,45.01,46.06,45.87,45.87,45.88,45.04
19285,1/17/2023,,14448C10,CARR,CARRIER GLOBAL CORP,14448C10,45.305,46.135,45.43,45.42,45.43,45.91
19285,1/18/2023,,14448C10,CARR,CARRIER GLOBAL CORP,14448C10,43.39,45.655,43.52,43.51,43.52,45.65
19285,1/19/2023,,14448C10,CARR,CARRIER GLOBAL CORP,14448C10,41.89,43.14,41.91,41.89,41.9,43.14
19285,1/20/2023,,14448C10,CARR,CARRIER GLOBAL CORP,14448C10,41.77,42.645,42.57,42.57,42.58,42
19285,1/23/2023,,14448C10,CARR,CARRIER GLOBAL CORP,14448C10,42.43,43.285,43.28,43.27,43.28,42.59
19285,1/24/2023,,14448C10,CARR,CARRIER GLOBAL CORP,14448C10,42.86,44.03,43.7,43.69,43.7,43.33
19285,1/25/2023,,14448C10,CARR,CARRIER GLOBAL CORP,14448C10,42.8,43.605,43.51,43.5,43.51,43.19
19285,1/26/2023,,14448C10,CARR,CARRIER GLOBAL CORP,14448C10,43.17,44,43.65,43.64,43.65,43.79
19285,1/27/2023,,14448C10,CARR,CARRIER GLOBAL CORP,14448C10,43.38,43.99,43.62,43.61,43.62,43.49
19285,1/30/2023,,14448C10,CARR,CARRIER GLOBAL CORP,14448C10,43.38,43.99,43.58,43.58,43.6,43.38
19285,1/31/2023,,14448C10,CARR,CARRIER GLOBAL CORP,14448C10,44.035,45.61,45.53,45.54,45.55,44.2
19285,2/1/2023,,14448C10,CARR,CARRIER GLOBAL CORP,14448C10,44.63,46.565,46.14,46.13,46.14,45.16
19285,2/2/2023,,14448C10,CARR,CARRIER GLOBAL CORP,14448C10,46.545,47.485,47.13,47.13,47.14,46.74
19285,2/3/2023,,14448C10,CARR,CARRIER GLOBAL CORP,14448C10,46.36,47.4075,46.89,46.88,46.89,46.54
19285,2/6/2023,,14448C10,CARR,CARRIER GLOBAL CORP,14448C10,45.92,46.74,46.15,46.13,46.15,46.29
19285,2/7/2023,,14448C10,CARR,CARRIER GLOBAL CORP,14448C10,43.55,44.66,44.39,44.4,44.41,43.74
19285,2/8/2023,,14448C10,CARR,CARRIER GLOBAL CORP,14448C10,44.32,45.35,45.06,45.06,45.07,44.74
19285,2/9/2023,,14448C10,CARR,CARRIER GLOBAL CORP,14448C10,44.87,46.02,44.92,44.92,44.93,45.45
19285,2/10/2023,,14448C10,CARR,CARRIER GLOBAL CORP,14448C10,44.42,45.015,44.83,44.83,44.84,44.67
19285,2/13/2023,,14448C10,CARR,CARRIER GLOBAL CORP,14448C10,44.8,45.64,45.44,45.45,45.46,44.93
19285,2/14/2023,,14448C10,CARR,CARRIER GLOBAL CORP,14448C10,44.78,45.5989,45.13,45.12,45.13,45.21
19285,2/15/2023,,14448C10,CARR,CARRIER GLOBAL CORP,14448C10,44.605,45.5,45.48,45.48,45.49,44.65
19285,2/16/2023,,14448C10,CARR,CARRIER GLOBAL CORP,14448C10,44.465,45.63,45.23,45.23,45.24,44.59
19285,2/17/2023,,14448C10,CARR,CARRIER GLOBAL CORP,14448C10,44.57,45.28,45.22,45.21,45.22,45.06
19285,2/21/2023,,14448C10,CARR,CARRIER GLOBAL CORP,14448C10,43.655,44.88,43.83,43.83,43.84,44.74
19285,2/22/2023,,14448C10,CARR,CARRIER GLOBAL CORP,14448C10,43.395,44.25,43.6,43.61,43.62,44.06
19285,2/23/2023,,14448C10,CARR,CARRIER GLOBAL CORP,14448C10,43.74,44.58,44.45,44.45,44.46,43.92
19285,2/24/2023,,14448C10,CARR,CARRIER GLOBAL CORP,14448C10,43.6,44.455,44.25,44.25,44.26,43.82
19285,2/27/2023,,14448C10,CARR,CARRIER GLOBAL CORP,14448C10,44.55,45.11,44.96,44.95,44.96,44.75
19285,2/28/2023,,14448C10,CARR,CARRIER GLOBAL CORP,14448C10,44.805,45.66,45.03,44.99,45,44.85
19285,3/1/2023,,14448C10,CARR,CARRIER GLOBAL CORP,14448C10,44.85,45.67,45.59,45.6,45.61,44.89
19285,3/2/2023,,14448C10,CARR,CARRIER GLOBAL CORP,14448C10,45.17,46.2,46.09,46.08,46.09,45.24
19285,3/3/2023,,14448C10,CARR,CARRIER GLOBAL CORP,14448C10,46.32,47.92,47.79,47.77,47.78,46.45
19285,3/6/2023,,14448C10,CARR,CARRIER GLOBAL CORP,14448C10,47.54,48.675,48.38,48.37,48.38,47.79
19285,3/7/2023,,14448C10,CARR,CARRIER GLOBAL CORP,14448C10,47.49,49.17,47.55,47.55,47.56,48.4
19285,3/8/2023,,14448C10,CARR,CARRIER GLOBAL CORP,14448C10,46.915,47.93,47.39,47.38,47.39,47.74
19285,3/9/2023,,14448C10,CARR,CARRIER GLOBAL CORP,14448C10,46.06,47.515,46.15,46.15,46.16,47.46
19285,3/10/2023,,14448C10,CARR,CARRIER GLOBAL CORP,14448C10,45.135,46.75,45.64,45.64,45.65,46.2
19285,3/13/2023,,14448C10,CARR,CARRIER GLOBAL CORP,14448C10,44.53,45.42,44.75,44.74,44.75,45.12
19285,3/14/2023,,14448C10,CARR,CARRIER GLOBAL CORP,14448C10,45.2,46.485,45.75,45.72,45.73,45.68
19285,3/15/2023,,14448C10,CARR,CARRIER GLOBAL CORP,14448C10,42.34,44.99,43.31,43.31,43.33,44.73
19285,3/16/2023,,14448C10,CARR,CARRIER GLOBAL CORP,14448C10,42.73,44.74,44.48,44.48,44.5,43.07
19285,3/17/2023,,14448C10,CARR,CARRIER GLOBAL CORP,14448C10,43,44.37,43.75,43.77,43.78,44.215
19285,3/20/2023,,14448C10,CARR,CARRIER GLOBAL CORP,14448C10,43.98,45.15,44.99,44.99,45,44.12
19285,3/21/2023,,14448C10,CARR,CARRIER GLOBAL CORP,14448C10,44.97,45.957,45.2,45.21,45.22,45.61
19285,3/22/2023,,14448C10,CARR,CARRIER GLOBAL CORP,14448C10,44.11,45.64,44.18,44.13,44.14,45.17
19285,3/23/2023,,14448C10,CARR,CARRIER GLOBAL CORP,14448C10,43.87,45.2,44.3,44.27,44.28,44.23
19285,3/24/2023,,14448C10,CARR,CARRIER GLOBAL CORP,14448C10,43.01,43.93,43.92,43.92,43.93,43.69
19285,3/27/2023,,14448C10,CARR,CARRIER GLOBAL CORP,14448C10,44.0609,44.86,44.3,44.3,44.31,44.69
19285,3/28/2023,,14448C10,CARR,CARRIER GLOBAL CORP,14448C10,44.52,45.52,44.75,44.75,44.76,45.42
19285,3/29/2023,,14448C10,CARR,CARRIER GLOBAL CORP,14448C10,45,45.6,45.38,45.38,45.39,45.26
19285,3/30/2023,,14448C10,CARR,CARRIER GLOBAL CORP,14448C10,44.98,45.85,45.09,45.09,45.1,45.66
19285,3/31/2023,,14448C10,CARR,CARRIER GLOBAL CORP,14448C10,45.325,46.08,45.75,45.74,45.75,45.76
19285,4/3/2023,,14448C10,CARR,CARRIER GLOBAL CORP,14448C10,45.23,45.96,45.69,45.68,45.7,45.51
19285,4/4/2023,,14448C10,CARR,CARRIER GLOBAL CORP,14448C10,42.645,45.74,42.89,42.89,42.9,45.6
19285,4/5/2023,,14448C10,CARR,CARRIER GLOBAL CORP,14448C10,41.705,43.18,42.1,42.09,42.1,43.18
19285,4/6/2023,,14448C10,CARR,CARRIER GLOBAL CORP,14448C10,41.29,42.31,41.8,41.79,41.8,42.11
19285,4/10/2023,,14448C10,CARR,CARRIER GLOBAL CORP,14448C10,41.48,42.32,42.3,42.3,42.31,41.8
19285,4/11/2023,,14448C10,CARR,CARRIER GLOBAL CORP,14448C10,42.34,44.95,43.52,43.52,43.53,42.44
19285,4/12/2023,,14448C10,CARR,CARRIER GLOBAL CORP,14448C10,43.58,44.345,43.86,43.86,43.87,44
19285,4/13/2023,,14448C10,CARR,CARRIER GLOBAL CORP,14448C10,43.1,44.315,44.1,44.1,44.11,43.76
19285,4/14/2023,,14448C10,CARR,CARRIER GLOBAL CORP,14448C10,43.865,44.87,44.3,44.3,44.31,44.32
19285,4/17/2023,,14448C10,CARR,CARRIER GLOBAL CORP,14448C10,44.35,44.92,44.77,44.77,44.78,44.5
19285,4/18/2023,,14448C10,CARR,CARRIER GLOBAL CORP,14448C10,44.545,45.44,44.81,44.8,44.81,45.25
19285,4/19/2023,,14448C10,CARR,CARRIER GLOBAL CORP,14448C10,44.5114,45.11,44.98,44.98,44.99,44.53
19285,4/20/2023,,14448C10,CARR,CARRIER GLOBAL CORP,14448C10,44.55,45.485,45.38,45.38,45.39,44.78
19285,4/21/2023,,14448C10,CARR,CARRIER GLOBAL CORP,14448C10,45.02,45.53,45.22,45.21,45.22,45.38
19285,4/24/2023,,14448C10,CARR,CARRIER GLOBAL CORP,14448C10,41.54,47.21,41.93,41.93,41.94,45.37
19285,4/25/2023,,14448C10,CARR,CARRIER GLOBAL CORP,14448C10,42.11,43.3,42.32,42.32,42.33,42.78
19285,4/26/2023,,14448C10,CARR,CARRIER GLOBAL CORP,14448C10,40.4,41.46,40.65,40.64,40.65,41.19
19285,4/27/2023,,14448C10,CARR,CARRIER GLOBAL CORP,14448C10,40.475,41.535,41.46,41.45,41.46,41.14
19285,4/28/2023,,14448C10,CARR,CARRIER GLOBAL CORP,14448C10,41.46,42.29,41.82,41.82,41.83,41.56
19285,5/1/2023,,14448C10,CARR,CARRIER GLOBAL CORP,14448C10,41.035,41.96,41.17,41.16,41.17,41.62
19285,5/2/2023,,14448C10,CARR,CARRIER GLOBAL CORP,14448C10,40.35,41.85,41.82,41.82,41.83,41.48
19285,5/3/2023,,14448C10,CARR,CARRIER GLOBAL CORP,14448C10,40.82,42.555,41.09,41.1,41.11,41.9
19285,5/4/2023,,14448C10,CARR,CARRIER GLOBAL CORP,14448C10,40.28,41.11,41.1,41.1,41.11,40.65
19285,5/5/2023,,14448C10,CARR,CARRIER GLOBAL CORP,14448C10,41.7,42.48,42.38,42.38,42.39,41.93
19285,5/8/2023,,14448C10,CARR,CARRIER GLOBAL CORP,14448C10,42.21,43.04,42.6,42.6,42.61,42.89
19285,5/9/2023,,14448C10,CARR,CARRIER GLOBAL CORP,14448C10,42.37,43.08,42.78,42.77,42.78,42.51
19285,5/10/2023,,14448C10,CARR,CARRIER GLOBAL CORP,14448C10,42.48,43.54,43.08,43.07,43.08,43.38
19285,5/11/2023,,14448C10,CARR,CARRIER GLOBAL CORP,14448C10,42.56,43.13,42.83,42.81,42.82,43.09
19285,5/12/2023,,14448C10,CARR,CARRIER GLOBAL CORP,14448C10,41.8005,43.09,42.4,42.4,42.41,42.89
19285,5/15/2023,,14448C10,CARR,CARRIER GLOBAL CORP,14448C10,41.955,42.89,42.81,42.82,42.83,42.12
19285,5/16/2023,,14448C10,CARR,CARRIER GLOBAL CORP,14448C10,42.02,42.86,42.15,42.15,42.16,42.44
19285,5/17/2023,,14448C10,CARR,CARRIER GLOBAL CORP,14448C10,42.35,43.235,42.9,42.91,42.92,42.37
19285,5/18/2023,,14448C10,CARR,CARRIER GLOBAL CORP,14448C10,42.595,43.39,43.27,43.27,43.28,42.71
19285,5/19/2023,,14448C10,CARR,CARRIER GLOBAL CORP,14448C10,42.46,43.68,42.79,42.78,42.79,43.64
19285,5/22/2023,,14448C10,CARR,CARRIER GLOBAL CORP,14448C10,42.28,43.1,42.43,42.44,42.45,42.71
19285,5/23/2023,,14448C10,CARR,CARRIER GLOBAL CORP,14448C10,41.26,42.31,41.51,41.51,41.52,41.99
19285,5/24/2023,,14448C10,CARR,CARRIER GLOBAL CORP,14448C10,40.965,41.59,41.3,41.3,41.31,41.47
19285,5/25/2023,,14448C10,CARR,CARRIER GLOBAL CORP,14448C10,40.99,41.69,41.2,41.2,41.21,41.61
19285,5/26/2023,,14448C10,CARR,CARRIER GLOBAL CORP,14448C10,40.73,41.6,40.89,40.85,40.86,41.52
19285,5/30/2023,,14448C10,CARR,CARRIER GLOBAL CORP,14448C10,40.54,41.82,41.75,41.75,41.76,40.98
19285,5/31/2023,,14448C10,CARR,CARRIER GLOBAL CORP,14448C10,40.49,41.5,40.9,40.9,40.91,41.17
19285,6/1/2023,,14448C10,CARR,CARRIER GLOBAL CORP,14448C10,40.71,41.53,41.5,41.5,41.51,41.04
19285,6/2/2023,,14448C10,CARR,CARRIER GLOBAL CORP,14448C10,41.98,43.635,43.44,43.43,43.44,42.08
19285,6/5/2023,,14448C10,CARR,CARRIER GLOBAL CORP,14448C10,42.89,43.6,43.2,43.2,43.21,43.57
19285,6/6/2023,,14448C10,CARR,CARRIER GLOBAL CORP,14448C10,43.01,44.19,43.85,43.84,43.85,43.15
19285,6/7/2023,,14448C10,CARR,CARRIER GLOBAL CORP,14448C10,43.86,45.62,45.6,45.6,45.61,43.99
19285,6/8/2023,,14448C10,CARR,CARRIER GLOBAL CORP,14448C10,44.1,45.62,45.6,45.6,45.61,44.1
19285,6/9/2023,,14448C10,CARR,CARRIER GLOBAL CORP,14448C10,44.72,45.89,45.3,45.3,45.31,45.83
19285,6/12/2023,,14448C10,CARR,CARRIER GLOBAL CORP,14448C10,44.9,46.06,45.83,45.83,45.84,45.28
19285,6/13/2023,,14448C10,CARR,CARRIER GLOBAL CORP,14448C10,46.35,46.87,46.77,46.77,46.78,46.5
19285,6/14/2023,,14448C10,CARR,CARRIER GLOBAL CORP,14448C10,45.79,47.22,46.16,46.14,46.15,47.13
19285,6/15/2023,,14448C10,CARR,CARRIER GLOBAL CORP,14448C10,45.4,46.72,46.54,46.54,46.55,45.81
19285,6/16/2023,,14448C10,CARR,CARRIER GLOBAL CORP,14448C10,46.53,47.41,46.88,46.88,46.91,47.3
19285,6/20/2023,,14448C10,CARR,CARRIER GLOBAL CORP,14448C10,46.45,47.63,47.61,47.6,47.61,46.53
19285,6/21/2023,,14448C10,CARR,CARRIER GLOBAL CORP,14448C10,47.28,48.42,48.22,48.21,48.22,47.38
19285,6/22/2023,,14448C10,CARR,CARRIER GLOBAL CORP,14448C10,47.57,48.06,47.86,47.85,47.86,47.99
19285,6/23/2023,,14448C10,CARR,CARRIER GLOBAL CORP,14448C10,47.26,48.43,48.05,48.05,48.06,47.52
19285,6/26/2023,,14448C10,CARR,CARRIER GLOBAL CORP,14448C10,48.06,49,48.63,48.64,48.65,48.06
19285,6/27/2023,,14448C10,CARR,CARRIER GLOBAL CORP,14448C10,48.72,49.595,49.49,49.49,49.5,48.99
19285,6/28/2023,,14448C10,CARR,CARRIER GLOBAL CORP,14448C10,49.11,49.63,49.32,49.33,49.34,49.25
19285,6/29/2023,,14448C10,CARR,CARRIER GLOBAL CORP,14448C10,49.2,49.69,49.49,49.49,49.5,49.31
19285,6/30/2023,,14448C10,CARR,CARRIER GLOBAL CORP,14448C10,49.42,50.085,49.71,49.71,49.72,49.64
19285,7/3/2023,,14448C10,CARR,CARRIER GLOBAL CORP,14448C10,49.54,50.165,50.04,50.04,50.06,49.73
19285,7/5/2023,,14448C10,CARR,CARRIER GLOBAL CORP,14448C10,49.225,50.16,49.24,49.23,49.24,49.93
19285,7/6/2023,,14448C10,CARR,CARRIER GLOBAL CORP,14448C10,48.35,49.15,49.07,49.06,49.07,49.04
19285,7/7/2023,,14448C10,CARR,CARRIER GLOBAL CORP,14448C10,48.82,49.92,49.33,49.32,49.33,48.82
19285,7/10/2023,,14448C10,CARR,CARRIER GLOBAL CORP,14448C10,49.51,51.28,51.26,51.26,51.28,49.535
19285,7/11/2023,,14448C10,CARR,CARRIER GLOBAL CORP,14448C10,51.51,53.03,53,53,53.01,51.52
19285,7/12/2023,,14448C10,CARR,CARRIER GLOBAL CORP,14448C10,52.64,53.9,53.12,53.12,53.13,53.51
19285,7/13/2023,,14448C10,CARR,CARRIER GLOBAL CORP,14448C10,52.73,53.54,53.12,53.12,53.13,53.27
19285,7/14/2023,,14448C10,CARR,CARRIER GLOBAL CORP,14448C10,52.8,54.055,53.84,53.86,53.87,53
19285,7/17/2023,,14448C10,CARR,CARRIER GLOBAL CORP,14448C10,53.505,54.71,54.56,54.56,54.57,53.85
19285,7/18/2023,,14448C10,CARR,CARRIER GLOBAL CORP,14448C10,54.65,55.26,55.24,55.25,55.26,54.66
19285,7/19/2023,,14448C10,CARR,CARRIER GLOBAL CORP,14448C10,54.795,55.58,55.23,55.22,55.23,55.04
19285,7/20/2023,,14448C10,CARR,CARRIER GLOBAL CORP,14448C10,54.26,55.5,54.67,54.65,54.67,55.5
19285,7/21/2023,,14448C10,CARR,CARRIER GLOBAL CORP,14448C10,53.44,54.6127,53.75,53.75,53.76,54.59
19285,7/24/2023,,14448C10,CARR,CARRIER GLOBAL CORP,14448C10,53.5,54.5,53.81,53.8,53.81,53.55
19285,7/25/2023,,14448C10,CARR,CARRIER GLOBAL CORP,14448C10,53.37,54.21,53.91,53.9,53.91,53.5
19285,7/26/2023,,14448C10,CARR,CARRIER GLOBAL CORP,14448C10,53.635,54.44,54.43,54.43,54.44,53.69
19285,7/27/2023,,14448C10,CARR,CARRIER GLOBAL CORP,14448C10,53.64,57.13,56.75,56.74,56.75,53.64
19285,7/28/2023,,14448C10,CARR,CARRIER GLOBAL CORP,14448C10,57.24,59.17,58.99,58.99,59,57.38
19285,7/31/2023,,14448C10,CARR,CARRIER GLOBAL CORP,14448C10,58.79,59.8,59.55,59.55,59.56,58.98
19285,8/1/2023,,14448C10,CARR,CARRIER GLOBAL CORP,14448C10,59.06,60.04,59.8,59.81,59.82,59.35
19285,8/2/2023,,14448C10,CARR,CARRIER GLOBAL CORP,14448C10,58.47,59.61,58.98,59,59.01,59.55
19285,8/3/2023,,14448C10,CARR,CARRIER GLOBAL CORP,14448C10,58.045,59,58.1,58.08,58.1,59
19285,8/4/2023,,14448C10,CARR,CARRIER GLOBAL CORP,14448C10,56.45,58.44,57.08,57.09,57.1,58.44
19285,8/7/2023,,14448C10,CARR,CARRIER GLOBAL CORP,14448C10,57.085,58.31,58.1,58.08,58.1,57.32
19285,8/8/2023,,14448C10,CARR,CARRIER GLOBAL CORP,14448C10,56.24,57.545,57.39,57.38,57.39,57.41
19285,8/9/2023,,14448C10,CARR,CARRIER GLOBAL CORP,14448C10,55.6,57.3,56.16,56.16,56.17,57.3
19285,8/10/2023,,14448C10,CARR,CARRIER GLOBAL CORP,14448C10,55.285,56.56,55.4,55.39,55.4,56.25
19285,8/11/2023,,14448C10,CARR,CARRIER GLOBAL CORP,14448C10,55.03,56.04,55.54,55.54,55.55,55.28
19285,8/14/2023,,14448C10,CARR,CARRIER GLOBAL CORP,14448C10,55.03,56.31,56.02,56.02,56.03,55.09
19285,8/15/2023,,14448C10,CARR,CARRIER GLOBAL CORP,14448C10,55.3,55.89,55.41,55.39,55.4,55.64
19285,8/16/2023,,14448C10,CARR,CARRIER GLOBAL CORP,14448C10,54.29,56.09,54.47,54.46,54.47,55.26
19285,8/17/2023,,14448C10,CARR,CARRIER GLOBAL CORP,14448C10,52.62,54.38,53.05,53.04,53.05,54.35
19285,8/18/2023,,14448C10,CARR,CARRIER GLOBAL CORP,14448C10,52.615,53.59,53.39,53.4,53.41,52.75
19285,8/21/2023,,14448C10,CARR,CARRIER GLOBAL CORP,14448C10,52.85,53.725,53.57,53.56,53.57,53.17
19285,8/22/2023,,14448C10,CARR,CARRIER GLOBAL CORP,14448C10,53.55,54.105,53.8,53.81,53.82,53.91
19285,8/23/2023,,14448C10,CARR,CARRIER GLOBAL CORP,14448C10,53.945,55.76,55.23,55.24,55.25,53.96
19285,8/24/2023,,14448C10,CARR,CARRIER GLOBAL CORP,14448C10,53.88,55.815,53.93,53.93,53.95,55.04
19285,8/25/2023,,14448C10,CARR,CARRIER GLOBAL CORP,14448C10,53.84,55.46,55.02,55.03,55.04,54.48
19285,8/28/2023,,14448C10,CARR,CARRIER GLOBAL CORP,14448C10,55.32,56.11,55.57,55.57,55.58,55.47
19285,8/29/2023,,14448C10,CARR,CARRIER GLOBAL CORP,14448C10,55.29,56.88,56.76,56.76,56.77,55.41
19285,8/30/2023,,14448C10,CARR,CARRIER GLOBAL CORP,14448C10,56.73,57.4,57.18,57.18,57.19,56.75
19285,8/31/2023,,14448C10,CARR,CARRIER GLOBAL CORP,14448C10,57.3,58.08,57.45,57.42,57.43,57.3
19285,9/1/2023,,14448C10,CARR,CARRIER GLOBAL CORP,14448C10,57.59,58.26,57.94,57.94,57.95,57.73
19285,9/5/2023,,14448C10,CARR,CARRIER GLOBAL CORP,14448C10,56.03,58.26,56.42,56.43,56.44,57.88
19285,9/6/2023,,14448C10,CARR,CARRIER GLOBAL CORP,14448C10,56.05,57.26,56.4,56.39,56.4,56.4
19285,9/7/2023,,14448C10,CARR,CARRIER GLOBAL CORP,14448C10,55.84,57.49,57.25,57.25,57.26,56.12
19285,9/8/2023,,14448C10,CARR,CARRIER GLOBAL CORP,14448C10,57.11,59.25,58.66,58.66,58.67,57.2
19285,9/11/2023,,14448C10,CARR,CARRIER GLOBAL CORP,14448C10,58.23,59.49,58.94,58.94,58.95,59.05
19285,9/12/2023,,14448C10,CARR,CARRIER GLOBAL CORP,14448C10,56.27,59.2,56.58,56.58,56.59,58.74
19285,9/13/2023,,14448C10,CARR,CARRIER GLOBAL CORP,14448C10,54.61,56.53,55.24,55.23,55.24,56.45
19285,9/14/2023,,14448C10,CARR,CARRIER GLOBAL CORP,14448C10,53.63,55.795,54.76,54.75,54.76,55.52
19285,9/15/2023,,14448C10,CARR,CARRIER GLOBAL CORP,14448C10,53.88,54.76,54.46,54.43,54.45,54.33
19285,9/18/2023,,14448C10,CARR,CARRIER GLOBAL CORP,14448C10,54.115,55.04,54.39,54.39,54.4,54.29
19285,9/19/2023,,14448C10,CARR,CARRIER GLOBAL CORP,14448C10,52.16,54.58,53.85,53.87,53.89,54.15
19285,9/20/2023,,14448C10,CARR,CARRIER GLOBAL CORP,14448C10,53.76,54.72,53.83,53.82,53.83,54.3
19285,9/21/2023,,14448C10,CARR,CARRIER GLOBAL CORP,14448C10,52.28,53.5,52.56,52.55,52.58,53.28
19285,9/22/2023,,14448C10,CARR,CARRIER GLOBAL CORP,14448C10,52.4,53.39,52.87,52.87,52.88,52.81
19285,9/25/2023,,14448C10,CARR,CARRIER GLOBAL CORP,14448C10,52.58,53.73,53.58,53.57,53.58,52.82
19285,9/26/2023,,14448C10,CARR,CARRIER GLOBAL CORP,14448C10,52.2,54.695,52.72,52.72,52.73,53.1
19285,9/27/2023,,14448C10,CARR,CARRIER GLOBAL CORP,14448C10,53.41,55.38,55.08,55.08,55.09,53.42
19285,9/28/2023,,14448C10,CARR,CARRIER GLOBAL CORP,14448C10,54.97,57.12,55.94,55.91,55.92,55
19285,9/29/2023,,14448C10,CARR,CARRIER GLOBAL CORP,14448C10,54.93,56.5,55.2,55.21,55.22,56.38
19285,10/2/2023,,14448C10,CARR,CARRIER GLOBAL CORP,14448C10,54.14,55.65,54.56,54.56,54.57,55.01
19285,10/3/2023,,14448C10,CARR,CARRIER GLOBAL CORP,14448C10,52.9,54.45,53.52,53.52,53.53,54.24
19285,10/4/2023,,14448C10,CARR,CARRIER GLOBAL CORP,14448C10,53.17,54.845,54.61,54.59,54.6,53.7
19285,10/5/2023,,14448C10,CARR,CARRIER GLOBAL CORP,14448C10,53.02,54.27,53.51,53.51,53.53,53.14
19285,10/6/2023,,14448C10,CARR,CARRIER GLOBAL CORP,14448C10,51.51,54.64,54.28,54.26,54.27,51.84
19285,10/9/2023,,14448C10,CARR,CARRIER GLOBAL CORP,14448C10,53.37,55.07,55.02,55.03,55.04,53.94
19285,10/10/2023,,14448C10,CARR,CARRIER GLOBAL CORP,14448C10,54.89,56.1,55.42,55.42,55.43,55.47
19285,10/11/2023,,14448C10,CARR,CARRIER GLOBAL CORP,14448C10,55.31,56.195,56.04,56.03,56.04,55.46
19285,10/12/2023,,14448C10,CARR,CARRIER GLOBAL CORP,14448C10,54.17,55.515,54.48,54.48,54.49,55.12
19285,10/13/2023,,14448C10,CARR,CARRIER GLOBAL CORP,14448C10,52.265,54.66,52.56,52.57,52.58,54.42
19285,10/16/2023,,14448C10,CARR,CARRIER GLOBAL CORP,14448C10,53.02,54.07,53.15,53.14,53.16,53.39
19285,10/17/2023,,14448C10,CARR,CARRIER GLOBAL CORP,14448C10,52.34,53.37,52.9,52.89,52.9,52.66
19285,10/18/2023,,14448C10,CARR,CARRIER GLOBAL CORP,14448C10,50.02,52.08,50.15,50.12,50.15,52.03
19285,10/19/2023,,14448C10,CARR,CARRIER GLOBAL CORP,14448C10,48.79,50.59,49,48.99,49,49.91
19285,10/20/2023,,14448C10,CARR,CARRIER GLOBAL CORP,14448C10,47.78,48.98,48.28,48.27,48.28,48.97
19285,10/23/2023,,14448C10,CARR,CARRIER GLOBAL CORP,14448C10,48.07,49.24,48.5,48.49,48.5,48.4
19285,10/24/2023,,14448C10,CARR,CARRIER GLOBAL CORP,14448C10,47.95,49.12,48.15,48.14,48.15,48.84
19285,10/25/2023,,14448C10,CARR,CARRIER GLOBAL CORP,14448C10,46.81,48.31,47.04,47.03,47.04,47.87
19285,10/26/2023,,14448C10,CARR,CARRIER GLOBAL CORP,14448C10,46.19,50,46.4,46.39,46.4,48.91
19285,10/27/2023,,14448C10,CARR,CARRIER GLOBAL CORP,14448C10,45.68,46.72,46.5,46.49,46.5,46.11
19285,10/30/2023,,14448C10,CARR,CARRIER GLOBAL CORP,14448C10,46.77,47.71,47.37,47.36,47.37,46.96
19285,10/31/2023,,14448C10,CARR,CARRIER GLOBAL CORP,14448C10,47.12,48.09,47.66,47.66,47.67,47.34
19285,11/1/2023,,14448C10,CARR,CARRIER GLOBAL CORP,14448C10,47.635,50.02,49.66,49.67,49.68,48.03
19285,11/2/2023,,14448C10,CARR,CARRIER GLOBAL CORP,14448C10,49.81,50.99,49.97,49.95,49.96,50.74
19285,11/3/2023,,14448C10,CARR,CARRIER GLOBAL CORP,14448C10,50.47,52.42,50.53,50.52,50.53,50.92
19285,11/6/2023,,14448C10,CARR,CARRIER GLOBAL CORP,14448C10,49.92,50.63,50.27,50.28,50.29,50.42
19285,11/7/2023,,14448C10,CARR,CARRIER GLOBAL CORP,14448C10,49.6205,50.49,50.45,50.45,50.46,50.12
19285,11/8/2023,,14448C10,CARR,CARRIER GLOBAL CORP,14448C10,50.3575,51,50.95,50.95,50.97,50.56
19285,11/9/2023,,14448C10,CARR,CARRIER GLOBAL CORP,14448C10,50.31,51.31,50.43,50.42,50.44,51.29
19285,11/10/2023,,14448C10,CARR,CARRIER GLOBAL CORP,14448C10,50.6435,51.64,51.5,51.5,51.53,50.98
19285,11/13/2023,,14448C10,CARR,CARRIER GLOBAL CORP,14448C10,50.67,51.5,50.94,50.92,50.94,51.14
19285,11/14/2023,,14448C10,CARR,CARRIER GLOBAL CORP,14448C10,52.04,53.71,52.81,52.8,52.81,52.23
19285,11/15/2023,,14448C10,CARR,CARRIER GLOBAL CORP,14448C10,52.32,53.3,52.35,52.35,52.36,52.72
19285,11/16/2023,,14448C10,CARR,CARRIER GLOBAL CORP,14448C10,51.93,52.73,52.68,52.71,52.72,52.12
19285,11/17/2023,,14448C10,CARR,CARRIER GLOBAL CORP,14448C10,52.555,53.345,53.22,53.21,53.24,52.98
19285,11/20/2023,,14448C10,CARR,CARRIER GLOBAL CORP,14448C10,53.01,54.19,53.59,53.59,53.6,53.25
19285,11/21/2023,,14448C10,CARR,CARRIER GLOBAL CORP,14448C10,52.52,53.3,52.73,52.72,52.73,53.15
19285,11/22/2023,,14448C10,CARR,CARRIER GLOBAL CORP,14448C10,52.44,53,52.75,52.73,52.75,52.79
19285,11/24/2023,,14448C10,CARR,CARRIER GLOBAL CORP,14448C10,52.6,53.02,52.98,52.95,52.98,52.6
19285,11/27/2023,,14448C10,CARR,CARRIER GLOBAL CORP,14448C10,51.94,52.84,52.14,52.13,52.15,52.65
19285,11/28/2023,,14448C10,CARR,CARRIER GLOBAL CORP,14448C10,51.31,52.27,51.63,51.63,51.64,52.14
19285,11/29/2023,,14448C10,CARR,CARRIER GLOBAL CORP,14448C10,51.71,52.97,52.21,52.2,52.21,52.25
19285,11/30/2023,,14448C10,CARR,CARRIER GLOBAL CORP,14448C10,51.2,52.06,51.96,51.93,51.94,52
19285,12/1/2023,,14448C10,CARR,CARRIER GLOBAL CORP,14448C10,52.08,53.34,53.22,53.21,53.22,52.13
19285,12/4/2023,,14448C10,CARR,CARRIER GLOBAL CORP,14448C10,52.28,53.49,53.46,53.44,53.46,52.69
19285,12/5/2023,,14448C10,CARR,CARRIER GLOBAL CORP,14448C10,52.435,53.33,52.57,52.56,52.57,53.23
19285,12/6/2023,,14448C10,CARR,CARRIER GLOBAL CORP,14448C10,52.93,53.88,53.01,53.01,53.02,53.23
19285,12/7/2023,,14448C10,CARR,CARRIER GLOBAL CORP,14448C10,52.54,53.15,52.89,52.89,52.9,53.15
19285,12/8/2023,,14448C10,CARR,CARRIER GLOBAL CORP,14448C10,54.67,56.87,55.27,55.26,55.27,56.05
19285,12/11/2023,,14448C10,CARR,CARRIER GLOBAL CORP,14448C10,55.31,56.27,55.95,55.94,55.95,55.31
19285,12/12/2023,,14448C10,CARR,CARRIER GLOBAL CORP,14448C10,54.92,56.45,56.33,56.33,56.34,55.61
19285,12/13/2023,,14448C10,CARR,CARRIER GLOBAL CORP,14448C10,54.38,56.945,55.8,55.8,55.81,56.5
19285,12/14/2023,,14448C10,CARR,CARRIER GLOBAL CORP,14448C10,56.01,59.18,58.81,58.8,58.82,56.33
19285,12/15/2023,,14448C10,CARR,CARRIER GLOBAL CORP,14448C10,57.24,58.58,57.33,57.29,57.3,58.24
19285,12/18/2023,,14448C10,CARR,CARRIER GLOBAL CORP,14448C10,56.4,57.48,56.76,56.73,56.75,57.44
19285,12/19/2023,,14448C10,CARR,CARRIER GLOBAL CORP,14448C10,56.6,57.41,56.99,56.98,56.99,56.9
19285,12/20/2023,,14448C10,CARR,CARRIER GLOBAL CORP,14448C10,55.98,57.53,56,56,56.01,56.58
19285,12/21/2023,,14448C10,CARR,CARRIER GLOBAL CORP,14448C10,56.27,56.95,56.92,56.91,56.92,56.52
19285,12/22/2023,,14448C10,CARR,CARRIER GLOBAL CORP,14448C10,56.715,57.53,57.1,57.1,57.11,57.11
19285,12/26/2023,,14448C10,CARR,CARRIER GLOBAL CORP,14448C10,57.08,57.765,57.44,57.43,57.44,57.28
19285,12/27/2023,,14448C10,CARR,CARRIER GLOBAL CORP,14448C10,57.34,57.98,57.78,57.78,57.79,57.38
19285,12/28/2023,,14448C10,CARR,CARRIER GLOBAL CORP,14448C10,57.55,58.02,57.64,57.65,57.66,57.66
19285,12/29/2023,,14448C10,CARR,CARRIER GLOBAL CORP,14448C10,57.25,57.8494,57.45,57.45,57.47,57.42
19285,1/2/2024,,14448C10,CARR,CARRIER GLOBAL CORP,14448C10,56.075,57.34,56.45,56.44,56.45,56.89
19285,1/3/2024,,14448C10,CARR,CARRIER GLOBAL CORP,14448C10,54.79,55.96,54.9,54.9,54.91,55.96
19285,1/4/2024,,14448C10,CARR,CARRIER GLOBAL CORP,14448C10,54.9,56.105,55.48,55.49,55.5,55.03
19285,1/5/2024,,14448C10,CARR,CARRIER GLOBAL CORP,14448C10,55.43,56.22,55.72,55.74,55.75,55.69
19285,1/8/2024,,14448C10,CARR,CARRIER GLOBAL CORP,14448C10,55.695,56.46,56.42,56.41,56.43,56
19285,1/9/2024,,14448C10,CARR,CARRIER GLOBAL CORP,14448C10,55.71,56.92,56.8,56.79,56.81,55.99
19285,1/10/2024,,14448C10,CARR,CARRIER GLOBAL CORP,14448C10,56.31,57.09,57.04,57.03,57.04,56.75
19285,1/11/2024,,14448C10,CARR,CARRIER GLOBAL CORP,14448C10,56.17,57.11,56.86,56.85,56.86,56.91
19285,1/12/2024,,14448C10,CARR,CARRIER GLOBAL CORP,14448C10,55.95,57.36,56.14,56.13,56.15,57.14
19285,1/16/2024,,14448C10,CARR,CARRIER GLOBAL CORP,14448C10,55.16,56.045,55.85,55.86,55.87,55.55
19285,1/17/2024,,14448C10,CARR,CARRIER GLOBAL CORP,14448C10,54.97,55.79,55.06,55.03,55.04,55.42
19285,1/18/2024,,14448C10,CARR,CARRIER GLOBAL CORP,14448C10,54.91,55.87,55.4,55.38,55.39,55.37
19285,1/19/2024,,14448C10,CARR,CARRIER GLOBAL CORP,14448C10,54.71,56.06,55.88,55.88,55.9,55.34
19285,1/22/2024,,14448C10,CARR,CARRIER GLOBAL CORP,14448C10,55.935,56.75,56.32,56.31,56.32,56.16
19285,1/23/2024,,14448C10,CARR,CARRIER GLOBAL CORP,14448C10,55.57,56.635,55.91,55.91,55.92,56.49
19285,1/24/2024,,14448C10,CARR,CARRIER GLOBAL CORP,14448C10,54.93,56.32,54.97,54.96,54.98,56.28
19285,1/25/2024,,14448C10,CARR,CARRIER GLOBAL CORP,14448C10,55.56,56.36,56.31,56.32,56.33,55.63
19285,1/26/2024,,14448C10,CARR,CARRIER GLOBAL CORP,14448C10,55.29,56.47,55.51,55.5,55.51,56.39
19285,1/29/2024,,14448C10,CARR,CARRIER GLOBAL CORP,14448C10,55.2,56.32,56.31,56.3,56.31,55.59
19285,1/30/2024,,14448C10,CARR,CARRIER GLOBAL CORP,14448C10,55.41,56.52,56.33,56.31,56.32,55.9
19285,1/31/2024,,14448C10,CARR,CARRIER GLOBAL CORP,14448C10,54.65,56.34,54.71,54.69,54.71,56.04
19285,2/1/2024,,14448C10,CARR,CARRIER GLOBAL CORP,14448C10,54.555,55.81,55.59,55.58,55.59,55.32
19285,2/2/2024,,14448C10,CARR,CARRIER GLOBAL CORP,14448C10,54.76,56.98,56.78,56.76,56.78,55.13
19285,2/5/2024,,14448C10,CARR,CARRIER GLOBAL CORP,14448C10,55.98,57.5,56.26,56.24,56.26,56.14
19285,2/6/2024,,14448C10,CARR,CARRIER GLOBAL CORP,14448C10,54.25,56.03,54.31,54.26,54.3,54.86
19285,2/7/2024,,14448C10,CARR,CARRIER GLOBAL CORP,14448C10,53.23,55.32,53.83,53.82,53.83,54.9
19285,2/8/2024,,14448C10,CARR,CARRIER GLOBAL CORP,14448C10,53.49,55.1,55.06,55.06,55.07,54.06
19285,2/9/2024,,14448C10,CARR,CARRIER GLOBAL CORP,14448C10,54.61,56.02,56.01,56,56.01,54.61
19285,2/12/2024,,14448C10,CARR,CARRIER GLOBAL CORP,14448C10,55.25,56.42,56.04,56.04,56.05,55.72
19285,2/13/2024,,14448C10,CARR,CARRIER GLOBAL CORP,14448C10,53.29,54.73,53.97,53.97,53.98,54.41
19285,2/14/2024,,14448C10,CARR,CARRIER GLOBAL CORP,14448C10,54.1,55.11,55,54.98,54.99,54.51
19285,2/15/2024,,14448C10,CARR,CARRIER GLOBAL CORP,14448C10,55.05,56.0852,56.05,56.04,56.06,55.33
19285,2/16/2024,,14448C10,CARR,CARRIER GLOBAL CORP,14448C10,53.89,55.79,54,53.97,53.99,55.58
19285,2/20/2024,,14448C10,CARR,CARRIER GLOBAL CORP,14448C10,53.13,53.721,53.43,53.42,53.44,53.39
19285,2/21/2024,,14448C10,CARR,CARRIER GLOBAL CORP,14448C10,53.47,54.09,53.77,53.77,53.78,53.64
19285,2/22/2024,,14448C10,CARR,CARRIER GLOBAL CORP,14448C10,53.42,54.22,53.85,53.84,53.85,54.22
19285,2/23/2024,,14448C10,CARR,CARRIER GLOBAL CORP,14448C10,53.39,54.57,54.2,54.19,54.2,53.81
19285,2/26/2024,,14448C10,CARR,CARRIER GLOBAL CORP,14448C10,53.64,54.351,54,53.99,54,54.13
19285,2/27/2024,,14448C10,CARR,CARRIER GLOBAL CORP,14448C10,53.93,55.13,55.04,55.01,55.03,54.48
19285,2/28/2024,,14448C10,CARR,CARRIER GLOBAL CORP,14448C10,54.59,55.63,54.76,54.76,54.77,54.93
19285,2/29/2024,,14448C10,CARR,CARRIER GLOBAL CORP,14448C10,54.77,55.77,55.58,55.49,55.52,55.1
19285,3/1/2024,,14448C10,CARR,CARRIER GLOBAL CORP,14448C10,55.1326,56.53,56.46,56.43,56.44,55.22
19285,3/4/2024,,14448C10,CARR,CARRIER GLOBAL CORP,14448C10,55.35,57.55,57.15,57.15,57.17,56.63
19285,3/5/2024,,14448C10,CARR,CARRIER GLOBAL CORP,14448C10,56.1,57.23,56.59,56.58,56.59,56.81
19285,3/6/2024,,14448C10,CARR,CARRIER GLOBAL CORP,14448C10,57.23,58.78,57.72,57.72,57.74,57.23
19285,3/7/2024,,14448C10,CARR,CARRIER GLOBAL CORP,14448C10,57.6,59.68,59.55,59.52,59.53,57.6
19285,3/8/2024,,14448C10,CARR,CARRIER GLOBAL CORP,14448C10,58.01,60.87,58.05,58.05,58.06,59.73
19285,3/11/2024,,14448C10,CARR,CARRIER GLOBAL CORP,14448C10,56.45,57.9,57.14,57.13,57.14,57.41
19285,3/12/2024,,14448C10,CARR,CARRIER GLOBAL CORP,14448C10,56.86,58.18,57.9,57.87,57.89,57.37
19285,3/13/2024,,14448C10,CARR,CARRIER GLOBAL CORP,14448C10,57.65,59.02,57.86,57.85,57.86,57.86
19285,3/14/2024,,14448C10,CARR,CARRIER GLOBAL CORP,14448C10,56.73,58.44,57.31,57.33,57.34,57.84
19285,3/15/2024,,14448C10,CARR,CARRIER GLOBAL CORP,14448C10,56.61,57.76,57.05,57.03,57.06,56.71
19285,3/18/2024,,14448C10,CARR,CARRIER GLOBAL CORP,14448C10,56.875,57.79,57.1,57.08,57.1,57.47
19285,3/19/2024,,14448C10,CARR,CARRIER GLOBAL CORP,14448C10,57.03,58.5,58.48,58.46,58.48,57.13
19285,3/20/2024,,14448C10,CARR,CARRIER GLOBAL CORP,14448C10,58.0101,58.86,58.55,58.56,58.57,58.55
19285,3/21/2024,,14448C10,CARR,CARRIER GLOBAL CORP,14448C10,58.83,60.54,59.82,59.81,59.83,59.11
19285,3/22/2024,,14448C10,CARR,CARRIER GLOBAL CORP,14448C10,57.81,59.91,57.86,57.85,57.87,59.63
19285,3/25/2024,,14448C10,CARR,CARRIER GLOBAL CORP,14448C10,57.13,57.95,57.37,57.38,57.39,57.74
19285,3/26/2024,,14448C10,CARR,CARRIER GLOBAL CORP,14448C10,57.18,57.75,57.54,57.53,57.54,57.26
19285,3/27/2024,,14448C10,CARR,CARRIER GLOBAL CORP,14448C10,57.02,57.99,57.68,57.68,57.7,57.93
19285,3/28/2024,,14448C10,CARR,CARRIER GLOBAL CORP,14448C10,57.5,58.23,58.13,58.12,58.13,57.7
19285,4/1/2024,,14448C10,CARR,CARRIER GLOBAL CORP,14448C10,57.32,58.58,57.4,57.38,57.4,58.12
19285,4/2/2024,,14448C10,CARR,CARRIER GLOBAL CORP,14448C10,56.78,57.62,56.8,56.79,56.8,57.58
19285,4/3/2024,,14448C10,CARR,CARRIER GLOBAL CORP,14448C10,56.54,57.55,56.94,56.95,56.96,56.71
19285,4/4/2024,,14448C10,CARR,CARRIER GLOBAL CORP,14448C10,55.68,57.83,55.85,55.85,55.86,57.5
19285,4/5/2024,,14448C10,CARR,CARRIER GLOBAL CORP,14448C10,55.82,57.0235,56.44,56.42,56.43,56.25
19285,4/8/2024,,14448C10,CARR,CARRIER GLOBAL CORP,14448C10,56.8,57.96,57.84,57.84,57.85,56.81
19285,4/9/2024,,14448C10,CARR,CARRIER GLOBAL CORP,14448C10,57.12,58.29,58.11,58.11,58.12,58.14
19285,4/10/2024,,14448C10,CARR,CARRIER GLOBAL CORP,14448C10,56.4,57.455,56.89,56.88,56.89,57
19285,4/11/2024,,14448C10,CARR,CARRIER GLOBAL CORP,14448C10,56.13,57.07,56.62,56.6,56.61,57.07
19285,4/12/2024,,14448C10,CARR,CARRIER GLOBAL CORP,14448C10,55.96,56.925,56.84,56.82,56.83,55.99
19285,4/15/2024,,14448C10,CARR,CARRIER GLOBAL CORP,14448C10,55.34,57.695,55.46,55.45,55.46,57.3
19285,4/16/2024,,14448C10,CARR,CARRIER GLOBAL CORP,14448C10,54.155,55.29,54.76,54.75,54.76,55.22
19285,4/17/2024,,14448C10,CARR,CARRIER GLOBAL CORP,14448C10,53.75,55.39,54.25,54.24,54.25,55.05
19285,4/18/2024,,14448C10,CARR,CARRIER GLOBAL CORP,14448C10,53.35,54.82,53.38,53.37,53.38,54.59
19285,4/19/2024,,14448C10,CARR,CARRIER GLOBAL CORP,14448C10,53.33,54.17,53.53,53.53,53.54,53.58
19285,4/22/2024,,14448C10,CARR,CARRIER GLOBAL CORP,14448C10,53.5,54.505,53.62,53.61,53.63,53.82
19285,4/23/2024,,14448C10,CARR,CARRIER GLOBAL CORP,14448C10,53.66,55.27,55.14,55.15,55.17,53.67
19285,4/24/2024,,14448C10,CARR,CARRIER GLOBAL CORP,14448C10,54.27,55.94,54.77,54.76,54.77,55.25
19285,4/25/2024,,14448C10,CARR,CARRIER GLOBAL CORP,14448C10,56.635,59.97,59.81,59.83,59.84,56.75
19285,4/26/2024,,14448C10,CARR,CARRIER GLOBAL CORP,14448C10,59.4671,60.655,60.5,60.5,60.51,59.6
19285,4/29/2024,,14448C10,CARR,CARRIER GLOBAL CORP,14448C10,60.5,62.885,62.71,62.73,62.74,60.5
19285,4/30/2024,,14448C10,CARR,CARRIER GLOBAL CORP,14448C10,61.45,63.79,61.49,61.47,61.49,62.71
19285,5/1/2024,,14448C10,CARR,CARRIER GLOBAL CORP,14448C10,60.68,62.5241,61.12,61.09,61.1,61.25
19285,5/2/2024,,14448C10,CARR,CARRIER GLOBAL CORP,14448C10,60.22,61.67,60.94,60.96,60.97,61.49
19285,5/3/2024,,14448C10,CARR,CARRIER GLOBAL CORP,14448C10,61.3,62.89,62.09,62.09,62.1,62.09
19285,5/6/2024,,14448C10,CARR,CARRIER GLOBAL CORP,14448C10,62.78,64.27,64.06,64.06,64.07,62.78
19285,5/7/2024,,14448C10,CARR,CARRIER GLOBAL CORP,14448C10,63.69,64.69,64.26,64.23,64.24,64.05
19285,5/8/2024,,14448C10,CARR,CARRIER GLOBAL CORP,14448C10,63.95,64.51,64.31,64.31,64.32,64.26
19285,5/9/2024,,14448C10,CARR,CARRIER GLOBAL CORP,14448C10,64.3,65.34,65.24,65.24,65.26,64.3
19285,5/10/2024,,14448C10,CARR,CARRIER GLOBAL CORP,14448C10,65.245,66.32,65.5,65.48,65.49,65.56
19285,5/13/2024,,14448C10,CARR,CARRIER GLOBAL CORP,14448C10,64.26,65.91,64.33,64.34,64.36,65.68
19285,5/14/2024,,14448C10,CARR,CARRIER GLOBAL CORP,14448C10,64.5,65.3,64.96,64.93,64.94,64.86
19285,5/15/2024,,14448C10,CARR,CARRIER GLOBAL CORP,14448C10,65.33,66.15,65.8,65.79,65.8,65.55
19285,5/16/2024,,14448C10,CARR,CARRIER GLOBAL CORP,14448C10,64.95,66.02,65,65.01,65.02,65.65
19285,5/17/2024,,14448C10,CARR,CARRIER GLOBAL CORP,14448C10,64.83,65.74,65.23,65.23,65.24,65.24
19285,5/20/2024,,14448C10,CARR,CARRIER GLOBAL CORP,14448C10,65,66.36,65.98,65.98,66,65.26
19285,5/21/2024,,14448C10,CARR,CARRIER GLOBAL CORP,14448C10,65.76,66.499,66.22,66.21,66.22,65.83
19285,5/22/2024,,14448C10,CARR,CARRIER GLOBAL CORP,14448C10,64.8601,65.86,65.35,65.35,65.36,65.62
19285,5/23/2024,,14448C10,CARR,CARRIER GLOBAL CORP,14448C10,64.21,66.3678,64.35,64.35,64.37,66.17
19285,5/24/2024,,14448C10,CARR,CARRIER GLOBAL CORP,14448C10,64.33,65.67,65.65,65.64,65.65,64.58
19285,5/28/2024,,14448C10,CARR,CARRIER GLOBAL CORP,14448C10,64.3,66,64.67,64.7,64.71,65.83
19285,5/29/2024,,14448C10,CARR,CARRIER GLOBAL CORP,14448C10,63.04,64.09,63.07,63.08,63.09,64
19285,5/30/2024,,14448C10,CARR,CARRIER GLOBAL CORP,14448C10,62.815,63.565,63.34,63.34,63.35,63.17
19285,5/31/2024,,14448C10,CARR,CARRIER GLOBAL CORP,14448C10,61.6245,63.66,63.19,63.18,63.19,63.43
19285,6/3/2024,,14448C10,CARR,CARRIER GLOBAL CORP,14448C10,61.23,64,61.99,61.99,62,63.92
19285,6/4/2024,,14448C10,CARR,CARRIER GLOBAL CORP,14448C10,60.97,62.1,61.27,61.27,61.3,61.78
19285,6/5/2024,,14448C10,CARR,CARRIER GLOBAL CORP,14448C10,61.675,63.27,63.17,63.18,63.19,61.77
19285,6/6/2024,,14448C10,CARR,CARRIER GLOBAL CORP,14448C10,61.81,63.06,62.48,62.48,62.49,62.87
19285,6/7/2024,,14448C10,CARR,CARRIER GLOBAL CORP,14448C10,61.42,62.85,62.71,62.71,62.73,62.17
19285,6/10/2024,,14448C10,CARR,CARRIER GLOBAL CORP,14448C10,62.14,63.09,62.54,62.57,62.58,62.48
19285,6/11/2024,,14448C10,CARR,CARRIER GLOBAL CORP,14448C10,61.245,62.25,62,62,62.01,62.25
19285,6/12/2024,,14448C10,CARR,CARRIER GLOBAL CORP,14448C10,62.91,64.825,64.38,64.36,64.37,62.91
19285,6/13/2024,,14448C10,CARR,CARRIER GLOBAL CORP,14448C10,63.11,64.44,63.99,63.97,63.98,64.24
19285,6/14/2024,,14448C10,CARR,CARRIER GLOBAL CORP,14448C10,62.63,64.355,64.35,64.35,64.36,63.33
19285,6/17/2024,,14448C10,CARR,CARRIER GLOBAL CORP,14448C10,63.7,65.6,65.12,65.12,65.13,64.03
19285,6/18/2024,,14448C10,CARR,CARRIER GLOBAL CORP,14448C10,64.45,65.855,65.72,65.72,65.73,64.63
19285,6/20/2024,,14448C10,CARR,CARRIER GLOBAL CORP,14448C10,63.95,65.9,64.22,64.22,64.25,65.66
19285,6/21/2024,,14448C10,CARR,CARRIER GLOBAL CORP,14448C10,61.64,63.935,62.88,62.83,62.84,63.86
19285,6/24/2024,,14448C10,CARR,CARRIER GLOBAL CORP,14448C10,62.98,65.33,64.63,64.63,64.66,63.85
19285,6/25/2024,,14448C10,CARR,CARRIER GLOBAL CORP,14448C10,62.98,64.99,63.93,63.93,63.94,64.89
19285,6/26/2024,,14448C10,CARR,CARRIER GLOBAL CORP,14448C10,62.36,63.46,62.86,62.86,62.87,63.26
19285,6/27/2024,,14448C10,CARR,CARRIER GLOBAL CORP,14448C10,62.9,63.86,63.23,63.25,63.26,63.28
19285,6/28/2024,,14448C10,CARR,CARRIER GLOBAL CORP,14448C10,62.41,64.36,63.08,63.08,63.09,63.2
19285,7/1/2024,,14448C10,CARR,CARRIER GLOBAL CORP,14448C10,61.86,64.02,61.9,61.9,61.91,64.02
19285,7/2/2024,,14448C10,CARR,CARRIER GLOBAL CORP,14448C10,61.76,63.08,62.83,62.85,62.86,61.88
19285,7/3/2024,,14448C10,CARR,CARRIER GLOBAL CORP,14448C10,62.45,63.56,63.46,63.38,63.43,62.83
19285,7/5/2024,,14448C10,CARR,CARRIER GLOBAL CORP,14448C10,62.47,63.69,63.24,63.22,63.25,63.58
19285,7/8/2024,,14448C10,CARR,CARRIER GLOBAL CORP,14448C10,62.85,64.22,63.13,63.13,63.15,63.47
19285,7/9/2024,,14448C10,CARR,CARRIER GLOBAL CORP,14448C10,62.02,63.43,62.29,62.29,62.3,63.09
19285,7/10/2024,,14448C10,CARR,CARRIER GLOBAL CORP,14448C10,62.29,63.72,63.6,63.59,63.6,62.52
19285,7/11/2024,,14448C10,CARR,CARRIER GLOBAL CORP,14448C10,64.07,66.92,66.41,66.41,66.42,64.58
19285,7/12/2024,,14448C10,CARR,CARRIER GLOBAL CORP,14448C10,65.97,66.99,66,66.01,66.02,66.77
19285,7/15/2024,,14448C10,CARR,CARRIER GLOBAL CORP,14448C10,66.24,67.7,67.36,67.36,67.37,67.25
19285,7/16/2024,,14448C10,CARR,CARRIER GLOBAL CORP,14448C10,67.7,70.09,69.88,69.88,69.89,67.77
19285,7/17/2024,,14448C10,CARR,CARRIER GLOBAL CORP,14448C10,67.56,69.42,67.58,67.58,67.6,69.08
19285,7/18/2024,,14448C10,CARR,CARRIER GLOBAL CORP,14448C10,65.74,68.84,67.05,67.05,67.06,67.56
19285,7/19/2024,,14448C10,CARR,CARRIER GLOBAL CORP,14448C10,66.02,67.64,66.24,66.25,66.27,67.31
19285,7/22/2024,,14448C10,CARR,CARRIER GLOBAL CORP,14448C10,66.57,68.03,68,67.96,67.97,67.05
19285,7/23/2024,,14448C10,CARR,CARRIER GLOBAL CORP,14448C10,67.565,69.35,68.27,68.27,68.28,67.82
19285,7/24/2024,,14448C10,CARR,CARRIER GLOBAL CORP,14448C10,65.82,67.82,65.99,65.97,66,67.47
19285,7/25/2024,,14448C10,CARR,CARRIER GLOBAL CORP,14448C10,62.505,66.44,64.83,64.8,64.81,64.54
19285,7/26/2024,,14448C10,CARR,CARRIER GLOBAL CORP,14448C10,65.58,67.78,66.77,66.78,66.79,65.8
19285,7/29/2024,,14448C10,CARR,CARRIER GLOBAL CORP,14448C10,66.34,67.795,67.62,67.62,67.63,67.28
19285,7/30/2024,,14448C10,CARR,CARRIER GLOBAL CORP,14448C10,67.02,68.38,67.43,67.42,67.43,67.9
19285,7/31/2024,,14448C10,CARR,CARRIER GLOBAL CORP,14448C10,67.66,69.49,68.11,68.07,68.08,68.93
19285,8/1/2024,,14448C10,CARR,CARRIER GLOBAL CORP,14448C10,65.445,68.44,66.06,66.05,66.06,67.91
19285,8/2/2024,,14448C10,CARR,CARRIER GLOBAL CORP,14448C10,62.6,65.07,63.99,63.97,63.98,64.54
19285,8/5/2024,,14448C10,CARR,CARRIER GLOBAL CORP,14448C10,61.21,63.625,63.55,63.58,63.59,61.5
19285,8/6/2024,,14448C10,CARR,CARRIER GLOBAL CORP,14448C10,63.04,65.15,64.14,64.09,64.1,63.24
19285,8/7/2024,,14448C10,CARR,CARRIER GLOBAL CORP,14448C10,62.895,65.55,63.11,63.14,63.15,65
19285,8/8/2024,,14448C10,CARR,CARRIER GLOBAL CORP,14448C10,63.42,64.81,64.48,64.46,64.47,63.88
19285,8/9/2024,,14448C10,CARR,CARRIER GLOBAL CORP,14448C10,63.91,65,64.38,64.37,64.4,64.37
19285,8/12/2024,,14448C10,CARR,CARRIER GLOBAL CORP,14448C10,63.51,64.8,64.29,64.29,64.3,64.43
19285,8/13/2024,,14448C10,CARR,CARRIER GLOBAL CORP,14448C10,64.53,65.53,65.47,65.46,65.47,64.92
19285,8/14/2024,,14448C10,CARR,CARRIER GLOBAL CORP,14448C10,65.15,66.08,65.68,65.68,65.69,65.65
19285,8/15/2024,,14448C10,CARR,CARRIER GLOBAL CORP,14448C10,67.03,68.72,68.4,68.39,68.4,67.03
19285,8/16/2024,,14448C10,CARR,CARRIER GLOBAL CORP,14448C10,67.33,68.86,67.38,67.34,67.35,68.31
19285,8/19/2024,,14448C10,CARR,CARRIER GLOBAL CORP,14448C10,67.44,68.8,68.64,68.62,68.63,67.44
19285,8/20/2024,,14448C10,CARR,CARRIER GLOBAL CORP,14448C10,68.15,69.07,68.56,68.56,68.57,68.67
19285,8/21/2024,,14448C10,CARR,CARRIER GLOBAL CORP,14448C10,68.86,69.935,69.66,69.64,69.66,68.86
19285,8/22/2024,,14448C10,CARR,CARRIER GLOBAL CORP,14448C10,69.06,69.965,69.58,69.6,69.61,69.58
19285,8/23/2024,,14448C10,CARR,CARRIER GLOBAL CORP,14448C10,70,71.52,71.25,71.24,71.26,70.32
19285,8/26/2024,,14448C10,CARR,CARRIER GLOBAL CORP,14448C10,71.51,72.27,71.7,71.71,71.72,71.59
19285,8/27/2024,,14448C10,CARR,CARRIER GLOBAL CORP,14448C10,70.9,71.83,71.76,71.78,71.79,71.29
19285,8/28/2024,,14448C10,CARR,CARRIER GLOBAL CORP,14448C10,70.81,72.225,71.11,71.11,71.12,71.7
19285,8/29/2024,,14448C10,CARR,CARRIER GLOBAL CORP,14448C10,70.64,72.145,71.09,71.08,71.09,71.6
19285,8/30/2024,,14448C10,CARR,CARRIER GLOBAL CORP,14448C10,71.43,73.04,72.78,72.79,72.8,71.67
19285,9/3/2024,,14448C10,CARR,CARRIER GLOBAL CORP,14448C10,69.81,73.06,70.06,70.05,70.08,72.84
19285,9/4/2024,,14448C10,CARR,CARRIER GLOBAL CORP,14448C10,68.6,70,69.11,69.09,69.11,69.86
19285,9/5/2024,,14448C10,CARR,CARRIER GLOBAL CORP,14448C10,68.31,69.73,69.04,69.03,69.04,69.12
19285,9/6/2024,,14448C10,CARR,CARRIER GLOBAL CORP,14448C10,68.97,71.24,69.48,69.52,69.54,69.61
19285,9/9/2024,,14448C10,CARR,CARRIER GLOBAL CORP,14448C10,69.79,71.42,70.73,70.72,70.73,70.21
19285,9/10/2024,,14448C10,CARR,CARRIER GLOBAL CORP,14448C10,71,72.09,71.83,71.81,71.82,71.39
19285,9/11/2024,,14448C10,CARR,CARRIER GLOBAL CORP,14448C10,70.37,74.07,73.67,73.64,73.66,71.76
19285,9/12/2024,,14448C10,CARR,CARRIER GLOBAL CORP,14448C10,73.1901,75.51,75.37,75.38,75.39,73.44
19285,9/13/2024,,14448C10,CARR,CARRIER GLOBAL CORP,14448C10,75.64,77.48,76.51,76.51,76.52,75.89
19285,9/16/2024,,14448C10,CARR,CARRIER GLOBAL CORP,14448C10,76.13,77.46,77.11,77.09,77.11,77.08
19285,9/17/2024,,14448C10,CARR,CARRIER GLOBAL CORP,14448C10,76.68,78,77.96,77.98,77.99,77.5
19285,9/18/2024,,14448C10,CARR,CARRIER GLOBAL CORP,14448C10,77.26,79.75,78.19,78.19,78.21,78.33
19285,9/19/2024,,14448C10,CARR,CARRIER GLOBAL CORP,14448C10,79.25,81.24,80.57,80.59,80.6,80.68
19285,9/20/2024,,14448C10,CARR,CARRIER GLOBAL CORP,14448C10,79.49,80.68,79.92,79.92,79.93,79.87
19285,9/23/2024,,14448C10,CARR,CARRIER GLOBAL CORP,14448C10,79.97,81.14,80.88,80.87,80.88,80.27
19285,9/24/2024,,14448C10,CARR,CARRIER GLOBAL CORP,14448C10,80.16,81.645,80.41,80.42,80.43,81
19285,9/25/2024,,14448C10,CARR,CARRIER GLOBAL CORP,14448C10,79.21,80.835,79.67,79.66,79.67,80.47
19285,9/26/2024,,14448C10,CARR,CARRIER GLOBAL CORP,14448C10,79.41,80.5205,79.78,79.78,79.79,80.42
19285,9/27/2024,,14448C10,CARR,CARRIER GLOBAL CORP,14448C10,79.875,81.48,80.52,80.52,80.54,79.94
19285,9/30/2024,,14448C10,CARR,CARRIER GLOBAL CORP,14448C10,79.64,80.785,80.49,80.48,80.49,80.31
19285,10/1/2024,,14448C10,CARR,CARRIER GLOBAL CORP,14448C10,79.1,80.5,79.35,79.33,79.35,80.5
19285,10/2/2024,,14448C10,CARR,CARRIER GLOBAL CORP,14448C10,78.5,80.81,80.54,80.52,80.53,78.8
19285,10/3/2024,,14448C10,CARR,CARRIER GLOBAL CORP,14448C10,79.8,80.97,80.05,80.04,80.05,80.39
19285,10/4/2024,,14448C10,CARR,CARRIER GLOBAL CORP,14448C10,79.94,81.0625,80.8,80.78,80.79,80.95
19285,10/7/2024,,14448C10,CARR,CARRIER GLOBAL CORP,14448C10,79.69,80.565,80.42,80.41,80.42,80.27
19285,10/8/2024,,14448C10,CARR,CARRIER GLOBAL CORP,14448C10,80.52,81.27,80.84,80.8,80.81,81.27
19285,10/9/2024,,14448C10,CARR,CARRIER GLOBAL CORP,14448C10,80.575,82.16,82.08,82.06,82.07,81
19285,10/10/2024,,14448C10,CARR,CARRIER GLOBAL CORP,14448C10,80.31,81.32,80.43,80.43,80.44,81.07
19285,10/11/2024,,14448C10,CARR,CARRIER GLOBAL CORP,14448C10,80.22,81.98,81.61,81.59,81.6,80.22
19285,10/14/2024,,14448C10,CARR,CARRIER GLOBAL CORP,14448C10,81.54,82.95,82.67,82.68,82.69,81.64
19285,10/15/2024,,14448C10,CARR,CARRIER GLOBAL CORP,14448C10,81.51,83.32,81.61,81.62,81.63,83
19285,10/16/2024,,14448C10,CARR,CARRIER GLOBAL CORP,14448C10,80.88,81.685,81.05,81.06,81.07,81.14
19285,10/17/2024,,14448C10,CARR,CARRIER GLOBAL CORP,14448C10,81.27,82.42,81.44,81.41,81.42,81.72
19285,10/18/2024,,14448C10,CARR,CARRIER GLOBAL CORP,14448C10,81.21,81.99,81.55,81.55,81.56,81.81
19285,10/21/2024,,14448C10,CARR,CARRIER GLOBAL CORP,14448C10,81.01,82.18,81.38,81.37,81.38,81.53
19285,10/22/2024,,14448C10,CARR,CARRIER GLOBAL CORP,14448C10,79.91,81.3,80.15,80.16,80.17,81.02
19285,10/23/2024,,14448C10,CARR,CARRIER GLOBAL CORP,14448C10,79.73,81.07,79.95,79.95,79.96,80.06
19285,10/24/2024,,14448C10,CARR,CARRIER GLOBAL CORP,14448C10,72.75,75.9194,72.9,72.89,72.9,75.7
19285,10/25/2024,,14448C10,CARR,CARRIER GLOBAL CORP,14448C10,72.54,73.83,73.72,73.72,73.73,72.59
19285,10/28/2024,,14448C10,CARR,CARRIER GLOBAL CORP,14448C10,73.5,75.895,75.66,75.67,75.68,74.37
19285,10/29/2024,,14448C10,CARR,CARRIER GLOBAL CORP,14448C10,73.98,74.98,74.6,74.61,74.62,74.58
19285,10/30/2024,,14448C10,CARR,CARRIER GLOBAL CORP,14448C10,73.422,74.75,73.6,73.63,73.64,74.34
19285,10/31/2024,,14448C10,CARR,CARRIER GLOBAL CORP,14448C10,72.7,73.79,72.72,72.72,72.73,73.5
19285,11/1/2024,,14448C10,CARR,CARRIER GLOBAL CORP,14448C10,72.49,73.85,72.59,72.56,72.57,72.83
19285,11/4/2024,,14448C10,CARR,CARRIER GLOBAL CORP,14448C10,72.31,73.6,72.4,72.39,72.4,72.34
19285,11/5/2024,,14448C10,CARR,CARRIER GLOBAL CORP,14448C10,72.43,74.1075,73.9,73.89,73.9,72.6
19285,11/6/2024,,14448C10,CARR,CARRIER GLOBAL CORP,14448C10,72.42,75.48,75.38,75.37,75.38,74.24
19285,11/7/2024,,14448C10,CARR,CARRIER GLOBAL CORP,14448C10,74.91,76.9,75.13,75.12,75.13,75.5
19285,11/8/2024,,14448C10,CARR,CARRIER GLOBAL CORP,14448C10,75.29,77.14,76.68,76.7,76.71,75.35
19285,11/11/2024,,14448C10,CARR,CARRIER GLOBAL CORP,14448C10,76.03,77.09,76.29,76.29,76.3,76.69
19285,11/12/2024,,14448C10,CARR,CARRIER GLOBAL CORP,14448C10,75.07,76.55,75.44,75.39,75.4,76.2
19285,11/13/2024,,14448C10,CARR,CARRIER GLOBAL CORP,14448C10,76.25,77.37,76.4,76.38,76.39,76.6
19285,11/14/2024,,14448C10,CARR,CARRIER GLOBAL CORP,14448C10,74.91,76.78,74.97,74.97,74.98,76.25
19285,11/15/2024,,14448C10,CARR,CARRIER GLOBAL CORP,14448C10,74,75.36,74.53,74.51,74.52,74.22
19285,11/18/2024,,14448C10,CARR,CARRIER GLOBAL CORP,14448C10,73.905,74.91,74.05,74.06,74.07,74.69
19285,11/19/2024,,14448C10,CARR,CARRIER GLOBAL CORP,14448C10,73.33,74.6852,74.33,74.31,74.32,73.44
19285,11/20/2024,,14448C10,CARR,CARRIER GLOBAL CORP,14448C10,74.113,75,74.5,74.5,74.51,74.55
19285,11/21/2024,,14448C10,CARR,CARRIER GLOBAL CORP,14448C10,74.465,76.52,76.01,76.03,76.04,74.8
19285,11/22/2024,,14448C10,CARR,CARRIER GLOBAL CORP,14448C10,75.94,77.08,77,76.96,76.97,76.5
19285,11/25/2024,,14448C10,CARR,CARRIER GLOBAL CORP,14448C10,77.43,78.955,78.87,78.86,78.87,77.5
19285,11/26/2024,,14448C10,CARR,CARRIER GLOBAL CORP,14448C10,76.16,78.51,76.94,76.9,76.91,78.22
19285,11/27/2024,,14448C10,CARR,CARRIER GLOBAL CORP,14448C10,76.5,77.5,76.9,76.89,76.9,77.24
19285,11/29/2024,,14448C10,CARR,CARRIER GLOBAL CORP,14448C10,77.28,78.05,77.37,77.36,77.42,77.37
19285,12/2/2024,,14448C10,CARR,CARRIER GLOBAL CORP,14448C10,76.22,77.99,76.29,76.27,76.29,77.85
19285,12/3/2024,,14448C10,CARR,CARRIER GLOBAL CORP,14448C10,75.46,76.79,75.58,75.58,75.59,76.41
19285,12/4/2024,,14448C10,CARR,CARRIER GLOBAL CORP,14448C10,74.95,76.17,75.38,75.36,75.37,75.44
19285,12/5/2024,,14448C10,CARR,CARRIER GLOBAL CORP,14448C10,73.89,75.5815,73.99,73.99,74,75
19285,12/6/2024,,14448C10,CARR,CARRIER GLOBAL CORP,14448C10,73.12,74.72,73.67,73.64,73.65,74.39
19285,12/9/2024,,14448C10,CARR,CARRIER GLOBAL CORP,14448C10,72.5,73.97,73.2,73.19,73.2,73.82
19285,12/10/2024,,14448C10,CARR,CARRIER GLOBAL CORP,14448C10,72.33,73.43,72.81,72.83,72.84,72.84
19285,12/11/2024,,14448C10,CARR,CARRIER GLOBAL CORP,14448C10,73.2823,73.9338,73.7,73.69,73.7,73.55
19285,12/12/2024,,14448C10,CARR,CARRIER GLOBAL CORP,14448C10,73.52,74.49,73.54,73.55,73.56,73.96
19285,12/13/2024,,14448C10,CARR,CARRIER GLOBAL CORP,14448C10,72.87,74.305,73.01,73.01,73.02,73.38
19285,12/16/2024,,14448C10,CARR,CARRIER GLOBAL CORP,14448C10,71.4,73.49,71.59,71.57,71.58,73.2
19285,12/17/2024,,14448C10,CARR,CARRIER GLOBAL CORP,14448C10,70.19,72.124,70.28,70.26,70.27,71.03
19285,12/18/2024,,14448C10,CARR,CARRIER GLOBAL CORP,14448C10,66.97,70.67,67.03,67.01,67.02,70.55
19285,12/19/2024,,14448C10,CARR,CARRIER GLOBAL CORP,14448C10,66.63,68.39,66.69,66.68,66.7,67.5
19285,12/20/2024,,14448C10,CARR,CARRIER GLOBAL CORP,14448C10,66.69,69.125,68.49,68.54,68.55,66.69
19285,12/23/2024,,14448C10,CARR,CARRIER GLOBAL CORP,14448C10,68,68.94,68.79,68.8,68.81,68.45
19285,12/24/2024,,14448C10,CARR,CARRIER GLOBAL CORP,14448C10,68.46,69.56,69.45,69.4,69.44,68.58
19285,12/26/2024,,14448C10,CARR,CARRIER GLOBAL CORP,14448C10,69.064,70.03,69.64,69.62,69.63,69.16
19285,12/27/2024,,14448C10,CARR,CARRIER GLOBAL CORP,14448C10,68.54,69.92,68.9,68.91,68.92,69.08
19285,12/30/2024,,14448C10,CARR,CARRIER GLOBAL CORP,14448C10,67.45,68.68,68.23,68.21,68.23,68.19
19285,12/31/2024,,14448C10,CARR,CARRIER GLOBAL CORP,14448C10,67.93,68.8,68.26,68.3,68.31,68.42
