costat,curcd,datafmt,indfmt,consol,gvkey,datadate,year,conm,tic,cusip,cik,exchg,fyr
A,USD,STD,INDL,C,1045,12/31/2020,2020,AMERICAN AIRLINES GROUP INC,AAL,02376R102,6201,14,12
A,USD,STD,INDL,C,1045,12/31/2021,2021,AMERICAN AIRLINES GROUP INC,AAL,02376R102,6201,14,12
A,USD,STD,INDL,C,1045,12/31/2022,2022,AMERICAN AIRLINES GROUP INC,AAL,02376R102,6201,14,12
A,USD,STD,INDL,C,1045,12/31/2023,2023,AMERICAN AIRLINES GROUP INC,AAL,02376R102,6201,14,12
A,USD,STD,INDL,C,1045,12/31/2024,2024,AMERICAN AIRLINES GROUP INC,AAL,02376R102,6201,14,12
A,USD,STD,INDL,C,1045,12/31/2025,2025,AMERICAN AIRLINES GROUP INC,AAL,02376R102,6201,14,12
I,USD,STD,INDL,C,1380,12/31/2020,2020,HESS CORP,HES,42809H107,4447,11,12
I,USD,STD,INDL,C,1380,12/31/2021,2021,HESS CORP,HES,42809H107,4447,11,12
I,USD,STD,INDL,C,1380,12/31/2022,2022,HESS CORP,HES,42809H107,4447,11,12
I,USD,STD,INDL,C,1380,12/31/2023,2023,HESS CORP,HES,42809H107,4447,11,12
I,USD,STD,INDL,C,1380,12/31/2024,2024,HESS CORP,HES,42809H107,4447,11,12
A,USD,STD,FS,C,1447,12/31/2020,2020,AMERICAN EXPRESS CO,AXP,25816109,4962,11,12
A,USD,STD,INDL,C,1447,12/31/2020,2020,AMERICAN EXPRESS CO,AXP,25816109,4962,11,12
A,USD,STD,FS,C,1447,12/31/2021,2021,AMERICAN EXPRESS CO,AXP,25816109,4962,11,12
A,USD,STD,INDL,C,1447,12/31/2021,2021,AMERICAN EXPRESS CO,AXP,25816109,4962,11,12
A,USD,STD,FS,C,1447,12/31/2022,2022,AMERICAN EXPRESS CO,AXP,25816109,4962,11,12
A,USD,STD,INDL,C,1447,12/31/2022,2022,AMERICAN EXPRESS CO,AXP,25816109,4962,11,12
A,USD,STD,FS,C,1447,12/31/2023,2023,AMERICAN EXPRESS CO,AXP,25816109,4962,11,12
A,USD,STD,INDL,C,1447,12/31/2023,2023,AMERICAN EXPRESS CO,AXP,25816109,4962,11,12
A,USD,STD,FS,C,1447,12/31/2024,2024,AMERICAN EXPRESS CO,AXP,25816109,4962,11,12
A,USD,STD,INDL,C,1447,12/31/2024,2024,AMERICAN EXPRESS CO,AXP,25816109,4962,11,12
A,USD,STD,FS,C,1447,12/31/2025,2025,AMERICAN EXPRESS CO,AXP,25816109,4962,11,12
A,USD,STD,INDL,C,1447,12/31/2025,2025,AMERICAN EXPRESS CO,AXP,25816109,4962,11,12
A,USD,STD,FS,C,1449,12/31/2020,2020,AFLAC INC,AFL,1055102,4977,11,12
A,USD,STD,INDL,C,1449,12/31/2020,2020,AFLAC INC,AFL,1055102,4977,11,12
A,USD,STD,FS,C,1449,12/31/2021,2021,AFLAC INC,AFL,1055102,4977,11,12
A,USD,STD,INDL,C,1449,12/31/2021,2021,AFLAC INC,AFL,1055102,4977,11,12
A,USD,STD,FS,C,1449,12/31/2022,2022,AFLAC INC,AFL,1055102,4977,11,12
A,USD,STD,INDL,C,1449,12/31/2022,2022,AFLAC INC,AFL,1055102,4977,11,12
A,USD,STD,FS,C,1449,12/31/2023,2023,AFLAC INC,AFL,1055102,4977,11,12
A,USD,STD,INDL,C,1449,12/31/2023,2023,AFLAC INC,AFL,1055102,4977,11,12
A,USD,STD,FS,C,1449,12/31/2024,2024,AFLAC INC,AFL,1055102,4977,11,12
A,USD,STD,INDL,C,1449,12/31/2024,2024,AFLAC INC,AFL,1055102,4977,11,12
A,USD,STD,FS,C,1449,12/31/2025,2025,AFLAC INC,AFL,1055102,4977,11,12
A,USD,STD,INDL,C,1449,12/31/2025,2025,AFLAC INC,AFL,1055102,4977,11,12
A,USD,STD,FS,C,1487,12/31/2020,2020,AMERICAN INTERNATIONAL GROUP,AIG,26874784,5272,11,12
A,USD,STD,INDL,C,1487,12/31/2020,2020,AMERICAN INTERNATIONAL GROUP,AIG,26874784,5272,11,12
A,USD,STD,FS,C,1487,12/31/2021,2021,AMERICAN INTERNATIONAL GROUP,AIG,26874784,5272,11,12
A,USD,STD,INDL,C,1487,12/31/2021,2021,AMERICAN INTERNATIONAL GROUP,AIG,26874784,5272,11,12
A,USD,STD,FS,C,1487,12/31/2022,2022,AMERICAN INTERNATIONAL GROUP,AIG,26874784,5272,11,12
A,USD,STD,INDL,C,1487,12/31/2022,2022,AMERICAN INTERNATIONAL GROUP,AIG,26874784,5272,11,12
A,USD,STD,FS,C,1487,12/31/2023,2023,AMERICAN INTERNATIONAL GROUP,AIG,26874784,5272,11,12
A,USD,STD,INDL,C,1487,12/31/2023,2023,AMERICAN INTERNATIONAL GROUP,AIG,26874784,5272,11,12
A,USD,STD,FS,C,1487,12/31/2024,2024,AMERICAN INTERNATIONAL GROUP,AIG,26874784,5272,11,12
A,USD,STD,INDL,C,1487,12/31/2024,2024,AMERICAN INTERNATIONAL GROUP,AIG,26874784,5272,11,12
A,USD,STD,FS,C,1487,12/31/2025,2025,AMERICAN INTERNATIONAL GROUP,AIG,26874784,5272,11,12
A,USD,STD,INDL,C,1487,12/31/2025,2025,AMERICAN INTERNATIONAL GROUP,AIG,26874784,5272,11,12
A,USD,STD,INDL,C,1678,12/31/2020,2020,APA CORP,APA,03743Q108,1841666,14,12
A,USD,STD,INDL,C,1678,12/31/2021,2021,APA CORP,APA,03743Q108,1841666,14,12
A,USD,STD,INDL,C,1678,12/31/2022,2022,APA CORP,APA,03743Q108,1841666,14,12
A,USD,STD,INDL,C,1678,12/31/2023,2023,APA CORP,APA,03743Q108,1841666,14,12
A,USD,STD,INDL,C,1678,12/31/2024,2024,APA CORP,APA,03743Q108,1841666,14,12
A,USD,STD,INDL,C,1678,12/31/2025,2025,APA CORP,APA,03743Q108,1841666,14,12
A,USD,STD,INDL,C,1794,9/30/2020,2020,ASHLAND INC,ASH,44186104,1674862,11,9
A,USD,STD,INDL,C,1794,9/30/2021,2021,ASHLAND INC,ASH,44186104,1674862,11,9
A,USD,STD,INDL,C,1794,9/30/2022,2022,ASHLAND INC,ASH,44186104,1674862,11,9
A,USD,STD,INDL,C,1794,9/30/2023,2023,ASHLAND INC,ASH,44186104,1674862,11,9
A,USD,STD,INDL,C,1794,9/30/2024,2024,ASHLAND INC,ASH,44186104,1674862,11,9
A,USD,STD,INDL,C,1794,9/30/2025,2025,ASHLAND INC,ASH,44186104,1674862,11,9
I,USD,STD,INDL,C,2049,12/31/2020,2020,BARNES GROUP INC,B.2,67806109,9984,11,12
I,USD,STD,INDL,C,2049,12/31/2021,2021,BARNES GROUP INC,B.2,67806109,9984,11,12
I,USD,STD,INDL,C,2049,12/31/2022,2022,BARNES GROUP INC,B.2,67806109,9984,11,12
I,USD,STD,INDL,C,2049,12/31/2023,2023,BARNES GROUP INC,B.2,67806109,9984,11,12
A,USD,STD,INDL,C,2086,12/31/2020,2020,BAXTER INTERNATIONAL INC,BAX,71813109,10456,11,12
A,USD,STD,INDL,C,2086,12/31/2021,2021,BAXTER INTERNATIONAL INC,BAX,71813109,10456,11,12
A,USD,STD,INDL,C,2086,12/31/2022,2022,BAXTER INTERNATIONAL INC,BAX,71813109,10456,11,12
A,USD,STD,INDL,C,2086,12/31/2023,2023,BAXTER INTERNATIONAL INC,BAX,71813109,10456,11,12
A,USD,STD,INDL,C,2086,12/31/2024,2024,BAXTER INTERNATIONAL INC,BAX,71813109,10456,11,12
A,USD,STD,INDL,C,2086,12/31/2025,2025,BAXTER INTERNATIONAL INC,BAX,71813109,10456,11,12
A,USD,STD,INDL,C,2111,9/30/2020,2020,BECTON DICKINSON & CO,BDX,75887109,10795,11,9
A,USD,STD,INDL,C,2111,9/30/2021,2021,BECTON DICKINSON & CO,BDX,75887109,10795,11,9
A,USD,STD,INDL,C,2111,9/30/2022,2022,BECTON DICKINSON & CO,BDX,75887109,10795,11,9
A,USD,STD,INDL,C,2111,9/30/2023,2023,BECTON DICKINSON & CO,BDX,75887109,10795,11,9
A,USD,STD,INDL,C,2111,9/30/2024,2024,BECTON DICKINSON & CO,BDX,75887109,10795,11,9
A,USD,STD,INDL,C,2111,9/30/2025,2025,BECTON DICKINSON & CO,BDX,75887109,10795,11,9
A,USD,STD,INDL,C,2574,12/31/2020,2020,CSX CORP,CSX,126408103,277948,14,12
A,USD,STD,INDL,C,2574,12/31/2021,2021,CSX CORP,CSX,126408103,277948,14,12
A,USD,STD,INDL,C,2574,12/31/2022,2022,CSX CORP,CSX,126408103,277948,14,12
A,USD,STD,INDL,C,2574,12/31/2023,2023,CSX CORP,CSX,126408103,277948,14,12
A,USD,STD,INDL,C,2574,12/31/2024,2024,CSX CORP,CSX,126408103,277948,14,12
A,USD,STD,INDL,C,2574,12/31/2025,2025,CSX CORP,CSX,126408103,277948,14,12
A,USD,STD,INDL,C,2593,9/30/2020,2020,CABOT CORP,CBT,127055101,16040,11,9
A,USD,STD,INDL,C,2593,9/30/2021,2021,CABOT CORP,CBT,127055101,16040,11,9
A,USD,STD,INDL,C,2593,9/30/2022,2022,CABOT CORP,CBT,127055101,16040,11,9
A,USD,STD,INDL,C,2593,9/30/2023,2023,CABOT CORP,CBT,127055101,16040,11,9
A,USD,STD,INDL,C,2593,9/30/2024,2024,CABOT CORP,CBT,127055101,16040,11,9
A,USD,STD,INDL,C,2593,9/30/2025,2025,CABOT CORP,CBT,127055101,16040,11,9
A,USD,STD,INDL,C,2628,12/31/2020,2020,CALIFORNIA WATER SERVICE GP,CWT,130788102,1035201,11,12
A,USD,STD,INDL,C,2628,12/31/2021,2021,CALIFORNIA WATER SERVICE GP,CWT,130788102,1035201,11,12
A,USD,STD,INDL,C,2628,12/31/2022,2022,CALIFORNIA WATER SERVICE GP,CWT,130788102,1035201,11,12
A,USD,STD,INDL,C,2628,12/31/2023,2023,CALIFORNIA WATER SERVICE GP,CWT,130788102,1035201,11,12
A,USD,STD,INDL,C,2628,12/31/2024,2024,CALIFORNIA WATER SERVICE GP,CWT,130788102,1035201,11,12
A,USD,STD,INDL,C,2628,12/31/2025,2025,CALIFORNIA WATER SERVICE GP,CWT,130788102,1035201,11,12
A,USD,STD,INDL,C,2751,6/30/2020,2020,CARDINAL HEALTH INC,CAH,14149Y108,721371,11,6
A,USD,STD,INDL,C,2751,6/30/2021,2021,CARDINAL HEALTH INC,CAH,14149Y108,721371,11,6
A,USD,STD,INDL,C,2751,6/30/2022,2022,CARDINAL HEALTH INC,CAH,14149Y108,721371,11,6
A,USD,STD,INDL,C,2751,6/30/2023,2023,CARDINAL HEALTH INC,CAH,14149Y108,721371,11,6
A,USD,STD,INDL,C,2751,6/30/2024,2024,CARDINAL HEALTH INC,CAH,14149Y108,721371,11,6
A,USD,STD,INDL,C,2751,6/30/2025,2025,CARDINAL HEALTH INC,CAH,14149Y108,721371,11,6
A,USD,STD,INDL,C,2817,12/31/2020,2020,CATERPILLAR INC,CAT,149123101,18230,11,12
A,USD,STD,INDL,C,2817,12/31/2021,2021,CATERPILLAR INC,CAT,149123101,18230,11,12
A,USD,STD,INDL,C,2817,12/31/2022,2022,CATERPILLAR INC,CAT,149123101,18230,11,12
A,USD,STD,INDL,C,2817,12/31/2023,2023,CATERPILLAR INC,CAT,149123101,18230,11,12
A,USD,STD,INDL,C,2817,12/31/2024,2024,CATERPILLAR INC,CAT,149123101,18230,11,12
A,USD,STD,INDL,C,2817,12/31/2025,2025,CATERPILLAR INC,CAT,149123101,18230,11,12
A,USD,STD,FS,C,2968,12/31/2020,2020,JPMORGAN CHASE & CO,JPM,46625H100,19617,11,12
A,USD,STD,INDL,C,2968,12/31/2020,2020,JPMORGAN CHASE & CO,JPM,46625H100,19617,11,12
A,USD,STD,FS,C,2968,12/31/2021,2021,JPMORGAN CHASE & CO,JPM,46625H100,19617,11,12
A,USD,STD,INDL,C,2968,12/31/2021,2021,JPMORGAN CHASE & CO,JPM,46625H100,19617,11,12
A,USD,STD,FS,C,2968,12/31/2022,2022,JPMORGAN CHASE & CO,JPM,46625H100,19617,11,12
A,USD,STD,INDL,C,2968,12/31/2022,2022,JPMORGAN CHASE & CO,JPM,46625H100,19617,11,12
A,USD,STD,FS,C,2968,12/31/2023,2023,JPMORGAN CHASE & CO,JPM,46625H100,19617,11,12
A,USD,STD,INDL,C,2968,12/31/2023,2023,JPMORGAN CHASE & CO,JPM,46625H100,19617,11,12
A,USD,STD,FS,C,2968,12/31/2024,2024,JPMORGAN CHASE & CO,JPM,46625H100,19617,11,12
A,USD,STD,INDL,C,2968,12/31/2024,2024,JPMORGAN CHASE & CO,JPM,46625H100,19617,11,12
A,USD,STD,FS,C,2968,12/31/2025,2025,JPMORGAN CHASE & CO,JPM,46625H100,19617,11,12
A,USD,STD,INDL,C,2968,12/31/2025,2025,JPMORGAN CHASE & CO,JPM,46625H100,19617,11,12
A,USD,STD,INDL,C,3153,12/31/2020,2020,COEUR MINING INC,CDE,192108504,215466,11,12
A,USD,STD,INDL,C,3153,12/31/2021,2021,COEUR MINING INC,CDE,192108504,215466,11,12
A,USD,STD,INDL,C,3153,12/31/2022,2022,COEUR MINING INC,CDE,192108504,215466,11,12
A,USD,STD,INDL,C,3153,12/31/2023,2023,COEUR MINING INC,CDE,192108504,215466,11,12
A,USD,STD,INDL,C,3153,12/31/2024,2024,COEUR MINING INC,CDE,192108504,215466,11,12
A,USD,STD,INDL,C,3153,12/31/2025,2025,COEUR MINING INC,CDE,192108504,215466,11,12
A,USD,STD,FS,C,3243,12/31/2020,2020,CITIGROUP INC,C,172967424,831001,11,12
A,USD,STD,INDL,C,3243,12/31/2020,2020,CITIGROUP INC,C,172967424,831001,11,12
A,USD,STD,FS,C,3243,12/31/2021,2021,CITIGROUP INC,C,172967424,831001,11,12
A,USD,STD,INDL,C,3243,12/31/2021,2021,CITIGROUP INC,C,172967424,831001,11,12
A,USD,STD,FS,C,3243,12/31/2022,2022,CITIGROUP INC,C,172967424,831001,11,12
A,USD,STD,INDL,C,3243,12/31/2022,2022,CITIGROUP INC,C,172967424,831001,11,12
A,USD,STD,FS,C,3243,12/31/2023,2023,CITIGROUP INC,C,172967424,831001,11,12
A,USD,STD,INDL,C,3243,12/31/2023,2023,CITIGROUP INC,C,172967424,831001,11,12
A,USD,STD,FS,C,3243,12/31/2024,2024,CITIGROUP INC,C,172967424,831001,11,12
A,USD,STD,INDL,C,3243,12/31/2024,2024,CITIGROUP INC,C,172967424,831001,11,12
A,USD,STD,FS,C,3243,12/31/2025,2025,CITIGROUP INC,C,172967424,831001,11,12
A,USD,STD,INDL,C,3243,12/31/2025,2025,CITIGROUP INC,C,172967424,831001,11,12
A,USD,STD,INDL,C,3362,5/31/2020,2020,CONAGRA BRANDS INC,CAG,205887102,23217,11,5
A,USD,STD,INDL,C,3362,5/31/2021,2021,CONAGRA BRANDS INC,CAG,205887102,23217,11,5
A,USD,STD,INDL,C,3362,5/31/2022,2022,CONAGRA BRANDS INC,CAG,205887102,23217,11,5
A,USD,STD,INDL,C,3362,5/31/2023,2023,CONAGRA BRANDS INC,CAG,205887102,23217,11,5
A,USD,STD,INDL,C,3362,5/31/2024,2024,CONAGRA BRANDS INC,CAG,205887102,23217,11,5
A,USD,STD,INDL,C,3362,5/31/2025,2025,CONAGRA BRANDS INC,CAG,205887102,23217,11,5
A,USD,STD,INDL,C,3504,10/31/2020,2020,COOPER COS INC (THE),COO,216648501,711404,14,10
A,USD,STD,INDL,C,3504,10/31/2021,2021,COOPER COS INC (THE),COO,216648501,711404,14,10
A,USD,STD,INDL,C,3504,10/31/2022,2022,COOPER COS INC (THE),COO,216648501,711404,14,10
A,USD,STD,INDL,C,3504,10/31/2023,2023,COOPER COS INC (THE),COO,216648501,711404,14,10
A,USD,STD,INDL,C,3504,10/31/2024,2024,COOPER COS INC (THE),COO,216648501,711404,14,10
A,USD,STD,INDL,C,3504,10/31/2025,2025,COOPER COS INC (THE),COO,216648501,711404,14,10
A,USD,STD,INDL,C,3650,12/31/2020,2020,CUMMINS INC,CMI,231021106,26172,11,12
A,USD,STD,INDL,C,3650,12/31/2021,2021,CUMMINS INC,CMI,231021106,26172,11,12
A,USD,STD,INDL,C,3650,12/31/2022,2022,CUMMINS INC,CMI,231021106,26172,11,12
A,USD,STD,INDL,C,3650,12/31/2023,2023,CUMMINS INC,CMI,231021106,26172,11,12
A,USD,STD,INDL,C,3650,12/31/2024,2024,CUMMINS INC,CMI,231021106,26172,11,12
A,USD,STD,INDL,C,3650,12/31/2025,2025,CUMMINS INC,CMI,231021106,26172,11,12
A,USD,STD,INDL,C,3708,12/31/2020,2020,WENDY'S CO,WEN,95058W100,30697,14,12
A,USD,STD,INDL,C,3708,12/31/2021,2021,WENDY'S CO,WEN,95058W100,30697,14,12
A,USD,STD,INDL,C,3708,12/31/2022,2022,WENDY'S CO,WEN,95058W100,30697,14,12
A,USD,STD,INDL,C,3708,12/31/2023,2023,WENDY'S CO,WEN,95058W100,30697,14,12
A,USD,STD,INDL,C,3708,12/31/2024,2024,WENDY'S CO,WEN,95058W100,30697,14,12
A,USD,STD,INDL,C,3708,12/31/2025,2025,WENDY'S CO,WEN,95058W100,30697,14,12
A,USD,STD,INDL,C,3735,12/31/2020,2020,DANAHER CORP,DHR,235851102,313616,11,12
A,USD,STD,INDL,C,3735,12/31/2021,2021,DANAHER CORP,DHR,235851102,313616,11,12
A,USD,STD,INDL,C,3735,12/31/2022,2022,DANAHER CORP,DHR,235851102,313616,11,12
A,USD,STD,INDL,C,3735,12/31/2023,2023,DANAHER CORP,DHR,235851102,313616,11,12
A,USD,STD,INDL,C,3735,12/31/2024,2024,DANAHER CORP,DHR,235851102,313616,11,12
A,USD,STD,INDL,C,3735,12/31/2025,2025,DANAHER CORP,DHR,235851102,313616,11,12
A,USD,STD,INDL,C,3813,1/31/2020,2020,TARGET CORP,TGT,8.76E+110,27419,11,1
A,USD,STD,INDL,C,3813,1/31/2021,2021,TARGET CORP,TGT,8.76E+110,27419,11,1
A,USD,STD,INDL,C,3813,1/31/2022,2022,TARGET CORP,TGT,8.76E+110,27419,11,1
A,USD,STD,INDL,C,3813,1/31/2023,2023,TARGET CORP,TGT,8.76E+110,27419,11,1
A,USD,STD,INDL,C,3813,1/31/2024,2024,TARGET CORP,TGT,8.76E+110,27419,11,1
A,USD,STD,INDL,C,3813,1/31/2025,2025,TARGET CORP,TGT,8.76E+110,27419,11,1
A,USD,STD,INDL,C,3813,1/31/2026,2026,TARGET CORP,TGT,8.76E+110,27419,11,1
A,USD,STD,INDL,C,3835,10/31/2020,2020,DEERE & CO,DE,244199105,315189,11,10
A,USD,STD,INDL,C,3835,10/31/2021,2021,DEERE & CO,DE,244199105,315189,11,10
A,USD,STD,INDL,C,3835,10/31/2022,2022,DEERE & CO,DE,244199105,315189,11,10
A,USD,STD,INDL,C,3835,10/31/2023,2023,DEERE & CO,DE,244199105,315189,11,10
A,USD,STD,INDL,C,3835,10/31/2024,2024,DEERE & CO,DE,244199105,315189,11,10
A,USD,STD,INDL,C,3835,10/31/2025,2025,DEERE & CO,DE,244199105,315189,11,10
A,USD,STD,INDL,C,3980,9/30/2020,2020,DISNEY (WALT) CO,DIS,254687106,1744489,11,9
A,USD,STD,INDL,C,3980,9/30/2021,2021,DISNEY (WALT) CO,DIS,254687106,1744489,11,9
A,USD,STD,INDL,C,3980,9/30/2022,2022,DISNEY (WALT) CO,DIS,254687106,1744489,11,9
A,USD,STD,INDL,C,3980,9/30/2023,2023,DISNEY (WALT) CO,DIS,254687106,1744489,11,9
A,USD,STD,INDL,C,3980,9/30/2024,2024,DISNEY (WALT) CO,DIS,254687106,1744489,11,9
A,USD,STD,INDL,C,3980,9/30/2025,2025,DISNEY (WALT) CO,DIS,254687106,1744489,11,9
A,USD,STD,INDL,C,4029,12/31/2020,2020,DOMINION ENERGY INC,D,25746U109,715957,11,12
A,USD,STD,INDL,C,4029,12/31/2021,2021,DOMINION ENERGY INC,D,25746U109,715957,11,12
A,USD,STD,INDL,C,4029,12/31/2022,2022,DOMINION ENERGY INC,D,25746U109,715957,11,12
A,USD,STD,INDL,C,4029,12/31/2023,2023,DOMINION ENERGY INC,D,25746U109,715957,11,12
A,USD,STD,INDL,C,4029,12/31/2024,2024,DOMINION ENERGY INC,D,25746U109,715957,11,12
A,USD,STD,INDL,C,4029,12/31/2025,2025,DOMINION ENERGY INC,D,25746U109,715957,11,12
A,USD,STD,INDL,C,4060,12/31/2020,2020,DUPONT DE NEMOURS INC,DD,26614N102,1666700,11,12
A,USD,STD,INDL,C,4060,12/31/2021,2021,DUPONT DE NEMOURS INC,DD,26614N102,1666700,11,12
A,USD,STD,INDL,C,4060,12/31/2022,2022,DUPONT DE NEMOURS INC,DD,26614N102,1666700,11,12
A,USD,STD,INDL,C,4060,12/31/2023,2023,DUPONT DE NEMOURS INC,DD,26614N102,1666700,11,12
A,USD,STD,INDL,C,4060,12/31/2024,2024,DUPONT DE NEMOURS INC,DD,26614N102,1666700,11,12
A,USD,STD,INDL,C,4060,12/31/2025,2025,DUPONT DE NEMOURS INC,DD,26614N102,1666700,11,12
A,USD,STD,INDL,C,4108,12/31/2020,2020,FLOWSERVE CORP,FLS,34354P105,30625,11,12
A,USD,STD,INDL,C,4108,12/31/2021,2021,FLOWSERVE CORP,FLS,34354P105,30625,11,12
A,USD,STD,INDL,C,4108,12/31/2022,2022,FLOWSERVE CORP,FLS,34354P105,30625,11,12
A,USD,STD,INDL,C,4108,12/31/2023,2023,FLOWSERVE CORP,FLS,34354P105,30625,11,12
A,USD,STD,INDL,C,4108,12/31/2024,2024,FLOWSERVE CORP,FLS,34354P105,30625,11,12
A,USD,STD,INDL,C,4108,12/31/2025,2025,FLOWSERVE CORP,FLS,34354P105,30625,11,12
A,USD,STD,INDL,C,4213,12/31/2020,2020,ECOLAB INC,ECL,278865100,31462,11,12
A,USD,STD,INDL,C,4213,12/31/2021,2021,ECOLAB INC,ECL,278865100,31462,11,12
A,USD,STD,INDL,C,4213,12/31/2022,2022,ECOLAB INC,ECL,278865100,31462,11,12
A,USD,STD,INDL,C,4213,12/31/2023,2023,ECOLAB INC,ECL,278865100,31462,11,12
A,USD,STD,INDL,C,4213,12/31/2024,2024,ECOLAB INC,ECL,278865100,31462,11,12
A,USD,STD,INDL,C,4213,12/31/2025,2025,ECOLAB INC,ECL,278865100,31462,11,12
A,USD,STD,INDL,C,4430,12/31/2020,2020,EQT CORP,EQT,26884L109,33213,11,12
A,USD,STD,INDL,C,4430,12/31/2021,2021,EQT CORP,EQT,26884L109,33213,11,12
A,USD,STD,INDL,C,4430,12/31/2022,2022,EQT CORP,EQT,26884L109,33213,11,12
A,USD,STD,INDL,C,4430,12/31/2023,2023,EQT CORP,EQT,26884L109,33213,11,12
A,USD,STD,INDL,C,4430,12/31/2024,2024,EQT CORP,EQT,26884L109,33213,11,12
A,USD,STD,INDL,C,4430,12/31/2025,2025,EQT CORP,EQT,26884L109,33213,11,12
A,USD,STD,INDL,C,4598,5/31/2020,2020,FEDEX CORP,FDX,31428X106,1048911,11,5
A,USD,STD,INDL,C,4598,5/31/2021,2021,FEDEX CORP,FDX,31428X106,1048911,11,5
A,USD,STD,INDL,C,4598,5/31/2022,2022,FEDEX CORP,FDX,31428X106,1048911,11,5
A,USD,STD,INDL,C,4598,5/31/2023,2023,FEDEX CORP,FDX,31428X106,1048911,11,5
A,USD,STD,INDL,C,4598,5/31/2024,2024,FEDEX CORP,FDX,31428X106,1048911,11,5
A,USD,STD,INDL,C,4598,5/31/2025,2025,FEDEX CORP,FDX,31428X106,1048911,11,5
A,USD,STD,INDL,C,4611,1/31/2020,2020,MACY'S INC,M,55616P104,794367,11,1
A,USD,STD,INDL,C,4611,1/31/2021,2021,MACY'S INC,M,55616P104,794367,11,1
A,USD,STD,INDL,C,4611,1/31/2022,2022,MACY'S INC,M,55616P104,794367,11,1
A,USD,STD,INDL,C,4611,1/31/2023,2023,MACY'S INC,M,55616P104,794367,11,1
A,USD,STD,INDL,C,4611,1/31/2024,2024,MACY'S INC,M,55616P104,794367,11,1
A,USD,STD,INDL,C,4611,1/31/2025,2025,MACY'S INC,M,55616P104,794367,11,1
A,USD,STD,FS,C,4640,12/31/2020,2020,FIFTH THIRD BANCORP,FITB,316773100,35527,14,12
A,USD,STD,INDL,C,4640,12/31/2020,2020,FIFTH THIRD BANCORP,FITB,316773100,35527,14,12
A,USD,STD,FS,C,4640,12/31/2021,2021,FIFTH THIRD BANCORP,FITB,316773100,35527,14,12
A,USD,STD,INDL,C,4640,12/31/2021,2021,FIFTH THIRD BANCORP,FITB,316773100,35527,14,12
A,USD,STD,FS,C,4640,12/31/2022,2022,FIFTH THIRD BANCORP,FITB,316773100,35527,14,12
A,USD,STD,INDL,C,4640,12/31/2022,2022,FIFTH THIRD BANCORP,FITB,316773100,35527,14,12
A,USD,STD,FS,C,4640,12/31/2023,2023,FIFTH THIRD BANCORP,FITB,316773100,35527,14,12
A,USD,STD,INDL,C,4640,12/31/2023,2023,FIFTH THIRD BANCORP,FITB,316773100,35527,14,12
A,USD,STD,FS,C,4640,12/31/2024,2024,FIFTH THIRD BANCORP,FITB,316773100,35527,14,12
A,USD,STD,INDL,C,4640,12/31/2024,2024,FIFTH THIRD BANCORP,FITB,316773100,35527,14,12
A,USD,STD,FS,C,4640,12/31/2025,2025,FIFTH THIRD BANCORP,FITB,316773100,35527,14,12
A,USD,STD,INDL,C,4640,12/31/2025,2025,FIFTH THIRD BANCORP,FITB,316773100,35527,14,12
A,USD,STD,FS,C,4674,12/31/2020,2020,REGIONS FINANCIAL CORP,RF,7591EP100,1281761,11,12
A,USD,STD,INDL,C,4674,12/31/2020,2020,REGIONS FINANCIAL CORP,RF,7591EP100,1281761,11,12
A,USD,STD,FS,C,4674,12/31/2021,2021,REGIONS FINANCIAL CORP,RF,7591EP100,1281761,11,12
A,USD,STD,INDL,C,4674,12/31/2021,2021,REGIONS FINANCIAL CORP,RF,7591EP100,1281761,11,12
A,USD,STD,FS,C,4674,12/31/2022,2022,REGIONS FINANCIAL CORP,RF,7591EP100,1281761,11,12
A,USD,STD,INDL,C,4674,12/31/2022,2022,REGIONS FINANCIAL CORP,RF,7591EP100,1281761,11,12
A,USD,STD,FS,C,4674,12/31/2023,2023,REGIONS FINANCIAL CORP,RF,7591EP100,1281761,11,12
A,USD,STD,INDL,C,4674,12/31/2023,2023,REGIONS FINANCIAL CORP,RF,7591EP100,1281761,11,12
A,USD,STD,FS,C,4674,12/31/2024,2024,REGIONS FINANCIAL CORP,RF,7591EP100,1281761,11,12
A,USD,STD,INDL,C,4674,12/31/2024,2024,REGIONS FINANCIAL CORP,RF,7591EP100,1281761,11,12
A,USD,STD,FS,C,4674,12/31/2025,2025,REGIONS FINANCIAL CORP,RF,7591EP100,1281761,11,12
A,USD,STD,INDL,C,4674,12/31/2025,2025,REGIONS FINANCIAL CORP,RF,7591EP100,1281761,11,12
A,USD,STD,FS,C,4699,12/31/2020,2020,M&T BANK CORP,MTB,55261F104,36270,11,12
A,USD,STD,INDL,C,4699,12/31/2020,2020,M&T BANK CORP,MTB,55261F104,36270,11,12
A,USD,STD,FS,C,4699,12/31/2021,2021,M&T BANK CORP,MTB,55261F104,36270,11,12
A,USD,STD,INDL,C,4699,12/31/2021,2021,M&T BANK CORP,MTB,55261F104,36270,11,12
A,USD,STD,FS,C,4699,12/31/2022,2022,M&T BANK CORP,MTB,55261F104,36270,11,12
A,USD,STD,INDL,C,4699,12/31/2022,2022,M&T BANK CORP,MTB,55261F104,36270,11,12
A,USD,STD,FS,C,4699,12/31/2023,2023,M&T BANK CORP,MTB,55261F104,36270,11,12
A,USD,STD,INDL,C,4699,12/31/2023,2023,M&T BANK CORP,MTB,55261F104,36270,11,12
A,USD,STD,FS,C,4699,12/31/2024,2024,M&T BANK CORP,MTB,55261F104,36270,11,12
A,USD,STD,INDL,C,4699,12/31/2024,2024,M&T BANK CORP,MTB,55261F104,36270,11,12
A,USD,STD,FS,C,4699,12/31/2025,2025,M&T BANK CORP,MTB,55261F104,36270,11,12
A,USD,STD,INDL,C,4699,12/31/2025,2025,M&T BANK CORP,MTB,55261F104,36270,11,12
A,USD,STD,INDL,C,5071,5/31/2020,2020,GENERAL MILLS INC,GIS,370334104,40704,11,5
A,USD,STD,INDL,C,5071,5/31/2021,2021,GENERAL MILLS INC,GIS,370334104,40704,11,5
A,USD,STD,INDL,C,5071,5/31/2022,2022,GENERAL MILLS INC,GIS,370334104,40704,11,5
A,USD,STD,INDL,C,5071,5/31/2023,2023,GENERAL MILLS INC,GIS,370334104,40704,11,5
A,USD,STD,INDL,C,5071,5/31/2024,2024,GENERAL MILLS INC,GIS,370334104,40704,11,5
A,USD,STD,INDL,C,5071,5/31/2025,2025,GENERAL MILLS INC,GIS,370334104,40704,11,5
A,USD,STD,INDL,C,5073,12/31/2020,2020,GENERAL MOTORS CO,GM,37045V100,1467858,11,12
A,USD,STD,INDL,C,5073,12/31/2021,2021,GENERAL MOTORS CO,GM,37045V100,1467858,11,12
A,USD,STD,INDL,C,5073,12/31/2022,2022,GENERAL MOTORS CO,GM,37045V100,1467858,11,12
A,USD,STD,INDL,C,5073,12/31/2023,2023,GENERAL MOTORS CO,GM,37045V100,1467858,11,12
A,USD,STD,INDL,C,5073,12/31/2024,2024,GENERAL MOTORS CO,GM,37045V100,1467858,11,12
A,USD,STD,INDL,C,5073,12/31/2025,2025,GENERAL MOTORS CO,GM,37045V100,1467858,11,12
A,USD,STD,INDL,C,5338,10/31/2020,2020,GREIF INC  -CL A,GEF,397624107,43920,11,10
A,USD,STD,INDL,C,5338,10/31/2021,2021,GREIF INC  -CL A,GEF,397624107,43920,11,10
A,USD,STD,INDL,C,5338,10/31/2022,2022,GREIF INC  -CL A,GEF,397624107,43920,11,10
A,USD,STD,INDL,C,5338,10/31/2023,2023,GREIF INC  -CL A,GEF,397624107,43920,11,10
A,USD,STD,INDL,C,5338,10/31/2024,2024,GREIF INC  -CL A,GEF,397624107,43920,11,10
A,USD,STD,INDL,C,5338,9/30/2025,2025,GREIF INC  -CL A,GEF,397624107,43920,11,9
A,USD,STD,INDL,C,5496,12/31/2020,2020,ENVIRI CORP,NVRI,415864107,45876,11,12
A,USD,STD,INDL,C,5496,12/31/2021,2021,ENVIRI CORP,NVRI,415864107,45876,11,12
A,USD,STD,INDL,C,5496,12/31/2022,2022,ENVIRI CORP,NVRI,415864107,45876,11,12
A,USD,STD,INDL,C,5496,12/31/2023,2023,ENVIRI CORP,NVRI,415864107,45876,11,12
A,USD,STD,INDL,C,5496,12/31/2024,2024,ENVIRI CORP,NVRI,415864107,45876,11,12
A,USD,STD,INDL,C,5496,12/31/2025,2025,ENVIRI CORP,NVRI,415864107,45876,11,12
A,USD,STD,INDL,C,5526,12/31/2020,2020,HAWAIIAN ELECTRIC INDS,HE,419870100,354707,11,12
A,USD,STD,INDL,C,5526,12/31/2021,2021,HAWAIIAN ELECTRIC INDS,HE,419870100,354707,11,12
A,USD,STD,INDL,C,5526,12/31/2022,2022,HAWAIIAN ELECTRIC INDS,HE,419870100,354707,11,12
A,USD,STD,INDL,C,5526,12/31/2023,2023,HAWAIIAN ELECTRIC INDS,HE,419870100,354707,11,12
A,USD,STD,INDL,C,5526,12/31/2024,2024,HAWAIIAN ELECTRIC INDS,HE,419870100,354707,11,12
A,USD,STD,INDL,C,5526,12/31/2025,2025,HAWAIIAN ELECTRIC INDS,HE,419870100,354707,11,12
A,USD,STD,INDL,C,5597,12/31/2020,2020,HERSHEY CO,HSY,427866108,47111,11,12
A,USD,STD,INDL,C,5597,12/31/2021,2021,HERSHEY CO,HSY,427866108,47111,11,12
A,USD,STD,INDL,C,5597,12/31/2022,2022,HERSHEY CO,HSY,427866108,47111,11,12
A,USD,STD,INDL,C,5597,12/31/2023,2023,HERSHEY CO,HSY,427866108,47111,11,12
A,USD,STD,INDL,C,5597,12/31/2024,2024,HERSHEY CO,HSY,427866108,47111,11,12
A,USD,STD,INDL,C,5597,12/31/2025,2025,HERSHEY CO,HSY,427866108,47111,11,12
A,USD,STD,INDL,C,5606,10/31/2020,2020,HP INC,HPQ,40434L105,47217,11,10
A,USD,STD,INDL,C,5606,10/31/2021,2021,HP INC,HPQ,40434L105,47217,11,10
A,USD,STD,INDL,C,5606,10/31/2022,2022,HP INC,HPQ,40434L105,47217,11,10
A,USD,STD,INDL,C,5606,10/31/2023,2023,HP INC,HPQ,40434L105,47217,11,10
A,USD,STD,INDL,C,5606,10/31/2024,2024,HP INC,HPQ,40434L105,47217,11,10
A,USD,STD,INDL,C,5606,10/31/2025,2025,HP INC,HPQ,40434L105,47217,11,10
A,USD,STD,INDL,C,5680,1/31/2020,2020,HOME DEPOT INC,HD,437076102,354950,11,1
A,USD,STD,INDL,C,5680,1/31/2021,2021,HOME DEPOT INC,HD,437076102,354950,11,1
A,USD,STD,INDL,C,5680,1/31/2022,2022,HOME DEPOT INC,HD,437076102,354950,11,1
A,USD,STD,INDL,C,5680,1/31/2023,2023,HOME DEPOT INC,HD,437076102,354950,11,1
A,USD,STD,INDL,C,5680,1/31/2024,2024,HOME DEPOT INC,HD,437076102,354950,11,1
A,USD,STD,INDL,C,5680,1/31/2025,2025,HOME DEPOT INC,HD,437076102,354950,11,1
A,USD,STD,INDL,C,5680,1/31/2026,2026,HOME DEPOT INC,HD,437076102,354950,11,1
A,USD,STD,INDL,C,5783,12/31/2020,2020,HUNT (JB) TRANSPRT SVCS INC,JBHT,445658107,728535,14,12
A,USD,STD,INDL,C,5783,12/31/2021,2021,HUNT (JB) TRANSPRT SVCS INC,JBHT,445658107,728535,14,12
A,USD,STD,INDL,C,5783,12/31/2022,2022,HUNT (JB) TRANSPRT SVCS INC,JBHT,445658107,728535,14,12
A,USD,STD,INDL,C,5783,12/31/2023,2023,HUNT (JB) TRANSPRT SVCS INC,JBHT,445658107,728535,14,12
A,USD,STD,INDL,C,5783,12/31/2024,2024,HUNT (JB) TRANSPRT SVCS INC,JBHT,445658107,728535,14,12
A,USD,STD,INDL,C,5783,12/31/2025,2025,HUNT (JB) TRANSPRT SVCS INC,JBHT,445658107,728535,14,12
A,USD,STD,INDL,C,6008,12/31/2020,2020,INTEL CORP,INTC,458140100,50863,14,12
A,USD,STD,INDL,C,6008,12/31/2021,2021,INTEL CORP,INTC,458140100,50863,14,12
A,USD,STD,INDL,C,6008,12/31/2022,2022,INTEL CORP,INTC,458140100,50863,14,12
A,USD,STD,INDL,C,6008,12/31/2023,2023,INTEL CORP,INTC,458140100,50863,14,12
A,USD,STD,INDL,C,6008,12/31/2024,2024,INTEL CORP,INTC,458140100,50863,14,12
A,USD,STD,INDL,C,6008,12/31/2025,2025,INTEL CORP,INTC,458140100,50863,14,12
A,USD,STD,INDL,C,6066,12/31/2020,2020,INTL BUSINESS MACHINES CORP,IBM,459200101,51143,11,12
A,USD,STD,INDL,C,6066,12/31/2021,2021,INTL BUSINESS MACHINES CORP,IBM,459200101,51143,11,12
A,USD,STD,INDL,C,6066,12/31/2022,2022,INTL BUSINESS MACHINES CORP,IBM,459200101,51143,11,12
A,USD,STD,INDL,C,6066,12/31/2023,2023,INTL BUSINESS MACHINES CORP,IBM,459200101,51143,11,12
A,USD,STD,INDL,C,6066,12/31/2024,2024,INTL BUSINESS MACHINES CORP,IBM,459200101,51143,11,12
A,USD,STD,INDL,C,6066,12/31/2025,2025,INTL BUSINESS MACHINES CORP,IBM,459200101,51143,11,12
A,USD,STD,INDL,C,6078,12/31/2020,2020,INTL FLAVORS & FRAGRANCES,IFF,459506101,51253,11,12
A,USD,STD,INDL,C,6078,12/31/2021,2021,INTL FLAVORS & FRAGRANCES,IFF,459506101,51253,11,12
A,USD,STD,INDL,C,6078,12/31/2022,2022,INTL FLAVORS & FRAGRANCES,IFF,459506101,51253,11,12
A,USD,STD,INDL,C,6078,12/31/2023,2023,INTL FLAVORS & FRAGRANCES,IFF,459506101,51253,11,12
A,USD,STD,INDL,C,6078,12/31/2024,2024,INTL FLAVORS & FRAGRANCES,IFF,459506101,51253,11,12
A,USD,STD,INDL,C,6078,12/31/2025,2025,INTL FLAVORS & FRAGRANCES,IFF,459506101,51253,11,12
I,USD,STD,INDL,C,6136,12/31/2020,2020,INTERPUBLIC GROUP OF COS,IPG,460690100,51644,11,12
I,USD,STD,INDL,C,6136,12/31/2021,2021,INTERPUBLIC GROUP OF COS,IPG,460690100,51644,11,12
I,USD,STD,INDL,C,6136,12/31/2022,2022,INTERPUBLIC GROUP OF COS,IPG,460690100,51644,11,12
I,USD,STD,INDL,C,6136,12/31/2023,2023,INTERPUBLIC GROUP OF COS,IPG,460690100,51644,11,12
I,USD,STD,INDL,C,6136,12/31/2024,2024,INTERPUBLIC GROUP OF COS,IPG,460690100,51644,11,12
A,USD,STD,INDL,C,6266,12/31/2020,2020,JOHNSON & JOHNSON,JNJ,478160104,200406,11,12
A,USD,STD,INDL,C,6266,12/31/2021,2021,JOHNSON & JOHNSON,JNJ,478160104,200406,11,12
A,USD,STD,INDL,C,6266,12/31/2022,2022,JOHNSON & JOHNSON,JNJ,478160104,200406,11,12
A,USD,STD,INDL,C,6266,12/31/2023,2023,JOHNSON & JOHNSON,JNJ,478160104,200406,11,12
A,USD,STD,INDL,C,6266,12/31/2024,2024,JOHNSON & JOHNSON,JNJ,478160104,200406,11,12
A,USD,STD,INDL,C,6266,12/31/2025,2025,JOHNSON & JOHNSON,JNJ,478160104,200406,11,12
A,USD,STD,INDL,C,6268,9/30/2020,2020,JOHNSON CONTROLS INTL PLC,JCI,G51502105,833444,11,9
A,USD,STD,INDL,C,6268,9/30/2021,2021,JOHNSON CONTROLS INTL PLC,JCI,G51502105,833444,11,9
A,USD,STD,INDL,C,6268,9/30/2022,2022,JOHNSON CONTROLS INTL PLC,JCI,G51502105,833444,11,9
A,USD,STD,INDL,C,6268,9/30/2023,2023,JOHNSON CONTROLS INTL PLC,JCI,G51502105,833444,11,9
A,USD,STD,INDL,C,6268,9/30/2024,2024,JOHNSON CONTROLS INTL PLC,JCI,G51502105,833444,11,9
A,USD,STD,INDL,C,6268,9/30/2025,2025,JOHNSON CONTROLS INTL PLC,JCI,G51502105,833444,11,9
I,USD,STD,INDL,C,6375,12/31/2020,2020,KELLANOVA,K,487836108,55067,11,12
I,USD,STD,INDL,C,6375,12/31/2021,2021,KELLANOVA,K,487836108,55067,11,12
I,USD,STD,INDL,C,6375,12/31/2022,2022,KELLANOVA,K,487836108,55067,11,12
I,USD,STD,INDL,C,6375,12/31/2023,2023,KELLANOVA,K,487836108,55067,11,12
I,USD,STD,INDL,C,6375,12/31/2024,2024,KELLANOVA,K,487836108,55067,11,12
I,USD,STD,INDL,C,6433,6/30/2020,2020,KIMBALL INTERNATIONAL  -CL B,KBAL,494274103,55772,14,6
I,USD,STD,INDL,C,6433,6/30/2021,2021,KIMBALL INTERNATIONAL  -CL B,KBAL,494274103,55772,14,6
I,USD,STD,INDL,C,6433,6/30/2022,2022,KIMBALL INTERNATIONAL  -CL B,KBAL,494274103,55772,14,6
A,USD,STD,INDL,C,6435,12/31/2020,2020,KIMBERLY-CLARK CORP,KMB,494368103,55785,14,12
A,USD,STD,INDL,C,6435,12/31/2021,2021,KIMBERLY-CLARK CORP,KMB,494368103,55785,14,12
A,USD,STD,INDL,C,6435,12/31/2022,2022,KIMBERLY-CLARK CORP,KMB,494368103,55785,14,12
A,USD,STD,INDL,C,6435,12/31/2023,2023,KIMBERLY-CLARK CORP,KMB,494368103,55785,14,12
A,USD,STD,INDL,C,6435,12/31/2024,2024,KIMBERLY-CLARK CORP,KMB,494368103,55785,14,12
A,USD,STD,INDL,C,6435,12/31/2025,2025,KIMBERLY-CLARK CORP,KMB,494368103,55785,14,12
A,USD,STD,INDL,C,6502,1/31/2020,2020,KROGER CO,KR,501044101,56873,11,1
A,USD,STD,INDL,C,6502,1/31/2021,2021,KROGER CO,KR,501044101,56873,11,1
A,USD,STD,INDL,C,6502,1/31/2022,2022,KROGER CO,KR,501044101,56873,11,1
A,USD,STD,INDL,C,6502,1/31/2023,2023,KROGER CO,KR,501044101,56873,11,1
A,USD,STD,INDL,C,6502,1/31/2024,2024,KROGER CO,KR,501044101,56873,11,1
A,USD,STD,INDL,C,6502,1/31/2025,2025,KROGER CO,KR,501044101,56873,11,1
A,USD,STD,INDL,C,6502,1/31/2026,2026,KROGER CO,KR,501044101,56873,11,1
A,USD,STD,INDL,C,6565,6/30/2020,2020,LAM RESEARCH CORP,LRCX,512807306,707549,14,6
A,USD,STD,INDL,C,6565,6/30/2021,2021,LAM RESEARCH CORP,LRCX,512807306,707549,14,6
A,USD,STD,INDL,C,6565,6/30/2022,2022,LAM RESEARCH CORP,LRCX,512807306,707549,14,6
A,USD,STD,INDL,C,6565,6/30/2023,2023,LAM RESEARCH CORP,LRCX,512807306,707549,14,6
A,USD,STD,INDL,C,6565,6/30/2024,2024,LAM RESEARCH CORP,LRCX,512807306,707549,14,6
A,USD,STD,INDL,C,6565,6/30/2025,2025,LAM RESEARCH CORP,LRCX,512807306,707549,14,6
A,USD,STD,INDL,C,6788,12/31/2020,2020,RANGE RESOURCES CORP,RRC,75281A109,315852,11,12
A,USD,STD,INDL,C,6788,12/31/2021,2021,RANGE RESOURCES CORP,RRC,75281A109,315852,11,12
A,USD,STD,INDL,C,6788,12/31/2022,2022,RANGE RESOURCES CORP,RRC,75281A109,315852,11,12
A,USD,STD,INDL,C,6788,12/31/2023,2023,RANGE RESOURCES CORP,RRC,75281A109,315852,11,12
A,USD,STD,INDL,C,6788,12/31/2024,2024,RANGE RESOURCES CORP,RRC,75281A109,315852,11,12
A,USD,STD,INDL,C,6788,12/31/2025,2025,RANGE RESOURCES CORP,RRC,75281A109,315852,11,12
A,USD,STD,INDL,C,7163,12/31/2020,2020,S&P GLOBAL INC,SPGI,78409V104,64040,11,12
A,USD,STD,INDL,C,7163,12/31/2021,2021,S&P GLOBAL INC,SPGI,78409V104,64040,11,12
A,USD,STD,INDL,C,7163,12/31/2022,2022,S&P GLOBAL INC,SPGI,78409V104,64040,11,12
A,USD,STD,INDL,C,7163,12/31/2023,2023,S&P GLOBAL INC,SPGI,78409V104,64040,11,12
A,USD,STD,INDL,C,7163,12/31/2024,2024,S&P GLOBAL INC,SPGI,78409V104,64040,11,12
A,USD,STD,INDL,C,7163,12/31/2025,2025,S&P GLOBAL INC,SPGI,78409V104,64040,11,12
A,USD,STD,INDL,C,7241,12/31/2020,2020,CVS HEALTH CORP,CVS,126650100,64803,11,12
A,USD,STD,INDL,C,7241,12/31/2021,2021,CVS HEALTH CORP,CVS,126650100,64803,11,12
A,USD,STD,INDL,C,7241,12/31/2022,2022,CVS HEALTH CORP,CVS,126650100,64803,11,12
A,USD,STD,INDL,C,7241,12/31/2023,2023,CVS HEALTH CORP,CVS,126650100,64803,11,12
A,USD,STD,INDL,C,7241,12/31/2024,2024,CVS HEALTH CORP,CVS,126650100,64803,11,12
A,USD,STD,INDL,C,7241,12/31/2025,2025,CVS HEALTH CORP,CVS,126650100,64803,11,12
A,USD,STD,INDL,C,7257,12/31/2020,2020,MERCK & CO INC,MRK,58933Y105,310158,11,12
A,USD,STD,INDL,C,7257,12/31/2021,2021,MERCK & CO INC,MRK,58933Y105,310158,11,12
A,USD,STD,INDL,C,7257,12/31/2022,2022,MERCK & CO INC,MRK,58933Y105,310158,11,12
A,USD,STD,INDL,C,7257,12/31/2023,2023,MERCK & CO INC,MRK,58933Y105,310158,11,12
A,USD,STD,INDL,C,7257,12/31/2024,2024,MERCK & CO INC,MRK,58933Y105,310158,11,12
A,USD,STD,INDL,C,7257,12/31/2025,2025,MERCK & CO INC,MRK,58933Y105,310158,11,12
A,USD,STD,INDL,C,7343,8/31/2020,2020,MICRON TECHNOLOGY INC,MU,595112103,723125,14,8
A,USD,STD,INDL,C,7343,8/31/2021,2021,MICRON TECHNOLOGY INC,MU,595112103,723125,14,8
A,USD,STD,INDL,C,7343,8/31/2022,2022,MICRON TECHNOLOGY INC,MU,595112103,723125,14,8
A,USD,STD,INDL,C,7343,8/31/2023,2023,MICRON TECHNOLOGY INC,MU,595112103,723125,14,8
A,USD,STD,INDL,C,7343,8/31/2024,2024,MICRON TECHNOLOGY INC,MU,595112103,723125,14,8
A,USD,STD,INDL,C,7343,8/31/2025,2025,MICRON TECHNOLOGY INC,MU,595112103,723125,14,8
A,USD,STD,INDL,C,7733,9/30/2020,2020,NATIONAL FUEL GAS CO,NFG,636180101,70145,11,9
A,USD,STD,INDL,C,7733,9/30/2021,2021,NATIONAL FUEL GAS CO,NFG,636180101,70145,11,9
A,USD,STD,INDL,C,7733,9/30/2022,2022,NATIONAL FUEL GAS CO,NFG,636180101,70145,11,9
A,USD,STD,INDL,C,7733,9/30/2023,2023,NATIONAL FUEL GAS CO,NFG,636180101,70145,11,9
A,USD,STD,INDL,C,7733,9/30/2024,2024,NATIONAL FUEL GAS CO,NFG,636180101,70145,11,9
A,USD,STD,INDL,C,7733,9/30/2025,2025,NATIONAL FUEL GAS CO,NFG,636180101,70145,11,9
A,USD,STD,INDL,C,7849,9/30/2020,2020,NEW JERSEY RESOURCES CORP,NJR,646025106,356309,11,9
A,USD,STD,INDL,C,7849,9/30/2021,2021,NEW JERSEY RESOURCES CORP,NJR,646025106,356309,11,9
A,USD,STD,INDL,C,7849,9/30/2022,2022,NEW JERSEY RESOURCES CORP,NJR,646025106,356309,11,9
A,USD,STD,INDL,C,7849,9/30/2023,2023,NEW JERSEY RESOURCES CORP,NJR,646025106,356309,11,9
A,USD,STD,INDL,C,7849,9/30/2024,2024,NEW JERSEY RESOURCES CORP,NJR,646025106,356309,11,9
A,USD,STD,INDL,C,7849,9/30/2025,2025,NEW JERSEY RESOURCES CORP,NJR,646025106,356309,11,9
A,USD,STD,INDL,C,7881,12/31/2020,2020,NEWMONT CORP,NEM,651639106,1164727,11,12
A,USD,STD,INDL,C,7881,12/31/2021,2021,NEWMONT CORP,NEM,651639106,1164727,11,12
A,USD,STD,INDL,C,7881,12/31/2022,2022,NEWMONT CORP,NEM,651639106,1164727,11,12
A,USD,STD,INDL,C,7881,12/31/2023,2023,NEWMONT CORP,NEM,651639106,1164727,11,12
A,USD,STD,INDL,C,7881,12/31/2024,2024,NEWMONT CORP,NEM,651639106,1164727,11,12
A,USD,STD,INDL,C,7881,12/31/2025,2025,NEWMONT CORP,NEM,651639106,1164727,11,12
A,USD,STD,INDL,C,8151,12/31/2020,2020,ONEOK INC,OKE,682680103,1039684,11,12
A,USD,STD,INDL,C,8151,12/31/2021,2021,ONEOK INC,OKE,682680103,1039684,11,12
A,USD,STD,INDL,C,8151,12/31/2022,2022,ONEOK INC,OKE,682680103,1039684,11,12
A,USD,STD,INDL,C,8151,12/31/2023,2023,ONEOK INC,OKE,682680103,1039684,11,12
A,USD,STD,INDL,C,8151,12/31/2024,2024,ONEOK INC,OKE,682680103,1039684,11,12
A,USD,STD,INDL,C,8151,12/31/2025,2025,ONEOK INC,OKE,682680103,1039684,11,12
I,USD,STD,INDL,C,8210,12/31/2020,2020,OVERSEAS SHIPHOLDING GROUP,OSG.1,69036R863,75208,11,12
I,USD,STD,INDL,C,8210,12/31/2021,2021,OVERSEAS SHIPHOLDING GROUP,OSG.1,69036R863,75208,11,12
I,USD,STD,INDL,C,8210,12/31/2022,2022,OVERSEAS SHIPHOLDING GROUP,OSG.1,69036R863,75208,11,12
I,USD,STD,INDL,C,8210,12/31/2023,2023,OVERSEAS SHIPHOLDING GROUP,OSG.1,69036R863,75208,11,12
A,USD,STD,INDL,C,8213,12/31/2020,2020,ACCENDRA HEALTH INC,ACH,690732102,75252,11,12
A,USD,STD,INDL,C,8213,12/31/2021,2021,ACCENDRA HEALTH INC,ACH,690732102,75252,11,12
A,USD,STD,INDL,C,8213,12/31/2022,2022,ACCENDRA HEALTH INC,ACH,690732102,75252,11,12
A,USD,STD,INDL,C,8213,12/31/2023,2023,ACCENDRA HEALTH INC,ACH,690732102,75252,11,12
A,USD,STD,INDL,C,8213,12/31/2024,2024,ACCENDRA HEALTH INC,ACH,690732102,75252,11,12
A,USD,STD,INDL,C,8213,12/31/2025,2025,ACCENDRA HEALTH INC,ACH,690732102,75252,11,12
A,USD,STD,INDL,C,8214,12/31/2020,2020,OWENS CORNING,OC,690742101,1370946,11,12
A,USD,STD,INDL,C,8214,12/31/2021,2021,OWENS CORNING,OC,690742101,1370946,11,12
A,USD,STD,INDL,C,8214,12/31/2022,2022,OWENS CORNING,OC,690742101,1370946,11,12
A,USD,STD,INDL,C,8214,12/31/2023,2023,OWENS CORNING,OC,690742101,1370946,11,12
A,USD,STD,INDL,C,8214,12/31/2024,2024,OWENS CORNING,OC,690742101,1370946,11,12
A,USD,STD,INDL,C,8214,12/31/2025,2025,OWENS CORNING,OC,690742101,1370946,11,12
A,USD,STD,INDL,C,8247,12/31/2020,2020,PPG INDUSTRIES INC,PPG,693506107,79879,11,12
A,USD,STD,INDL,C,8247,12/31/2021,2021,PPG INDUSTRIES INC,PPG,693506107,79879,11,12
A,USD,STD,INDL,C,8247,12/31/2022,2022,PPG INDUSTRIES INC,PPG,693506107,79879,11,12
A,USD,STD,INDL,C,8247,12/31/2023,2023,PPG INDUSTRIES INC,PPG,693506107,79879,11,12
A,USD,STD,INDL,C,8247,12/31/2024,2024,PPG INDUSTRIES INC,PPG,693506107,79879,11,12
A,USD,STD,INDL,C,8247,12/31/2025,2025,PPG INDUSTRIES INC,PPG,693506107,79879,11,12
A,USD,STD,INDL,C,8272,12/31/2020,2020,SEMPRA ENERGY,SRE,816851109,1032208,11,12
A,USD,STD,INDL,C,8272,12/31/2021,2021,SEMPRA ENERGY,SRE,816851109,1032208,11,12
A,USD,STD,INDL,C,8272,12/31/2022,2022,SEMPRA ENERGY,SRE,816851109,1032208,11,12
A,USD,STD,INDL,C,8272,12/31/2023,2023,SEMPRA ENERGY,SRE,816851109,1032208,11,12
A,USD,STD,INDL,C,8272,12/31/2024,2024,SEMPRA ENERGY,SRE,816851109,1032208,11,12
A,USD,STD,INDL,C,8272,12/31/2025,2025,SEMPRA ENERGY,SRE,816851109,1032208,11,12
A,USD,STD,INDL,C,8455,12/31/2020,2020,PPL CORP,PPL,69351T106,922224,11,12
A,USD,STD,INDL,C,8455,12/31/2021,2021,PPL CORP,PPL,69351T106,922224,11,12
A,USD,STD,INDL,C,8455,12/31/2022,2022,PPL CORP,PPL,69351T106,922224,11,12
A,USD,STD,INDL,C,8455,12/31/2023,2023,PPL CORP,PPL,69351T106,922224,11,12
A,USD,STD,INDL,C,8455,12/31/2024,2024,PPL CORP,PPL,69351T106,922224,11,12
A,USD,STD,INDL,C,8455,12/31/2025,2025,PPL CORP,PPL,69351T106,922224,11,12
A,USD,STD,INDL,C,8479,12/31/2020,2020,PEPSICO INC,PEP,713448108,77476,14,12
A,USD,STD,INDL,C,8479,12/31/2021,2021,PEPSICO INC,PEP,713448108,77476,14,12
A,USD,STD,INDL,C,8479,12/31/2022,2022,PEPSICO INC,PEP,713448108,77476,14,12
A,USD,STD,INDL,C,8479,12/31/2023,2023,PEPSICO INC,PEP,713448108,77476,14,12
A,USD,STD,INDL,C,8479,12/31/2024,2024,PEPSICO INC,PEP,713448108,77476,14,12
A,USD,STD,INDL,C,8479,12/31/2025,2025,PEPSICO INC,PEP,713448108,77476,14,12
I,USD,STD,INDL,C,8512,12/31/2020,2020,PDC ENERGY INC,PDCE,69327R101,77877,14,12
I,USD,STD,INDL,C,8512,12/31/2021,2021,PDC ENERGY INC,PDCE,69327R101,77877,14,12
I,USD,STD,INDL,C,8512,12/31/2022,2022,PDC ENERGY INC,PDCE,69327R101,77877,14,12
A,USD,STD,INDL,C,8539,12/31/2020,2020,EXELON CORP,EXC,30161N101,1109357,14,12
A,USD,STD,INDL,C,8539,12/31/2021,2021,EXELON CORP,EXC,30161N101,1109357,14,12
A,USD,STD,INDL,C,8539,12/31/2022,2022,EXELON CORP,EXC,30161N101,1109357,14,12
A,USD,STD,INDL,C,8539,12/31/2023,2023,EXELON CORP,EXC,30161N101,1109357,14,12
A,USD,STD,INDL,C,8539,12/31/2024,2024,EXELON CORP,EXC,30161N101,1109357,14,12
A,USD,STD,INDL,C,8539,12/31/2025,2025,EXELON CORP,EXC,30161N101,1109357,14,12
A,USD,STD,INDL,C,8542,12/31/2020,2020,ESSENTIAL UTILITIES INC,WTRG,29670G102,78128,11,12
A,USD,STD,INDL,C,8542,12/31/2021,2021,ESSENTIAL UTILITIES INC,WTRG,29670G102,78128,11,12
A,USD,STD,INDL,C,8542,12/31/2022,2022,ESSENTIAL UTILITIES INC,WTRG,29670G102,78128,11,12
A,USD,STD,INDL,C,8542,12/31/2023,2023,ESSENTIAL UTILITIES INC,WTRG,29670G102,78128,11,12
A,USD,STD,INDL,C,8542,12/31/2024,2024,ESSENTIAL UTILITIES INC,WTRG,29670G102,78128,11,12
A,USD,STD,INDL,C,8551,1/31/2020,2020,PVH CORP,PVH,693656100,78239,11,1
A,USD,STD,INDL,C,8551,1/31/2021,2021,PVH CORP,PVH,693656100,78239,11,1
A,USD,STD,INDL,C,8551,1/31/2022,2022,PVH CORP,PVH,693656100,78239,11,1
A,USD,STD,INDL,C,8551,1/31/2023,2023,PVH CORP,PVH,693656100,78239,11,1
A,USD,STD,INDL,C,8551,1/31/2024,2024,PVH CORP,PVH,693656100,78239,11,1
A,USD,STD,INDL,C,8551,1/31/2025,2025,PVH CORP,PVH,693656100,78239,11,1
I,USD,STD,FS,C,8692,12/31/2020,2020,POTLATCHDELTIC CORP,PCH,737630103,1338749,14,12
I,USD,STD,INDL,C,8692,12/31/2020,2020,POTLATCHDELTIC CORP,PCH,737630103,1338749,14,12
I,USD,STD,FS,C,8692,12/31/2021,2021,POTLATCHDELTIC CORP,PCH,737630103,1338749,14,12
I,USD,STD,INDL,C,8692,12/31/2021,2021,POTLATCHDELTIC CORP,PCH,737630103,1338749,14,12
I,USD,STD,FS,C,8692,12/31/2022,2022,POTLATCHDELTIC CORP,PCH,737630103,1338749,14,12
I,USD,STD,INDL,C,8692,12/31/2022,2022,POTLATCHDELTIC CORP,PCH,737630103,1338749,14,12
I,USD,STD,FS,C,8692,12/31/2023,2023,POTLATCHDELTIC CORP,PCH,737630103,1338749,14,12
I,USD,STD,INDL,C,8692,12/31/2023,2023,POTLATCHDELTIC CORP,PCH,737630103,1338749,14,12
I,USD,STD,FS,C,8692,12/31/2024,2024,POTLATCHDELTIC CORP,PCH,737630103,1338749,14,12
I,USD,STD,INDL,C,8692,12/31/2024,2024,POTLATCHDELTIC CORP,PCH,737630103,1338749,14,12
A,USD,STD,INDL,C,8762,6/30/2020,2020,PROCTER & GAMBLE CO,PG,742718109,80424,11,6
A,USD,STD,INDL,C,8762,6/30/2021,2021,PROCTER & GAMBLE CO,PG,742718109,80424,11,6
A,USD,STD,INDL,C,8762,6/30/2022,2022,PROCTER & GAMBLE CO,PG,742718109,80424,11,6
A,USD,STD,INDL,C,8762,6/30/2023,2023,PROCTER & GAMBLE CO,PG,742718109,80424,11,6
A,USD,STD,INDL,C,8762,6/30/2024,2024,PROCTER & GAMBLE CO,PG,742718109,80424,11,6
A,USD,STD,INDL,C,8762,6/30/2025,2025,PROCTER & GAMBLE CO,PG,742718109,80424,11,6
A,USD,STD,INDL,C,9016,12/31/2020,2020,REGAL REXNORD CORP,RRX,758750103,82811,11,12
A,USD,STD,INDL,C,9016,12/31/2021,2021,REGAL REXNORD CORP,RRX,758750103,82811,11,12
A,USD,STD,INDL,C,9016,12/31/2022,2022,REGAL REXNORD CORP,RRX,758750103,82811,11,12
A,USD,STD,INDL,C,9016,12/31/2023,2023,REGAL REXNORD CORP,RRX,758750103,82811,11,12
A,USD,STD,INDL,C,9016,12/31/2024,2024,REGAL REXNORD CORP,RRX,758750103,82811,11,12
A,USD,STD,INDL,C,9016,12/31/2025,2025,REGAL REXNORD CORP,RRX,758750103,82811,11,12
A,USD,STD,INDL,C,9203,9/30/2020,2020,ROCKWELL AUTOMATION,ROK,773903109,1024478,11,9
A,USD,STD,INDL,C,9203,9/30/2021,2021,ROCKWELL AUTOMATION,ROK,773903109,1024478,11,9
A,USD,STD,INDL,C,9203,9/30/2022,2022,ROCKWELL AUTOMATION,ROK,773903109,1024478,11,9
A,USD,STD,INDL,C,9203,9/30/2023,2023,ROCKWELL AUTOMATION,ROK,773903109,1024478,11,9
A,USD,STD,INDL,C,9203,9/30/2024,2024,ROCKWELL AUTOMATION,ROK,773903109,1024478,11,9
A,USD,STD,INDL,C,9203,9/30/2025,2025,ROCKWELL AUTOMATION,ROK,773903109,1024478,11,9
A,USD,STD,INDL,C,9216,12/31/2020,2020,ROGERS CORP,ROG,775133101,84748,11,12
A,USD,STD,INDL,C,9216,12/31/2021,2021,ROGERS CORP,ROG,775133101,84748,11,12
A,USD,STD,INDL,C,9216,12/31/2022,2022,ROGERS CORP,ROG,775133101,84748,11,12
A,USD,STD,INDL,C,9216,12/31/2023,2023,ROGERS CORP,ROG,775133101,84748,11,12
A,USD,STD,INDL,C,9216,12/31/2024,2024,ROGERS CORP,ROG,775133101,84748,11,12
A,USD,STD,INDL,C,9216,12/31/2025,2025,ROGERS CORP,ROG,775133101,84748,11,12
A,USD,STD,INDL,C,9667,12/31/2020,2020,SHERWIN-WILLIAMS CO,SHW,824348106,89800,11,12
A,USD,STD,INDL,C,9667,12/31/2021,2021,SHERWIN-WILLIAMS CO,SHW,824348106,89800,11,12
A,USD,STD,INDL,C,9667,12/31/2022,2022,SHERWIN-WILLIAMS CO,SHW,824348106,89800,11,12
A,USD,STD,INDL,C,9667,12/31/2023,2023,SHERWIN-WILLIAMS CO,SHW,824348106,89800,11,12
A,USD,STD,INDL,C,9667,12/31/2024,2024,SHERWIN-WILLIAMS CO,SHW,824348106,89800,11,12
A,USD,STD,INDL,C,9667,12/31/2025,2025,SHERWIN-WILLIAMS CO,SHW,824348106,89800,11,12
A,USD,STD,INDL,C,9850,12/31/2020,2020,SOUTHERN CO,SO,842587107,92122,11,12
A,USD,STD,INDL,C,9850,12/31/2021,2021,SOUTHERN CO,SO,842587107,92122,11,12
A,USD,STD,INDL,C,9850,12/31/2022,2022,SOUTHERN CO,SO,842587107,92122,11,12
A,USD,STD,INDL,C,9850,12/31/2023,2023,SOUTHERN CO,SO,842587107,92122,11,12
A,USD,STD,INDL,C,9850,12/31/2024,2024,SOUTHERN CO,SO,842587107,92122,11,12
A,USD,STD,INDL,C,9850,12/31/2025,2025,SOUTHERN CO,SO,842587107,92122,11,12
A,USD,STD,INDL,C,9882,12/31/2020,2020,SOUTHWEST AIRLINES,LUV,844741108,92380,11,12
A,USD,STD,INDL,C,9882,12/31/2021,2021,SOUTHWEST AIRLINES,LUV,844741108,92380,11,12
A,USD,STD,INDL,C,9882,12/31/2022,2022,SOUTHWEST AIRLINES,LUV,844741108,92380,11,12
A,USD,STD,INDL,C,9882,12/31/2023,2023,SOUTHWEST AIRLINES,LUV,844741108,92380,11,12
A,USD,STD,INDL,C,9882,12/31/2024,2024,SOUTHWEST AIRLINES,LUV,844741108,92380,11,12
A,USD,STD,INDL,C,9882,12/31/2025,2025,SOUTHWEST AIRLINES,LUV,844741108,92380,11,12
A,USD,STD,FS,C,10096,12/31/2020,2020,PUBLIC STORAGE,PSA,74460D109,1393311,11,12
A,USD,STD,INDL,C,10096,12/31/2020,2020,PUBLIC STORAGE,PSA,74460D109,1393311,11,12
A,USD,STD,FS,C,10096,12/31/2021,2021,PUBLIC STORAGE,PSA,74460D109,1393311,11,12
A,USD,STD,INDL,C,10096,12/31/2021,2021,PUBLIC STORAGE,PSA,74460D109,1393311,11,12
A,USD,STD,FS,C,10096,12/31/2022,2022,PUBLIC STORAGE,PSA,74460D109,1393311,11,12
A,USD,STD,INDL,C,10096,12/31/2022,2022,PUBLIC STORAGE,PSA,74460D109,1393311,11,12
A,USD,STD,FS,C,10096,12/31/2023,2023,PUBLIC STORAGE,PSA,74460D109,1393311,11,12
A,USD,STD,INDL,C,10096,12/31/2023,2023,PUBLIC STORAGE,PSA,74460D109,1393311,11,12
A,USD,STD,FS,C,10096,12/31/2024,2024,PUBLIC STORAGE,PSA,74460D109,1393311,11,12
A,USD,STD,INDL,C,10096,12/31/2024,2024,PUBLIC STORAGE,PSA,74460D109,1393311,11,12
A,USD,STD,FS,C,10096,12/31/2025,2025,PUBLIC STORAGE,PSA,74460D109,1393311,11,12
A,USD,STD,INDL,C,10096,12/31/2025,2025,PUBLIC STORAGE,PSA,74460D109,1393311,11,12
A,USD,STD,INDL,C,10565,12/31/2020,2020,TIDEWATER INC,TDW,88642R109,98222,11,12
A,USD,STD,INDL,C,10565,12/31/2021,2021,TIDEWATER INC,TDW,88642R109,98222,11,12
A,USD,STD,INDL,C,10565,12/31/2022,2022,TIDEWATER INC,TDW,88642R109,98222,11,12
A,USD,STD,INDL,C,10565,12/31/2023,2023,TIDEWATER INC,TDW,88642R109,98222,11,12
A,USD,STD,INDL,C,10565,12/31/2024,2024,TIDEWATER INC,TDW,88642R109,98222,11,12
A,USD,STD,INDL,C,10565,12/31/2025,2025,TIDEWATER INC,TDW,88642R109,98222,11,12
A,USD,STD,INDL,C,10735,12/31/2020,2020,TRINITY INDUSTRIES INC,TRN,896522109,99780,11,12
A,USD,STD,INDL,C,10735,12/31/2021,2021,TRINITY INDUSTRIES INC,TRN,896522109,99780,11,12
A,USD,STD,INDL,C,10735,12/31/2022,2022,TRINITY INDUSTRIES INC,TRN,896522109,99780,11,12
A,USD,STD,INDL,C,10735,12/31/2023,2023,TRINITY INDUSTRIES INC,TRN,896522109,99780,11,12
A,USD,STD,INDL,C,10735,12/31/2024,2024,TRINITY INDUSTRIES INC,TRN,896522109,99780,11,12
A,USD,STD,INDL,C,10735,12/31/2025,2025,TRINITY INDUSTRIES INC,TRN,896522109,99780,11,12
A,USD,STD,INDL,C,10860,12/31/2020,2020,AMEREN CORP,AEE,23608102,1002910,11,12
A,USD,STD,INDL,C,10860,12/31/2021,2021,AMEREN CORP,AEE,23608102,1002910,11,12
A,USD,STD,INDL,C,10860,12/31/2022,2022,AMEREN CORP,AEE,23608102,1002910,11,12
A,USD,STD,INDL,C,10860,12/31/2023,2023,AMEREN CORP,AEE,23608102,1002910,11,12
A,USD,STD,INDL,C,10860,12/31/2024,2024,AMEREN CORP,AEE,23608102,1002910,11,12
A,USD,STD,INDL,C,10860,12/31/2025,2025,AMEREN CORP,AEE,23608102,1002910,11,12
A,USD,STD,FS,C,10894,12/31/2020,2020,UDR INC,UDR,902653104,74208,11,12
A,USD,STD,INDL,C,10894,12/31/2020,2020,UDR INC,UDR,902653104,74208,11,12
A,USD,STD,FS,C,10894,12/31/2021,2021,UDR INC,UDR,902653104,74208,11,12
A,USD,STD,INDL,C,10894,12/31/2021,2021,UDR INC,UDR,902653104,74208,11,12
A,USD,STD,FS,C,10894,12/31/2022,2022,UDR INC,UDR,902653104,74208,11,12
A,USD,STD,INDL,C,10894,12/31/2022,2022,UDR INC,UDR,902653104,74208,11,12
A,USD,STD,FS,C,10894,12/31/2023,2023,UDR INC,UDR,902653104,74208,11,12
A,USD,STD,INDL,C,10894,12/31/2023,2023,UDR INC,UDR,902653104,74208,11,12
A,USD,STD,FS,C,10894,12/31/2024,2024,UDR INC,UDR,902653104,74208,11,12
A,USD,STD,INDL,C,10894,12/31/2024,2024,UDR INC,UDR,902653104,74208,11,12
A,USD,STD,FS,C,10894,12/31/2025,2025,UDR INC,UDR,902653104,74208,11,12
A,USD,STD,INDL,C,10894,12/31/2025,2025,UDR INC,UDR,902653104,74208,11,12
A,USD,STD,FS,C,11220,12/31/2020,2020,VORNADO REALTY TRUST,VNO,929042109,899689,11,12
A,USD,STD,INDL,C,11220,12/31/2020,2020,VORNADO REALTY TRUST,VNO,929042109,899689,11,12
A,USD,STD,FS,C,11220,12/31/2021,2021,VORNADO REALTY TRUST,VNO,929042109,899689,11,12
A,USD,STD,INDL,C,11220,12/31/2021,2021,VORNADO REALTY TRUST,VNO,929042109,899689,11,12
A,USD,STD,FS,C,11220,12/31/2022,2022,VORNADO REALTY TRUST,VNO,929042109,899689,11,12
A,USD,STD,INDL,C,11220,12/31/2022,2022,VORNADO REALTY TRUST,VNO,929042109,899689,11,12
A,USD,STD,FS,C,11220,12/31/2023,2023,VORNADO REALTY TRUST,VNO,929042109,899689,11,12
A,USD,STD,INDL,C,11220,12/31/2023,2023,VORNADO REALTY TRUST,VNO,929042109,899689,11,12
A,USD,STD,FS,C,11220,12/31/2024,2024,VORNADO REALTY TRUST,VNO,929042109,899689,11,12
A,USD,STD,INDL,C,11220,12/31/2024,2024,VORNADO REALTY TRUST,VNO,929042109,899689,11,12
A,USD,STD,FS,C,11220,12/31/2025,2025,VORNADO REALTY TRUST,VNO,929042109,899689,11,12
A,USD,STD,INDL,C,11220,12/31/2025,2025,VORNADO REALTY TRUST,VNO,929042109,899689,11,12
I,USD,STD,INDL,C,11264,8/31/2020,2020,WALGREENS BOOTS ALLIANCE INC,WBA,931427108,1618921,14,8
I,USD,STD,INDL,C,11264,8/31/2021,2021,WALGREENS BOOTS ALLIANCE INC,WBA,931427108,1618921,14,8
I,USD,STD,INDL,C,11264,8/31/2022,2022,WALGREENS BOOTS ALLIANCE INC,WBA,931427108,1618921,14,8
I,USD,STD,INDL,C,11264,8/31/2023,2023,WALGREENS BOOTS ALLIANCE INC,WBA,931427108,1618921,14,8
I,USD,STD,INDL,C,11264,8/31/2024,2024,WALGREENS BOOTS ALLIANCE INC,WBA,931427108,1618921,14,8
A,USD,STD,INDL,C,11465,12/31/2020,2020,WHIRLPOOL CORP,WHR,963320106,106640,11,12
A,USD,STD,INDL,C,11465,12/31/2021,2021,WHIRLPOOL CORP,WHR,963320106,106640,11,12
A,USD,STD,INDL,C,11465,12/31/2022,2022,WHIRLPOOL CORP,WHR,963320106,106640,11,12
A,USD,STD,INDL,C,11465,12/31/2023,2023,WHIRLPOOL CORP,WHR,963320106,106640,11,12
A,USD,STD,INDL,C,11465,12/31/2024,2024,WHIRLPOOL CORP,WHR,963320106,106640,11,12
A,USD,STD,INDL,C,11465,12/31/2025,2025,WHIRLPOOL CORP,WHR,963320106,106640,11,12
A,USD,STD,INDL,C,11506,12/31/2020,2020,WILLIAMS COS INC,WMB,969457100,107263,11,12
A,USD,STD,INDL,C,11506,12/31/2021,2021,WILLIAMS COS INC,WMB,969457100,107263,11,12
A,USD,STD,INDL,C,11506,12/31/2022,2022,WILLIAMS COS INC,WMB,969457100,107263,11,12
A,USD,STD,INDL,C,11506,12/31/2023,2023,WILLIAMS COS INC,WMB,969457100,107263,11,12
A,USD,STD,INDL,C,11506,12/31/2024,2024,WILLIAMS COS INC,WMB,969457100,107263,11,12
A,USD,STD,INDL,C,11506,12/31/2025,2025,WILLIAMS COS INC,WMB,969457100,107263,11,12
A,USD,STD,INDL,C,11511,1/31/2020,2020,WILLIAMS-SONOMA INC,WSM,969904101,719955,11,1
A,USD,STD,INDL,C,11511,1/31/2021,2021,WILLIAMS-SONOMA INC,WSM,969904101,719955,11,1
A,USD,STD,INDL,C,11511,1/31/2022,2022,WILLIAMS-SONOMA INC,WSM,969904101,719955,11,1
A,USD,STD,INDL,C,11511,1/31/2023,2023,WILLIAMS-SONOMA INC,WSM,969904101,719955,11,1
A,USD,STD,INDL,C,11511,1/31/2024,2024,WILLIAMS-SONOMA INC,WSM,969904101,719955,11,1
A,USD,STD,INDL,C,11511,1/31/2025,2025,WILLIAMS-SONOMA INC,WSM,969904101,719955,11,1
A,USD,STD,INDL,C,11554,12/31/2020,2020,ALLIANT ENERGY CORP,LNT,18802108,352541,14,12
A,USD,STD,INDL,C,11554,12/31/2021,2021,ALLIANT ENERGY CORP,LNT,18802108,352541,14,12
A,USD,STD,INDL,C,11554,12/31/2022,2022,ALLIANT ENERGY CORP,LNT,18802108,352541,14,12
A,USD,STD,INDL,C,11554,12/31/2023,2023,ALLIANT ENERGY CORP,LNT,18802108,352541,14,12
A,USD,STD,INDL,C,11554,12/31/2024,2024,ALLIANT ENERGY CORP,LNT,18802108,352541,14,12
A,USD,STD,INDL,C,11554,12/31/2025,2025,ALLIANT ENERGY CORP,LNT,18802108,352541,14,12
I,USD,STD,INDL,C,11584,1/31/2020,2020,FOOT LOCKER INC,FL,344849104,850209,11,1
I,USD,STD,INDL,C,11584,1/31/2021,2021,FOOT LOCKER INC,FL,344849104,850209,11,1
I,USD,STD,INDL,C,11584,1/31/2022,2022,FOOT LOCKER INC,FL,344849104,850209,11,1
I,USD,STD,INDL,C,11584,1/31/2023,2023,FOOT LOCKER INC,FL,344849104,850209,11,1
I,USD,STD,INDL,C,11584,1/31/2024,2024,FOOT LOCKER INC,FL,344849104,850209,11,1
I,USD,STD,INDL,C,11584,1/31/2025,2025,FOOT LOCKER INC,FL,344849104,850209,11,1
A,USD,STD,INDL,C,11721,9/30/2020,2020,OSHKOSH CORP,OSK,688239201,775158,11,9
A,USD,STD,INDL,C,11721,9/30/2021,2021,OSHKOSH CORP,OSK,688239201,775158,11,9
A,USD,STD,INDL,C,11721,12/31/2022,2022,OSHKOSH CORP,OSK,688239201,775158,11,12
A,USD,STD,INDL,C,11721,12/31/2023,2023,OSHKOSH CORP,OSK,688239201,775158,11,12
A,USD,STD,INDL,C,11721,12/31/2024,2024,OSHKOSH CORP,OSK,688239201,775158,11,12
A,USD,STD,INDL,C,11721,12/31/2025,2025,OSHKOSH CORP,OSK,688239201,775158,11,12
A,USD,STD,INDL,C,11781,12/31/2020,2020,OVINTIV INC,OVV,69047Q102,1792580,11,12
A,USD,STD,INDL,C,11781,12/31/2021,2021,OVINTIV INC,OVV,69047Q102,1792580,11,12
A,USD,STD,INDL,C,11781,12/31/2022,2022,OVINTIV INC,OVV,69047Q102,1792580,11,12
A,USD,STD,INDL,C,11781,12/31/2023,2023,OVINTIV INC,OVV,69047Q102,1792580,11,12
A,USD,STD,INDL,C,11781,12/31/2024,2024,OVINTIV INC,OVV,69047Q102,1792580,11,12
A,USD,STD,INDL,C,11781,12/31/2025,2025,OVINTIV INC,OVV,69047Q102,1792580,11,12
A,USD,STD,FS,C,11856,12/31/2020,2020,TRUIST FINANCIAL CORP,TFC,89832Q109,92230,11,12
A,USD,STD,INDL,C,11856,12/31/2020,2020,TRUIST FINANCIAL CORP,TFC,89832Q109,92230,11,12
A,USD,STD,FS,C,11856,12/31/2021,2021,TRUIST FINANCIAL CORP,TFC,89832Q109,92230,11,12
A,USD,STD,INDL,C,11856,12/31/2021,2021,TRUIST FINANCIAL CORP,TFC,89832Q109,92230,11,12
A,USD,STD,FS,C,11856,12/31/2022,2022,TRUIST FINANCIAL CORP,TFC,89832Q109,92230,11,12
A,USD,STD,INDL,C,11856,12/31/2022,2022,TRUIST FINANCIAL CORP,TFC,89832Q109,92230,11,12
A,USD,STD,FS,C,11856,12/31/2023,2023,TRUIST FINANCIAL CORP,TFC,89832Q109,92230,11,12
A,USD,STD,INDL,C,11856,12/31/2023,2023,TRUIST FINANCIAL CORP,TFC,89832Q109,92230,11,12
A,USD,STD,FS,C,11856,12/31/2024,2024,TRUIST FINANCIAL CORP,TFC,89832Q109,92230,11,12
A,USD,STD,INDL,C,11856,12/31/2024,2024,TRUIST FINANCIAL CORP,TFC,89832Q109,92230,11,12
A,USD,STD,FS,C,11856,12/31/2025,2025,TRUIST FINANCIAL CORP,TFC,89832Q109,92230,11,12
A,USD,STD,INDL,C,11856,12/31/2025,2025,TRUIST FINANCIAL CORP,TFC,89832Q109,92230,11,12
A,USD,STD,FS,C,12138,12/31/2020,2020,PRICE (T. ROWE) GROUP,TROW,74144T108,1113169,14,12
A,USD,STD,INDL,C,12138,12/31/2020,2020,PRICE (T. ROWE) GROUP,TROW,74144T108,1113169,14,12
A,USD,STD,FS,C,12138,12/31/2021,2021,PRICE (T. ROWE) GROUP,TROW,74144T108,1113169,14,12
A,USD,STD,INDL,C,12138,12/31/2021,2021,PRICE (T. ROWE) GROUP,TROW,74144T108,1113169,14,12
A,USD,STD,FS,C,12138,12/31/2022,2022,PRICE (T. ROWE) GROUP,TROW,74144T108,1113169,14,12
A,USD,STD,INDL,C,12138,12/31/2022,2022,PRICE (T. ROWE) GROUP,TROW,74144T108,1113169,14,12
A,USD,STD,FS,C,12138,12/31/2023,2023,PRICE (T. ROWE) GROUP,TROW,74144T108,1113169,14,12
A,USD,STD,INDL,C,12138,12/31/2023,2023,PRICE (T. ROWE) GROUP,TROW,74144T108,1113169,14,12
A,USD,STD,FS,C,12138,12/31/2024,2024,PRICE (T. ROWE) GROUP,TROW,74144T108,1113169,14,12
A,USD,STD,INDL,C,12138,12/31/2024,2024,PRICE (T. ROWE) GROUP,TROW,74144T108,1113169,14,12
A,USD,STD,FS,C,12138,12/31/2025,2025,PRICE (T. ROWE) GROUP,TROW,74144T108,1113169,14,12
A,USD,STD,INDL,C,12138,12/31/2025,2025,PRICE (T. ROWE) GROUP,TROW,74144T108,1113169,14,12
A,USD,STD,INDL,C,12395,10/31/2020,2020,TOLL BROTHERS INC,TOL,889478103,794170,11,10
A,USD,STD,INDL,C,12395,10/31/2021,2021,TOLL BROTHERS INC,TOL,889478103,794170,11,10
A,USD,STD,INDL,C,12395,10/31/2022,2022,TOLL BROTHERS INC,TOL,889478103,794170,11,10
A,USD,STD,INDL,C,12395,10/31/2023,2023,TOLL BROTHERS INC,TOL,889478103,794170,11,10
A,USD,STD,INDL,C,12395,10/31/2024,2024,TOLL BROTHERS INC,TOL,889478103,794170,11,10
A,USD,STD,INDL,C,12395,10/31/2025,2025,TOLL BROTHERS INC,TOL,889478103,794170,11,10
A,USD,STD,INDL,C,12689,11/30/2020,2020,KB HOME,KBH,48666K109,795266,11,11
A,USD,STD,INDL,C,12689,11/30/2021,2021,KB HOME,KBH,48666K109,795266,11,11
A,USD,STD,INDL,C,12689,11/30/2022,2022,KB HOME,KBH,48666K109,795266,11,11
A,USD,STD,INDL,C,12689,11/30/2023,2023,KB HOME,KBH,48666K109,795266,11,11
A,USD,STD,INDL,C,12689,11/30/2024,2024,KB HOME,KBH,48666K109,795266,11,11
A,USD,STD,INDL,C,12689,11/30/2025,2025,KB HOME,KBH,48666K109,795266,11,11
A,USD,STD,INDL,C,12785,12/31/2020,2020,PILGRIM'S PRIDE CORP,PPC,72147K108,802481,14,12
A,USD,STD,INDL,C,12785,12/31/2021,2021,PILGRIM'S PRIDE CORP,PPC,72147K108,802481,14,12
A,USD,STD,INDL,C,12785,12/31/2022,2022,PILGRIM'S PRIDE CORP,PPC,72147K108,802481,14,12
A,USD,STD,INDL,C,12785,12/31/2023,2023,PILGRIM'S PRIDE CORP,PPC,72147K108,802481,14,12
A,USD,STD,INDL,C,12785,12/31/2024,2024,PILGRIM'S PRIDE CORP,PPC,72147K108,802481,14,12
A,USD,STD,INDL,C,12785,12/31/2025,2025,PILGRIM'S PRIDE CORP,PPC,72147K108,802481,14,12
A,USD,STD,FS,C,13125,12/31/2020,2020,HEALTHPEAK PROPERTIES INC,DOC,42250P103,765880,11,12
A,USD,STD,INDL,C,13125,12/31/2020,2020,HEALTHPEAK PROPERTIES INC,DOC,42250P103,765880,11,12
A,USD,STD,FS,C,13125,12/31/2021,2021,HEALTHPEAK PROPERTIES INC,DOC,42250P103,765880,11,12
A,USD,STD,INDL,C,13125,12/31/2021,2021,HEALTHPEAK PROPERTIES INC,DOC,42250P103,765880,11,12
A,USD,STD,FS,C,13125,12/31/2022,2022,HEALTHPEAK PROPERTIES INC,DOC,42250P103,765880,11,12
A,USD,STD,INDL,C,13125,12/31/2022,2022,HEALTHPEAK PROPERTIES INC,DOC,42250P103,765880,11,12
A,USD,STD,FS,C,13125,12/31/2023,2023,HEALTHPEAK PROPERTIES INC,DOC,42250P103,765880,11,12
A,USD,STD,INDL,C,13125,12/31/2023,2023,HEALTHPEAK PROPERTIES INC,DOC,42250P103,765880,11,12
A,USD,STD,FS,C,13125,12/31/2024,2024,HEALTHPEAK PROPERTIES INC,DOC,42250P103,765880,11,12
A,USD,STD,INDL,C,13125,12/31/2024,2024,HEALTHPEAK PROPERTIES INC,DOC,42250P103,765880,11,12
A,USD,STD,FS,C,13125,12/31/2025,2025,HEALTHPEAK PROPERTIES INC,DOC,42250P103,765880,11,12
A,USD,STD,INDL,C,13125,12/31/2025,2025,HEALTHPEAK PROPERTIES INC,DOC,42250P103,765880,11,12
I,USD,STD,INDL,C,13431,12/31/2020,2020,BERRY CORP,BRY,08579X101,1705873,14,12
I,USD,STD,INDL,C,13431,12/31/2021,2021,BERRY CORP,BRY,08579X101,1705873,14,12
I,USD,STD,INDL,C,13431,12/31/2022,2022,BERRY CORP,BRY,08579X101,1705873,14,12
I,USD,STD,INDL,C,13431,12/31/2023,2023,BERRY CORP,BRY,08579X101,1705873,14,12
I,USD,STD,INDL,C,13431,12/31/2024,2024,BERRY CORP,BRY,08579X101,1705873,14,12
A,USD,STD,INDL,C,13714,12/31/2020,2020,PARAMOUNT SKYDANCE CORP,PSKY,69932A204,2041610,14,12
A,USD,STD,INDL,C,13714,12/31/2021,2021,PARAMOUNT SKYDANCE CORP,PSKY,69932A204,2041610,14,12
A,USD,STD,INDL,C,13714,12/31/2022,2022,PARAMOUNT SKYDANCE CORP,PSKY,69932A204,2041610,14,12
A,USD,STD,INDL,C,13714,12/31/2023,2023,PARAMOUNT SKYDANCE CORP,PSKY,69932A204,2041610,14,12
A,USD,STD,INDL,C,13714,12/31/2024,2024,PARAMOUNT SKYDANCE CORP,PSKY,69932A204,2041610,14,12
A,USD,STD,INDL,C,13714,12/31/2025,2025,PARAMOUNT SKYDANCE CORP,PSKY,69932A204,2041610,14,12
A,USD,STD,INDL,C,13721,12/31/2020,2020,ZOETIS INC,ZTS,98978V103,1555280,11,12
A,USD,STD,INDL,C,13721,12/31/2021,2021,ZOETIS INC,ZTS,98978V103,1555280,11,12
A,USD,STD,INDL,C,13721,12/31/2022,2022,ZOETIS INC,ZTS,98978V103,1555280,11,12
A,USD,STD,INDL,C,13721,12/31/2023,2023,ZOETIS INC,ZTS,98978V103,1555280,11,12
A,USD,STD,INDL,C,13721,12/31/2024,2024,ZOETIS INC,ZTS,98978V103,1555280,11,12
A,USD,STD,INDL,C,13721,12/31/2025,2025,ZOETIS INC,ZTS,98978V103,1555280,11,12
A,USD,STD,INDL,C,14282,12/31/2020,2020,AMPHENOL CORP,APH,32095101,820313,11,12
A,USD,STD,INDL,C,14282,12/31/2021,2021,AMPHENOL CORP,APH,32095101,820313,11,12
A,USD,STD,INDL,C,14282,12/31/2022,2022,AMPHENOL CORP,APH,32095101,820313,11,12
A,USD,STD,INDL,C,14282,12/31/2023,2023,AMPHENOL CORP,APH,32095101,820313,11,12
A,USD,STD,INDL,C,14282,12/31/2024,2024,AMPHENOL CORP,APH,32095101,820313,11,12
A,USD,STD,INDL,C,14282,12/31/2025,2025,AMPHENOL CORP,APH,32095101,820313,11,12
I,USD,STD,INDL,C,14359,12/31/2020,2020,PIONEER NATURAL RESOURCES CO,PXD,723787107,1038357,11,12
I,USD,STD,INDL,C,14359,12/31/2021,2021,PIONEER NATURAL RESOURCES CO,PXD,723787107,1038357,11,12
I,USD,STD,INDL,C,14359,12/31/2022,2022,PIONEER NATURAL RESOURCES CO,PXD,723787107,1038357,11,12
I,USD,STD,INDL,C,14359,12/31/2023,2023,PIONEER NATURAL RESOURCES CO,PXD,723787107,1038357,11,12
A,USD,STD,INDL,C,14934,12/31/2020,2020,DEVON ENERGY CORP,DVN,25179M103,1090012,11,12
A,USD,STD,INDL,C,14934,12/31/2021,2021,DEVON ENERGY CORP,DVN,25179M103,1090012,11,12
A,USD,STD,INDL,C,14934,12/31/2022,2022,DEVON ENERGY CORP,DVN,25179M103,1090012,11,12
A,USD,STD,INDL,C,14934,12/31/2023,2023,DEVON ENERGY CORP,DVN,25179M103,1090012,11,12
A,USD,STD,INDL,C,14934,12/31/2024,2024,DEVON ENERGY CORP,DVN,25179M103,1090012,11,12
A,USD,STD,INDL,C,14934,12/31/2025,2025,DEVON ENERGY CORP,DVN,25179M103,1090012,11,12
I,USD,STD,INDL,C,15060,12/31/2020,2020,CALLON PETROLEUM CO/DE,CPE,13123X508,928022,11,12
I,USD,STD,INDL,C,15060,12/31/2021,2021,CALLON PETROLEUM CO/DE,CPE,13123X508,928022,11,12
I,USD,STD,INDL,C,15060,12/31/2022,2022,CALLON PETROLEUM CO/DE,CPE,13123X508,928022,11,12
I,USD,STD,INDL,C,15060,12/31/2023,2023,CALLON PETROLEUM CO/DE,CPE,13123X508,928022,11,12
I,USD,STD,INDL,C,16116,12/31/2020,2020,CYRUSONE INC,CONE,23283R100,1553023,14,12
I,USD,STD,INDL,C,16116,12/31/2021,2021,CYRUSONE INC,CONE,23283R100,1553023,14,12
A,USD,STD,INDL,C,16477,12/31/2020,2020,LEAR CORP,LEA,521865204,842162,11,12
A,USD,STD,INDL,C,16477,12/31/2021,2021,LEAR CORP,LEA,521865204,842162,11,12
A,USD,STD,INDL,C,16477,12/31/2022,2022,LEAR CORP,LEA,521865204,842162,11,12
A,USD,STD,INDL,C,16477,12/31/2023,2023,LEAR CORP,LEA,521865204,842162,11,12
A,USD,STD,INDL,C,16477,12/31/2024,2024,LEAR CORP,LEA,521865204,842162,11,12
A,USD,STD,INDL,C,16477,12/31/2025,2025,LEAR CORP,LEA,521865204,842162,11,12
A,USD,STD,INDL,C,16653,12/31/2020,2020,TAYLOR MORRISON HOME CORP,TMHC,87724P106,1562476,11,12
A,USD,STD,INDL,C,16653,12/31/2021,2021,TAYLOR MORRISON HOME CORP,TMHC,87724P106,1562476,11,12
A,USD,STD,INDL,C,16653,12/31/2022,2022,TAYLOR MORRISON HOME CORP,TMHC,87724P106,1562476,11,12
A,USD,STD,INDL,C,16653,12/31/2023,2023,TAYLOR MORRISON HOME CORP,TMHC,87724P106,1562476,11,12
A,USD,STD,INDL,C,16653,12/31/2024,2024,TAYLOR MORRISON HOME CORP,TMHC,87724P106,1562476,11,12
A,USD,STD,INDL,C,16653,12/31/2025,2025,TAYLOR MORRISON HOME CORP,TMHC,87724P106,1562476,11,12
A,USD,STD,FS,C,17639,12/31/2020,2020,AMERICAN HOMES 4 RENT,AMH,02665T306,1562401,11,12
A,USD,STD,INDL,C,17639,12/31/2020,2020,AMERICAN HOMES 4 RENT,AMH,02665T306,1562401,11,12
A,USD,STD,FS,C,17639,12/31/2021,2021,AMERICAN HOMES 4 RENT,AMH,02665T306,1562401,11,12
A,USD,STD,INDL,C,17639,12/31/2021,2021,AMERICAN HOMES 4 RENT,AMH,02665T306,1562401,11,12
A,USD,STD,FS,C,17639,12/31/2022,2022,AMERICAN HOMES 4 RENT,AMH,02665T306,1562401,11,12
A,USD,STD,INDL,C,17639,12/31/2022,2022,AMERICAN HOMES 4 RENT,AMH,02665T306,1562401,11,12
A,USD,STD,FS,C,17639,12/31/2023,2023,AMERICAN HOMES 4 RENT,AMH,02665T306,1562401,11,12
A,USD,STD,INDL,C,17639,12/31/2023,2023,AMERICAN HOMES 4 RENT,AMH,02665T306,1562401,11,12
A,USD,STD,FS,C,17639,12/31/2024,2024,AMERICAN HOMES 4 RENT,AMH,02665T306,1562401,11,12
A,USD,STD,INDL,C,17639,12/31/2024,2024,AMERICAN HOMES 4 RENT,AMH,02665T306,1562401,11,12
A,USD,STD,FS,C,17639,12/31/2025,2025,AMERICAN HOMES 4 RENT,AMH,02665T306,1562401,11,12
A,USD,STD,INDL,C,17639,12/31/2025,2025,AMERICAN HOMES 4 RENT,AMH,02665T306,1562401,11,12
A,USD,STD,INDL,C,17934,12/31/2020,2020,SPROUTS FARMERS MARKET,SFM,85208M102,1575515,14,12
A,USD,STD,INDL,C,17934,12/31/2021,2021,SPROUTS FARMERS MARKET,SFM,85208M102,1575515,14,12
A,USD,STD,INDL,C,17934,12/31/2022,2022,SPROUTS FARMERS MARKET,SFM,85208M102,1575515,14,12
A,USD,STD,INDL,C,17934,12/31/2023,2023,SPROUTS FARMERS MARKET,SFM,85208M102,1575515,14,12
A,USD,STD,INDL,C,17934,12/31/2024,2024,SPROUTS FARMERS MARKET,SFM,85208M102,1575515,14,12
A,USD,STD,INDL,C,17934,12/31/2025,2025,SPROUTS FARMERS MARKET,SFM,85208M102,1575515,14,12
A,USD,STD,INDL,C,18004,12/31/2020,2020,CENTURY COMMUNITIES INC,CCS,156504300,1576940,11,12
A,USD,STD,INDL,C,18004,12/31/2021,2021,CENTURY COMMUNITIES INC,CCS,156504300,1576940,11,12
A,USD,STD,INDL,C,18004,12/31/2022,2022,CENTURY COMMUNITIES INC,CCS,156504300,1576940,11,12
A,USD,STD,INDL,C,18004,12/31/2023,2023,CENTURY COMMUNITIES INC,CCS,156504300,1576940,11,12
A,USD,STD,INDL,C,18004,12/31/2024,2024,CENTURY COMMUNITIES INC,CCS,156504300,1576940,11,12
A,USD,STD,INDL,C,18004,12/31/2025,2025,CENTURY COMMUNITIES INC,CCS,156504300,1576940,11,12
A,USD,STD,INDL,C,18036,12/31/2020,2020,VISTANCE NETWORKS INC,VISN,20337X109,1517228,14,12
A,USD,STD,INDL,C,18036,12/31/2021,2021,VISTANCE NETWORKS INC,VISN,20337X109,1517228,14,12
A,USD,STD,INDL,C,18036,12/31/2022,2022,VISTANCE NETWORKS INC,VISN,20337X109,1517228,14,12
A,USD,STD,INDL,C,18036,12/31/2023,2023,VISTANCE NETWORKS INC,VISN,20337X109,1517228,14,12
A,USD,STD,INDL,C,18036,12/31/2024,2024,VISTANCE NETWORKS INC,VISN,20337X109,1517228,14,12
A,USD,STD,INDL,C,18465,12/31/2020,2020,ANTERO RESOURCES CORP,AR,03674X106,1433270,11,12
A,USD,STD,INDL,C,18465,12/31/2021,2021,ANTERO RESOURCES CORP,AR,03674X106,1433270,11,12
A,USD,STD,INDL,C,18465,12/31/2022,2022,ANTERO RESOURCES CORP,AR,03674X106,1433270,11,12
A,USD,STD,INDL,C,18465,12/31/2023,2023,ANTERO RESOURCES CORP,AR,03674X106,1433270,11,12
A,USD,STD,INDL,C,18465,12/31/2024,2024,ANTERO RESOURCES CORP,AR,03674X106,1433270,11,12
A,USD,STD,INDL,C,18465,12/31/2025,2025,ANTERO RESOURCES CORP,AR,03674X106,1433270,11,12
A,USD,STD,INDL,C,18468,12/31/2020,2020,PLAINS GP HOLDINGS LP,PAGP,72651A207,1581990,14,12
A,USD,STD,INDL,C,18468,12/31/2021,2021,PLAINS GP HOLDINGS LP,PAGP,72651A207,1581990,14,12
A,USD,STD,INDL,C,18468,12/31/2022,2022,PLAINS GP HOLDINGS LP,PAGP,72651A207,1581990,14,12
A,USD,STD,INDL,C,18468,12/31/2023,2023,PLAINS GP HOLDINGS LP,PAGP,72651A207,1581990,14,12
A,USD,STD,INDL,C,18468,12/31/2024,2024,PLAINS GP HOLDINGS LP,PAGP,72651A207,1581990,14,12
I,USD,STD,INDL,C,18573,12/31/2020,2020,QTS REALTY TRUST INC,QTS,74736A103,1577368,11,12
A,USD,STD,INDL,C,18675,1/31/2020,2020,BURLINGTON STORES INC,BURL,122017106,1579298,11,1
A,USD,STD,INDL,C,18675,1/31/2021,2021,BURLINGTON STORES INC,BURL,122017106,1579298,11,1
A,USD,STD,INDL,C,18675,1/31/2022,2022,BURLINGTON STORES INC,BURL,122017106,1579298,11,1
A,USD,STD,INDL,C,18675,1/31/2023,2023,BURLINGTON STORES INC,BURL,122017106,1579298,11,1
A,USD,STD,INDL,C,18675,1/31/2024,2024,BURLINGTON STORES INC,BURL,122017106,1579298,11,1
A,USD,STD,INDL,C,18675,1/31/2025,2025,BURLINGTON STORES INC,BURL,122017106,1579298,11,1
A,USD,STD,INDL,C,18675,1/31/2026,2026,BURLINGTON STORES INC,BURL,122017106,1579298,11,1
I,USD,STD,INDL,C,18872,12/31/2020,2020,TWITTER INC,TWTR,90184L102,1418091,11,12
I,USD,STD,INDL,C,18872,12/31/2021,2021,TWITTER INC,TWTR,90184L102,1418091,11,12
I,USD,STD,INDL,C,19471,12/31/2020,2020,REVANCE THERAPEUTICS INC,RVNC,761330109,1479290,14,12
I,USD,STD,INDL,C,19471,12/31/2021,2021,REVANCE THERAPEUTICS INC,RVNC,761330109,1479290,14,12
I,USD,STD,INDL,C,19471,12/31/2022,2022,REVANCE THERAPEUTICS INC,RVNC,761330109,1479290,14,12
I,USD,STD,INDL,C,19471,12/31/2023,2023,REVANCE THERAPEUTICS INC,RVNC,761330109,1479290,14,12
I,USD,STD,INDL,C,20228,6/30/2020,2020,CATALENT INC,CTLT,148806102,1596783,11,6
I,USD,STD,INDL,C,20228,6/30/2021,2021,CATALENT INC,CTLT,148806102,1596783,11,6
I,USD,STD,INDL,C,20228,6/30/2022,2022,CATALENT INC,CTLT,148806102,1596783,11,6
I,USD,STD,INDL,C,20228,6/30/2023,2023,CATALENT INC,CTLT,148806102,1596783,11,6
I,USD,STD,INDL,C,20228,6/30/2024,2024,CATALENT INC,CTLT,148806102,1596783,11,6
A,USD,STD,FS,C,20430,12/31/2020,2020,SLM CORP,SLM,78442P106,1032033,14,12
A,USD,STD,INDL,C,20430,12/31/2020,2020,SLM CORP,SLM,78442P106,1032033,14,12
A,USD,STD,FS,C,20430,12/31/2021,2021,SLM CORP,SLM,78442P106,1032033,14,12
A,USD,STD,INDL,C,20430,12/31/2021,2021,SLM CORP,SLM,78442P106,1032033,14,12
A,USD,STD,FS,C,20430,12/31/2022,2022,SLM CORP,SLM,78442P106,1032033,14,12
A,USD,STD,INDL,C,20430,12/31/2022,2022,SLM CORP,SLM,78442P106,1032033,14,12
A,USD,STD,FS,C,20430,12/31/2023,2023,SLM CORP,SLM,78442P106,1032033,14,12
A,USD,STD,INDL,C,20430,12/31/2023,2023,SLM CORP,SLM,78442P106,1032033,14,12
A,USD,STD,FS,C,20430,12/31/2024,2024,SLM CORP,SLM,78442P106,1032033,14,12
A,USD,STD,INDL,C,20430,12/31/2024,2024,SLM CORP,SLM,78442P106,1032033,14,12
A,USD,STD,FS,C,20430,12/31/2025,2025,SLM CORP,SLM,78442P106,1032033,14,12
A,USD,STD,INDL,C,20430,12/31/2025,2025,SLM CORP,SLM,78442P106,1032033,14,12
A,USD,STD,INDL,C,20548,12/31/2020,2020,COTERRA ENERGY INC,CTRA,127097103,858470,11,12
A,USD,STD,INDL,C,20548,12/31/2021,2021,COTERRA ENERGY INC,CTRA,127097103,858470,11,12
A,USD,STD,INDL,C,20548,12/31/2022,2022,COTERRA ENERGY INC,CTRA,127097103,858470,11,12
A,USD,STD,INDL,C,20548,12/31/2023,2023,COTERRA ENERGY INC,CTRA,127097103,858470,11,12
A,USD,STD,INDL,C,20548,12/31/2024,2024,COTERRA ENERGY INC,CTRA,127097103,858470,11,12
A,USD,STD,INDL,C,20548,12/31/2025,2025,COTERRA ENERGY INC,CTRA,127097103,858470,11,12
A,USD,STD,INDL,C,20904,9/30/2020,2020,HOLOGIC INC,HOLX,436440101,859737,14,9
A,USD,STD,INDL,C,20904,9/30/2021,2021,HOLOGIC INC,HOLX,436440101,859737,14,9
A,USD,STD,INDL,C,20904,9/30/2022,2022,HOLOGIC INC,HOLX,436440101,859737,14,9
A,USD,STD,INDL,C,20904,9/30/2023,2023,HOLOGIC INC,HOLX,436440101,859737,14,9
A,USD,STD,INDL,C,20904,9/30/2024,2024,HOLOGIC INC,HOLX,436440101,859737,14,9
A,USD,STD,INDL,C,20904,9/30/2025,2025,HOLOGIC INC,HOLX,436440101,859737,14,9
A,USD,STD,FS,C,21825,12/31/2020,2020,CITIZENS FINANCIAL GROUP INC,CFG,174610105,759944,11,12
A,USD,STD,INDL,C,21825,12/31/2020,2020,CITIZENS FINANCIAL GROUP INC,CFG,174610105,759944,11,12
A,USD,STD,FS,C,21825,12/31/2021,2021,CITIZENS FINANCIAL GROUP INC,CFG,174610105,759944,11,12
A,USD,STD,INDL,C,21825,12/31/2021,2021,CITIZENS FINANCIAL GROUP INC,CFG,174610105,759944,11,12
A,USD,STD,FS,C,21825,12/31/2022,2022,CITIZENS FINANCIAL GROUP INC,CFG,174610105,759944,11,12
A,USD,STD,INDL,C,21825,12/31/2022,2022,CITIZENS FINANCIAL GROUP INC,CFG,174610105,759944,11,12
A,USD,STD,FS,C,21825,12/31/2023,2023,CITIZENS FINANCIAL GROUP INC,CFG,174610105,759944,11,12
A,USD,STD,INDL,C,21825,12/31/2023,2023,CITIZENS FINANCIAL GROUP INC,CFG,174610105,759944,11,12
A,USD,STD,FS,C,21825,12/31/2024,2024,CITIZENS FINANCIAL GROUP INC,CFG,174610105,759944,11,12
A,USD,STD,INDL,C,21825,12/31/2024,2024,CITIZENS FINANCIAL GROUP INC,CFG,174610105,759944,11,12
A,USD,STD,FS,C,21825,12/31/2025,2025,CITIZENS FINANCIAL GROUP INC,CFG,174610105,759944,11,12
A,USD,STD,INDL,C,21825,12/31/2025,2025,CITIZENS FINANCIAL GROUP INC,CFG,174610105,759944,11,12
A,USD,STD,INDL,C,22741,12/31/2020,2020,CHEMOURS CO,CC,163851108,1627223,11,12
A,USD,STD,INDL,C,22741,12/31/2021,2021,CHEMOURS CO,CC,163851108,1627223,11,12
A,USD,STD,INDL,C,22741,12/31/2022,2022,CHEMOURS CO,CC,163851108,1627223,11,12
A,USD,STD,INDL,C,22741,12/31/2023,2023,CHEMOURS CO,CC,163851108,1627223,11,12
A,USD,STD,INDL,C,22741,12/31/2024,2024,CHEMOURS CO,CC,163851108,1627223,11,12
A,USD,STD,INDL,C,22741,12/31/2025,2025,CHEMOURS CO,CC,163851108,1627223,11,12
I,USD,STD,INDL,C,23296,12/31/2020,2020,ENVIVA INC,EVVAQ,29415B103,1592057,19,12
I,USD,STD,INDL,C,23296,12/31/2021,2021,ENVIVA INC,EVVAQ,29415B103,1592057,19,12
I,USD,STD,INDL,C,23296,12/31/2022,2022,ENVIVA INC,EVVAQ,29415B103,1592057,19,12
I,USD,STD,INDL,C,23296,12/31/2023,2023,ENVIVA INC,EVVAQ,29415B103,1592057,19,12
A,USD,STD,INDL,C,24249,12/31/2020,2020,TELADOC HEALTH INC,TDOC,87918A105,1477449,11,12
A,USD,STD,INDL,C,24249,12/31/2021,2021,TELADOC HEALTH INC,TDOC,87918A105,1477449,11,12
A,USD,STD,INDL,C,24249,12/31/2022,2022,TELADOC HEALTH INC,TDOC,87918A105,1477449,11,12
A,USD,STD,INDL,C,24249,12/31/2023,2023,TELADOC HEALTH INC,TDOC,87918A105,1477449,11,12
A,USD,STD,INDL,C,24249,12/31/2024,2024,TELADOC HEALTH INC,TDOC,87918A105,1477449,11,12
A,USD,STD,INDL,C,24249,12/31/2025,2025,TELADOC HEALTH INC,TDOC,87918A105,1477449,11,12
A,USD,STD,INDL,C,24616,12/31/2020,2020,PAYPAL HOLDINGS INC,PYPL,70450Y103,1633917,14,12
A,USD,STD,INDL,C,24616,12/31/2021,2021,PAYPAL HOLDINGS INC,PYPL,70450Y103,1633917,14,12
A,USD,STD,INDL,C,24616,12/31/2022,2022,PAYPAL HOLDINGS INC,PYPL,70450Y103,1633917,14,12
A,USD,STD,INDL,C,24616,12/31/2023,2023,PAYPAL HOLDINGS INC,PYPL,70450Y103,1633917,14,12
A,USD,STD,INDL,C,24616,12/31/2024,2024,PAYPAL HOLDINGS INC,PYPL,70450Y103,1633917,14,12
A,USD,STD,INDL,C,24616,12/31/2025,2025,PAYPAL HOLDINGS INC,PYPL,70450Y103,1633917,14,12
A,USD,STD,INDL,C,24724,12/31/2020,2020,LIBERTY LATIN AMERICA LTD,LILAK,G9001E128,1712184,14,12
A,USD,STD,INDL,C,24724,12/31/2021,2021,LIBERTY LATIN AMERICA LTD,LILAK,G9001E128,1712184,14,12
A,USD,STD,INDL,C,24724,12/31/2022,2022,LIBERTY LATIN AMERICA LTD,LILAK,G9001E128,1712184,14,12
A,USD,STD,INDL,C,24724,12/31/2023,2023,LIBERTY LATIN AMERICA LTD,LILAK,G9001E128,1712184,14,12
A,USD,STD,INDL,C,24724,12/31/2024,2024,LIBERTY LATIN AMERICA LTD,LILAK,G9001E128,1712184,14,12
A,USD,STD,INDL,C,24724,12/31/2025,2025,LIBERTY LATIN AMERICA LTD,LILAK,G9001E128,1712184,14,12
A,USD,STD,INDL,C,24905,12/31/2020,2020,SUNRUN INC,RUN,86771W105,1469367,14,12
A,USD,STD,INDL,C,24905,12/31/2021,2021,SUNRUN INC,RUN,86771W105,1469367,14,12
A,USD,STD,INDL,C,24905,12/31/2022,2022,SUNRUN INC,RUN,86771W105,1469367,14,12
A,USD,STD,INDL,C,24905,12/31/2023,2023,SUNRUN INC,RUN,86771W105,1469367,14,12
A,USD,STD,INDL,C,24905,12/31/2024,2024,SUNRUN INC,RUN,86771W105,1469367,14,12
A,USD,STD,INDL,C,25389,12/31/2020,2020,GRAPHIC PACKAGING HOLDING CO,GPK,388689101,1408075,11,12
A,USD,STD,INDL,C,25389,12/31/2021,2021,GRAPHIC PACKAGING HOLDING CO,GPK,388689101,1408075,11,12
A,USD,STD,INDL,C,25389,12/31/2022,2022,GRAPHIC PACKAGING HOLDING CO,GPK,388689101,1408075,11,12
A,USD,STD,INDL,C,25389,12/31/2023,2023,GRAPHIC PACKAGING HOLDING CO,GPK,388689101,1408075,11,12
A,USD,STD,INDL,C,25389,12/31/2024,2024,GRAPHIC PACKAGING HOLDING CO,GPK,388689101,1408075,11,12
A,USD,STD,INDL,C,25389,12/31/2025,2025,GRAPHIC PACKAGING HOLDING CO,GPK,388689101,1408075,11,12
A,USD,STD,INDL,C,25922,12/31/2020,2020,KADANT INC,KAI,48282T104,886346,11,12
A,USD,STD,INDL,C,25922,12/31/2021,2021,KADANT INC,KAI,48282T104,886346,11,12
A,USD,STD,INDL,C,25922,12/31/2022,2022,KADANT INC,KAI,48282T104,886346,11,12
A,USD,STD,INDL,C,25922,12/31/2023,2023,KADANT INC,KAI,48282T104,886346,11,12
A,USD,STD,INDL,C,25922,12/31/2024,2024,KADANT INC,KAI,48282T104,886346,11,12
A,USD,STD,INDL,C,25964,12/31/2020,2020,CHART INDUSTRIES INC,GTLS,16115Q308,892553,11,12
A,USD,STD,INDL,C,25964,12/31/2021,2021,CHART INDUSTRIES INC,GTLS,16115Q308,892553,11,12
A,USD,STD,INDL,C,25964,12/31/2022,2022,CHART INDUSTRIES INC,GTLS,16115Q308,892553,11,12
A,USD,STD,INDL,C,25964,12/31/2023,2023,CHART INDUSTRIES INC,GTLS,16115Q308,892553,11,12
A,USD,STD,INDL,C,25964,12/31/2024,2024,CHART INDUSTRIES INC,GTLS,16115Q308,892553,11,12
A,USD,STD,INDL,C,26156,10/31/2020,2020,HEWLETT PACKARD ENTERPRISE,HPE,42824C109,1645590,11,10
A,USD,STD,INDL,C,26156,10/31/2021,2021,HEWLETT PACKARD ENTERPRISE,HPE,42824C109,1645590,11,10
A,USD,STD,INDL,C,26156,10/31/2022,2022,HEWLETT PACKARD ENTERPRISE,HPE,42824C109,1645590,11,10
A,USD,STD,INDL,C,26156,10/31/2023,2023,HEWLETT PACKARD ENTERPRISE,HPE,42824C109,1645590,11,10
A,USD,STD,INDL,C,26156,10/31/2024,2024,HEWLETT PACKARD ENTERPRISE,HPE,42824C109,1645590,11,10
A,USD,STD,INDL,C,26156,10/31/2025,2025,HEWLETT PACKARD ENTERPRISE,HPE,42824C109,1645590,11,10
A,USD,STD,INDL,C,27199,12/31/2020,2020,VAALCO ENERGY INC,EGY,91851C201,894627,11,12
A,USD,STD,INDL,C,27199,12/31/2021,2021,VAALCO ENERGY INC,EGY,91851C201,894627,11,12
A,USD,STD,INDL,C,27199,12/31/2022,2022,VAALCO ENERGY INC,EGY,91851C201,894627,11,12
A,USD,STD,INDL,C,27199,12/31/2023,2023,VAALCO ENERGY INC,EGY,91851C201,894627,11,12
A,USD,STD,INDL,C,27199,12/31/2024,2024,VAALCO ENERGY INC,EGY,91851C201,894627,11,12
A,USD,STD,FS,C,27394,12/31/2020,2020,PARK HOTELS & RESORTS,PK,700517105,1617406,11,12
A,USD,STD,INDL,C,27394,12/31/2020,2020,PARK HOTELS & RESORTS,PK,700517105,1617406,11,12
A,USD,STD,FS,C,27394,12/31/2021,2021,PARK HOTELS & RESORTS,PK,700517105,1617406,11,12
A,USD,STD,INDL,C,27394,12/31/2021,2021,PARK HOTELS & RESORTS,PK,700517105,1617406,11,12
A,USD,STD,FS,C,27394,12/31/2022,2022,PARK HOTELS & RESORTS,PK,700517105,1617406,11,12
A,USD,STD,INDL,C,27394,12/31/2022,2022,PARK HOTELS & RESORTS,PK,700517105,1617406,11,12
A,USD,STD,FS,C,27394,12/31/2023,2023,PARK HOTELS & RESORTS,PK,700517105,1617406,11,12
A,USD,STD,INDL,C,27394,12/31/2023,2023,PARK HOTELS & RESORTS,PK,700517105,1617406,11,12
A,USD,STD,FS,C,27394,12/31/2024,2024,PARK HOTELS & RESORTS,PK,700517105,1617406,11,12
A,USD,STD,INDL,C,27394,12/31/2024,2024,PARK HOTELS & RESORTS,PK,700517105,1617406,11,12
A,USD,STD,FS,C,27394,12/31/2025,2025,PARK HOTELS & RESORTS,PK,700517105,1617406,11,12
A,USD,STD,INDL,C,27394,12/31/2025,2025,PARK HOTELS & RESORTS,PK,700517105,1617406,11,12
A,USD,STD,INDL,C,27574,12/31/2020,2020,TPI COMPOSITES INC,TPICQ,87266J104,1455684,19,12
A,USD,STD,INDL,C,27574,12/31/2021,2021,TPI COMPOSITES INC,TPICQ,87266J104,1455684,19,12
A,USD,STD,INDL,C,27574,12/31/2022,2022,TPI COMPOSITES INC,TPICQ,87266J104,1455684,19,12
A,USD,STD,INDL,C,27574,12/31/2023,2023,TPI COMPOSITES INC,TPICQ,87266J104,1455684,19,12
A,USD,STD,INDL,C,27574,12/31/2024,2024,TPI COMPOSITES INC,TPICQ,87266J104,1455684,19,12
A,USD,STD,FS,C,27780,12/31/2020,2020,SITE CENTERS CORP,SITC,82981J851,894315,11,12
A,USD,STD,INDL,C,27780,12/31/2020,2020,SITE CENTERS CORP,SITC,82981J851,894315,11,12
A,USD,STD,FS,C,27780,12/31/2021,2021,SITE CENTERS CORP,SITC,82981J851,894315,11,12
A,USD,STD,INDL,C,27780,12/31/2021,2021,SITE CENTERS CORP,SITC,82981J851,894315,11,12
A,USD,STD,FS,C,27780,12/31/2022,2022,SITE CENTERS CORP,SITC,82981J851,894315,11,12
A,USD,STD,INDL,C,27780,12/31/2022,2022,SITE CENTERS CORP,SITC,82981J851,894315,11,12
A,USD,STD,FS,C,27780,12/31/2023,2023,SITE CENTERS CORP,SITC,82981J851,894315,11,12
A,USD,STD,INDL,C,27780,12/31/2023,2023,SITE CENTERS CORP,SITC,82981J851,894315,11,12
A,USD,STD,FS,C,27780,12/31/2024,2024,SITE CENTERS CORP,SITC,82981J851,894315,11,12
A,USD,STD,INDL,C,27780,12/31/2024,2024,SITE CENTERS CORP,SITC,82981J851,894315,11,12
A,USD,STD,INDL,C,28070,12/31/2020,2020,ADVANSIX INC,ASIX,00773T101,1673985,11,12
A,USD,STD,INDL,C,28070,12/31/2021,2021,ADVANSIX INC,ASIX,00773T101,1673985,11,12
A,USD,STD,INDL,C,28070,12/31/2022,2022,ADVANSIX INC,ASIX,00773T101,1673985,11,12
A,USD,STD,INDL,C,28070,12/31/2023,2023,ADVANSIX INC,ASIX,00773T101,1673985,11,12
A,USD,STD,INDL,C,28070,12/31/2024,2024,ADVANSIX INC,ASIX,00773T101,1673985,11,12
A,USD,STD,INDL,C,28070,12/31/2025,2025,ADVANSIX INC,ASIX,00773T101,1673985,11,12
A,USD,STD,INDL,C,28192,12/31/2020,2020,HOWMET AEROSPACE INC,HWM,443201108,4281,11,12
A,USD,STD,INDL,C,28192,12/31/2021,2021,HOWMET AEROSPACE INC,HWM,443201108,4281,11,12
A,USD,STD,INDL,C,28192,12/31/2022,2022,HOWMET AEROSPACE INC,HWM,443201108,4281,11,12
A,USD,STD,INDL,C,28192,12/31/2023,2023,HOWMET AEROSPACE INC,HWM,443201108,4281,11,12
A,USD,STD,INDL,C,28192,12/31/2024,2024,HOWMET AEROSPACE INC,HWM,443201108,4281,11,12
A,USD,STD,INDL,C,28192,12/31/2025,2025,HOWMET AEROSPACE INC,HWM,443201108,4281,11,12
A,USD,STD,INDL,C,28408,12/31/2020,2020,GENTHERM INC,THRM,37253A103,903129,14,12
A,USD,STD,INDL,C,28408,12/31/2021,2021,GENTHERM INC,THRM,37253A103,903129,14,12
A,USD,STD,INDL,C,28408,12/31/2022,2022,GENTHERM INC,THRM,37253A103,903129,14,12
A,USD,STD,INDL,C,28408,12/31/2023,2023,GENTHERM INC,THRM,37253A103,903129,14,12
A,USD,STD,INDL,C,28408,12/31/2024,2024,GENTHERM INC,THRM,37253A103,903129,14,12
A,USD,STD,INDL,C,28408,12/31/2025,2025,GENTHERM INC,THRM,37253A103,903129,14,12
A,USD,STD,INDL,C,28719,12/31/2020,2020,CONDUENT INC,CNDT,206787103,1677703,14,12
A,USD,STD,INDL,C,28719,12/31/2021,2021,CONDUENT INC,CNDT,206787103,1677703,14,12
A,USD,STD,INDL,C,28719,12/31/2022,2022,CONDUENT INC,CNDT,206787103,1677703,14,12
A,USD,STD,INDL,C,28719,12/31/2023,2023,CONDUENT INC,CNDT,206787103,1677703,14,12
A,USD,STD,INDL,C,28719,12/31/2024,2024,CONDUENT INC,CNDT,206787103,1677703,14,12
A,USD,STD,INDL,C,28719,12/31/2025,2025,CONDUENT INC,CNDT,206787103,1677703,14,12
A,USD,STD,INDL,C,28790,5/31/2020,2020,LAMB WESTON HOLDINGS INC,LW,513272104,1679273,11,5
A,USD,STD,INDL,C,28790,5/31/2021,2021,LAMB WESTON HOLDINGS INC,LW,513272104,1679273,11,5
A,USD,STD,INDL,C,28790,5/31/2022,2022,LAMB WESTON HOLDINGS INC,LW,513272104,1679273,11,5
A,USD,STD,INDL,C,28790,5/31/2023,2023,LAMB WESTON HOLDINGS INC,LW,513272104,1679273,11,5
A,USD,STD,INDL,C,28790,5/31/2024,2024,LAMB WESTON HOLDINGS INC,LW,513272104,1679273,11,5
A,USD,STD,INDL,C,28790,5/31/2025,2025,LAMB WESTON HOLDINGS INC,LW,513272104,1679273,11,5
A,USD,STD,INDL,C,28877,12/31/2020,2020,KEURIG DR PEPPER INC,KDP,49271V100,1418135,14,12
A,USD,STD,INDL,C,28877,12/31/2021,2021,KEURIG DR PEPPER INC,KDP,49271V100,1418135,14,12
A,USD,STD,INDL,C,28877,12/31/2022,2022,KEURIG DR PEPPER INC,KDP,49271V100,1418135,14,12
A,USD,STD,INDL,C,28877,12/31/2023,2023,KEURIG DR PEPPER INC,KDP,49271V100,1418135,14,12
A,USD,STD,INDL,C,28877,12/31/2024,2024,KEURIG DR PEPPER INC,KDP,49271V100,1418135,14,12
A,USD,STD,INDL,C,28877,12/31/2025,2025,KEURIG DR PEPPER INC,KDP,49271V100,1418135,14,12
A,USD,STD,INDL,C,28930,12/31/2020,2020,MARRIOTT INTL INC,MAR,571903202,1048286,14,12
A,USD,STD,INDL,C,28930,12/31/2021,2021,MARRIOTT INTL INC,MAR,571903202,1048286,14,12
A,USD,STD,INDL,C,28930,12/31/2022,2022,MARRIOTT INTL INC,MAR,571903202,1048286,14,12
A,USD,STD,INDL,C,28930,12/31/2023,2023,MARRIOTT INTL INC,MAR,571903202,1048286,14,12
A,USD,STD,INDL,C,28930,12/31/2024,2024,MARRIOTT INTL INC,MAR,571903202,1048286,14,12
A,USD,STD,INDL,C,28930,12/31/2025,2025,MARRIOTT INTL INC,MAR,571903202,1048286,14,12
A,USD,STD,FS,C,29099,12/31/2020,2020,REGENCY CENTERS CORP,REG,758849103,910606,14,12
A,USD,STD,INDL,C,29099,12/31/2020,2020,REGENCY CENTERS CORP,REG,758849103,910606,14,12
A,USD,STD,FS,C,29099,12/31/2021,2021,REGENCY CENTERS CORP,REG,758849103,910606,14,12
A,USD,STD,INDL,C,29099,12/31/2021,2021,REGENCY CENTERS CORP,REG,758849103,910606,14,12
A,USD,STD,FS,C,29099,12/31/2022,2022,REGENCY CENTERS CORP,REG,758849103,910606,14,12
A,USD,STD,INDL,C,29099,12/31/2022,2022,REGENCY CENTERS CORP,REG,758849103,910606,14,12
A,USD,STD,FS,C,29099,12/31/2023,2023,REGENCY CENTERS CORP,REG,758849103,910606,14,12
A,USD,STD,INDL,C,29099,12/31/2023,2023,REGENCY CENTERS CORP,REG,758849103,910606,14,12
A,USD,STD,FS,C,29099,12/31/2024,2024,REGENCY CENTERS CORP,REG,758849103,910606,14,12
A,USD,STD,INDL,C,29099,12/31/2024,2024,REGENCY CENTERS CORP,REG,758849103,910606,14,12
A,USD,STD,FS,C,29099,12/31/2025,2025,REGENCY CENTERS CORP,REG,758849103,910606,14,12
A,USD,STD,INDL,C,29099,12/31/2025,2025,REGENCY CENTERS CORP,REG,758849103,910606,14,12
A,USD,STD,INDL,C,29127,12/31/2020,2020,INCYTE CORP,INCY,45337C102,879169,14,12
A,USD,STD,INDL,C,29127,12/31/2021,2021,INCYTE CORP,INCY,45337C102,879169,14,12
A,USD,STD,INDL,C,29127,12/31/2022,2022,INCYTE CORP,INCY,45337C102,879169,14,12
A,USD,STD,INDL,C,29127,12/31/2023,2023,INCYTE CORP,INCY,45337C102,879169,14,12
A,USD,STD,INDL,C,29127,12/31/2024,2024,INCYTE CORP,INCY,45337C102,879169,14,12
A,USD,STD,INDL,C,29127,12/31/2025,2025,INCYTE CORP,INCY,45337C102,879169,14,12
I,USD,STD,INDL,C,29217,8/31/2020,2020,RADIUS RECYCLING INC,RDUS,806882106,912603,14,8
I,USD,STD,INDL,C,29217,8/31/2021,2021,RADIUS RECYCLING INC,RDUS,806882106,912603,14,8
I,USD,STD,INDL,C,29217,8/31/2022,2022,RADIUS RECYCLING INC,RDUS,806882106,912603,14,8
I,USD,STD,INDL,C,29217,8/31/2023,2023,RADIUS RECYCLING INC,RDUS,806882106,912603,14,8
I,USD,STD,INDL,C,29217,8/31/2024,2024,RADIUS RECYCLING INC,RDUS,806882106,912603,14,8
A,USD,STD,INDL,C,29736,12/31/2020,2020,TRACTOR SUPPLY CO,TSCO,892356106,916365,14,12
A,USD,STD,INDL,C,29736,12/31/2021,2021,TRACTOR SUPPLY CO,TSCO,892356106,916365,14,12
A,USD,STD,INDL,C,29736,12/31/2022,2022,TRACTOR SUPPLY CO,TSCO,892356106,916365,14,12
A,USD,STD,INDL,C,29736,12/31/2023,2023,TRACTOR SUPPLY CO,TSCO,892356106,916365,14,12
A,USD,STD,INDL,C,29736,12/31/2024,2024,TRACTOR SUPPLY CO,TSCO,892356106,916365,14,12
A,USD,STD,INDL,C,29736,12/31/2025,2025,TRACTOR SUPPLY CO,TSCO,892356106,916365,14,12
A,USD,STD,INDL,C,29751,12/31/2020,2020,ALBEMARLE CORP,ALB,12653101,915913,11,12
A,USD,STD,INDL,C,29751,12/31/2021,2021,ALBEMARLE CORP,ALB,12653101,915913,11,12
A,USD,STD,INDL,C,29751,12/31/2022,2022,ALBEMARLE CORP,ALB,12653101,915913,11,12
A,USD,STD,INDL,C,29751,12/31/2023,2023,ALBEMARLE CORP,ALB,12653101,915913,11,12
A,USD,STD,INDL,C,29751,12/31/2024,2024,ALBEMARLE CORP,ALB,12653101,915913,11,12
A,USD,STD,INDL,C,29751,12/31/2025,2025,ALBEMARLE CORP,ALB,12653101,915913,11,12
A,USD,STD,FS,C,29868,12/31/2020,2020,MACERICH CO,MAC,554382101,912242,11,12
A,USD,STD,INDL,C,29868,12/31/2020,2020,MACERICH CO,MAC,554382101,912242,11,12
A,USD,STD,FS,C,29868,12/31/2021,2021,MACERICH CO,MAC,554382101,912242,11,12
A,USD,STD,INDL,C,29868,12/31/2021,2021,MACERICH CO,MAC,554382101,912242,11,12
A,USD,STD,FS,C,29868,12/31/2022,2022,MACERICH CO,MAC,554382101,912242,11,12
A,USD,STD,INDL,C,29868,12/31/2022,2022,MACERICH CO,MAC,554382101,912242,11,12
A,USD,STD,FS,C,29868,12/31/2023,2023,MACERICH CO,MAC,554382101,912242,11,12
A,USD,STD,INDL,C,29868,12/31/2023,2023,MACERICH CO,MAC,554382101,912242,11,12
A,USD,STD,FS,C,29868,12/31/2024,2024,MACERICH CO,MAC,554382101,912242,11,12
A,USD,STD,INDL,C,29868,12/31/2024,2024,MACERICH CO,MAC,554382101,912242,11,12
A,USD,STD,FS,C,29868,12/31/2025,2025,MACERICH CO,MAC,554382101,912242,11,12
A,USD,STD,INDL,C,29868,12/31/2025,2025,MACERICH CO,MAC,554382101,912242,11,12
A,USD,STD,FS,C,29875,12/31/2020,2020,AVALONBAY COMMUNITIES INC,AVB,53484101,915912,11,12
A,USD,STD,INDL,C,29875,12/31/2020,2020,AVALONBAY COMMUNITIES INC,AVB,53484101,915912,11,12
A,USD,STD,FS,C,29875,12/31/2021,2021,AVALONBAY COMMUNITIES INC,AVB,53484101,915912,11,12
A,USD,STD,INDL,C,29875,12/31/2021,2021,AVALONBAY COMMUNITIES INC,AVB,53484101,915912,11,12
A,USD,STD,FS,C,29875,12/31/2022,2022,AVALONBAY COMMUNITIES INC,AVB,53484101,915912,11,12
A,USD,STD,INDL,C,29875,12/31/2022,2022,AVALONBAY COMMUNITIES INC,AVB,53484101,915912,11,12
A,USD,STD,FS,C,29875,12/31/2023,2023,AVALONBAY COMMUNITIES INC,AVB,53484101,915912,11,12
A,USD,STD,INDL,C,29875,12/31/2023,2023,AVALONBAY COMMUNITIES INC,AVB,53484101,915912,11,12
A,USD,STD,FS,C,29875,12/31/2024,2024,AVALONBAY COMMUNITIES INC,AVB,53484101,915912,11,12
A,USD,STD,INDL,C,29875,12/31/2024,2024,AVALONBAY COMMUNITIES INC,AVB,53484101,915912,11,12
A,USD,STD,FS,C,29875,12/31/2025,2025,AVALONBAY COMMUNITIES INC,AVB,53484101,915912,11,12
A,USD,STD,INDL,C,29875,12/31/2025,2025,AVALONBAY COMMUNITIES INC,AVB,53484101,915912,11,12
A,USD,STD,INDL,C,30091,12/31/2020,2020,SNAP INC,SNAP,83304A106,1564408,11,12
A,USD,STD,INDL,C,30091,12/31/2021,2021,SNAP INC,SNAP,83304A106,1564408,11,12
A,USD,STD,INDL,C,30091,12/31/2022,2022,SNAP INC,SNAP,83304A106,1564408,11,12
A,USD,STD,INDL,C,30091,12/31/2023,2023,SNAP INC,SNAP,83304A106,1564408,11,12
A,USD,STD,INDL,C,30091,12/31/2024,2024,SNAP INC,SNAP,83304A106,1564408,11,12
A,USD,STD,INDL,C,30091,12/31/2025,2025,SNAP INC,SNAP,83304A106,1564408,11,12
A,USD,STD,INDL,C,30170,3/31/2020,2020,FLEX LTD,FLEX,Y2573F102,866374,14,3
A,USD,STD,INDL,C,30170,3/31/2021,2021,FLEX LTD,FLEX,Y2573F102,866374,14,3
A,USD,STD,INDL,C,30170,3/31/2022,2022,FLEX LTD,FLEX,Y2573F102,866374,14,3
A,USD,STD,INDL,C,30170,3/31/2023,2023,FLEX LTD,FLEX,Y2573F102,866374,14,3
A,USD,STD,INDL,C,30170,3/31/2024,2024,FLEX LTD,FLEX,Y2573F102,866374,14,3
A,USD,STD,INDL,C,30170,3/31/2025,2025,FLEX LTD,FLEX,Y2573F102,866374,14,3
A,USD,STD,FS,C,30293,12/31/2020,2020,ESSEX PROPERTY TRUST,ESS,297178105,920522,11,12
A,USD,STD,INDL,C,30293,12/31/2020,2020,ESSEX PROPERTY TRUST,ESS,297178105,920522,11,12
A,USD,STD,FS,C,30293,12/31/2021,2021,ESSEX PROPERTY TRUST,ESS,297178105,920522,11,12
A,USD,STD,INDL,C,30293,12/31/2021,2021,ESSEX PROPERTY TRUST,ESS,297178105,920522,11,12
A,USD,STD,FS,C,30293,12/31/2022,2022,ESSEX PROPERTY TRUST,ESS,297178105,920522,11,12
A,USD,STD,INDL,C,30293,12/31/2022,2022,ESSEX PROPERTY TRUST,ESS,297178105,920522,11,12
A,USD,STD,FS,C,30293,12/31/2023,2023,ESSEX PROPERTY TRUST,ESS,297178105,920522,11,12
A,USD,STD,INDL,C,30293,12/31/2023,2023,ESSEX PROPERTY TRUST,ESS,297178105,920522,11,12
A,USD,STD,FS,C,30293,12/31/2024,2024,ESSEX PROPERTY TRUST,ESS,297178105,920522,11,12
A,USD,STD,INDL,C,30293,12/31/2024,2024,ESSEX PROPERTY TRUST,ESS,297178105,920522,11,12
A,USD,STD,FS,C,30293,12/31/2025,2025,ESSEX PROPERTY TRUST,ESS,297178105,920522,11,12
A,USD,STD,INDL,C,30293,12/31/2025,2025,ESSEX PROPERTY TRUST,ESS,297178105,920522,11,12
A,USD,STD,INDL,C,30397,12/31/2020,2020,WARRIOR MET COAL INC,HCC,93627C101,1691303,11,12
A,USD,STD,INDL,C,30397,12/31/2021,2021,WARRIOR MET COAL INC,HCC,93627C101,1691303,11,12
A,USD,STD,INDL,C,30397,12/31/2022,2022,WARRIOR MET COAL INC,HCC,93627C101,1691303,11,12
A,USD,STD,INDL,C,30397,12/31/2023,2023,WARRIOR MET COAL INC,HCC,93627C101,1691303,11,12
A,USD,STD,INDL,C,30397,12/31/2024,2024,WARRIOR MET COAL INC,HCC,93627C101,1691303,11,12
A,USD,STD,INDL,C,30397,12/31/2025,2025,WARRIOR MET COAL INC,HCC,93627C101,1691303,11,12
A,USD,STD,INDL,C,30463,8/31/2020,2020,GREENBRIER COS INC (THE),GBX,393657101,923120,11,8
A,USD,STD,INDL,C,30463,8/31/2021,2021,GREENBRIER COS INC (THE),GBX,393657101,923120,11,8
A,USD,STD,INDL,C,30463,8/31/2022,2022,GREENBRIER COS INC (THE),GBX,393657101,923120,11,8
A,USD,STD,INDL,C,30463,8/31/2023,2023,GREENBRIER COS INC (THE),GBX,393657101,923120,11,8
A,USD,STD,INDL,C,30463,8/31/2024,2024,GREENBRIER COS INC (THE),GBX,393657101,923120,11,8
A,USD,STD,INDL,C,30463,8/31/2025,2025,GREENBRIER COS INC (THE),GBX,393657101,923120,11,8
A,USD,STD,INDL,C,30651,12/31/2020,2020,DARLING INGREDIENTS INC,DAR,237266101,916540,11,12
A,USD,STD,INDL,C,30651,12/31/2021,2021,DARLING INGREDIENTS INC,DAR,237266101,916540,11,12
A,USD,STD,INDL,C,30651,12/31/2022,2022,DARLING INGREDIENTS INC,DAR,237266101,916540,11,12
A,USD,STD,INDL,C,30651,12/31/2023,2023,DARLING INGREDIENTS INC,DAR,237266101,916540,11,12
A,USD,STD,INDL,C,30651,12/31/2024,2024,DARLING INGREDIENTS INC,DAR,237266101,916540,11,12
A,USD,STD,INDL,C,31384,12/31/2020,2020,SEACOR MARINE HLDGS INC,SMHI,78413P101,1690334,11,12
A,USD,STD,INDL,C,31384,12/31/2021,2021,SEACOR MARINE HLDGS INC,SMHI,78413P101,1690334,11,12
A,USD,STD,INDL,C,31384,12/31/2022,2022,SEACOR MARINE HLDGS INC,SMHI,78413P101,1690334,11,12
A,USD,STD,INDL,C,31384,12/31/2023,2023,SEACOR MARINE HLDGS INC,SMHI,78413P101,1690334,11,12
A,USD,STD,INDL,C,31384,12/31/2024,2024,SEACOR MARINE HLDGS INC,SMHI,78413P101,1690334,11,12
A,USD,STD,INDL,C,31384,12/31/2025,2025,SEACOR MARINE HLDGS INC,SMHI,78413P101,1690334,11,12
A,USD,STD,INDL,C,32154,12/31/2020,2020,JBG SMITH PPTYS,JBGS,46590V100,1689796,11,12
A,USD,STD,FS,C,32154,12/31/2021,2021,JBG SMITH PPTYS,JBGS,46590V100,1689796,11,12
A,USD,STD,INDL,C,32154,12/31/2021,2021,JBG SMITH PPTYS,JBGS,46590V100,1689796,11,12
A,USD,STD,FS,C,32154,12/31/2022,2022,JBG SMITH PPTYS,JBGS,46590V100,1689796,11,12
A,USD,STD,INDL,C,32154,12/31/2022,2022,JBG SMITH PPTYS,JBGS,46590V100,1689796,11,12
A,USD,STD,FS,C,32154,12/31/2023,2023,JBG SMITH PPTYS,JBGS,46590V100,1689796,11,12
A,USD,STD,INDL,C,32154,12/31/2023,2023,JBG SMITH PPTYS,JBGS,46590V100,1689796,11,12
A,USD,STD,FS,C,32154,12/31/2024,2024,JBG SMITH PPTYS,JBGS,46590V100,1689796,11,12
A,USD,STD,INDL,C,32154,12/31/2024,2024,JBG SMITH PPTYS,JBGS,46590V100,1689796,11,12
A,USD,STD,FS,C,32154,12/31/2025,2025,JBG SMITH PPTYS,JBGS,46590V100,1689796,11,12
A,USD,STD,INDL,C,32154,12/31/2025,2025,JBG SMITH PPTYS,JBGS,46590V100,1689796,11,12
I,USD,STD,INDL,C,32469,12/31/2020,2020,SWITCH INC,SWCH,87105L104,1710583,11,12
I,USD,STD,INDL,C,32469,12/31/2021,2021,SWITCH INC,SWCH,87105L104,1710583,11,12
I,USD,STD,INDL,C,33596,12/31/2020,2020,CHARAH SOLUTIONS,CHRA,15957P303,1730346,19,12
I,USD,STD,INDL,C,33596,12/31/2021,2021,CHARAH SOLUTIONS,CHRA,15957P303,1730346,19,12
I,USD,STD,INDL,C,33596,12/31/2022,2022,CHARAH SOLUTIONS,CHRA,15957P303,1730346,19,12
A,USD,STD,INDL,C,33668,12/31/2020,2020,BLOOM ENERGY CORP,BE,93712107,1664703,11,12
A,USD,STD,INDL,C,33668,12/31/2021,2021,BLOOM ENERGY CORP,BE,93712107,1664703,11,12
A,USD,STD,INDL,C,33668,12/31/2022,2022,BLOOM ENERGY CORP,BE,93712107,1664703,11,12
A,USD,STD,INDL,C,33668,12/31/2023,2023,BLOOM ENERGY CORP,BE,93712107,1664703,11,12
A,USD,STD,INDL,C,33668,12/31/2024,2024,BLOOM ENERGY CORP,BE,93712107,1664703,11,12
A,USD,STD,INDL,C,33668,12/31/2025,2025,BLOOM ENERGY CORP,BE,93712107,1664703,11,12
A,USD,STD,INDL,C,33809,12/31/2020,2020,CUSHMAN & WAKEFIELD,CWK,G2717C106,1628369,11,12
A,USD,STD,FS,C,33809,12/31/2021,2021,CUSHMAN & WAKEFIELD,CWK,G2717C106,1628369,11,12
A,USD,STD,INDL,C,33809,12/31/2021,2021,CUSHMAN & WAKEFIELD,CWK,G2717C106,1628369,11,12
A,USD,STD,FS,C,33809,12/31/2022,2022,CUSHMAN & WAKEFIELD,CWK,G2717C106,1628369,11,12
A,USD,STD,INDL,C,33809,12/31/2022,2022,CUSHMAN & WAKEFIELD,CWK,G2717C106,1628369,11,12
A,USD,STD,FS,C,33809,12/31/2023,2023,CUSHMAN & WAKEFIELD,CWK,G2717C106,1628369,11,12
A,USD,STD,INDL,C,33809,12/31/2023,2023,CUSHMAN & WAKEFIELD,CWK,G2717C106,1628369,11,12
A,USD,STD,FS,C,33809,12/31/2024,2024,CUSHMAN & WAKEFIELD,CWK,G2717C106,1628369,11,12
A,USD,STD,INDL,C,33809,12/31/2024,2024,CUSHMAN & WAKEFIELD,CWK,G2717C106,1628369,11,12
A,USD,STD,FS,C,33809,12/31/2025,2025,CUSHMAN & WAKEFIELD,CWK,G2717C106,1628369,11,12
A,USD,STD,INDL,C,33809,12/31/2025,2025,CUSHMAN & WAKEFIELD,CWK,G2717C106,1628369,11,12
I,USD,STD,INDL,C,34048,12/31/2020,2020,RIO TINTO LITHIUM,ALTM,G0508H110,1977303,11,12
I,USD,STD,INDL,C,34048,12/31/2021,2021,RIO TINTO LITHIUM,ALTM,G0508H110,1977303,11,12
I,USD,STD,INDL,C,34048,12/31/2022,2022,RIO TINTO LITHIUM,ALTM,G0508H110,1977303,11,12
I,USD,STD,INDL,C,34048,12/31/2023,2023,RIO TINTO LITHIUM,ALTM,G0508H110,1977303,11,12
I,USD,STD,INDL,C,34048,12/31/2024,2024,RIO TINTO LITHIUM,ALTM,G0508H110,1977303,11,12
I,USD,STD,INDL,C,34337,12/31/2020,2020,EQUITRANS MID CORP,ETRN,294600101,1747009,11,12
I,USD,STD,INDL,C,34337,12/31/2021,2021,EQUITRANS MID CORP,ETRN,294600101,1747009,11,12
I,USD,STD,INDL,C,34337,12/31/2022,2022,EQUITRANS MID CORP,ETRN,294600101,1747009,11,12
I,USD,STD,INDL,C,34337,12/31/2023,2023,EQUITRANS MID CORP,ETRN,294600101,1747009,11,12
A,USD,STD,INDL,C,34443,12/31/2020,2020,DOW INC,DOW,260557103,1751788,11,12
A,USD,STD,INDL,C,34443,12/31/2021,2021,DOW INC,DOW,260557103,1751788,11,12
A,USD,STD,INDL,C,34443,12/31/2022,2022,DOW INC,DOW,260557103,1751788,11,12
A,USD,STD,INDL,C,34443,12/31/2023,2023,DOW INC,DOW,260557103,1751788,11,12
A,USD,STD,INDL,C,34443,12/31/2024,2024,DOW INC,DOW,260557103,1751788,11,12
A,USD,STD,INDL,C,34443,12/31/2025,2025,DOW INC,DOW,260557103,1751788,11,12
I,USD,STD,INDL,C,35374,1/31/2020,2020,MEDALLIA INC,MDLA,584021109,1540184,11,1
I,USD,STD,INDL,C,35374,1/31/2021,2021,MEDALLIA INC,MDLA,584021109,1540184,11,1
I,USD,STD,INDL,C,35395,12/31/2020,2020,SUNNOVA ENRGY INTL INC,NOVAQ,86745K104,1772695,19,12
I,USD,STD,INDL,C,35395,12/31/2021,2021,SUNNOVA ENRGY INTL INC,NOVAQ,86745K104,1772695,19,12
I,USD,STD,INDL,C,35395,12/31/2022,2022,SUNNOVA ENRGY INTL INC,NOVAQ,86745K104,1772695,19,12
I,USD,STD,INDL,C,35395,12/31/2023,2023,SUNNOVA ENRGY INTL INC,NOVAQ,86745K104,1772695,19,12
I,USD,STD,INDL,C,35395,12/31/2024,2024,SUNNOVA ENRGY INTL INC,NOVAQ,86745K104,1772695,19,12
A,USD,STD,INDL,C,35497,12/31/2020,2020,ENVISTA HOLDINGS CORP,NVST,29415F104,1757073,11,12
A,USD,STD,INDL,C,35497,12/31/2021,2021,ENVISTA HOLDINGS CORP,NVST,29415F104,1757073,11,12
A,USD,STD,INDL,C,35497,12/31/2022,2022,ENVISTA HOLDINGS CORP,NVST,29415F104,1757073,11,12
A,USD,STD,INDL,C,35497,12/31/2023,2023,ENVISTA HOLDINGS CORP,NVST,29415F104,1757073,11,12
A,USD,STD,INDL,C,35497,12/31/2024,2024,ENVISTA HOLDINGS CORP,NVST,29415F104,1757073,11,12
A,USD,STD,INDL,C,35497,12/31/2025,2025,ENVISTA HOLDINGS CORP,NVST,29415F104,1757073,11,12
A,USD,STD,INDL,C,36191,12/31/2020,2020,CARRIER GLOBAL CORP,CARR,14448C104,1783180,11,12
A,USD,STD,INDL,C,36191,12/31/2021,2021,CARRIER GLOBAL CORP,CARR,14448C104,1783180,11,12
A,USD,STD,INDL,C,36191,12/31/2022,2022,CARRIER GLOBAL CORP,CARR,14448C104,1783180,11,12
A,USD,STD,INDL,C,36191,12/31/2023,2023,CARRIER GLOBAL CORP,CARR,14448C104,1783180,11,12
A,USD,STD,INDL,C,36191,12/31/2024,2024,CARRIER GLOBAL CORP,CARR,14448C104,1783180,11,12
A,USD,STD,INDL,C,36191,12/31/2025,2025,CARRIER GLOBAL CORP,CARR,14448C104,1783180,11,12
A,USD,STD,INDL,C,37019,10/31/2020,2020,MISSION PRODUCE INC,AVO,60510V108,1802974,14,10
A,USD,STD,INDL,C,37019,10/31/2021,2021,MISSION PRODUCE INC,AVO,60510V108,1802974,14,10
A,USD,STD,INDL,C,37019,10/31/2022,2022,MISSION PRODUCE INC,AVO,60510V108,1802974,14,10
A,USD,STD,INDL,C,37019,10/31/2023,2023,MISSION PRODUCE INC,AVO,60510V108,1802974,14,10
A,USD,STD,INDL,C,37019,10/31/2024,2024,MISSION PRODUCE INC,AVO,60510V108,1802974,14,10
A,USD,STD,INDL,C,37019,10/31/2025,2025,MISSION PRODUCE INC,AVO,60510V108,1802974,14,10
I,USD,STD,INDL,C,60902,12/31/2020,2020,HAWAIIAN HOLDINGS INC,HA,419879101,1172222,14,12
I,USD,STD,INDL,C,60902,12/31/2021,2021,HAWAIIAN HOLDINGS INC,HA,419879101,1172222,14,12
I,USD,STD,INDL,C,60902,12/31/2022,2022,HAWAIIAN HOLDINGS INC,HA,419879101,1172222,14,12
I,USD,STD,INDL,C,60902,12/31/2023,2023,HAWAIIAN HOLDINGS INC,HA,419879101,1172222,14,12
A,USD,STD,INDL,C,61567,6/30/2020,2020,ESTEE LAUDER COMPANIES INC,EL,518439104,1001250,11,6
A,USD,STD,INDL,C,61567,6/30/2021,2021,ESTEE LAUDER COMPANIES INC,EL,518439104,1001250,11,6
A,USD,STD,INDL,C,61567,6/30/2022,2022,ESTEE LAUDER COMPANIES INC,EL,518439104,1001250,11,6
A,USD,STD,INDL,C,61567,6/30/2023,2023,ESTEE LAUDER COMPANIES INC,EL,518439104,1001250,11,6
A,USD,STD,INDL,C,61567,6/30/2024,2024,ESTEE LAUDER COMPANIES INC,EL,518439104,1001250,11,6
A,USD,STD,INDL,C,61567,6/30/2025,2025,ESTEE LAUDER COMPANIES INC,EL,518439104,1001250,11,6
I,USD,STD,INDL,C,61685,9/30/2020,2020,NUANCE COMMUNICATIONS INC,NUAN,67020Y100,1002517,14,9
I,USD,STD,INDL,C,61685,9/30/2021,2021,NUANCE COMMUNICATIONS INC,NUAN,67020Y100,1002517,14,9
A,USD,STD,FS,C,62689,12/31/2020,2020,TRAVELERS COS INC,TRV,8.94E+113,86312,11,12
A,USD,STD,INDL,C,62689,12/31/2020,2020,TRAVELERS COS INC,TRV,8.94E+113,86312,11,12
A,USD,STD,FS,C,62689,12/31/2021,2021,TRAVELERS COS INC,TRV,8.94E+113,86312,11,12
A,USD,STD,INDL,C,62689,12/31/2021,2021,TRAVELERS COS INC,TRV,8.94E+113,86312,11,12
A,USD,STD,FS,C,62689,12/31/2022,2022,TRAVELERS COS INC,TRV,8.94E+113,86312,11,12
A,USD,STD,INDL,C,62689,12/31/2022,2022,TRAVELERS COS INC,TRV,8.94E+113,86312,11,12
A,USD,STD,FS,C,62689,12/31/2023,2023,TRAVELERS COS INC,TRV,8.94E+113,86312,11,12
A,USD,STD,INDL,C,62689,12/31/2023,2023,TRAVELERS COS INC,TRV,8.94E+113,86312,11,12
A,USD,STD,FS,C,62689,12/31/2024,2024,TRAVELERS COS INC,TRV,8.94E+113,86312,11,12
A,USD,STD,INDL,C,62689,12/31/2024,2024,TRAVELERS COS INC,TRV,8.94E+113,86312,11,12
A,USD,STD,FS,C,62689,12/31/2025,2025,TRAVELERS COS INC,TRV,8.94E+113,86312,11,12
A,USD,STD,INDL,C,62689,12/31/2025,2025,TRAVELERS COS INC,TRV,8.94E+113,86312,11,12
I,USD,STD,INDL,C,62897,12/31/2020,2020,TUPPERWARE BRANDS CORP,TUPBQ,899896104,1008654,19,12
I,USD,STD,INDL,C,62897,12/31/2021,2021,TUPPERWARE BRANDS CORP,TUPBQ,899896104,1008654,19,12
I,USD,STD,INDL,C,62897,12/31/2022,2022,TUPPERWARE BRANDS CORP,TUPBQ,899896104,1008654,19,12
A,USD,STD,INDL,C,63927,7/31/2020,2020,UNITED NATURAL FOODS INC,UNFI,911163103,1020859,11,7
A,USD,STD,INDL,C,63927,7/31/2021,2021,UNITED NATURAL FOODS INC,UNFI,911163103,1020859,11,7
A,USD,STD,INDL,C,63927,7/31/2022,2022,UNITED NATURAL FOODS INC,UNFI,911163103,1020859,11,7
A,USD,STD,INDL,C,63927,7/31/2023,2023,UNITED NATURAL FOODS INC,UNFI,911163103,1020859,11,7
A,USD,STD,INDL,C,63927,7/31/2024,2024,UNITED NATURAL FOODS INC,UNFI,911163103,1020859,11,7
A,USD,STD,INDL,C,63927,7/31/2025,2025,UNITED NATURAL FOODS INC,UNFI,911163103,1020859,11,7
A,USD,STD,INDL,C,64344,7/31/2020,2020,VAIL RESORTS INC,MTN,91879Q109,812011,11,7
A,USD,STD,INDL,C,64344,7/31/2021,2021,VAIL RESORTS INC,MTN,91879Q109,812011,11,7
A,USD,STD,INDL,C,64344,7/31/2022,2022,VAIL RESORTS INC,MTN,91879Q109,812011,11,7
A,USD,STD,INDL,C,64344,7/31/2023,2023,VAIL RESORTS INC,MTN,91879Q109,812011,11,7
A,USD,STD,INDL,C,64344,7/31/2024,2024,VAIL RESORTS INC,MTN,91879Q109,812011,11,7
A,USD,STD,INDL,C,64344,7/31/2025,2025,VAIL RESORTS INC,MTN,91879Q109,812011,11,7
A,USD,STD,INDL,C,64891,3/31/2020,2020,RALPH LAUREN CORP,RL,751212101,1037038,11,3
A,USD,STD,INDL,C,64891,3/31/2021,2021,RALPH LAUREN CORP,RL,751212101,1037038,11,3
A,USD,STD,INDL,C,64891,3/31/2022,2022,RALPH LAUREN CORP,RL,751212101,1037038,11,3
A,USD,STD,INDL,C,64891,3/31/2023,2023,RALPH LAUREN CORP,RL,751212101,1037038,11,3
A,USD,STD,INDL,C,64891,3/31/2024,2024,RALPH LAUREN CORP,RL,751212101,1037038,11,3
A,USD,STD,INDL,C,64891,3/31/2025,2025,RALPH LAUREN CORP,RL,751212101,1037038,11,3
A,USD,STD,FS,C,65556,12/31/2020,2020,ANNALY CAPITAL MANAGEMENT,NLY,35710839,1043219,11,12
A,USD,STD,INDL,C,65556,12/31/2020,2020,ANNALY CAPITAL MANAGEMENT,NLY,35710839,1043219,11,12
A,USD,STD,FS,C,65556,12/31/2021,2021,ANNALY CAPITAL MANAGEMENT,NLY,35710839,1043219,11,12
A,USD,STD,INDL,C,65556,12/31/2021,2021,ANNALY CAPITAL MANAGEMENT,NLY,35710839,1043219,11,12
A,USD,STD,FS,C,65556,12/31/2022,2022,ANNALY CAPITAL MANAGEMENT,NLY,35710839,1043219,11,12
A,USD,STD,INDL,C,65556,12/31/2022,2022,ANNALY CAPITAL MANAGEMENT,NLY,35710839,1043219,11,12
A,USD,STD,FS,C,65556,12/31/2023,2023,ANNALY CAPITAL MANAGEMENT,NLY,35710839,1043219,11,12
A,USD,STD,INDL,C,65556,12/31/2023,2023,ANNALY CAPITAL MANAGEMENT,NLY,35710839,1043219,11,12
A,USD,STD,FS,C,65556,12/31/2024,2024,ANNALY CAPITAL MANAGEMENT,NLY,35710839,1043219,11,12
A,USD,STD,INDL,C,65556,12/31/2024,2024,ANNALY CAPITAL MANAGEMENT,NLY,35710839,1043219,11,12
A,USD,STD,FS,C,65556,12/31/2025,2025,ANNALY CAPITAL MANAGEMENT,NLY,35710839,1043219,11,12
A,USD,STD,INDL,C,65556,12/31/2025,2025,ANNALY CAPITAL MANAGEMENT,NLY,35710839,1043219,11,12
A,USD,STD,INDL,C,65609,12/31/2020,2020,C H ROBINSON WORLDWIDE INC,CHRW,12541W209,1043277,14,12
A,USD,STD,INDL,C,65609,12/31/2021,2021,C H ROBINSON WORLDWIDE INC,CHRW,12541W209,1043277,14,12
A,USD,STD,INDL,C,65609,12/31/2022,2022,C H ROBINSON WORLDWIDE INC,CHRW,12541W209,1043277,14,12
A,USD,STD,INDL,C,65609,12/31/2023,2023,C H ROBINSON WORLDWIDE INC,CHRW,12541W209,1043277,14,12
A,USD,STD,INDL,C,65609,12/31/2024,2024,C H ROBINSON WORLDWIDE INC,CHRW,12541W209,1043277,14,12
A,USD,STD,INDL,C,65609,12/31/2025,2025,C H ROBINSON WORLDWIDE INC,CHRW,12541W209,1043277,14,12
A,USD,STD,INDL,C,66065,12/31/2020,2020,UNITED RENTALS INC,URI,911363109,1067701,11,12
A,USD,STD,INDL,C,66065,12/31/2021,2021,UNITED RENTALS INC,URI,911363109,1067701,11,12
A,USD,STD,INDL,C,66065,12/31/2022,2022,UNITED RENTALS INC,URI,911363109,1067701,11,12
A,USD,STD,INDL,C,66065,12/31/2023,2023,UNITED RENTALS INC,URI,911363109,1067701,11,12
A,USD,STD,INDL,C,66065,12/31/2024,2024,UNITED RENTALS INC,URI,911363109,1067701,11,12
A,USD,STD,INDL,C,66065,12/31/2025,2025,UNITED RENTALS INC,URI,911363109,1067701,11,12
I,USD,STD,INDL,C,100873,12/31/2020,2020,NIELSEN HOLDINGS PLC,NLSN,G6518L108,1492633,11,12
I,USD,STD,INDL,C,100873,12/31/2021,2021,NIELSEN HOLDINGS PLC,NLSN,G6518L108,1492633,11,12
A,USD,STD,INDL,C,104432,12/31/2020,2020,NORWEGIAN CRUISE LINE HLDGS,NCLH,G66721104,1513761,11,12
A,USD,STD,INDL,C,104432,12/31/2021,2021,NORWEGIAN CRUISE LINE HLDGS,NCLH,G66721104,1513761,11,12
A,USD,STD,INDL,C,104432,12/31/2022,2022,NORWEGIAN CRUISE LINE HLDGS,NCLH,G66721104,1513761,11,12
A,USD,STD,INDL,C,104432,12/31/2023,2023,NORWEGIAN CRUISE LINE HLDGS,NCLH,G66721104,1513761,11,12
A,USD,STD,INDL,C,104432,12/31/2024,2024,NORWEGIAN CRUISE LINE HLDGS,NCLH,G66721104,1513761,11,12
A,USD,STD,INDL,C,104432,12/31/2025,2025,NORWEGIAN CRUISE LINE HLDGS,NCLH,G66721104,1513761,11,12
A,USD,STD,FS,C,105365,12/31/2020,2020,AMERICAN TOWER CORP,AMT,03027X100,1053507,11,12
A,USD,STD,INDL,C,105365,12/31/2020,2020,AMERICAN TOWER CORP,AMT,03027X100,1053507,11,12
A,USD,STD,FS,C,105365,12/31/2021,2021,AMERICAN TOWER CORP,AMT,03027X100,1053507,11,12
A,USD,STD,INDL,C,105365,12/31/2021,2021,AMERICAN TOWER CORP,AMT,03027X100,1053507,11,12
A,USD,STD,FS,C,105365,12/31/2022,2022,AMERICAN TOWER CORP,AMT,03027X100,1053507,11,12
A,USD,STD,INDL,C,105365,12/31/2022,2022,AMERICAN TOWER CORP,AMT,03027X100,1053507,11,12
A,USD,STD,FS,C,105365,12/31/2023,2023,AMERICAN TOWER CORP,AMT,03027X100,1053507,11,12
A,USD,STD,INDL,C,105365,12/31/2023,2023,AMERICAN TOWER CORP,AMT,03027X100,1053507,11,12
A,USD,STD,FS,C,105365,12/31/2024,2024,AMERICAN TOWER CORP,AMT,03027X100,1053507,11,12
A,USD,STD,INDL,C,105365,12/31/2024,2024,AMERICAN TOWER CORP,AMT,03027X100,1053507,11,12
A,USD,STD,FS,C,105365,12/31/2025,2025,AMERICAN TOWER CORP,AMT,03027X100,1053507,11,12
A,USD,STD,INDL,C,105365,12/31/2025,2025,AMERICAN TOWER CORP,AMT,03027X100,1053507,11,12
A,USD,STD,INDL,C,105936,12/31/2020,2020,COLUMBIA SPORTSWEAR CO,COLM,198516106,1050797,14,12
A,USD,STD,INDL,C,105936,12/31/2021,2021,COLUMBIA SPORTSWEAR CO,COLM,198516106,1050797,14,12
A,USD,STD,INDL,C,105936,12/31/2022,2022,COLUMBIA SPORTSWEAR CO,COLM,198516106,1050797,14,12
A,USD,STD,INDL,C,105936,12/31/2023,2023,COLUMBIA SPORTSWEAR CO,COLM,198516106,1050797,14,12
A,USD,STD,INDL,C,105936,12/31/2024,2024,COLUMBIA SPORTSWEAR CO,COLM,198516106,1050797,14,12
A,USD,STD,INDL,C,105936,12/31/2025,2025,COLUMBIA SPORTSWEAR CO,COLM,198516106,1050797,14,12
A,USD,STD,FS,C,113490,12/31/2020,2020,CROWN CASTLE INC,CCI,22822V101,1051470,11,12
A,USD,STD,INDL,C,113490,12/31/2020,2020,CROWN CASTLE INC,CCI,22822V101,1051470,11,12
A,USD,STD,FS,C,113490,12/31/2021,2021,CROWN CASTLE INC,CCI,22822V101,1051470,11,12
A,USD,STD,INDL,C,113490,12/31/2021,2021,CROWN CASTLE INC,CCI,22822V101,1051470,11,12
A,USD,STD,FS,C,113490,12/31/2022,2022,CROWN CASTLE INC,CCI,22822V101,1051470,11,12
A,USD,STD,INDL,C,113490,12/31/2022,2022,CROWN CASTLE INC,CCI,22822V101,1051470,11,12
A,USD,STD,FS,C,113490,12/31/2023,2023,CROWN CASTLE INC,CCI,22822V101,1051470,11,12
A,USD,STD,INDL,C,113490,12/31/2023,2023,CROWN CASTLE INC,CCI,22822V101,1051470,11,12
A,USD,STD,FS,C,113490,12/31/2024,2024,CROWN CASTLE INC,CCI,22822V101,1051470,11,12
A,USD,STD,INDL,C,113490,12/31/2024,2024,CROWN CASTLE INC,CCI,22822V101,1051470,11,12
A,USD,STD,INDL,C,113490,12/31/2025,2025,CROWN CASTLE INC,CCI,22822V101,1051470,11,12
A,USD,STD,INDL,C,117768,1/31/2020,2020,NVIDIA CORP,NVDA,67066G104,1045810,14,1
A,USD,STD,INDL,C,117768,1/31/2021,2021,NVIDIA CORP,NVDA,67066G104,1045810,14,1
A,USD,STD,INDL,C,117768,1/31/2022,2022,NVIDIA CORP,NVDA,67066G104,1045810,14,1
A,USD,STD,INDL,C,117768,1/31/2023,2023,NVIDIA CORP,NVDA,67066G104,1045810,14,1
A,USD,STD,INDL,C,117768,1/31/2024,2024,NVIDIA CORP,NVDA,67066G104,1045810,14,1
A,USD,STD,INDL,C,117768,1/31/2025,2025,NVIDIA CORP,NVDA,67066G104,1045810,14,1
A,USD,STD,INDL,C,117768,1/31/2026,2026,NVIDIA CORP,NVDA,67066G104,1045810,14,1
A,USD,STD,INDL,C,120093,12/31/2020,2020,CNX RESOURCES CORP,CNX,12653C108,1070412,11,12
A,USD,STD,INDL,C,120093,12/31/2021,2021,CNX RESOURCES CORP,CNX,12653C108,1070412,11,12
A,USD,STD,INDL,C,120093,12/31/2022,2022,CNX RESOURCES CORP,CNX,12653C108,1070412,11,12
A,USD,STD,INDL,C,120093,12/31/2023,2023,CNX RESOURCES CORP,CNX,12653C108,1070412,11,12
A,USD,STD,INDL,C,120093,12/31/2024,2024,CNX RESOURCES CORP,CNX,12653C108,1070412,11,12
A,USD,STD,INDL,C,120093,12/31/2025,2025,CNX RESOURCES CORP,CNX,12653C108,1070412,11,12
A,USD,STD,INDL,C,121440,12/31/2020,2020,UNITED THERAPEUTICS CORP,UTHR,91307C102,1082554,14,12
A,USD,STD,INDL,C,121440,12/31/2021,2021,UNITED THERAPEUTICS CORP,UTHR,91307C102,1082554,14,12
A,USD,STD,INDL,C,121440,12/31/2022,2022,UNITED THERAPEUTICS CORP,UTHR,91307C102,1082554,14,12
A,USD,STD,INDL,C,121440,12/31/2023,2023,UNITED THERAPEUTICS CORP,UTHR,91307C102,1082554,14,12
A,USD,STD,INDL,C,121440,12/31/2024,2024,UNITED THERAPEUTICS CORP,UTHR,91307C102,1082554,14,12
A,USD,STD,INDL,C,121440,12/31/2025,2025,UNITED THERAPEUTICS CORP,UTHR,91307C102,1082554,14,12
A,USD,STD,INDL,C,125595,12/31/2020,2020,AKAMAI TECHNOLOGIES INC,AKAM,00971T101,1086222,14,12
A,USD,STD,INDL,C,125595,12/31/2021,2021,AKAMAI TECHNOLOGIES INC,AKAM,00971T101,1086222,14,12
A,USD,STD,INDL,C,125595,12/31/2022,2022,AKAMAI TECHNOLOGIES INC,AKAM,00971T101,1086222,14,12
A,USD,STD,INDL,C,125595,12/31/2023,2023,AKAMAI TECHNOLOGIES INC,AKAM,00971T101,1086222,14,12
A,USD,STD,INDL,C,125595,12/31/2024,2024,AKAMAI TECHNOLOGIES INC,AKAM,00971T101,1086222,14,12
A,USD,STD,INDL,C,125595,12/31/2025,2025,AKAMAI TECHNOLOGIES INC,AKAM,00971T101,1086222,14,12
A,USD,STD,INDL,C,126554,10/31/2020,2020,AGILENT TECHNOLOGIES INC,A,00846U101,1090872,11,10
A,USD,STD,INDL,C,126554,10/31/2021,2021,AGILENT TECHNOLOGIES INC,A,00846U101,1090872,11,10
A,USD,STD,INDL,C,126554,10/31/2022,2022,AGILENT TECHNOLOGIES INC,A,00846U101,1090872,11,10
A,USD,STD,INDL,C,126554,10/31/2023,2023,AGILENT TECHNOLOGIES INC,A,00846U101,1090872,11,10
A,USD,STD,INDL,C,126554,10/31/2024,2024,AGILENT TECHNOLOGIES INC,A,00846U101,1090872,11,10
A,USD,STD,INDL,C,126554,10/31/2025,2025,AGILENT TECHNOLOGIES INC,A,00846U101,1090872,11,10
A,USD,STD,FS,C,133768,12/31/2020,2020,METLIFE INC,MET,59156R108,1099219,11,12
A,USD,STD,INDL,C,133768,12/31/2020,2020,METLIFE INC,MET,59156R108,1099219,11,12
A,USD,STD,FS,C,133768,12/31/2021,2021,METLIFE INC,MET,59156R108,1099219,11,12
A,USD,STD,INDL,C,133768,12/31/2021,2021,METLIFE INC,MET,59156R108,1099219,11,12
A,USD,STD,FS,C,133768,12/31/2022,2022,METLIFE INC,MET,59156R108,1099219,11,12
A,USD,STD,INDL,C,133768,12/31/2022,2022,METLIFE INC,MET,59156R108,1099219,11,12
A,USD,STD,FS,C,133768,12/31/2023,2023,METLIFE INC,MET,59156R108,1099219,11,12
A,USD,STD,INDL,C,133768,12/31/2023,2023,METLIFE INC,MET,59156R108,1099219,11,12
A,USD,STD,FS,C,133768,12/31/2024,2024,METLIFE INC,MET,59156R108,1099219,11,12
A,USD,STD,INDL,C,133768,12/31/2024,2024,METLIFE INC,MET,59156R108,1099219,11,12
A,USD,STD,FS,C,133768,12/31/2025,2025,METLIFE INC,MET,59156R108,1099219,11,12
A,USD,STD,INDL,C,133768,12/31/2025,2025,METLIFE INC,MET,59156R108,1099219,11,12
A,USD,STD,INDL,C,134932,12/31/2020,2020,ON SEMICONDUCTOR CORP,ON,682189105,1097864,14,12
A,USD,STD,INDL,C,134932,12/31/2021,2021,ON SEMICONDUCTOR CORP,ON,682189105,1097864,14,12
A,USD,STD,INDL,C,134932,12/31/2022,2022,ON SEMICONDUCTOR CORP,ON,682189105,1097864,14,12
A,USD,STD,INDL,C,134932,12/31/2023,2023,ON SEMICONDUCTOR CORP,ON,682189105,1097864,14,12
A,USD,STD,INDL,C,134932,12/31/2024,2024,ON SEMICONDUCTOR CORP,ON,682189105,1097864,14,12
A,USD,STD,INDL,C,134932,12/31/2025,2025,ON SEMICONDUCTOR CORP,ON,682189105,1097864,14,12
A,USD,STD,INDL,C,135990,12/31/2020,2020,NRG ENERGY INC,NRG,629377508,1013871,11,12
A,USD,STD,INDL,C,135990,12/31/2021,2021,NRG ENERGY INC,NRG,629377508,1013871,11,12
A,USD,STD,INDL,C,135990,12/31/2022,2022,NRG ENERGY INC,NRG,629377508,1013871,11,12
A,USD,STD,INDL,C,135990,12/31/2023,2023,NRG ENERGY INC,NRG,629377508,1013871,11,12
A,USD,STD,INDL,C,135990,12/31/2024,2024,NRG ENERGY INC,NRG,629377508,1013871,11,12
A,USD,STD,INDL,C,135990,12/31/2025,2025,NRG ENERGY INC,NRG,629377508,1013871,11,12
I,USD,STD,INDL,C,138122,12/31/2020,2020,ARENA PHARMACEUTICALS INC,ARNA,40047607,1080709,14,12
I,USD,STD,INDL,C,138122,12/31/2021,2021,ARENA PHARMACEUTICALS INC,ARNA,40047607,1080709,14,12
A,USD,STD,INDL,C,139665,12/31/2020,2020,MOODY'S CORP,MCO,615369105,1059556,11,12
A,USD,STD,INDL,C,139665,12/31/2021,2021,MOODY'S CORP,MCO,615369105,1059556,11,12
A,USD,STD,INDL,C,139665,12/31/2022,2022,MOODY'S CORP,MCO,615369105,1059556,11,12
A,USD,STD,INDL,C,139665,12/31/2023,2023,MOODY'S CORP,MCO,615369105,1059556,11,12
A,USD,STD,INDL,C,139665,12/31/2024,2024,MOODY'S CORP,MCO,615369105,1059556,11,12
A,USD,STD,INDL,C,139665,12/31/2025,2025,MOODY'S CORP,MCO,615369105,1059556,11,12
A,USD,STD,INDL,C,140541,6/30/2020,2020,TAPESTRY INC,TPR,876030107,1116132,11,6
A,USD,STD,INDL,C,140541,6/30/2021,2021,TAPESTRY INC,TPR,876030107,1116132,11,6
A,USD,STD,INDL,C,140541,6/30/2022,2022,TAPESTRY INC,TPR,876030107,1116132,11,6
A,USD,STD,INDL,C,140541,6/30/2023,2023,TAPESTRY INC,TPR,876030107,1116132,11,6
A,USD,STD,INDL,C,140541,6/30/2024,2024,TAPESTRY INC,TPR,876030107,1116132,11,6
A,USD,STD,INDL,C,140541,6/30/2025,2025,TAPESTRY INC,TPR,876030107,1116132,11,6
A,USD,STD,INDL,C,142953,12/31/2020,2020,MONDELEZ INTERNATIONAL INC,MDLZ,609207105,1103982,14,12
A,USD,STD,INDL,C,142953,12/31/2021,2021,MONDELEZ INTERNATIONAL INC,MDLZ,609207105,1103982,14,12
A,USD,STD,INDL,C,142953,12/31/2022,2022,MONDELEZ INTERNATIONAL INC,MDLZ,609207105,1103982,14,12
A,USD,STD,INDL,C,142953,12/31/2023,2023,MONDELEZ INTERNATIONAL INC,MDLZ,609207105,1103982,14,12
A,USD,STD,INDL,C,142953,12/31/2024,2024,MONDELEZ INTERNATIONAL INC,MDLZ,609207105,1103982,14,12
A,USD,STD,INDL,C,142953,12/31/2025,2025,MONDELEZ INTERNATIONAL INC,MDLZ,609207105,1103982,14,12
A,USD,STD,FS,C,143356,12/31/2020,2020,PRUDENTIAL FINANCIAL INC,PRU,744320102,1137774,11,12
A,USD,STD,INDL,C,143356,12/31/2020,2020,PRUDENTIAL FINANCIAL INC,PRU,744320102,1137774,11,12
A,USD,STD,FS,C,143356,12/31/2021,2021,PRUDENTIAL FINANCIAL INC,PRU,744320102,1137774,11,12
A,USD,STD,INDL,C,143356,12/31/2021,2021,PRUDENTIAL FINANCIAL INC,PRU,744320102,1137774,11,12
A,USD,STD,FS,C,143356,12/31/2022,2022,PRUDENTIAL FINANCIAL INC,PRU,744320102,1137774,11,12
A,USD,STD,INDL,C,143356,12/31/2022,2022,PRUDENTIAL FINANCIAL INC,PRU,744320102,1137774,11,12
A,USD,STD,FS,C,143356,12/31/2023,2023,PRUDENTIAL FINANCIAL INC,PRU,744320102,1137774,11,12
A,USD,STD,INDL,C,143356,12/31/2023,2023,PRUDENTIAL FINANCIAL INC,PRU,744320102,1137774,11,12
A,USD,STD,FS,C,143356,12/31/2024,2024,PRUDENTIAL FINANCIAL INC,PRU,744320102,1137774,11,12
A,USD,STD,INDL,C,143356,12/31/2024,2024,PRUDENTIAL FINANCIAL INC,PRU,744320102,1137774,11,12
A,USD,STD,FS,C,143356,12/31/2025,2025,PRUDENTIAL FINANCIAL INC,PRU,744320102,1137774,11,12
A,USD,STD,INDL,C,143356,12/31/2025,2025,PRUDENTIAL FINANCIAL INC,PRU,744320102,1137774,11,12
A,USD,STD,INDL,C,143974,12/31/2020,2020,BREAD FINANCIAL HOLDINGS INC,BFH,18581108,1101215,11,12
A,USD,STD,INDL,C,143974,12/31/2021,2021,BREAD FINANCIAL HOLDINGS INC,BFH,18581108,1101215,11,12
A,USD,STD,INDL,C,143974,12/31/2022,2022,BREAD FINANCIAL HOLDINGS INC,BFH,18581108,1101215,11,12
A,USD,STD,INDL,C,143974,12/31/2023,2023,BREAD FINANCIAL HOLDINGS INC,BFH,18581108,1101215,11,12
A,USD,STD,INDL,C,143974,12/31/2024,2024,BREAD FINANCIAL HOLDINGS INC,BFH,18581108,1101215,11,12
A,USD,STD,INDL,C,143974,12/31/2025,2025,BREAD FINANCIAL HOLDINGS INC,BFH,18581108,1101215,11,12
A,USD,STD,INDL,C,144435,12/31/2020,2020,BUNGE GLOBAL SA,BG,H11356104,1996862,11,12
A,USD,STD,INDL,C,144435,12/31/2021,2021,BUNGE GLOBAL SA,BG,H11356104,1996862,11,12
A,USD,STD,INDL,C,144435,12/31/2022,2022,BUNGE GLOBAL SA,BG,H11356104,1996862,11,12
A,USD,STD,INDL,C,144435,12/31/2023,2023,BUNGE GLOBAL SA,BG,H11356104,1996862,11,12
A,USD,STD,INDL,C,144435,12/31/2024,2024,BUNGE GLOBAL SA,BG,H11356104,1996862,11,12
A,USD,STD,INDL,C,144435,12/31/2025,2025,BUNGE GLOBAL SA,BG,H11356104,1996862,11,12
A,USD,STD,INDL,C,144998,12/31/2020,2020,XPO INC,XPO,983793100,1166003,11,12
A,USD,STD,INDL,C,144998,12/31/2021,2021,XPO INC,XPO,983793100,1166003,11,12
A,USD,STD,INDL,C,144998,12/31/2022,2022,XPO INC,XPO,983793100,1166003,11,12
A,USD,STD,INDL,C,144998,12/31/2023,2023,XPO INC,XPO,983793100,1166003,11,12
A,USD,STD,INDL,C,144998,12/31/2024,2024,XPO INC,XPO,983793100,1166003,11,12
A,USD,STD,INDL,C,144998,12/31/2025,2025,XPO INC,XPO,983793100,1166003,11,12
A,USD,STD,INDL,C,147708,10/31/2020,2020,CALAVO GROWERS INC,CVGW,128246105,1133470,14,10
A,USD,STD,INDL,C,147708,10/31/2021,2021,CALAVO GROWERS INC,CVGW,128246105,1133470,14,10
A,USD,STD,INDL,C,147708,10/31/2022,2022,CALAVO GROWERS INC,CVGW,128246105,1133470,14,10
A,USD,STD,INDL,C,147708,10/31/2023,2023,CALAVO GROWERS INC,CVGW,128246105,1133470,14,10
A,USD,STD,INDL,C,147708,10/31/2024,2024,CALAVO GROWERS INC,CVGW,128246105,1133470,14,10
A,USD,STD,INDL,C,147708,10/31/2025,2025,CALAVO GROWERS INC,CVGW,128246105,1133470,14,10
A,USD,STD,INDL,C,149318,12/31/2020,2020,WYNN RESORTS LTD,WYNN,983134107,1174922,14,12
A,USD,STD,INDL,C,149318,12/31/2021,2021,WYNN RESORTS LTD,WYNN,983134107,1174922,14,12
A,USD,STD,INDL,C,149318,12/31/2022,2022,WYNN RESORTS LTD,WYNN,983134107,1174922,14,12
A,USD,STD,INDL,C,149318,12/31/2023,2023,WYNN RESORTS LTD,WYNN,983134107,1174922,14,12
A,USD,STD,INDL,C,149318,12/31/2024,2024,WYNN RESORTS LTD,WYNN,983134107,1174922,14,12
A,USD,STD,INDL,C,149318,12/31/2025,2025,WYNN RESORTS LTD,WYNN,983134107,1174922,14,12
A,USD,STD,INDL,C,155394,12/31/2020,2020,LKQ CORP,LKQ,501889208,1065696,14,12
A,USD,STD,INDL,C,155394,12/31/2021,2021,LKQ CORP,LKQ,501889208,1065696,14,12
A,USD,STD,INDL,C,155394,12/31/2022,2022,LKQ CORP,LKQ,501889208,1065696,14,12
A,USD,STD,INDL,C,155394,12/31/2023,2023,LKQ CORP,LKQ,501889208,1065696,14,12
A,USD,STD,INDL,C,155394,12/31/2024,2024,LKQ CORP,LKQ,501889208,1065696,14,12
A,USD,STD,INDL,C,155394,12/31/2025,2025,LKQ CORP,LKQ,501889208,1065696,14,12
A,USD,STD,INDL,C,157373,12/31/2020,2020,VISTRA CORP,VST,92840M102,1692819,11,12
A,USD,STD,INDL,C,157373,12/31/2021,2021,VISTRA CORP,VST,92840M102,1692819,11,12
A,USD,STD,INDL,C,157373,12/31/2022,2022,VISTRA CORP,VST,92840M102,1692819,11,12
A,USD,STD,INDL,C,157373,12/31/2023,2023,VISTRA CORP,VST,92840M102,1692819,11,12
A,USD,STD,INDL,C,157373,12/31/2024,2024,VISTRA CORP,VST,92840M102,1692819,11,12
A,USD,STD,INDL,C,157373,12/31/2025,2025,VISTRA CORP,VST,92840M102,1692819,11,12
A,USD,STD,INDL,C,157855,1/31/2020,2020,SALESFORCE INC,CRM,79466L302,1108524,11,1
A,USD,STD,INDL,C,157855,1/31/2021,2021,SALESFORCE INC,CRM,79466L302,1108524,11,1
A,USD,STD,INDL,C,157855,1/31/2022,2022,SALESFORCE INC,CRM,79466L302,1108524,11,1
A,USD,STD,INDL,C,157855,1/31/2023,2023,SALESFORCE INC,CRM,79466L302,1108524,11,1
A,USD,STD,INDL,C,157855,1/31/2024,2024,SALESFORCE INC,CRM,79466L302,1108524,11,1
A,USD,STD,INDL,C,157855,1/31/2025,2025,SALESFORCE INC,CRM,79466L302,1108524,11,1
A,USD,STD,INDL,C,157855,1/31/2026,2026,SALESFORCE INC,CRM,79466L302,1108524,11,1
A,USD,STD,INDL,C,160341,12/31/2020,2020,W&T OFFSHORE INC,WTI,92922P106,1288403,11,12
A,USD,STD,INDL,C,160341,12/31/2021,2021,W&T OFFSHORE INC,WTI,92922P106,1288403,11,12
A,USD,STD,INDL,C,160341,12/31/2022,2022,W&T OFFSHORE INC,WTI,92922P106,1288403,11,12
A,USD,STD,INDL,C,160341,12/31/2023,2023,W&T OFFSHORE INC,WTI,92922P106,1288403,11,12
A,USD,STD,INDL,C,160341,12/31/2024,2024,W&T OFFSHORE INC,WTI,92922P106,1288403,11,12
A,USD,STD,INDL,C,161844,12/31/2020,2020,LAS VEGAS SANDS CORP,LVS,517834107,1300514,11,12
A,USD,STD,INDL,C,161844,12/31/2021,2021,LAS VEGAS SANDS CORP,LVS,517834107,1300514,11,12
A,USD,STD,INDL,C,161844,12/31/2022,2022,LAS VEGAS SANDS CORP,LVS,517834107,1300514,11,12
A,USD,STD,INDL,C,161844,12/31/2023,2023,LAS VEGAS SANDS CORP,LVS,517834107,1300514,11,12
A,USD,STD,INDL,C,161844,12/31/2024,2024,LAS VEGAS SANDS CORP,LVS,517834107,1300514,11,12
A,USD,STD,INDL,C,161844,12/31/2025,2025,LAS VEGAS SANDS CORP,LVS,517834107,1300514,11,12
I,USD,STD,INDL,C,162264,12/31/2020,2020,NEENAH INC,NP.2,640079109,1296435,11,12
I,USD,STD,INDL,C,162264,12/31/2021,2021,NEENAH INC,NP.2,640079109,1296435,11,12
A,USD,STD,FS,C,162385,12/31/2020,2020,WEX INC,WEX,96208T104,1309108,11,12
A,USD,STD,INDL,C,162385,12/31/2020,2020,WEX INC,WEX,96208T104,1309108,11,12
A,USD,STD,FS,C,162385,12/31/2021,2021,WEX INC,WEX,96208T104,1309108,11,12
A,USD,STD,INDL,C,162385,12/31/2021,2021,WEX INC,WEX,96208T104,1309108,11,12
A,USD,STD,FS,C,162385,12/31/2022,2022,WEX INC,WEX,96208T104,1309108,11,12
A,USD,STD,INDL,C,162385,12/31/2022,2022,WEX INC,WEX,96208T104,1309108,11,12
A,USD,STD,FS,C,162385,12/31/2023,2023,WEX INC,WEX,96208T104,1309108,11,12
A,USD,STD,INDL,C,162385,12/31/2023,2023,WEX INC,WEX,96208T104,1309108,11,12
A,USD,STD,FS,C,162385,12/31/2024,2024,WEX INC,WEX,96208T104,1309108,11,12
A,USD,STD,INDL,C,162385,12/31/2024,2024,WEX INC,WEX,96208T104,1309108,11,12
A,USD,STD,FS,C,162385,12/31/2025,2025,WEX INC,WEX,96208T104,1309108,11,12
A,USD,STD,INDL,C,162385,12/31/2025,2025,WEX INC,WEX,96208T104,1309108,11,12
A,USD,STD,INDL,C,162401,12/31/2020,2020,HUNTSMAN CORP,HUN,447011107,1307954,11,12
A,USD,STD,INDL,C,162401,12/31/2021,2021,HUNTSMAN CORP,HUN,447011107,1307954,11,12
A,USD,STD,INDL,C,162401,12/31/2022,2022,HUNTSMAN CORP,HUN,447011107,1307954,11,12
A,USD,STD,INDL,C,162401,12/31/2023,2023,HUNTSMAN CORP,HUN,447011107,1307954,11,12
A,USD,STD,INDL,C,162401,12/31/2024,2024,HUNTSMAN CORP,HUN,447011107,1307954,11,12
A,USD,STD,INDL,C,162401,12/31/2025,2025,HUNTSMAN CORP,HUN,447011107,1307954,11,12
I,USD,STD,INDL,C,162894,12/31/2020,2020,CRESTWOOD EQUITY PARTNERS LP,CEQP,226344208,1136352,11,12
I,USD,STD,INDL,C,162894,12/31/2021,2021,CRESTWOOD EQUITY PARTNERS LP,CEQP,226344208,1136352,11,12
I,USD,STD,INDL,C,162894,12/31/2022,2022,CRESTWOOD EQUITY PARTNERS LP,CEQP,226344208,1136352,11,12
I,USD,STD,INDL,C,163685,12/31/2020,2020,EAGLE BULK SHIPPING INC,EGLE.3,Y2187A150,1322439,11,12
I,USD,STD,INDL,C,163685,12/31/2021,2021,EAGLE BULK SHIPPING INC,EGLE.3,Y2187A150,1322439,11,12
I,USD,STD,INDL,C,163685,12/31/2022,2022,EAGLE BULK SHIPPING INC,EGLE.3,Y2187A150,1322439,11,12
I,USD,STD,INDL,C,163685,12/31/2023,2023,EAGLE BULK SHIPPING INC,EGLE.3,Y2187A150,1322439,11,12
A,USD,STD,INDL,C,163765,12/31/2020,2020,COOPER-STANDARD HOLDINGS INC,CPS,21676P103,1320461,11,12
A,USD,STD,INDL,C,163765,12/31/2021,2021,COOPER-STANDARD HOLDINGS INC,CPS,21676P103,1320461,11,12
A,USD,STD,INDL,C,163765,12/31/2022,2022,COOPER-STANDARD HOLDINGS INC,CPS,21676P103,1320461,11,12
A,USD,STD,INDL,C,163765,12/31/2023,2023,COOPER-STANDARD HOLDINGS INC,CPS,21676P103,1320461,11,12
A,USD,STD,INDL,C,163765,12/31/2024,2024,COOPER-STANDARD HOLDINGS INC,CPS,21676P103,1320461,11,12
A,USD,STD,INDL,C,163765,12/31/2025,2025,COOPER-STANDARD HOLDINGS INC,CPS,21676P103,1320461,11,12
A,USD,STD,INDL,C,163983,12/31/2020,2020,TREEHOUSE FOODS INC,THS,89469A104,1320695,11,12
A,USD,STD,INDL,C,163983,12/31/2021,2021,TREEHOUSE FOODS INC,THS,89469A104,1320695,11,12
A,USD,STD,INDL,C,163983,12/31/2022,2022,TREEHOUSE FOODS INC,THS,89469A104,1320695,11,12
A,USD,STD,INDL,C,163983,12/31/2023,2023,TREEHOUSE FOODS INC,THS,89469A104,1320695,11,12
A,USD,STD,INDL,C,163983,12/31/2024,2024,TREEHOUSE FOODS INC,THS,89469A104,1320695,11,12
A,USD,STD,INDL,C,165914,12/31/2020,2020,CHIPOTLE MEXICAN GRILL INC,CMG,169656105,1058090,11,12
A,USD,STD,INDL,C,165914,12/31/2021,2021,CHIPOTLE MEXICAN GRILL INC,CMG,169656105,1058090,11,12
A,USD,STD,INDL,C,165914,12/31/2022,2022,CHIPOTLE MEXICAN GRILL INC,CMG,169656105,1058090,11,12
A,USD,STD,INDL,C,165914,12/31/2023,2023,CHIPOTLE MEXICAN GRILL INC,CMG,169656105,1058090,11,12
A,USD,STD,INDL,C,165914,12/31/2024,2024,CHIPOTLE MEXICAN GRILL INC,CMG,169656105,1058090,11,12
A,USD,STD,INDL,C,165914,12/31/2025,2025,CHIPOTLE MEXICAN GRILL INC,CMG,169656105,1058090,11,12
A,USD,STD,INDL,C,170841,12/31/2020,2020,PHILLIPS 66,PSX,718546104,1534701,11,12
A,USD,STD,INDL,C,170841,12/31/2021,2021,PHILLIPS 66,PSX,718546104,1534701,11,12
A,USD,STD,INDL,C,170841,12/31/2022,2022,PHILLIPS 66,PSX,718546104,1534701,11,12
A,USD,STD,INDL,C,170841,12/31/2023,2023,PHILLIPS 66,PSX,718546104,1534701,11,12
A,USD,STD,INDL,C,170841,12/31/2024,2024,PHILLIPS 66,PSX,718546104,1534701,11,12
A,USD,STD,INDL,C,170841,12/31/2025,2025,PHILLIPS 66,PSX,718546104,1534701,11,12
A,USD,STD,INDL,C,174310,12/31/2020,2020,KBR INC,KBR,48242W106,1357615,11,12
A,USD,STD,INDL,C,174310,12/31/2021,2021,KBR INC,KBR,48242W106,1357615,11,12
A,USD,STD,INDL,C,174310,12/31/2022,2022,KBR INC,KBR,48242W106,1357615,11,12
A,USD,STD,INDL,C,174310,12/31/2023,2023,KBR INC,KBR,48242W106,1357615,11,12
A,USD,STD,INDL,C,174310,12/31/2024,2024,KBR INC,KBR,48242W106,1357615,11,12
A,USD,STD,INDL,C,174310,12/31/2025,2025,KBR INC,KBR,48242W106,1357615,11,12
A,USD,STD,INDL,C,174389,12/31/2020,2020,EHEALTH INC,EHTH,28238P109,1333493,14,12
A,USD,STD,INDL,C,174389,12/31/2021,2021,EHEALTH INC,EHTH,28238P109,1333493,14,12
A,USD,STD,INDL,C,174389,12/31/2022,2022,EHEALTH INC,EHTH,28238P109,1333493,14,12
A,USD,STD,INDL,C,174389,12/31/2023,2023,EHEALTH INC,EHTH,28238P109,1333493,14,12
A,USD,STD,INDL,C,174389,12/31/2024,2024,EHEALTH INC,EHTH,28238P109,1333493,14,12
A,USD,STD,FS,C,175263,12/31/2020,2020,WESTERN UNION CO,WU,959802109,1365135,11,12
A,USD,STD,INDL,C,175263,12/31/2020,2020,WESTERN UNION CO,WU,959802109,1365135,11,12
A,USD,STD,FS,C,175263,12/31/2021,2021,WESTERN UNION CO,WU,959802109,1365135,11,12
A,USD,STD,INDL,C,175263,12/31/2021,2021,WESTERN UNION CO,WU,959802109,1365135,11,12
A,USD,STD,FS,C,175263,12/31/2022,2022,WESTERN UNION CO,WU,959802109,1365135,11,12
A,USD,STD,INDL,C,175263,12/31/2022,2022,WESTERN UNION CO,WU,959802109,1365135,11,12
A,USD,STD,FS,C,175263,12/31/2023,2023,WESTERN UNION CO,WU,959802109,1365135,11,12
A,USD,STD,INDL,C,175263,12/31/2023,2023,WESTERN UNION CO,WU,959802109,1365135,11,12
A,USD,STD,FS,C,175263,12/31/2024,2024,WESTERN UNION CO,WU,959802109,1365135,11,12
A,USD,STD,INDL,C,175263,12/31/2024,2024,WESTERN UNION CO,WU,959802109,1365135,11,12
A,USD,STD,INDL,C,175263,12/31/2025,2025,WESTERN UNION CO,WU,959802109,1365135,11,12
A,USD,STD,INDL,C,176914,12/31/2020,2020,CHENIERE ENERGY PARTNERS LP,CQP,16411Q101,1383650,11,12
A,USD,STD,INDL,C,176914,12/31/2021,2021,CHENIERE ENERGY PARTNERS LP,CQP,16411Q101,1383650,11,12
A,USD,STD,INDL,C,176914,12/31/2022,2022,CHENIERE ENERGY PARTNERS LP,CQP,16411Q101,1383650,11,12
A,USD,STD,INDL,C,176914,12/31/2023,2023,CHENIERE ENERGY PARTNERS LP,CQP,16411Q101,1383650,11,12
A,USD,STD,INDL,C,176914,12/31/2024,2024,CHENIERE ENERGY PARTNERS LP,CQP,16411Q101,1383650,11,12
A,USD,STD,INDL,C,176914,12/31/2025,2025,CHENIERE ENERGY PARTNERS LP,CQP,16411Q101,1383650,11,12
A,USD,STD,INDL,C,177227,12/31/2020,2020,INSULET CORP,PODD,45784P101,1145197,14,12
A,USD,STD,INDL,C,177227,12/31/2021,2021,INSULET CORP,PODD,45784P101,1145197,14,12
A,USD,STD,INDL,C,177227,12/31/2022,2022,INSULET CORP,PODD,45784P101,1145197,14,12
A,USD,STD,INDL,C,177227,12/31/2023,2023,INSULET CORP,PODD,45784P101,1145197,14,12
A,USD,STD,INDL,C,177227,12/31/2024,2024,INSULET CORP,PODD,45784P101,1145197,14,12
A,USD,STD,INDL,C,177227,12/31/2025,2025,INSULET CORP,PODD,45784P101,1145197,14,12
A,USD,STD,INDL,C,177966,12/31/2020,2020,ALLISON TRANSMISSION HLDGS,ALSN,01973R101,1411207,11,12
A,USD,STD,INDL,C,177966,12/31/2021,2021,ALLISON TRANSMISSION HLDGS,ALSN,01973R101,1411207,11,12
A,USD,STD,INDL,C,177966,12/31/2022,2022,ALLISON TRANSMISSION HLDGS,ALSN,01973R101,1411207,11,12
A,USD,STD,INDL,C,177966,12/31/2023,2023,ALLISON TRANSMISSION HLDGS,ALSN,01973R101,1411207,11,12
A,USD,STD,INDL,C,177966,12/31/2024,2024,ALLISON TRANSMISSION HLDGS,ALSN,01973R101,1411207,11,12
A,USD,STD,INDL,C,177966,12/31/2025,2025,ALLISON TRANSMISSION HLDGS,ALSN,01973R101,1411207,11,12
I,USD,STD,INDL,C,178083,1/31/2020,2020,VMWARE INC -CL A,VMW,928563402,1124610,11,1
I,USD,STD,INDL,C,178083,1/31/2021,2021,VMWARE INC -CL A,VMW,928563402,1124610,11,1
I,USD,STD,INDL,C,178083,1/31/2022,2022,VMWARE INC -CL A,VMW,928563402,1124610,11,1
I,USD,STD,INDL,C,178083,1/31/2023,2023,VMWARE INC -CL A,VMW,928563402,1124610,11,1
A,USD,STD,INDL,C,178519,12/31/2020,2020,LPL FINANCIAL HOLDINGS INC,LPLA,50212V100,1397911,14,12
A,USD,STD,INDL,C,178519,12/31/2021,2021,LPL FINANCIAL HOLDINGS INC,LPLA,50212V100,1397911,14,12
A,USD,STD,INDL,C,178519,12/31/2022,2022,LPL FINANCIAL HOLDINGS INC,LPLA,50212V100,1397911,14,12
A,USD,STD,INDL,C,178519,12/31/2023,2023,LPL FINANCIAL HOLDINGS INC,LPLA,50212V100,1397911,14,12
A,USD,STD,INDL,C,178519,12/31/2024,2024,LPL FINANCIAL HOLDINGS INC,LPLA,50212V100,1397911,14,12
A,USD,STD,INDL,C,178519,12/31/2025,2025,LPL FINANCIAL HOLDINGS INC,LPLA,50212V100,1397911,14,12
I,USD,STD,FS,C,178539,12/31/2020,2020,RETAIL OPPORTUNITY INVTS CP,ROIC,76131N101,1407623,14,12
I,USD,STD,INDL,C,178539,12/31/2020,2020,RETAIL OPPORTUNITY INVTS CP,ROIC,76131N101,1407623,14,12
I,USD,STD,FS,C,178539,12/31/2021,2021,RETAIL OPPORTUNITY INVTS CP,ROIC,76131N101,1407623,14,12
I,USD,STD,INDL,C,178539,12/31/2021,2021,RETAIL OPPORTUNITY INVTS CP,ROIC,76131N101,1407623,14,12
I,USD,STD,FS,C,178539,12/31/2022,2022,RETAIL OPPORTUNITY INVTS CP,ROIC,76131N101,1407623,14,12
I,USD,STD,INDL,C,178539,12/31/2022,2022,RETAIL OPPORTUNITY INVTS CP,ROIC,76131N101,1407623,14,12
I,USD,STD,FS,C,178539,12/31/2023,2023,RETAIL OPPORTUNITY INVTS CP,ROIC,76131N101,1407623,14,12
I,USD,STD,INDL,C,178539,12/31/2023,2023,RETAIL OPPORTUNITY INVTS CP,ROIC,76131N101,1407623,14,12
A,USD,STD,FS,C,179534,9/30/2020,2020,VISA INC,V,92826C839,1403161,11,9
A,USD,STD,INDL,C,179534,9/30/2020,2020,VISA INC,V,92826C839,1403161,11,9
A,USD,STD,FS,C,179534,9/30/2021,2021,VISA INC,V,92826C839,1403161,11,9
A,USD,STD,INDL,C,179534,9/30/2021,2021,VISA INC,V,92826C839,1403161,11,9
A,USD,STD,FS,C,179534,9/30/2022,2022,VISA INC,V,92826C839,1403161,11,9
A,USD,STD,INDL,C,179534,9/30/2022,2022,VISA INC,V,92826C839,1403161,11,9
A,USD,STD,FS,C,179534,9/30/2023,2023,VISA INC,V,92826C839,1403161,11,9
A,USD,STD,INDL,C,179534,9/30/2023,2023,VISA INC,V,92826C839,1403161,11,9
A,USD,STD,FS,C,179534,9/30/2024,2024,VISA INC,V,92826C839,1403161,11,9
A,USD,STD,INDL,C,179534,9/30/2024,2024,VISA INC,V,92826C839,1403161,11,9
A,USD,STD,FS,C,179534,9/30/2025,2025,VISA INC,V,92826C839,1403161,11,9
A,USD,STD,INDL,C,179534,9/30/2025,2025,VISA INC,V,92826C839,1403161,11,9
A,USD,STD,INDL,C,179621,12/31/2020,2020,PHILIP MORRIS INTERNATIONAL,PM,718172109,1413329,11,12
A,USD,STD,INDL,C,179621,12/31/2021,2021,PHILIP MORRIS INTERNATIONAL,PM,718172109,1413329,11,12
A,USD,STD,INDL,C,179621,12/31/2022,2022,PHILIP MORRIS INTERNATIONAL,PM,718172109,1413329,11,12
A,USD,STD,INDL,C,179621,12/31/2023,2023,PHILIP MORRIS INTERNATIONAL,PM,718172109,1413329,11,12
A,USD,STD,INDL,C,179621,12/31/2024,2024,PHILIP MORRIS INTERNATIONAL,PM,718172109,1413329,11,12
A,USD,STD,INDL,C,179621,12/31/2025,2025,PHILIP MORRIS INTERNATIONAL,PM,718172109,1413329,11,12
A,USD,STD,INDL,C,179738,12/31/2020,2020,ENERGY RECOVERY INC,ERII,29270J100,1421517,14,12
A,USD,STD,INDL,C,179738,12/31/2021,2021,ENERGY RECOVERY INC,ERII,29270J100,1421517,14,12
A,USD,STD,INDL,C,179738,12/31/2022,2022,ENERGY RECOVERY INC,ERII,29270J100,1421517,14,12
A,USD,STD,INDL,C,179738,12/31/2023,2023,ENERGY RECOVERY INC,ERII,29270J100,1421517,14,12
A,USD,STD,INDL,C,179738,12/31/2024,2024,ENERGY RECOVERY INC,ERII,29270J100,1421517,14,12
A,USD,STD,INDL,C,179738,12/31/2025,2025,ENERGY RECOVERY INC,ERII,29270J100,1421517,14,12
A,USD,STD,FS,C,179889,12/31/2020,2020,AGNC INVESTMENT CORP,AGNC,00123Q104,1423689,14,12
A,USD,STD,INDL,C,179889,12/31/2020,2020,AGNC INVESTMENT CORP,AGNC,00123Q104,1423689,14,12
A,USD,STD,FS,C,179889,12/31/2021,2021,AGNC INVESTMENT CORP,AGNC,00123Q104,1423689,14,12
A,USD,STD,INDL,C,179889,12/31/2021,2021,AGNC INVESTMENT CORP,AGNC,00123Q104,1423689,14,12
A,USD,STD,FS,C,179889,12/31/2022,2022,AGNC INVESTMENT CORP,AGNC,00123Q104,1423689,14,12
A,USD,STD,INDL,C,179889,12/31/2022,2022,AGNC INVESTMENT CORP,AGNC,00123Q104,1423689,14,12
A,USD,STD,FS,C,179889,12/31/2023,2023,AGNC INVESTMENT CORP,AGNC,00123Q104,1423689,14,12
A,USD,STD,INDL,C,179889,12/31/2023,2023,AGNC INVESTMENT CORP,AGNC,00123Q104,1423689,14,12
A,USD,STD,FS,C,179889,12/31/2024,2024,AGNC INVESTMENT CORP,AGNC,00123Q104,1423689,14,12
A,USD,STD,INDL,C,179889,12/31/2024,2024,AGNC INVESTMENT CORP,AGNC,00123Q104,1423689,14,12
A,USD,STD,INDL,C,179889,12/31/2025,2025,AGNC INVESTMENT CORP,AGNC,00123Q104,1423689,14,12
A,USD,STD,FS,C,183603,12/31/2020,2020,DIGITALBRIDGE GROUP INC,DBRG,25401T603,1679688,11,12
A,USD,STD,INDL,C,183603,12/31/2020,2020,DIGITALBRIDGE GROUP INC,DBRG,25401T603,1679688,11,12
A,USD,STD,FS,C,183603,12/31/2021,2021,DIGITALBRIDGE GROUP INC,DBRG,25401T603,1679688,11,12
A,USD,STD,INDL,C,183603,12/31/2021,2021,DIGITALBRIDGE GROUP INC,DBRG,25401T603,1679688,11,12
A,USD,STD,FS,C,183603,12/31/2022,2022,DIGITALBRIDGE GROUP INC,DBRG,25401T603,1679688,11,12
A,USD,STD,INDL,C,183603,12/31/2022,2022,DIGITALBRIDGE GROUP INC,DBRG,25401T603,1679688,11,12
A,USD,STD,FS,C,183603,12/31/2023,2023,DIGITALBRIDGE GROUP INC,DBRG,25401T603,1679688,11,12
A,USD,STD,INDL,C,183603,12/31/2023,2023,DIGITALBRIDGE GROUP INC,DBRG,25401T603,1679688,11,12
A,USD,STD,FS,C,183603,12/31/2024,2024,DIGITALBRIDGE GROUP INC,DBRG,25401T603,1679688,11,12
A,USD,STD,INDL,C,183603,12/31/2024,2024,DIGITALBRIDGE GROUP INC,DBRG,25401T603,1679688,11,12
I,USD,STD,INDL,C,184717,12/31/2020,2020,AMYRIS INC,AMRSQ,03236M200,1365916,19,12
I,USD,STD,INDL,C,184717,12/31/2021,2021,AMYRIS INC,AMRSQ,03236M200,1365916,19,12
I,USD,STD,INDL,C,184717,12/31/2022,2022,AMYRIS INC,AMRSQ,03236M200,1365916,19,12
A,USD,STD,INDL,C,185532,12/31/2020,2020,TARGA RESOURCES CORP,TRGP,87612G101,1389170,11,12
A,USD,STD,INDL,C,185532,12/31/2021,2021,TARGA RESOURCES CORP,TRGP,87612G101,1389170,11,12
A,USD,STD,INDL,C,185532,12/31/2022,2022,TARGA RESOURCES CORP,TRGP,87612G101,1389170,11,12
A,USD,STD,INDL,C,185532,12/31/2023,2023,TARGA RESOURCES CORP,TRGP,87612G101,1389170,11,12
A,USD,STD,INDL,C,185532,12/31/2024,2024,TARGA RESOURCES CORP,TRGP,87612G101,1389170,11,12
A,USD,STD,INDL,C,185532,12/31/2025,2025,TARGA RESOURCES CORP,TRGP,87612G101,1389170,11,12
A,USD,STD,INDL,C,186989,12/31/2020,2020,MARATHON PETROLEUM CORP,MPC,56585A102,1510295,11,12
A,USD,STD,INDL,C,186989,12/31/2021,2021,MARATHON PETROLEUM CORP,MPC,56585A102,1510295,11,12
A,USD,STD,INDL,C,186989,12/31/2022,2022,MARATHON PETROLEUM CORP,MPC,56585A102,1510295,11,12
A,USD,STD,INDL,C,186989,12/31/2023,2023,MARATHON PETROLEUM CORP,MPC,56585A102,1510295,11,12
A,USD,STD,INDL,C,186989,12/31/2024,2024,MARATHON PETROLEUM CORP,MPC,56585A102,1510295,11,12
A,USD,STD,INDL,C,186989,12/31/2025,2025,MARATHON PETROLEUM CORP,MPC,56585A102,1510295,11,12
A,USD,STD,INDL,C,187551,12/31/2020,2020,TRINSEO PLC,TSEOF,G9059U107,1519061,19,12
A,USD,STD,INDL,C,187551,12/31/2021,2021,TRINSEO PLC,TSEOF,G9059U107,1519061,19,12
A,USD,STD,INDL,C,187551,12/31/2022,2022,TRINSEO PLC,TSEOF,G9059U107,1519061,19,12
A,USD,STD,INDL,C,187551,12/31/2023,2023,TRINSEO PLC,TSEOF,G9059U107,1519061,19,12
A,USD,STD,INDL,C,187551,12/31/2024,2024,TRINSEO PLC,TSEOF,G9059U107,1519061,19,12
A,USD,STD,INDL,C,187812,12/31/2020,2020,MATADOR RESOURCES CO,MTDR,576485205,1520006,11,12
A,USD,STD,INDL,C,187812,12/31/2021,2021,MATADOR RESOURCES CO,MTDR,576485205,1520006,11,12
A,USD,STD,INDL,C,187812,12/31/2022,2022,MATADOR RESOURCES CO,MTDR,576485205,1520006,11,12
A,USD,STD,INDL,C,187812,12/31/2023,2023,MATADOR RESOURCES CO,MTDR,576485205,1520006,11,12
A,USD,STD,INDL,C,187812,12/31/2024,2024,MATADOR RESOURCES CO,MTDR,576485205,1520006,11,12
A,USD,STD,INDL,C,187812,12/31/2025,2025,MATADOR RESOURCES CO,MTDR,576485205,1520006,11,12
A,USD,STD,INDL,C,189491,12/31/2020,2020,XYLEM INC,XYL,98419M100,1524472,11,12
A,USD,STD,INDL,C,189491,12/31/2021,2021,XYLEM INC,XYL,98419M100,1524472,11,12
A,USD,STD,INDL,C,189491,12/31/2022,2022,XYLEM INC,XYL,98419M100,1524472,11,12
A,USD,STD,INDL,C,189491,12/31/2023,2023,XYLEM INC,XYL,98419M100,1524472,11,12
A,USD,STD,INDL,C,189491,12/31/2024,2024,XYLEM INC,XYL,98419M100,1524472,11,12
A,USD,STD,INDL,C,189491,12/31/2025,2025,XYLEM INC,XYL,98419M100,1524472,11,12
A,USD,STD,INDL,C,260893,12/31/2020,2020,BLACKBAUD INC,BLKB,09227Q100,1280058,14,12
A,USD,STD,INDL,C,260893,12/31/2021,2021,BLACKBAUD INC,BLKB,09227Q100,1280058,14,12
A,USD,STD,INDL,C,260893,12/31/2022,2022,BLACKBAUD INC,BLKB,09227Q100,1280058,14,12
A,USD,STD,INDL,C,260893,12/31/2023,2023,BLACKBAUD INC,BLKB,09227Q100,1280058,14,12
A,USD,STD,INDL,C,260893,12/31/2024,2024,BLACKBAUD INC,BLKB,09227Q100,1280058,14,12
A,USD,STD,INDL,C,260893,12/31/2025,2025,BLACKBAUD INC,BLKB,09227Q100,1280058,14,12
A,USD,STD,INDL,C,294524,12/31/2020,2020,LYONDELLBASELL INDUSTRIES,LYB,N53745100,1489393,11,12
A,USD,STD,INDL,C,294524,12/31/2021,2021,LYONDELLBASELL INDUSTRIES,LYB,N53745100,1489393,11,12
A,USD,STD,INDL,C,294524,12/31/2022,2022,LYONDELLBASELL INDUSTRIES,LYB,N53745100,1489393,11,12
A,USD,STD,INDL,C,294524,12/31/2023,2023,LYONDELLBASELL INDUSTRIES,LYB,N53745100,1489393,11,12
A,USD,STD,INDL,C,294524,12/31/2024,2024,LYONDELLBASELL INDUSTRIES,LYB,N53745100,1489393,11,12
A,USD,STD,INDL,C,294524,12/31/2025,2025,LYONDELLBASELL INDUSTRIES,LYB,N53745100,1489393,11,12
A,USD,STD,INDL,C,328795,12/31/2020,2020,ARCOSA INC,ACA,39653100,1739445,11,12
A,USD,STD,INDL,C,328795,12/31/2021,2021,ARCOSA INC,ACA,39653100,1739445,11,12
A,USD,STD,INDL,C,328795,12/31/2022,2022,ARCOSA INC,ACA,39653100,1739445,11,12
A,USD,STD,INDL,C,328795,12/31/2023,2023,ARCOSA INC,ACA,39653100,1739445,11,12
A,USD,STD,INDL,C,328795,12/31/2024,2024,ARCOSA INC,ACA,39653100,1739445,11,12
A,USD,STD,INDL,C,328795,12/31/2025,2025,ARCOSA INC,ACA,39653100,1739445,11,12
