costat,curcd,datafmt,indfmt,consol,gvkey,datadate,conm,tic,cusip,cik,exchg,fyr,fic,at,ceq,che,lt,seq,gp,ni,sale,csho,prcc_f
A,USD,STD,INDL,C,001045,2010-12-31,AMERICAN AIRLINES GROUP INC,AAL,02376R102,0000006201,14,12,USA,25088.0000,-3945.0000,4946.0000,29033.0000,-3945.0000,4032.0000,-471.0000,22170.0000,333.4500,7.790000000000
A,USD,STD,INDL,C,001045,2011-12-31,AMERICAN AIRLINES GROUP INC,AAL,02376R102,0000006201,14,12,USA,23848.0000,-7111.0000,4739.0000,30959.0000,-7111.0000,3602.0000,-1979.0000,24022.0000,335.2680,0.350000000000
A,USD,STD,INDL,C,001045,2012-12-31,AMERICAN AIRLINES GROUP INC,AAL,02376R102,0000006201,14,12,USA,23510.0000,-7987.0000,4742.0000,31497.0000,-7987.0000,4326.0000,-1876.0000,24855.0000,335.2920,0.795000000000
A,USD,STD,INDL,C,001045,2013-12-31,AMERICAN AIRLINES GROUP INC,AAL,02376R102,0000006201,14,12,USA,42278.0000,-2731.0000,10286.0000,45009.0000,-2731.0000,7628.0000,-1834.0000,26712.0000,261.0690,25.250000000000
A,USD,STD,INDL,C,001045,2014-12-31,AMERICAN AIRLINES GROUP INC,AAL,02376R102,0000006201,14,12,USA,43771.0000,2021.0000,8077.0000,41750.0000,2021.0000,13139.0000,2882.0000,42650.0000,697.4750,53.630000000000
A,USD,STD,INDL,C,001045,2015-12-31,AMERICAN AIRLINES GROUP INC,AAL,02376R102,0000006201,14,12,USA,48415.0000,5635.0000,6949.0000,42780.0000,5635.0000,15574.0000,7610.0000,40990.0000,624.6220,42.350000000000
A,USD,STD,INDL,C,001045,2016-12-31,AMERICAN AIRLINES GROUP INC,AAL,02376R102,0000006201,14,12,USA,51274.0000,3785.0000,6997.0000,47489.0000,3785.0000,14485.0000,2676.0000,40180.0000,507.2940,46.690000000000
A,USD,STD,INDL,C,001045,2017-12-31,AMERICAN AIRLINES GROUP INC,AAL,02376R102,0000006201,14,12,USA,51396.0000,3926.0000,5384.0000,47470.0000,3926.0000,13945.0000,1919.0000,42207.0000,475.5080,52.030000000000
A,USD,STD,INDL,C,001045,2018-12-31,AMERICAN AIRLINES GROUP INC,AAL,02376R102,0000006201,14,12,USA,60580.0000,-169.0000,4914.0000,60749.0000,-169.0000,13176.0000,1412.0000,44541.0000,460.6110,32.110000000000
A,USD,STD,INDL,C,001045,2019-12-31,AMERICAN AIRLINES GROUP INC,AAL,02376R102,0000006201,14,12,USA,59995.0000,-118.0000,3984.0000,60113.0000,-118.0000,13741.0000,1686.0000,45768.0000,428.2030,28.680000000000
A,USD,STD,INDL,C,001045,2020-12-31,AMERICAN AIRLINES GROUP INC,AAL,02376R102,0000006201,14,12,USA,62008.0000,-6867.0000,7473.0000,68875.0000,-6867.0000,-4953.0000,-8885.0000,17337.0000,621.4800,15.770000000000
A,USD,STD,INDL,C,001045,2021-12-31,AMERICAN AIRLINES GROUP INC,AAL,02376R102,0000006201,14,12,USA,66467.0000,-7340.0000,13421.0000,73807.0000,-7340.0000,1913.0000,-1993.0000,29882.0000,647.7280,17.960000000000
A,USD,STD,INDL,C,001045,2022-12-31,AMERICAN AIRLINES GROUP INC,AAL,02376R102,0000006201,14,12,USA,64716.0000,-5799.0000,9960.0000,70515.0000,-5799.0000,11340.0000,127.0000,48971.0000,650.6420,12.720000000000
A,USD,STD,INDL,C,001045,2023-12-31,AMERICAN AIRLINES GROUP INC,AAL,02376R102,0000006201,14,12,USA,63058.0000,-5202.0000,8488.0000,68260.0000,-5202.0000,14072.0000,822.0000,52788.0000,654.2730,13.740000000000
A,USD,STD,INDL,C,001045,2024-12-31,AMERICAN AIRLINES GROUP INC,AAL,02376R102,0000006201,14,12,USA,61783.0000,-3977.0000,7716.0000,65760.0000,-3977.0000,13710.0000,846.0000,54211.0000,657.5660,17.430000000000
A,USD,STD,INDL,C,001045,2025-12-31,AMERICAN AIRLINES GROUP INC,AAL,02376R102,0000006201,14,12,USA,61774.0000,-3727.0000,6571.0000,65501.0000,-3727.0000,12693.0000,111.0000,54633.0000,660.3010,15.330000000000
I,USD,STD,INDL,C,001380,2010-12-31,HESS CORP,HES,42809H107,0000004447,11,12,USA,35396.0000,16689.0000,1608.0000,18587.0000,16689.0000,8318.0000,2125.0000,33862.0000,337.6810,76.540000000000
I,USD,STD,INDL,C,001380,2011-12-31,HESS CORP,HES,42809H107,0000004447,11,12,USA,39136.0000,18516.0000,351.0000,20544.0000,18516.0000,9169.0000,1703.0000,38466.0000,339.9760,56.800000000000
I,USD,STD,INDL,C,001380,2012-12-31,HESS CORP,HES,42809H107,0000004447,11,12,USA,43441.0000,21090.0000,642.0000,22238.0000,21090.0000,9856.0000,2025.0000,37691.0000,341.5280,52.960000000000
I,USD,STD,INDL,C,001380,2013-12-31,HESS CORP,HES,42809H107,0000004447,11,12,USA,42754.0000,24720.0000,1814.0000,17970.0000,24720.0000,8429.0000,5052.0000,22284.0000,325.3140,83.000000000000
I,USD,STD,INDL,C,001380,2014-12-31,HESS CORP,HES,42809H107,0000004447,11,12,USA,38578.0000,22205.0000,2444.0000,16258.0000,22205.0000,6709.0000,2317.0000,10737.0000,285.8350,73.820000000000
I,USD,STD,INDL,C,001380,2015-12-31,HESS CORP,HES,42809H107,0000004447,11,12,USA,34195.0000,19386.0000,2716.0000,13794.0000,19386.0000,3167.0000,-3056.0000,6636.0000,286.0460,48.480000000000
I,USD,STD,INDL,C,001380,2016-12-31,HESS CORP,HES,42809H107,0000004447,11,12,USA,28621.0000,14533.0000,2732.0000,13030.0000,14534.0000,1882.0000,-6132.0000,4762.0000,316.5230,62.290000000000
I,USD,STD,INDL,C,001380,2017-12-31,HESS CORP,HES,42809H107,0000004447,11,12,USA,23112.0000,11050.0000,4847.0000,10758.0000,11051.0000,-1568.0000,-4074.0000,5466.0000,315.0540,47.470000000000
I,USD,STD,INDL,C,001380,2018-12-31,HESS CORP,HES,42809H107,0000004447,11,12,USA,21433.0000,9628.0000,2694.0000,10545.0000,9629.0000,3266.0000,-282.0000,6323.0000,291.4350,40.500000000000
I,USD,STD,INDL,C,001380,2019-12-31,HESS CORP,HES,42809H107,0000004447,11,12,USA,21782.0000,8732.0000,1545.0000,12076.0000,8732.0000,3389.0000,-408.0000,6495.0000,304.9550,66.810000000000
I,USD,STD,INDL,C,001380,2020-12-31,HESS CORP,HES,42809H107,0000004447,11,12,USA,18821.0000,5366.0000,1739.0000,12486.0000,5366.0000,304.0000,-3093.0000,4667.0000,306.9800,52.790000000000
I,USD,STD,INDL,C,001380,2021-12-31,HESS CORP,HES,42809H107,0000004447,11,12,USA,20515.0000,6300.0000,2713.0000,13489.0000,6300.0000,4038.0000,559.0000,7473.0000,309.7450,74.030000000000
I,USD,STD,INDL,C,001380,2022-12-31,HESS CORP,HES,42809H107,0000004447,11,12,USA,21695.0000,7855.0000,2486.0000,13199.0000,7855.0000,6235.0000,2096.0000,11324.0000,306.1770,141.820000000000
I,USD,STD,INDL,C,001380,2023-12-31,HESS CORP,HES,42809H107,0000004447,11,12,USA,24007.0000,8986.0000,1688.0000,14405.0000,8986.0000,5705.0000,1382.0000,10511.0000,307.1580,144.160000000000
I,USD,STD,INDL,C,001380,2024-12-31,HESS CORP,HES,42809H107,0000004447,11,12,USA,26551.0000,11216.0000,1171.0000,14548.0000,11216.0000,7949.0000,2769.0000,12896.0000,308.2940,133.010000000000
A,USD,STD,FS,C,001447,2010-12-31,AMERICAN EXPRESS CO,AXP,025816109,0000004962,11,12,USA,147042.0000,16230.0000,,130812.0000,16230.0000,,,,,42.920000000000
A,USD,STD,INDL,C,001447,2010-12-31,AMERICAN EXPRESS CO,AXP,025816109,0000004962,11,12,USA,147042.0000,16230.0000,22955.0000,130812.0000,16230.0000,7312.0000,4057.0000,30242.0000,1197.0000,42.920000000000
A,USD,STD,FS,C,001447,2011-12-31,AMERICAN EXPRESS CO,AXP,025816109,0000004962,11,12,USA,153337.0000,18794.0000,,134543.0000,18794.0000,,,,,47.170000000000
A,USD,STD,INDL,C,001447,2011-12-31,AMERICAN EXPRESS CO,AXP,025816109,0000004962,11,12,USA,153337.0000,18794.0000,25866.0000,134543.0000,18794.0000,8512.0000,4935.0000,32282.0000,1164.0000,47.170000000000
A,USD,STD,FS,C,001447,2012-12-31,AMERICAN EXPRESS CO,AXP,025816109,0000004962,11,12,USA,153140.0000,18886.0000,,134254.0000,18886.0000,,,,,57.480000000000
A,USD,STD,INDL,C,001447,2012-12-31,AMERICAN EXPRESS CO,AXP,025816109,0000004962,11,12,USA,153140.0000,18886.0000,22568.0000,134254.0000,18886.0000,9385.0000,4482.0000,33808.0000,1105.0000,57.480000000000
A,USD,STD,FS,C,001447,2013-12-31,AMERICAN EXPRESS CO,AXP,025816109,0000004962,11,12,USA,153375.0000,19496.0000,,133879.0000,19496.0000,,,,,90.730000000000
A,USD,STD,INDL,C,001447,2013-12-31,AMERICAN EXPRESS CO,AXP,025816109,0000004962,11,12,USA,153375.0000,19496.0000,19991.0000,133879.0000,19496.0000,9881.0000,5359.0000,34932.0000,1064.0000,90.730000000000
A,USD,STD,FS,C,001447,2014-12-31,AMERICAN EXPRESS CO,AXP,025816109,0000004962,11,12,USA,159103.0000,20673.0000,,138430.0000,20673.0000,,,,,93.040000000000
A,USD,STD,INDL,C,001447,2014-12-31,AMERICAN EXPRESS CO,AXP,025816109,0000004962,11,12,USA,159103.0000,20673.0000,22849.0000,138430.0000,20673.0000,9975.0000,5885.0000,35280.0000,1023.0000,93.040000000000
A,USD,STD,FS,C,001447,2015-12-31,AMERICAN EXPRESS CO,AXP,025816109,0000004962,11,12,USA,161184.0000,20673.0000,,140511.0000,20673.0000,,,,,69.550000000000
A,USD,STD,INDL,C,001447,2015-12-31,AMERICAN EXPRESS CO,AXP,025816109,0000004962,11,12,USA,161184.0000,20673.0000,23102.0000,140511.0000,20673.0000,10011.0000,5163.0000,34441.0000,969.0000,69.550000000000
A,USD,STD,FS,C,001447,2016-12-31,AMERICAN EXPRESS CO,AXP,025816109,0000004962,11,12,USA,158893.0000,20501.0000,,138392.0000,20501.0000,,,,,74.080000000000
A,USD,STD,INDL,C,001447,2016-12-31,AMERICAN EXPRESS CO,AXP,025816109,0000004962,11,12,USA,158893.0000,20501.0000,25830.0000,138392.0000,20501.0000,9169.0000,5408.0000,33823.0000,904.0000,74.080000000000
A,USD,STD,FS,C,001447,2017-12-31,AMERICAN EXPRESS CO,AXP,025816109,0000004962,11,12,USA,181159.0000,18227.0000,,162932.0000,18227.0000,,,,,99.310000000000
A,USD,STD,INDL,C,001447,2017-12-31,AMERICAN EXPRESS CO,AXP,025816109,0000004962,11,12,USA,181159.0000,18227.0000,33552.0000,162932.0000,18227.0000,9618.0000,2736.0000,35583.0000,859.0000,99.310000000000
A,USD,STD,FS,C,001447,2018-12-31,AMERICAN EXPRESS CO,AXP,025816109,0000004962,11,12,USA,188602.0000,22290.0000,,166312.0000,22290.0000,,,,,95.320000000000
A,USD,STD,INDL,C,001447,2018-12-31,AMERICAN EXPRESS CO,AXP,025816109,0000004962,11,12,USA,188602.0000,22290.0000,29707.0000,166312.0000,22290.0000,10260.0000,6921.0000,43281.0000,847.0000,95.320000000000
A,USD,STD,FS,C,001447,2019-12-31,AMERICAN EXPRESS CO,AXP,025816109,0000004962,11,12,USA,198321.0000,23071.0000,,175250.0000,23071.0000,,,,,124.490000000000
A,USD,STD,INDL,C,001447,2019-12-31,AMERICAN EXPRESS CO,AXP,025816109,0000004962,11,12,USA,198321.0000,23071.0000,30539.0000,175250.0000,23071.0000,10770.0000,6759.0000,47020.0000,810.0000,124.490000000000
A,USD,STD,FS,C,001447,2020-12-31,AMERICAN EXPRESS CO,AXP,025816109,0000004962,11,12,USA,191367.0000,22984.0000,,168383.0000,22984.0000,,,,,120.910000000000
A,USD,STD,INDL,C,001447,2020-12-31,AMERICAN EXPRESS CO,AXP,025816109,0000004962,11,12,USA,191367.0000,22984.0000,52668.0000,168383.0000,22984.0000,6472.0000,3135.0000,38185.0000,805.0000,120.910000000000
A,USD,STD,FS,C,001447,2021-12-31,AMERICAN EXPRESS CO,AXP,025816109,0000004962,11,12,USA,188548.0000,22177.0000,,166371.0000,22177.0000,,,,,163.600000000000
A,USD,STD,INDL,C,001447,2021-12-31,AMERICAN EXPRESS CO,AXP,025816109,0000004962,11,12,USA,188548.0000,22177.0000,23505.0000,166371.0000,22177.0000,11816.0000,8060.0000,43663.0000,761.0000,163.600000000000
A,USD,STD,FS,C,001447,2022-12-31,AMERICAN EXPRESS CO,AXP,025816109,0000004962,11,12,USA,228354.0000,24711.0000,,203643.0000,24711.0000,,,,,147.750000000000
A,USD,STD,INDL,C,001447,2022-12-31,AMERICAN EXPRESS CO,AXP,025816109,0000004962,11,12,USA,228354.0000,24711.0000,38225.0000,203643.0000,24711.0000,12413.0000,7514.0000,55625.0000,743.0000,147.750000000000
A,USD,STD,FS,C,001447,2023-12-31,AMERICAN EXPRESS CO,AXP,025816109,0000004962,11,12,USA,261108.0000,28057.0000,,233051.0000,28057.0000,,,,,187.340000000000
A,USD,STD,INDL,C,001447,2023-12-31,AMERICAN EXPRESS CO,AXP,025816109,0000004962,11,12,USA,261108.0000,28057.0000,48374.0000,233051.0000,28057.0000,14778.0000,8374.0000,67364.0000,723.0000,187.340000000000
A,USD,STD,FS,C,001447,2024-12-31,AMERICAN EXPRESS CO,AXP,025816109,0000004962,11,12,USA,271461.0000,30264.0000,,241197.0000,30264.0000,,,,,296.790000000000
A,USD,STD,INDL,C,001447,2024-12-31,AMERICAN EXPRESS CO,AXP,025816109,0000004962,11,12,USA,271461.0000,30264.0000,41593.0000,241197.0000,30264.0000,18738.0000,10129.0000,74201.0000,702.0000,296.790000000000
A,USD,STD,FS,C,001447,2025-12-31,AMERICAN EXPRESS CO,AXP,025816109,0000004962,11,12,USA,300052.0000,33474.0000,,266578.0000,33474.0000,,,,,369.950000000000
A,USD,STD,INDL,C,001447,2025-12-31,AMERICAN EXPRESS CO,AXP,025816109,0000004962,11,12,USA,300052.0000,33474.0000,48618.0000,266578.0000,33474.0000,19834.0000,10833.0000,80463.0000,686.0000,369.950000000000
A,USD,STD,FS,C,001449,2010-12-31,AFLAC INC,AFL,001055102,0000004977,11,12,USA,101039.0000,11056.0000,,89983.0000,11056.0000,,,,,56.430000000000
A,USD,STD,INDL,C,001449,2010-12-31,AFLAC INC,AFL,001055102,0000004977,11,12,USA,101039.0000,11056.0000,4714.0000,89983.0000,11056.0000,3794.0000,2344.0000,20732.0000,469.6610,56.430000000000
A,USD,STD,FS,C,001449,2011-12-31,AFLAC INC,AFL,001055102,0000004977,11,12,USA,117102.0000,13506.0000,,103596.0000,13506.0000,,,,,43.260000000000
A,USD,STD,INDL,C,001449,2011-12-31,AFLAC INC,AFL,001055102,0000004977,11,12,USA,117102.0000,13506.0000,5040.0000,103596.0000,13506.0000,3247.0000,1964.0000,22171.0000,466.3100,43.260000000000
A,USD,STD,FS,C,001449,2012-12-31,AFLAC INC,AFL,001055102,0000004977,11,12,USA,131094.0000,15978.0000,,115116.0000,15978.0000,,,,,53.120000000000
A,USD,STD,INDL,C,001449,2012-12-31,AFLAC INC,AFL,001055102,0000004977,11,12,USA,131094.0000,15978.0000,9793.0000,115116.0000,15978.0000,4623.0000,2866.0000,25364.0000,467.7860,53.120000000000
A,USD,STD,FS,C,001449,2013-12-31,AFLAC INC,AFL,001055102,0000004977,11,12,USA,121307.0000,14620.0000,,106687.0000,14620.0000,,,,,66.800000000000
A,USD,STD,INDL,C,001449,2013-12-31,AFLAC INC,AFL,001055102,0000004977,11,12,USA,121307.0000,14620.0000,7923.0000,106687.0000,14620.0000,5165.0000,3158.0000,23939.0000,459.4130,66.800000000000
A,USD,STD,FS,C,001449,2014-12-31,AFLAC INC,AFL,001055102,0000004977,11,12,USA,119767.0000,18347.0000,,101420.0000,18347.0000,,,,,61.090000000000
A,USD,STD,INDL,C,001449,2014-12-31,AFLAC INC,AFL,001055102,0000004977,11,12,USA,119767.0000,18347.0000,5422.0000,101420.0000,18347.0000,4855.0000,2951.0000,22728.0000,442.4450,61.090000000000
A,USD,STD,FS,C,001449,2015-12-31,AFLAC INC,AFL,001055102,0000004977,11,12,USA,118296.0000,17708.0000,,100588.0000,17708.0000,,,,,59.900000000000
A,USD,STD,INDL,C,001449,2015-12-31,AFLAC INC,AFL,001055102,0000004977,11,12,USA,118296.0000,17708.0000,5114.0000,100588.0000,17708.0000,4457.0000,2533.0000,20904.0000,424.3800,59.900000000000
A,USD,STD,FS,C,001449,2016-12-31,AFLAC INC,AFL,001055102,0000004977,11,12,USA,129819.0000,20482.0000,,109337.0000,20482.0000,,,,,69.600000000000
A,USD,STD,INDL,C,001449,2016-12-31,AFLAC INC,AFL,001055102,0000004977,11,12,USA,129819.0000,20482.0000,7348.0000,109337.0000,20482.0000,4335.0000,2659.0000,22374.0000,405.8100,69.600000000000
A,USD,STD,FS,C,001449,2017-12-31,AFLAC INC,AFL,001055102,0000004977,11,12,USA,137217.0000,24598.0000,,112619.0000,24598.0000,,,,,87.780000000000
A,USD,STD,INDL,C,001449,2017-12-31,AFLAC INC,AFL,001055102,0000004977,11,12,USA,137217.0000,24598.0000,4765.0000,112619.0000,24598.0000,4396.0000,4604.0000,21700.0000,390.4550,87.780000000000
A,USD,STD,FS,C,001449,2018-12-31,AFLAC INC,AFL,001055102,0000004977,11,12,USA,140406.0000,23462.0000,,116944.0000,23462.0000,,,,,45.560000000000
A,USD,STD,INDL,C,001449,2018-12-31,AFLAC INC,AFL,001055102,0000004977,11,12,USA,140406.0000,23462.0000,5530.0000,116944.0000,23462.0000,4338.0000,2920.0000,21768.0000,755.2860,45.560000000000
A,USD,STD,FS,C,001449,2019-12-31,AFLAC INC,AFL,001055102,0000004977,11,12,USA,152768.0000,28959.0000,,123809.0000,28959.0000,,,,,52.900000000000
A,USD,STD,INDL,C,001449,2019-12-31,AFLAC INC,AFL,001055102,0000004977,11,12,USA,152768.0000,28959.0000,6401.0000,123809.0000,28959.0000,4775.0000,3304.0000,22369.0000,726.7930,52.900000000000
A,USD,STD,FS,C,001449,2020-12-31,AFLAC INC,AFL,001055102,0000004977,11,12,USA,165086.0000,33559.0000,,131527.0000,33559.0000,,,,,44.470000000000
A,USD,STD,INDL,C,001449,2020-12-31,AFLAC INC,AFL,001055102,0000004977,11,12,USA,165086.0000,33559.0000,7405.0000,131527.0000,33559.0000,5076.0000,4778.0000,22715.0000,692.4540,44.470000000000
A,USD,STD,FS,C,001449,2021-12-31,AFLAC INC,AFL,001055102,0000004977,11,12,USA,157542.0000,33253.0000,,124289.0000,33253.0000,,,,,58.390000000000
A,USD,STD,INDL,C,001449,2021-12-31,AFLAC INC,AFL,001055102,0000004977,11,12,USA,157542.0000,33253.0000,7792.0000,124289.0000,33253.0000,4604.0000,4325.0000,21037.0000,652.1320,58.390000000000
A,USD,STD,FS,C,001449,2022-12-31,AFLAC INC,AFL,001055102,0000004977,11,12,USA,131017.0000,22365.0000,,108652.0000,22365.0000,,,,,71.940000000000
A,USD,STD,INDL,C,001449,2022-12-31,AFLAC INC,AFL,001055102,0000004977,11,12,USA,131017.0000,22365.0000,7369.0000,108652.0000,22365.0000,3446.0000,4201.0000,18078.0000,615.2560,71.940000000000
A,USD,STD,FS,C,001449,2023-12-31,AFLAC INC,AFL,001055102,0000004977,11,12,USA,126724.0000,21985.0000,,104739.0000,21985.0000,,,,,82.500000000000
A,USD,STD,INDL,C,001449,2023-12-31,AFLAC INC,AFL,001055102,0000004977,11,12,USA,126724.0000,21985.0000,7050.0000,104739.0000,21985.0000,4482.0000,4659.0000,17729.0000,578.4790,82.500000000000
A,USD,STD,FS,C,001449,2024-12-31,AFLAC INC,AFL,001055102,0000004977,11,12,USA,117566.0000,26098.0000,,91468.0000,26098.0000,,,,,103.440000000000
A,USD,STD,INDL,C,001449,2024-12-31,AFLAC INC,AFL,001055102,0000004977,11,12,USA,117566.0000,26098.0000,9364.0000,91468.0000,26098.0000,5181.0000,5443.0000,17436.0000,549.9640,103.440000000000
A,USD,STD,FS,C,001449,2025-12-31,AFLAC INC,AFL,001055102,0000004977,11,12,USA,116470.0000,29490.0000,,86980.0000,29490.0000,,,,,110.270000000000
A,USD,STD,INDL,C,001449,2025-12-31,AFLAC INC,AFL,001055102,0000004977,11,12,USA,116470.0000,29490.0000,9393.0000,86980.0000,29490.0000,5016.0000,3646.0000,17336.0000,518.6900,110.270000000000
A,USD,STD,FS,C,001487,2010-12-31,AMERICAN INTERNATIONAL GROUP,AIG,026874784,0000005272,11,12,USA,683443.0000,36336.0000,,569770.0000,85319.0000,,,,,57.620000000000
A,USD,STD,INDL,C,001487,2010-12-31,AMERICAN INTERNATIONAL GROUP,AIG,026874784,0000005272,11,12,USA,683443.0000,36336.0000,117077.0000,569770.0000,85319.0000,11732.0000,7786.0000,76791.0000,695.2930,57.620000000000
A,USD,STD,FS,C,001487,2011-12-31,AMERICAN INTERNATIONAL GROUP,AIG,026874784,0000005272,11,12,USA,555773.0000,104951.0000,,441444.0000,104951.0000,,,,,23.200000000000
A,USD,STD,INDL,C,001487,2011-12-31,AMERICAN INTERNATIONAL GROUP,AIG,026874784,0000005272,11,12,USA,555773.0000,104951.0000,61624.0000,441444.0000,104951.0000,7491.0000,17798.0000,64353.0000,1896.8210,23.200000000000
A,USD,STD,FS,C,001487,2012-12-31,AMERICAN INTERNATIONAL GROUP,AIG,026874784,0000005272,11,12,USA,548633.0000,98002.0000,,449630.0000,98002.0000,,,,,35.300000000000
A,USD,STD,INDL,C,001487,2012-12-31,AMERICAN INTERNATIONAL GROUP,AIG,026874784,0000005272,11,12,USA,548633.0000,98002.0000,69084.0000,449630.0000,98002.0000,17240.0000,3438.0000,65890.0000,1476.3220,35.300000000000
A,USD,STD,FS,C,001487,2013-12-31,AMERICAN INTERNATIONAL GROUP,AIG,026874784,0000005272,11,12,USA,541329.0000,100470.0000,,440218.0000,100470.0000,,,,,51.050000000000
A,USD,STD,INDL,C,001487,2013-12-31,AMERICAN INTERNATIONAL GROUP,AIG,026874784,0000005272,11,12,USA,541329.0000,100470.0000,35401.0000,440218.0000,100470.0000,15884.0000,9085.0000,67375.0000,1464.0630,51.050000000000
A,USD,STD,FS,C,001487,2014-12-31,AMERICAN INTERNATIONAL GROUP,AIG,026874784,0000005272,11,12,USA,515581.0000,106898.0000,,408309.0000,106898.0000,,,,,56.010000000000
A,USD,STD,INDL,C,001487,2014-12-31,AMERICAN INTERNATIONAL GROUP,AIG,026874784,0000005272,11,12,USA,515581.0000,106898.0000,25001.0000,408309.0000,106898.0000,15350.0000,7529.0000,63004.0000,1375.9270,56.010000000000
A,USD,STD,FS,C,001487,2015-12-31,AMERICAN INTERNATIONAL GROUP,AIG,026874784,0000005272,11,12,USA,496943.0000,89658.0000,,406733.0000,89658.0000,,,,,61.970000000000
A,USD,STD,INDL,C,001487,2015-12-31,AMERICAN INTERNATIONAL GROUP,AIG,026874784,0000005272,11,12,USA,496943.0000,89658.0000,21208.0000,406733.0000,89658.0000,9765.0000,2196.0000,57817.0000,1193.9170,61.970000000000
A,USD,STD,FS,C,001487,2016-12-31,AMERICAN INTERNATIONAL GROUP,AIG,026874784,0000005272,11,12,USA,498264.0000,76300.0000,,421406.0000,76300.0000,,,,,65.310000000000
A,USD,STD,INDL,C,001487,2016-12-31,AMERICAN INTERNATIONAL GROUP,AIG,026874784,0000005272,11,12,USA,498264.0000,76300.0000,22357.0000,421406.0000,76300.0000,6828.0000,-849.0000,53549.0000,995.3360,65.310000000000
A,USD,STD,FS,C,001487,2017-12-31,AMERICAN INTERNATIONAL GROUP,AIG,026874784,0000005272,11,12,USA,498301.0000,65171.0000,,432593.0000,65171.0000,,,,,59.580000000000
A,USD,STD,INDL,C,001487,2017-12-31,AMERICAN INTERNATIONAL GROUP,AIG,026874784,0000005272,11,12,USA,498301.0000,65171.0000,21136.0000,432593.0000,65171.0000,6392.0000,-6084.0000,49004.0000,899.0450,59.580000000000
A,USD,STD,FS,C,001487,2018-12-31,AMERICAN INTERNATIONAL GROUP,AIG,026874784,0000005272,11,12,USA,491984.0000,56361.0000,,434675.0000,56361.0000,,,,,39.410000000000
A,USD,STD,INDL,C,001487,2018-12-31,AMERICAN INTERNATIONAL GROUP,AIG,026874784,0000005272,11,12,USA,491984.0000,56361.0000,22564.0000,434675.0000,56361.0000,7587.0000,-6.0000,47560.0000,866.6090,39.410000000000
A,USD,STD,FS,C,001487,2019-12-31,AMERICAN INTERNATIONAL GROUP,AIG,026874784,0000005272,11,12,USA,525064.0000,65190.0000,,457637.0000,65675.0000,,,,,51.330000000000
A,USD,STD,INDL,C,001487,2019-12-31,AMERICAN INTERNATIONAL GROUP,AIG,026874784,0000005272,11,12,USA,525064.0000,65190.0000,26770.0000,457637.0000,65675.0000,11623.0000,3348.0000,49310.0000,869.9990,51.330000000000
A,USD,STD,FS,C,001487,2020-12-31,AMERICAN INTERNATIONAL GROUP,AIG,026874784,0000005272,11,12,USA,586481.0000,65877.0000,,519282.0000,66362.0000,,,,,37.860000000000
A,USD,STD,INDL,C,001487,2020-12-31,AMERICAN INTERNATIONAL GROUP,AIG,026874784,0000005272,11,12,USA,586481.0000,65877.0000,31987.0000,519282.0000,66362.0000,6985.0000,-5944.0000,43358.0000,861.5580,37.860000000000
A,USD,STD,FS,C,001487,2021-12-31,AMERICAN INTERNATIONAL GROUP,AIG,026874784,0000005272,11,12,USA,596112.0000,65471.0000,,527200.0000,65956.0000,,,,,56.860000000000
A,USD,STD,INDL,C,001487,2021-12-31,AMERICAN INTERNATIONAL GROUP,AIG,026874784,0000005272,11,12,USA,596112.0000,65471.0000,23221.0000,527200.0000,65956.0000,15955.0000,9388.0000,52046.0000,818.6870,56.860000000000
A,USD,STD,FS,C,001487,2022-12-31,AMERICAN INTERNATIONAL GROUP,AIG,026874784,0000005272,11,12,USA,526634.0000,39517.0000,,484399.0000,40002.0000,,,,,63.240000000000
A,USD,STD,INDL,C,001487,2022-12-31,AMERICAN INTERNATIONAL GROUP,AIG,026874784,0000005272,11,12,USA,526634.0000,39517.0000,23462.0000,484399.0000,40002.0000,21336.0000,10276.0000,56332.0000,734.1280,63.240000000000
A,USD,STD,FS,C,001487,2023-12-31,AMERICAN INTERNATIONAL GROUP,AIG,026874784,0000005272,11,12,USA,539306.0000,44866.0000,,488005.0000,45351.0000,,,,,67.750000000000
A,USD,STD,INDL,C,001487,2023-12-31,AMERICAN INTERNATIONAL GROUP,AIG,026874784,0000005272,11,12,USA,539306.0000,44866.0000,27260.0000,488005.0000,45351.0000,9253.0000,3643.0000,46682.0000,688.8400,67.750000000000
A,USD,STD,FS,C,001487,2024-12-31,AMERICAN INTERNATIONAL GROUP,AIG,026874784,0000005272,11,12,USA,161322.0000,42521.0000,,118772.0000,42521.0000,,,,,72.800000000000
A,USD,STD,INDL,C,001487,2024-12-31,AMERICAN INTERNATIONAL GROUP,AIG,026874784,0000005272,11,12,USA,161322.0000,42521.0000,19759.0000,118772.0000,42521.0000,7882.0000,-1404.0000,27004.0000,606.1590,72.800000000000
A,USD,STD,FS,C,001487,2025-12-31,AMERICAN INTERNATIONAL GROUP,AIG,026874784,0000005272,11,12,USA,161254.0000,41139.0000,,120092.0000,41139.0000,,,,,85.550000000000
A,USD,STD,INDL,C,001487,2025-12-31,AMERICAN INTERNATIONAL GROUP,AIG,026874784,0000005272,11,12,USA,161254.0000,41139.0000,17271.0000,120092.0000,41139.0000,8063.0000,3096.0000,26612.0000,538.1820,85.550000000000
A,USD,STD,INDL,C,001678,2010-12-31,APA CORP,APA,03743Q108,0001841666,14,12,USA,43425.0000,23150.0000,134.0000,19048.0000,24377.0000,9283.0000,3032.0000,12183.0000,382.3920,119.230000000000
A,USD,STD,INDL,C,001678,2011-12-31,APA CORP,APA,03743Q108,0001841666,14,12,USA,52051.0000,27766.0000,295.0000,23058.0000,28993.0000,12901.0000,4584.0000,16810.0000,384.1180,90.580000000000
A,USD,STD,INDL,C,001678,2012-12-31,APA CORP,APA,03743Q108,0001841666,14,12,USA,60737.0000,30104.0000,160.0000,29406.0000,31331.0000,10888.0000,2001.0000,16947.0000,391.6410,78.500000000000
A,USD,STD,INDL,C,001678,2013-12-31,APA CORP,APA,03743Q108,0001841666,14,12,USA,61637.0000,33396.0000,1906.0000,26244.0000,33396.0000,11041.0000,2232.0000,16402.0000,395.7730,85.940000000000
A,USD,STD,INDL,C,001678,2014-12-31,APA CORP,APA,03743Q108,0001841666,14,12,USA,55952.0000,25937.0000,769.0000,27815.0000,25937.0000,5318.0000,-5403.0000,13749.0000,376.5050,62.670000000000
A,USD,STD,INDL,C,001678,2015-12-31,APA CORP,APA,03743Q108,0001841666,14,12,USA,18842.0000,2566.0000,1467.0000,14614.0000,2566.0000,-21536.0000,-23119.0000,6383.0000,378.0340,44.470000000000
A,USD,STD,INDL,C,001678,2016-12-31,APA CORP,APA,03743Q108,0001841666,14,12,USA,22519.0000,6238.0000,1377.0000,14840.0000,6238.0000,3065.0000,-1405.0000,5367.0000,379.4400,63.470000000000
A,USD,STD,INDL,C,001678,2017-12-31,APA CORP,APA,03743Q108,0001841666,14,12,USA,21922.0000,7416.0000,1668.0000,13131.0000,7416.0000,4022.0000,1304.0000,5752.0000,380.9550,42.220000000000
A,USD,STD,INDL,C,001678,2018-12-31,APA CORP,APA,03743Q108,0001841666,14,12,USA,21582.0000,7130.0000,714.0000,12770.0000,7130.0000,4941.0000,40.0000,7331.0000,374.6960,26.250000000000
A,USD,STD,INDL,C,001678,2019-12-31,APA CORP,APA,03743Q108,0001841666,14,12,USA,18107.0000,3255.0000,247.0000,13087.0000,3255.0000,1520.0000,-3553.0000,6280.0000,376.0630,25.590000000000
A,USD,STD,INDL,C,001678,2020-12-31,APA CORP,APA,03743Q108,0001841666,14,12,USA,12746.0000,-1639.0000,262.0000,12783.0000,-1639.0000,-2070.0000,-4860.0000,4212.0000,377.4820,14.190000000000
A,USD,STD,INDL,C,001678,2021-12-31,APA CORP,APA,03743Q108,0001841666,14,12,USA,13303.0000,-1595.0000,302.0000,13308.0000,-1595.0000,4742.0000,973.0000,8079.0000,346.9310,26.890000000000
A,USD,STD,INDL,C,001678,2022-12-31,APA CORP,APA,03743Q108,0001841666,14,12,USA,13147.0000,423.0000,245.0000,11802.0000,423.0000,7106.0000,3674.0000,10961.0000,311.5590,46.680000000000
A,USD,STD,INDL,C,001678,2023-12-31,APA CORP,APA,03743Q108,0001841666,14,12,USA,15244.0000,2655.0000,87.0000,11553.0000,2655.0000,5598.0000,2855.0000,8378.0000,303.5760,35.880000000000
A,USD,STD,INDL,C,001678,2024-12-31,APA CORP,APA,03743Q108,0001841666,14,12,USA,19390.0000,5280.0000,625.0000,13028.0000,5280.0000,5159.0000,804.0000,9727.0000,365.3970,23.090000000000
A,USD,STD,INDL,C,001678,2025-12-31,APA CORP,APA,03743Q108,0001841666,14,12,USA,17761.0000,6093.0000,516.0000,10758.0000,6093.0000,5596.0000,1434.0000,8867.0000,352.9650,24.460000000000
A,USD,STD,INDL,C,001794,2010-09-30,ASHLAND INC,ASH,044186104,0001674862,11,9,USA,9531.0000,3803.0000,417.0000,5728.0000,3803.0000,2321.0000,332.0000,9012.0000,79.0000,48.770000000000
A,USD,STD,INDL,C,001794,2011-09-30,ASHLAND INC,ASH,044186104,0001674862,11,9,USA,12966.0000,4135.0000,737.0000,8831.0000,4135.0000,1927.0000,414.0000,6502.0000,78.0000,44.140000000000
A,USD,STD,INDL,C,001794,2012-09-30,ASHLAND INC,ASH,044186104,0001674862,11,9,USA,12524.0000,4029.0000,523.0000,8495.0000,4029.0000,2639.0000,26.0000,8206.0000,79.0000,71.600000000000
A,USD,STD,INDL,C,001794,2013-09-30,ASHLAND INC,ASH,044186104,0001674862,11,9,USA,12088.0000,4553.0000,346.0000,7535.0000,4553.0000,2797.0000,683.0000,7813.0000,77.0000,92.480000000000
A,USD,STD,INDL,C,001794,2014-09-30,ASHLAND INC,ASH,044186104,0001674862,11,9,USA,10951.0000,3583.0000,1393.0000,7368.0000,3583.0000,1823.0000,233.0000,6121.0000,70.0000,104.100000000000
A,USD,STD,INDL,C,001794,2015-09-30,ASHLAND INC,ASH,044186104,0001674862,11,9,USA,10064.0000,3037.0000,1287.0000,7027.0000,3037.0000,1866.0000,309.0000,5387.0000,67.0000,100.620000000000
A,USD,STD,INDL,C,001794,2016-09-30,ASHLAND INC,ASH,044186104,0001674862,11,9,USA,9697.0000,3347.0000,1218.0000,6532.0000,3347.0000,1882.0000,-29.0000,4948.0000,62.0000,115.950000000000
A,USD,STD,INDL,C,001794,2017-09-30,ASHLAND INC,ASH,044186104,0001674862,11,9,USA,8618.0000,3406.0000,596.0000,5212.0000,3406.0000,1123.0000,1.0000,3260.0000,62.0000,65.390000000000
A,USD,STD,INDL,C,001794,2018-09-30,ASHLAND INC,ASH,044186104,0001674862,11,9,USA,8252.0000,3406.0000,324.0000,4846.0000,3406.0000,1294.0000,114.0000,3743.0000,62.0000,83.860000000000
A,USD,STD,INDL,C,001794,2019-09-30,ASHLAND INC,ASH,044186104,0001674862,11,9,USA,7251.0000,3571.0000,256.0000,3680.0000,3571.0000,980.0000,505.0000,2493.0000,60.0000,77.050000000000
A,USD,STD,INDL,C,001794,2020-09-30,ASHLAND INC,ASH,044186104,0001674862,11,9,USA,6877.0000,3036.0000,484.0000,3841.0000,3036.0000,916.0000,-508.0000,2326.0000,61.0000,70.920000000000
A,USD,STD,INDL,C,001794,2021-09-30,ASHLAND INC,ASH,044186104,0001674862,11,9,USA,6612.0000,2752.0000,247.0000,3860.0000,2752.0000,826.0000,220.0000,2111.0000,57.0000,89.120000000000
A,USD,STD,INDL,C,001794,2022-09-30,ASHLAND INC,ASH,044186104,0001674862,11,9,USA,6213.0000,3220.0000,707.0000,2993.0000,3220.0000,977.0000,927.0000,2391.0000,54.0000,94.970000000000
A,USD,STD,INDL,C,001794,2023-09-30,ASHLAND INC,ASH,044186104,0001674862,11,9,USA,5939.0000,3097.0000,494.0000,2842.0000,3097.0000,820.0000,178.0000,2191.0000,51.0000,81.680000000000
A,USD,STD,INDL,C,001794,2024-09-30,ASHLAND INC,ASH,044186104,0001674862,11,9,USA,5645.0000,2868.0000,377.0000,2777.0000,2868.0000,826.0000,169.0000,2113.0000,47.1090,86.970000000000
A,USD,STD,INDL,C,001794,2025-09-30,ASHLAND INC,ASH,044186104,0001674862,11,9,USA,4611.0000,1904.0000,265.0000,2707.0000,1904.0000,745.0000,-845.0000,1824.0000,46.0000,47.910000000000
I,USD,STD,INDL,C,002049,2010-12-31,BARNES GROUP INC,B.2,067806109,0000009984,11,12,USA,1403.2570,712.1190,13.4500,691.1380,712.1190,458.6050,53.2780,1133.1990,53.8270,20.670000000000
I,USD,STD,INDL,C,002049,2011-12-31,BARNES GROUP INC,B.2,067806109,0000009984,11,12,USA,1440.3650,722.4000,62.5050,717.9650,722.4000,450.6360,64.7150,1169.3550,54.3400,24.110000000000
I,USD,STD,INDL,C,002049,2012-12-31,BARNES GROUP INC,B.2,067806109,0000009984,11,12,USA,1868.5960,800.1180,86.3560,1068.4780,800.1180,475.5770,95.2490,1229.9590,54.2020,22.460000000000
I,USD,STD,INDL,C,002049,2013-12-31,BARNES GROUP INC,B.2,067806109,0000009984,11,12,USA,2123.6730,1141.4140,70.8560,982.2590,1141.4140,423.0670,270.5270,1091.5660,53.9170,38.310000000000
I,USD,STD,INDL,C,002049,2014-12-31,BARNES GROUP INC,B.2,067806109,0000009984,11,12,USA,2073.8850,1111.7930,46.0390,962.0920,1111.7930,521.2820,118.3700,1262.0060,54.5010,37.010000000000
I,USD,STD,INDL,C,002049,2015-12-31,BARNES GROUP INC,B.2,067806109,0000009984,11,12,USA,2061.8660,1127.7530,83.9260,934.1130,1127.7530,500.2060,121.3800,1193.9750,53.8640,35.390000000000
I,USD,STD,INDL,C,002049,2016-12-31,BARNES GROUP INC,B.2,067806109,0000009984,11,12,USA,2137.5390,1168.3580,66.4470,969.1810,1168.3580,522.6890,135.6010,1230.7540,53.8020,47.420000000000
I,USD,STD,INDL,C,002049,2017-12-31,BARNES GROUP INC,B.2,067806109,0000009984,11,12,USA,2365.7160,1260.3210,145.2900,1105.3950,1260.3210,589.4270,59.4150,1436.4990,53.3780,63.270000000000
I,USD,STD,INDL,C,002049,2018-12-31,BARNES GROUP INC,B.2,067806109,0000009984,11,12,USA,2808.9700,1203.0560,100.7190,1605.9140,1203.0560,632.0930,166.1860,1495.8890,51.3340,53.620000000000
I,USD,STD,INDL,C,002049,2019-12-31,BARNES GROUP INC,B.2,067806109,0000009984,11,12,USA,2738.3350,1270.5280,93.8050,1467.8070,1270.5280,648.0780,158.3500,1491.1180,50.8220,61.960000000000
I,USD,STD,INDL,C,002049,2020-12-31,BARNES GROUP INC,B.2,067806109,0000009984,11,12,USA,2676.2260,1382.6770,84.0890,1293.5490,1382.6770,490.8090,63.3750,1124.3910,50.6410,50.690000000000
I,USD,STD,INDL,C,002049,2021-12-31,BARNES GROUP INC,B.2,067806109,0000009984,11,12,USA,2576.8200,1428.7660,107.3840,1148.0540,1428.7660,546.0810,99.8730,1258.8460,50.6850,46.590000000000
I,USD,STD,INDL,C,002049,2022-12-31,BARNES GROUP INC,B.2,067806109,0000009984,11,12,USA,2413.7300,1346.3270,78.9930,1067.4030,1346.3270,517.0200,13.4790,1261.8680,50.5910,40.850000000000
I,USD,STD,INDL,C,002049,2023-12-31,BARNES GROUP INC,B.2,067806109,0000009984,11,12,USA,3308.0140,1362.2630,92.0390,1945.7510,1362.2630,590.4950,15.9960,1450.8710,50.6870,32.630000000000
A,USD,STD,INDL,C,002086,2010-12-31,BAXTER INTERNATIONAL INC,BAX,071813109,0000010456,11,12,USA,17489.0000,6567.0000,2685.0000,10693.0000,6567.0000,7349.0000,1420.0000,13056.0000,580.7330,50.620000000000
A,USD,STD,INDL,C,002086,2011-12-31,BAXTER INTERNATIONAL INC,BAX,071813109,0000010456,11,12,USA,19073.0000,6585.0000,2905.0000,12245.0000,6585.0000,7794.0000,2224.0000,13893.0000,560.9700,49.480000000000
A,USD,STD,INDL,C,002086,2012-12-31,BAXTER INTERNATIONAL INC,BAX,071813109,0000010456,11,12,USA,20390.0000,6938.0000,3270.0000,13412.0000,6938.0000,8044.0000,2326.0000,14190.0000,546.2140,66.660000000000
A,USD,STD,INDL,C,002086,2013-12-31,BAXTER INTERNATIONAL INC,BAX,071813109,0000010456,11,12,USA,25869.0000,8463.0000,2733.0000,17383.0000,8463.0000,8610.0000,2012.0000,15259.0000,543.0380,69.550000000000
A,USD,STD,INDL,C,002086,2014-12-31,BAXTER INTERNATIONAL INC,BAX,071813109,0000010456,11,12,USA,25917.0000,8120.0000,2925.0000,17761.0000,8120.0000,9209.0000,2497.0000,16671.0000,542.3780,73.290000000000
A,USD,STD,INDL,C,002086,2015-12-31,BAXTER INTERNATIONAL INC,BAX,071813109,0000010456,11,12,USA,20975.0000,8846.0000,7361.0000,12110.0000,8846.0000,4911.0000,968.0000,9968.0000,547.6550,38.150000000000
A,USD,STD,INDL,C,002086,2016-12-31,BAXTER INTERNATIONAL INC,BAX,071813109,0000010456,11,12,USA,15546.0000,8290.0000,2801.0000,7266.0000,8290.0000,5047.0000,4965.0000,10163.0000,539.6050,44.340000000000
A,USD,STD,INDL,C,002086,2017-12-31,BAXTER INTERNATIONAL INC,BAX,071813109,0000010456,11,12,USA,17111.0000,9124.0000,3394.0000,7995.0000,9124.0000,5316.0000,717.0000,10561.0000,541.4770,64.640000000000
A,USD,STD,INDL,C,002086,2018-12-31,BAXTER INTERNATIONAL INC,BAX,071813109,0000010456,11,12,USA,15641.0000,7794.0000,1832.0000,7825.0000,7794.0000,5606.0000,1624.0000,11127.0000,512.9990,65.820000000000
A,USD,STD,INDL,C,002086,2019-12-31,BAXTER INTERNATIONAL INC,BAX,071813109,0000010456,11,12,USA,18193.0000,7882.0000,3335.0000,10281.0000,7882.0000,5705.0000,1001.0000,11362.0000,506.1550,83.620000000000
A,USD,STD,INDL,C,002086,2020-12-31,BAXTER INTERNATIONAL INC,BAX,071813109,0000010456,11,12,USA,20019.0000,8689.0000,3736.0000,11293.0000,8689.0000,5553.0000,1102.0000,11673.0000,504.9150,80.240000000000
A,USD,STD,INDL,C,002086,2021-12-31,BAXTER INTERNATIONAL INC,BAX,071813109,0000010456,11,12,USA,33521.0000,9077.0000,2956.0000,24400.0000,9077.0000,6129.0000,1284.0000,12784.0000,501.6150,85.840000000000
A,USD,STD,INDL,C,002086,2022-12-31,BAXTER INTERNATIONAL INC,BAX,071813109,0000010456,11,12,USA,28287.0000,5833.0000,1722.0000,22392.0000,5833.0000,7147.0000,-2433.0000,15113.0000,504.4320,50.970000000000
A,USD,STD,INDL,C,002086,2023-12-31,BAXTER INTERNATIONAL INC,BAX,071813109,0000010456,11,12,USA,28276.0000,8402.0000,3198.0000,19808.0000,8402.0000,6961.0000,2656.0000,14813.0000,507.6330,38.660000000000
A,USD,STD,INDL,C,002086,2024-12-31,BAXTER INTERNATIONAL INC,BAX,071813109,0000010456,11,12,USA,25782.0000,6964.0000,1766.0000,18758.0000,6964.0000,5001.0000,-649.0000,10636.0000,510.9270,29.160000000000
A,USD,STD,INDL,C,002086,2025-12-31,BAXTER INTERNATIONAL INC,BAX,071813109,0000010456,11,12,USA,20055.0000,6129.0000,1968.0000,13953.0000,6129.0000,4797.0000,-957.0000,11244.0000,514.2810,19.110000000000
A,USD,STD,INDL,C,002111,2010-09-30,BECTON DICKINSON & CO,BDX,075887109,0000010795,11,9,USA,9650.6940,5434.5800,1744.1950,4216.1140,5434.5800,4257.1320,1317.6100,7372.3330,229.8160,74.100000000000
A,USD,STD,INDL,C,002111,2011-09-30,BECTON DICKINSON & CO,BDX,075887109,0000010795,11,9,USA,10430.4280,4828.1750,1563.3130,5602.2530,4828.1750,4518.3980,1270.9940,7828.9040,214.8180,73.320000000000
A,USD,STD,INDL,C,002111,2012-09-30,BECTON DICKINSON & CO,BDX,075887109,0000010795,11,9,USA,11360.9090,4135.8890,2180.7310,7225.0200,4135.8890,4381.2770,1169.9270,7708.3820,196.9110,78.560000000000
A,USD,STD,INDL,C,002111,2013-09-30,BECTON DICKINSON & CO,BDX,075887109,0000010795,11,9,USA,12149.0000,5043.0000,2608.0000,7106.0000,5043.0000,4589.0000,1293.0000,8054.0000,193.9990,100.020000000000
A,USD,STD,INDL,C,002111,2014-09-30,BECTON DICKINSON & CO,BDX,075887109,0000010795,11,9,USA,12447.0000,5053.0000,2745.0000,7394.0000,5053.0000,4800.0000,1185.0000,8446.0000,191.8920,113.810000000000
A,USD,STD,INDL,C,002111,2015-09-30,BECTON DICKINSON & CO,BDX,075887109,0000010795,11,9,USA,26820.0000,7164.0000,1444.0000,19656.0000,7164.0000,5523.0000,695.0000,10282.0000,210.6960,132.660000000000
A,USD,STD,INDL,C,002111,2016-09-30,BECTON DICKINSON & CO,BDX,075887109,0000010795,11,9,USA,25586.0000,7633.0000,1568.0000,17953.0000,7633.0000,7041.0000,976.0000,12483.0000,213.2910,179.730000000000
A,USD,STD,INDL,C,002111,2017-09-30,BECTON DICKINSON & CO,BDX,075887109,0000010795,11,9,USA,37734.0000,12946.0000,14199.0000,24786.0000,12948.0000,6881.0000,1100.0000,12093.0000,227.9420,195.950000000000
A,USD,STD,INDL,C,002111,2018-09-30,BECTON DICKINSON & CO,BDX,075887109,0000010795,11,9,USA,53904.0000,20992.0000,1253.0000,32910.0000,20994.0000,9612.0000,311.0000,15983.0000,268.2240,261.000000000000
A,USD,STD,INDL,C,002111,2019-09-30,BECTON DICKINSON & CO,BDX,075887109,0000010795,11,9,USA,51765.0000,21079.0000,620.0000,30684.0000,21081.0000,10418.0000,1233.0000,17290.0000,270.4270,252.960000000000
A,USD,STD,INDL,C,002111,2020-09-30,BECTON DICKINSON & CO,BDX,075887109,0000010795,11,9,USA,54012.0000,23763.0000,2937.0000,30247.0000,23765.0000,9875.0000,874.0000,17117.0000,290.0170,232.680000000000
A,USD,STD,INDL,C,002111,2021-09-30,BECTON DICKINSON & CO,BDX,075887109,0000010795,11,9,USA,53866.0000,23675.0000,2403.0000,30189.0000,23677.0000,11666.0000,2092.0000,20248.0000,284.4760,245.820000000000
A,USD,STD,INDL,C,002111,2022-09-30,BECTON DICKINSON & CO,BDX,075887109,0000010795,11,9,USA,52934.0000,25280.0000,1167.0000,27652.0000,25282.0000,10708.0000,1779.0000,18870.0000,283.3570,222.830000000000
A,USD,STD,INDL,C,002111,2023-09-30,BECTON DICKINSON & CO,BDX,075887109,0000010795,11,9,USA,52780.0000,25796.0000,1489.0000,26984.0000,25796.0000,11037.0000,1484.0000,19372.0000,290.3920,258.530000000000
A,USD,STD,INDL,C,002111,2024-09-30,BECTON DICKINSON & CO,BDX,075887109,0000010795,11,9,USA,57286.0000,25890.0000,2301.0000,31396.0000,25890.0000,11379.0000,1705.0000,20245.0000,289.1010,241.100000000000
A,USD,STD,INDL,C,002111,2025-09-30,BECTON DICKINSON & CO,BDX,075887109,0000010795,11,9,USA,55325.0000,25390.0000,859.0000,29935.0000,25390.0000,12673.0000,1678.0000,21840.0000,285.4020,187.170000000000
A,USD,STD,INDL,C,002574,2010-12-31,CSX CORP,CSX,126408103,0000277948,14,12,USA,28141.0000,8686.0000,1346.0000,19441.0000,8686.0000,4048.0000,1563.0000,10636.0000,370.3420,64.610000000000
A,USD,STD,INDL,C,002574,2011-12-31,CSX CORP,CSX,126408103,0000277948,14,12,USA,29473.0000,8455.0000,1306.0000,21005.0000,8455.0000,4394.0000,1822.0000,11743.0000,1049.1570,21.060000000000
A,USD,STD,INDL,C,002574,2012-12-31,CSX CORP,CSX,126408103,0000277948,14,12,USA,30571.0000,8988.0000,1371.0000,21569.0000,8988.0000,4516.0000,1859.0000,11756.0000,1020.4850,19.730000000000
A,USD,STD,INDL,C,002574,2013-12-31,CSX CORP,CSX,126408103,0000277948,14,12,USA,31782.0000,10483.0000,1079.0000,21278.0000,10483.0000,4577.0000,1864.0000,12026.0000,1008.8600,28.770000000000
A,USD,STD,INDL,C,002574,2014-12-31,CSX CORP,CSX,126408103,0000277948,14,12,USA,33053.0000,11152.0000,961.0000,21877.0000,11152.0000,4803.0000,1927.0000,12669.0000,991.5910,36.230000000000
A,USD,STD,INDL,C,002574,2015-12-31,CSX CORP,CSX,126408103,0000277948,14,12,USA,35039.0000,11652.0000,1438.0000,23371.0000,11652.0000,4820.0000,1968.0000,11811.0000,965.5140,25.950000000000
A,USD,STD,INDL,C,002574,2016-12-31,CSX CORP,CSX,126408103,0000277948,14,12,USA,35414.0000,11679.0000,1020.0000,23720.0000,11679.0000,4690.0000,1714.0000,11069.0000,928.1800,35.930000000000
A,USD,STD,INDL,C,002574,2017-12-31,CSX CORP,CSX,126408103,0000277948,14,12,USA,35739.0000,14705.0000,419.0000,21018.0000,14705.0000,5015.0000,5471.0000,11408.0000,889.8510,55.010000000000
A,USD,STD,INDL,C,002574,2018-12-31,CSX CORP,CSX,126408103,0000277948,14,12,USA,36729.0000,12563.0000,1111.0000,24149.0000,12563.0000,6104.0000,3309.0000,12250.0000,818.1800,62.130000000000
A,USD,STD,INDL,C,002574,2019-12-31,CSX CORP,CSX,126408103,0000277948,14,12,USA,38257.0000,11848.0000,1954.0000,26394.0000,11848.0000,6223.0000,3331.0000,11937.0000,773.4710,72.360000000000
A,USD,STD,INDL,C,002574,2020-12-31,CSX CORP,CSX,126408103,0000277948,14,12,USA,39793.0000,13101.0000,3131.0000,26683.0000,13101.0000,5645.0000,2765.0000,10583.0000,762.5290,90.750000000000
A,USD,STD,INDL,C,002574,2021-12-31,CSX CORP,CSX,126408103,0000277948,14,12,USA,40531.0000,13490.0000,2316.0000,27031.0000,13490.0000,6481.0000,3781.0000,12522.0000,2201.7870,37.600000000000
A,USD,STD,INDL,C,002574,2022-12-31,CSX CORP,CSX,126408103,0000277948,14,12,USA,41912.0000,12615.0000,2087.0000,29287.0000,12615.0000,7212.0000,4166.0000,14853.0000,2066.3670,30.980000000000
A,USD,STD,INDL,C,002574,2023-12-31,CSX CORP,CSX,126408103,0000277948,14,12,USA,42408.0000,12128.0000,1436.0000,30275.0000,12128.0000,7035.0000,3715.0000,14657.0000,1958.7570,34.670000000000
A,USD,STD,INDL,C,002574,2024-12-31,CSX CORP,CSX,126408103,0000277948,14,12,USA,42764.0000,12502.0000,1005.0000,30257.0000,12502.0000,6861.0000,3470.0000,14540.0000,1900.1900,32.270000000000
A,USD,STD,INDL,C,002574,2025-12-31,CSX CORP,CSX,126408103,0000277948,14,12,USA,43682.0000,13155.0000,675.0000,30522.0000,13155.0000,6248.0000,2889.0000,14092.0000,1859.6590,36.250000000000
A,USD,STD,INDL,C,002593,2010-09-30,CABOT CORP,CBT,127055101,0000016040,11,9,USA,2886.0000,1322.0000,387.0000,1469.0000,1302.0000,745.0000,154.0000,2893.0000,65.3700,32.570000000000
A,USD,STD,INDL,C,002593,2011-09-30,CABOT CORP,CBT,127055101,0000016040,11,9,USA,3141.0000,1501.0000,286.0000,1525.0000,1487.0000,707.0000,236.0000,3102.0000,63.8610,24.780000000000
A,USD,STD,INDL,C,002593,2012-09-30,CABOT CORP,CBT,127055101,0000016040,11,9,USA,4399.0000,1821.0000,120.0000,2460.0000,1813.0000,829.0000,388.0000,3300.0000,63.3470,36.570000000000
A,USD,STD,INDL,C,002593,2013-09-30,CABOT CORP,CBT,127055101,0000016040,11,9,USA,4233.0000,1953.0000,95.0000,2150.0000,1951.0000,864.0000,153.0000,3463.0000,63.9710,42.710000000000
A,USD,STD,INDL,C,002593,2014-09-30,CABOT CORP,CBT,127055101,0000016040,11,9,USA,4084.0000,1942.0000,67.0000,1993.0000,1969.0000,952.0000,199.0000,3647.0000,64.3820,50.770000000000
A,USD,STD,INDL,C,002593,2015-09-30,CABOT CORP,CBT,127055101,0000016040,11,9,USA,3075.0000,1234.0000,77.0000,1710.0000,1261.0000,795.0000,-334.0000,2871.0000,62.4580,31.560000000000
A,USD,STD,INDL,C,002593,2016-09-30,CABOT CORP,CBT,127055101,0000016040,11,9,USA,3044.0000,1274.0000,200.0000,1646.0000,1300.0000,772.0000,149.0000,2411.0000,62.2110,52.410000000000
A,USD,STD,INDL,C,002593,2017-09-30,CABOT CORP,CBT,127055101,0000016040,11,9,USA,3314.0000,1480.0000,280.0000,1686.0000,1507.0000,809.0000,241.0000,2717.0000,61.8840,55.800000000000
A,USD,STD,INDL,C,002593,2018-09-30,CABOT CORP,CBT,127055101,0000016040,11,9,USA,3244.0000,1154.0000,175.0000,1965.0000,1154.0000,901.0000,-113.0000,3242.0000,60.3670,62.720000000000
A,USD,STD,INDL,C,002593,2019-09-30,CABOT CORP,CBT,127055101,0000016040,11,9,USA,3004.0000,998.0000,169.0000,1870.0000,998.0000,842.0000,157.0000,3337.0000,57.0810,45.320000000000
A,USD,STD,INDL,C,002593,2020-09-30,CABOT CORP,CBT,127055101,0000016040,11,9,USA,2781.0000,691.0000,151.0000,1967.0000,691.0000,664.0000,-238.0000,2614.0000,56.4670,36.030000000000
A,USD,STD,INDL,C,002593,2021-09-30,CABOT CORP,CBT,127055101,0000016040,11,9,USA,3306.0000,947.0000,170.0000,2216.0000,947.0000,957.0000,250.0000,3400.0000,56.7270,50.120000000000
A,USD,STD,INDL,C,002593,2022-09-30,CABOT CORP,CBT,127055101,0000016040,11,9,USA,3525.0000,898.0000,206.0000,2493.0000,898.0000,1032.0000,209.0000,4321.0000,56.2490,63.890000000000
A,USD,STD,INDL,C,002593,2023-09-30,CABOT CORP,CBT,127055101,0000016040,11,9,USA,3604.0000,1264.0000,238.0000,2197.0000,1264.0000,969.0000,445.0000,3931.0000,55.2440,69.270000000000
A,USD,STD,INDL,C,002593,2024-09-30,CABOT CORP,CBT,127055101,0000016040,11,9,USA,3736.0000,1425.0000,223.0000,2146.0000,1425.0000,1123.0000,380.0000,3994.0000,54.2970,111.770000000000
A,USD,STD,INDL,C,002593,2025-09-30,CABOT CORP,CBT,127055101,0000016040,11,9,USA,3815.0000,1550.0000,258.0000,2110.0000,1550.0000,1096.0000,331.0000,3713.0000,52.8420,76.050000000000
A,USD,STD,INDL,C,002628,2010-12-31,CALIFORNIA WATER SERVICE GP,CWT,130788102,0001035201,11,12,USA,1692.0660,435.5260,42.2770,1256.5400,435.5260,127.7100,37.6560,460.3990,20.8330,37.270000000000
A,USD,STD,INDL,C,002628,2011-12-31,CALIFORNIA WATER SERVICE GP,CWT,130788102,0001035201,11,12,USA,1854.5870,449.8290,27.2030,1404.7580,449.8290,140.5770,37.7120,501.8140,41.8170,18.260000000000
A,USD,STD,INDL,C,002628,2012-12-31,CALIFORNIA WATER SERVICE GP,CWT,130788102,0001035201,11,12,USA,1995.9240,473.7120,38.7900,1522.2120,473.7120,147.8670,48.8280,559.9660,41.9080,18.350000000000
A,USD,STD,INDL,C,002628,2013-12-31,CALIFORNIA WATER SERVICE GP,CWT,130788102,0001035201,11,12,USA,1959.8550,598.7560,27.5060,1361.0990,598.7560,151.3720,47.2540,584.1030,47.7410,23.070000000000
A,USD,STD,INDL,C,002628,2014-12-31,CALIFORNIA WATER SERVICE GP,CWT,130788102,0001035201,11,12,USA,2187.3510,626.6260,19.5870,1560.7250,626.6260,169.7910,56.7380,597.4990,47.8060,24.610000000000
A,USD,STD,INDL,C,002628,2015-12-31,CALIFORNIA WATER SERVICE GP,CWT,130788102,0001035201,11,12,USA,2246.0950,642.1550,9.3370,1603.9400,642.1550,157.0620,45.0170,588.3680,47.8750,23.270000000000
A,USD,STD,INDL,C,002628,2016-12-31,CALIFORNIA WATER SERVICE GP,CWT,130788102,0001035201,11,12,USA,2411.7450,659.4710,25.8920,1752.2740,659.4710,164.5970,48.6750,609.3700,47.9650,33.900000000000
A,USD,STD,INDL,C,002628,2017-12-31,CALIFORNIA WATER SERVICE GP,CWT,130788102,0001035201,11,12,USA,2740.3750,693.4620,95.3760,2046.9130,693.4620,200.3340,67.1810,666.8900,48.0120,45.350000000000
A,USD,STD,INDL,C,002628,2018-12-31,CALIFORNIA WATER SERVICE GP,CWT,130788102,0001035201,11,12,USA,2837.7040,730.1570,47.7150,2107.5470,730.1570,212.9100,65.5840,698.1960,48.0650,47.660000000000
A,USD,STD,INDL,C,002628,2019-12-31,CALIFORNIA WATER SERVICE GP,CWT,130788102,0001035201,11,12,USA,3111.3080,779.9060,43.2980,2331.4020,779.9060,204.9120,63.1160,714.5570,48.5320,51.560000000000
A,USD,STD,INDL,C,002628,2020-12-31,CALIFORNIA WATER SERVICE GP,CWT,130788102,0001035201,11,12,USA,3394.2480,921.3440,45.1290,2472.9040,921.3440,246.6060,96.8310,794.3070,50.3340,54.030000000000
A,USD,STD,INDL,C,002628,2021-12-31,CALIFORNIA WATER SERVICE GP,CWT,130788102,0001035201,11,12,USA,3623.2710,1177.5940,80.6530,2440.2910,1177.5940,238.2900,101.1250,790.9090,53.7160,71.860000000000
A,USD,STD,INDL,C,002628,2022-12-31,CALIFORNIA WATER SERVICE GP,CWT,130788102,0001035201,11,12,USA,3850.7520,1317.5900,85.0250,2528.3580,1317.5900,245.4970,96.0110,846.4310,55.5980,60.640000000000
A,USD,STD,INDL,C,002628,2023-12-31,CALIFORNIA WATER SERVICE GP,CWT,130788102,0001035201,11,12,USA,4595.5330,1426.7330,84.9660,3165.2210,1426.7330,183.1580,51.9110,794.6320,57.7240,51.870000000000
A,USD,STD,INDL,C,002628,2024-12-31,CALIFORNIA WATER SERVICE GP,CWT,130788102,0001035201,11,12,USA,5180.2830,1635.2710,95.6870,3541.9970,1635.2710,392.8930,190.8070,1036.8060,59.4840,45.330000000000
A,USD,STD,INDL,C,002628,2025-12-31,CALIFORNIA WATER SERVICE GP,CWT,130788102,0001035201,11,12,USA,5671.1650,1689.4040,97.3730,3979.1900,1689.4040,325.9500,128.2110,1000.1400,59.6380,43.330000000000
A,USD,STD,INDL,C,002751,2010-06-30,CARDINAL HEALTH INC,CAH,14149Y108,0000721371,11,6,USA,19990.2000,5276.1000,2755.3000,14714.1000,5276.1000,4025.3000,642.2000,98502.8000,356.4000,33.610000000000
A,USD,STD,INDL,C,002751,2011-06-30,CARDINAL HEALTH INC,CAH,14149Y108,0000721371,11,6,USA,22845.9000,5848.6000,2022.5000,16997.3000,5848.6000,4473.4000,959.0000,102644.2000,351.1000,45.420000000000
A,USD,STD,INDL,C,002751,2012-06-30,CARDINAL HEALTH INC,CAH,14149Y108,0000721371,11,6,USA,24260.0000,6244.0000,2346.0000,18016.0000,6244.0000,4783.0000,1069.0000,107552.0000,343.0000,42.000000000000
A,USD,STD,INDL,C,002751,2013-06-30,CARDINAL HEALTH INC,CAH,14149Y108,0000721371,11,6,USA,25819.0000,5975.0000,1901.0000,19844.0000,5975.0000,5184.0000,334.0000,101093.0000,339.0000,47.200000000000
A,USD,STD,INDL,C,002751,2014-06-30,CARDINAL HEALTH INC,CAH,14149Y108,0000721371,11,6,USA,26033.0000,6401.0000,2958.0000,19632.0000,6401.0000,5427.0000,1166.0000,91084.0000,337.0000,68.560000000000
A,USD,STD,INDL,C,002751,2015-06-30,CARDINAL HEALTH INC,CAH,14149Y108,0000721371,11,6,USA,30142.0000,6256.0000,4707.0000,23886.0000,6256.0000,5900.0000,1215.0000,102531.0000,328.0000,83.650000000000
A,USD,STD,INDL,C,002751,2016-06-30,CARDINAL HEALTH INC,CAH,14149Y108,0000721371,11,6,USA,34122.0000,6554.0000,2469.0000,27434.0000,6554.0000,6852.0000,1427.0000,121546.0000,322.0000,78.010000000000
A,USD,STD,INDL,C,002751,2017-06-30,CARDINAL HEALTH INC,CAH,14149Y108,0000721371,11,6,USA,40112.0000,6808.0000,6944.0000,33166.0000,6808.0000,6846.0000,1288.0000,129976.0000,316.0000,77.920000000000
A,USD,STD,INDL,C,002751,2018-06-30,CARDINAL HEALTH INC,CAH,14149Y108,0000721371,11,6,USA,39951.0000,6059.0000,1763.0000,33880.0000,6059.0000,7603.0000,256.0000,136809.0000,309.0000,48.830000000000
A,USD,STD,INDL,C,002751,2019-06-30,CARDINAL HEALTH INC,CAH,14149Y108,0000721371,11,6,USA,40963.0000,6328.0000,2531.0000,34633.0000,6328.0000,7274.0000,1363.0000,145534.0000,299.0000,47.100000000000
A,USD,STD,INDL,C,002751,2020-06-30,CARDINAL HEALTH INC,CAH,14149Y108,0000721371,11,6,USA,40766.0000,1789.0000,2771.0000,38974.0000,1789.0000,7268.0000,-3696.0000,152922.0000,293.0000,52.190000000000
A,USD,STD,INDL,C,002751,2021-06-30,CARDINAL HEALTH INC,CAH,14149Y108,0000721371,11,6,USA,44453.0000,1791.0000,3407.0000,42659.0000,1791.0000,7155.0000,611.0000,162467.0000,291.0000,57.090000000000
A,USD,STD,INDL,C,002751,2022-06-30,CARDINAL HEALTH INC,CAH,14149Y108,0000721371,11,6,USA,43878.0000,-709.0000,4717.0000,44584.0000,-709.0000,6957.0000,-933.0000,181364.0000,273.0000,52.270000000000
A,USD,STD,INDL,C,002751,2023-06-30,CARDINAL HEALTH INC,CAH,14149Y108,0000721371,11,6,USA,43417.0000,-2852.0000,4043.0000,46268.0000,-2852.0000,7326.0000,261.0000,205012.0000,251.0000,94.570000000000
A,USD,STD,INDL,C,002751,2024-06-30,CARDINAL HEALTH INC,CAH,14149Y108,0000721371,11,6,USA,45121.0000,-3213.0000,5333.0000,48333.0000,-3213.0000,7880.0000,852.0000,226827.0000,244.0000,98.320000000000
A,USD,STD,INDL,C,002751,2025-06-30,CARDINAL HEALTH INC,CAH,14149Y108,0000721371,11,6,USA,53122.0000,-2781.0000,3874.0000,55756.0000,-2781.0000,8656.0000,1561.0000,222578.0000,239.0000,168.000000000000
A,USD,STD,INDL,C,002817,2010-12-31,CATERPILLAR INC,CAT,149123101,0000018230,11,12,USA,64020.0000,10824.0000,3667.0000,52695.0000,10824.0000,13809.0000,2700.0000,42588.0000,638.8230,93.660000000000
A,USD,STD,INDL,C,002817,2011-12-31,CATERPILLAR INC,CAT,149123101,0000018230,11,12,USA,81446.0000,12883.0000,3127.0000,68044.0000,12883.0000,19307.0000,4928.0000,60138.0000,647.5330,90.600000000000
A,USD,STD,INDL,C,002817,2012-12-31,CATERPILLAR INC,CAT,149123101,0000018230,11,12,USA,89356.0000,17532.0000,5652.0000,71774.0000,17532.0000,21628.0000,5681.0000,65875.0000,655.0490,89.608500000000
A,USD,STD,INDL,C,002817,2013-12-31,CATERPILLAR INC,CAT,149123101,0000018230,11,12,USA,84896.0000,20811.0000,6322.0000,64018.0000,20811.0000,18010.0000,3789.0000,55656.0000,637.8220,90.810000000000
A,USD,STD,INDL,C,002817,2014-12-31,CATERPILLAR INC,CAT,149123101,0000018230,11,12,USA,84681.0000,16746.0000,7476.0000,67855.0000,16746.0000,18577.0000,3695.0000,55184.0000,606.1670,91.530000000000
A,USD,STD,INDL,C,002817,2015-12-31,CATERPILLAR INC,CAT,149123101,0000018230,11,12,USA,78497.0000,14809.0000,6636.0000,63612.0000,14809.0000,16359.0000,2102.0000,47011.0000,582.3220,67.960000000000
A,USD,STD,INDL,C,002817,2016-12-31,CATERPILLAR INC,CAT,149123101,0000018230,11,12,USA,74704.0000,13137.0000,7388.0000,61491.0000,13137.0000,12420.0000,-67.0000,38537.0000,586.4860,92.740000000000
A,USD,STD,INDL,C,002817,2017-12-31,CATERPILLAR INC,CAT,149123101,0000018230,11,12,USA,76962.0000,13697.0000,8599.0000,63196.0000,13697.0000,16481.0000,754.0000,45462.0000,597.6260,157.580000000000
A,USD,STD,INDL,C,002817,2018-12-31,CATERPILLAR INC,CAT,149123101,0000018230,11,12,USA,78509.0000,14039.0000,8029.0000,64429.0000,14039.0000,19672.0000,6147.0000,54722.0000,575.5430,127.070000000000
A,USD,STD,INDL,C,002817,2019-12-31,CATERPILLAR INC,CAT,149123101,0000018230,11,12,USA,78453.0000,14588.0000,8372.0000,63824.0000,14588.0000,19056.0000,6093.0000,53800.0000,550.0830,147.680000000000
A,USD,STD,INDL,C,002817,2020-12-31,CATERPILLAR INC,CAT,149123101,0000018230,11,12,USA,78324.0000,15331.0000,9502.0000,62946.0000,15331.0000,14384.0000,2998.0000,41748.0000,545.3040,182.020000000000
A,USD,STD,INDL,C,002817,2021-12-31,CATERPILLAR INC,CAT,149123101,0000018230,11,12,USA,82793.0000,16484.0000,10339.0000,66277.0000,16484.0000,17114.0000,6489.0000,50971.0000,535.8880,206.740000000000
A,USD,STD,INDL,C,002817,2022-12-31,CATERPILLAR INC,CAT,149123101,0000018230,11,12,USA,81943.0000,15869.0000,7838.0000,66052.0000,15869.0000,19795.0000,6705.0000,59427.0000,516.3460,239.560000000000
A,USD,STD,INDL,C,002817,2023-12-31,CATERPILLAR INC,CAT,149123101,0000018230,11,12,USA,87476.0000,19494.0000,7941.0000,67973.0000,19494.0000,25837.0000,10335.0000,67060.0000,499.3770,295.670000000000
A,USD,STD,INDL,C,002817,2024-12-31,CATERPILLAR INC,CAT,149123101,0000018230,11,12,USA,87764.0000,19491.0000,8159.0000,68270.0000,19491.0000,26165.0000,10792.0000,64809.0000,477.9320,362.760000000000
A,USD,STD,INDL,C,002817,2025-12-31,CATERPILLAR INC,CAT,149123101,0000018230,11,12,USA,98585.0000,21318.0000,10728.0000,77267.0000,21318.0000,24691.0000,8884.0000,67589.0000,465.2870,572.870000000000
A,USD,STD,FS,C,002968,2010-12-31,JPMORGAN CHASE & CO,JPM,46625H100,0000019617,11,12,USA,2117605.0000,168306.0000,,1941499.0000,176106.0000,,,,,42.420000000000
A,USD,STD,INDL,C,002968,2010-12-31,JPMORGAN CHASE & CO,JPM,46625H100,0000019617,11,12,USA,2117605.0000,168306.0000,271794.0000,1941499.0000,176106.0000,86055.0000,17370.0000,115475.0000,3910.2940,42.420000000000
A,USD,STD,FS,C,002968,2011-12-31,JPMORGAN CHASE & CO,JPM,46625H100,0000019617,11,12,USA,2265792.0000,175773.0000,,2082219.0000,183573.0000,,,,,33.250000000000
A,USD,STD,INDL,C,002968,2011-12-31,JPMORGAN CHASE & CO,JPM,46625H100,0000019617,11,12,USA,2265792.0000,175773.0000,380195.0000,2082219.0000,183573.0000,89660.0000,18976.0000,110838.0000,3772.6910,33.250000000000
A,USD,STD,FS,C,002968,2012-12-31,JPMORGAN CHASE & CO,JPM,46625H100,0000019617,11,12,USA,2359141.0000,195011.0000,,2155072.0000,204069.0000,,,,,43.969100000000
A,USD,STD,INDL,C,002968,2012-12-31,JPMORGAN CHASE & CO,JPM,46625H100,0000019617,11,12,USA,2359141.0000,195011.0000,471833.0000,2155072.0000,204069.0000,92546.0000,21284.0000,107084.0000,3803.9520,43.969100000000
A,USD,STD,FS,C,002968,2013-12-31,JPMORGAN CHASE & CO,JPM,46625H100,0000019617,11,12,USA,2415689.0000,200020.0000,,2204511.0000,211178.0000,,,,,58.480000000000
A,USD,STD,INDL,C,002968,2013-12-31,JPMORGAN CHASE & CO,JPM,46625H100,0000019617,11,12,USA,2415689.0000,200020.0000,603938.0000,2204511.0000,211178.0000,95888.0000,17923.0000,105790.0000,3756.1080,58.480000000000
A,USD,STD,FS,C,002968,2014-12-31,JPMORGAN CHASE & CO,JPM,46625H100,0000019617,11,12,USA,2573126.0000,212002.0000,,2341061.0000,232065.0000,,,,,62.580000000000
A,USD,STD,INDL,C,002968,2014-12-31,JPMORGAN CHASE & CO,JPM,46625H100,0000019617,11,12,USA,2573126.0000,212002.0000,728111.0000,2341061.0000,232065.0000,91066.0000,21762.0000,102102.0000,3714.7890,62.580000000000
A,USD,STD,FS,C,002968,2015-12-31,JPMORGAN CHASE & CO,JPM,46625H100,0000019617,11,12,USA,2351698.0000,221505.0000,,2104125.0000,247573.0000,,,,,66.030000000000
A,USD,STD,INDL,C,002968,2015-12-31,JPMORGAN CHASE & CO,JPM,46625H100,0000019617,11,12,USA,2351698.0000,221505.0000,573080.0000,2104125.0000,247573.0000,89202.0000,24442.0000,100492.0000,3663.4750,66.030000000000
A,USD,STD,FS,C,002968,2016-12-31,JPMORGAN CHASE & CO,JPM,46625H100,0000019617,11,12,USA,2490972.0000,228122.0000,,2236782.0000,254190.0000,,,,,86.290000000000
A,USD,STD,INDL,C,002968,2016-12-31,JPMORGAN CHASE & CO,JPM,46625H100,0000019617,11,12,USA,2490972.0000,228122.0000,619602.0000,2236782.0000,254190.0000,90307.0000,24733.0000,105486.0000,3561.1900,86.290000000000
A,USD,STD,FS,C,002968,2017-12-31,JPMORGAN CHASE & CO,JPM,46625H100,0000019617,11,12,USA,2533600.0000,229625.0000,,2277907.0000,255693.0000,,,,,106.940000000000
A,USD,STD,INDL,C,002968,2017-12-31,JPMORGAN CHASE & CO,JPM,46625H100,0000019617,11,12,USA,2533600.0000,229625.0000,628543.0000,2277907.0000,255693.0000,93689.0000,24441.0000,113254.0000,3425.3000,106.940000000000
A,USD,STD,FS,C,002968,2018-12-31,JPMORGAN CHASE & CO,JPM,46625H100,0000019617,11,12,USA,2622532.0000,230447.0000,,2366017.0000,256515.0000,,,,,97.620000000000
A,USD,STD,INDL,C,002968,2018-12-31,JPMORGAN CHASE & CO,JPM,46625H100,0000019617,11,12,USA,2622532.0000,230447.0000,600381.0000,2366017.0000,256515.0000,104158.0000,32474.0000,131412.0000,3275.7660,97.620000000000
A,USD,STD,FS,C,002968,2019-12-31,JPMORGAN CHASE & CO,JPM,46625H100,0000019617,11,12,USA,2687379.0000,234337.0000,,2426049.0000,261330.0000,,,,,139.400000000000
A,USD,STD,INDL,C,002968,2019-12-31,JPMORGAN CHASE & CO,JPM,46625H100,0000019617,11,12,USA,2687379.0000,234337.0000,512788.0000,2426049.0000,261330.0000,110042.0000,36431.0000,142422.0000,3084.0210,139.400000000000
A,USD,STD,FS,C,002968,2020-12-31,JPMORGAN CHASE & CO,JPM,46625H100,0000019617,11,12,USA,3386071.0000,249291.0000,,3106717.0000,279354.0000,,,,,127.070000000000
A,USD,STD,INDL,C,002968,2020-12-31,JPMORGAN CHASE & CO,JPM,46625H100,0000019617,11,12,USA,3386071.0000,249291.0000,823893.0000,3106717.0000,279354.0000,102063.0000,29131.0000,129503.0000,3049.4340,127.070000000000
A,USD,STD,FS,C,002968,2021-12-31,JPMORGAN CHASE & CO,JPM,46625H100,0000019617,11,12,USA,3743567.0000,259289.0000,,3449440.0000,294127.0000,,,,,158.350000000000
A,USD,STD,INDL,C,002968,2021-12-31,JPMORGAN CHASE & CO,JPM,46625H100,0000019617,11,12,USA,3743567.0000,259289.0000,1002532.0000,3449440.0000,294127.0000,130905.0000,48334.0000,127202.0000,2944.1490,158.350000000000
A,USD,STD,FS,C,002968,2022-12-31,JPMORGAN CHASE & CO,JPM,46625H100,0000019617,11,12,USA,3665743.0000,264928.0000,,3373411.0000,292332.0000,,,,,134.100000000000
A,USD,STD,INDL,C,002968,2022-12-31,JPMORGAN CHASE & CO,JPM,46625H100,0000019617,11,12,USA,3665743.0000,264928.0000,882826.0000,3373411.0000,292332.0000,122306.0000,37676.0000,154792.0000,2934.2580,134.100000000000
A,USD,STD,FS,C,002968,2023-12-31,JPMORGAN CHASE & CO,JPM,46625H100,0000019617,11,12,USA,3875393.0000,300474.0000,,3547515.0000,327878.0000,,,,,170.100000000000
A,USD,STD,INDL,C,002968,2023-12-31,JPMORGAN CHASE & CO,JPM,46625H100,0000019617,11,12,USA,3875393.0000,300474.0000,900303.0000,3547515.0000,327878.0000,145670.0000,49552.0000,236311.0000,2876.6590,170.100000000000
A,USD,STD,FS,C,002968,2024-12-31,JPMORGAN CHASE & CO,JPM,46625H100,0000019617,11,12,USA,4002814.0000,324708.0000,,3658056.0000,344758.0000,,,,,239.710000000000
A,USD,STD,INDL,C,002968,2024-12-31,JPMORGAN CHASE & CO,JPM,46625H100,0000019617,11,12,USA,4002814.0000,324708.0000,764318.0000,3658056.0000,344758.0000,166775.0000,58471.0000,278803.0000,2797.6200,239.710000000000
A,USD,STD,FS,C,002968,2025-12-31,JPMORGAN CHASE & CO,JPM,46625H100,0000019617,11,12,USA,4424900.0000,342393.0000,,4062462.0000,362438.0000,,,,,322.220000000000
A,USD,STD,INDL,C,002968,2025-12-31,JPMORGAN CHASE & CO,JPM,46625H100,0000019617,11,12,USA,4424900.0000,342393.0000,679764.0000,4062462.0000,362438.0000,167607.0000,57048.0000,279717.0000,2696.2730,322.220000000000
A,USD,STD,INDL,C,003153,2010-12-31,COEUR MINING INC,CDE,192108504,0000215466,11,12,USA,3157.5270,2040.7670,66.1430,1116.7600,2040.7670,255.8340,-91.3080,515.4570,89.3160,27.320000000000
A,USD,STD,INDL,C,003153,2011-12-31,COEUR MINING INC,CDE,192108504,0000215466,11,12,USA,3264.4410,2136.7210,195.3260,1127.7200,2136.7210,601.2440,93.4990,1021.2000,89.6550,24.140000000000
A,USD,STD,INDL,C,003153,2012-12-31,COEUR MINING INC,CDE,192108504,0000215466,11,12,USA,3221.4010,2198.2800,126.8350,1023.1210,2198.2800,432.9100,48.6770,895.4920,90.3420,24.600000000000
A,USD,STD,INDL,C,003153,2013-12-31,COEUR MINING INC,CDE,192108504,0000215466,11,12,USA,2885.9780,1730.5670,206.6900,1155.4110,1730.5670,-490.6620,-650.5630,745.9940,102.8430,10.850000000000
A,USD,STD,INDL,C,003153,2014-12-31,COEUR MINING INC,CDE,192108504,0000215466,11,12,USA,1546.2310,585.3180,270.8610,960.9130,585.3180,-1314.9240,-1155.8840,635.7420,103.3840,5.110000000000
A,USD,STD,INDL,C,003153,2015-12-31,COEUR MINING INC,CDE,192108504,0000215466,11,12,USA,1332.4890,421.4760,200.7140,911.0130,421.4760,-146.9050,-367.1830,646.0860,151.3390,2.480000000000
A,USD,STD,INDL,C,003153,2016-12-31,COEUR MINING INC,CDE,192108504,0000215466,11,12,USA,1318.9090,768.4870,162.1820,550.4220,768.4870,251.7900,55.3520,665.7770,180.9330,9.090000000000
A,USD,STD,INDL,C,003153,2017-12-31,COEUR MINING INC,CDE,192108504,0000215466,11,12,USA,1701.1750,814.9770,192.0320,886.1980,814.9770,269.3380,-1.3190,709.5980,185.6380,7.500000000000
A,USD,STD,INDL,C,003153,2018-12-31,COEUR MINING INC,CDE,192108504,0000215466,11,12,USA,1712.5000,852.5120,115.0810,859.9880,852.5120,184.9540,-48.4050,625.9040,203.3100,4.470000000000
A,USD,STD,INDL,C,003153,2019-12-31,COEUR MINING INC,CDE,192108504,0000215466,11,12,USA,1378.6360,667.0040,55.6450,711.6320,667.0040,-90.4930,-341.2030,711.5020,241.5290,8.080000000000
A,USD,STD,INDL,C,003153,2020-12-31,COEUR MINING INC,CDE,192108504,0000215466,11,12,USA,1403.9770,693.4790,92.7940,710.4980,693.4790,345.1260,25.6270,785.4610,243.7510,10.350000000000
A,USD,STD,INDL,C,003153,2021-12-31,COEUR MINING INC,CDE,192108504,0000215466,11,12,USA,1734.4220,800.2620,56.6640,934.1600,800.2620,321.2890,-31.3220,832.8280,256.9200,5.040000000000
A,USD,STD,INDL,C,003153,2022-12-31,COEUR MINING INC,CDE,192108504,0000215466,11,12,USA,1846.1430,889.0160,93.4960,957.1270,889.0160,179.1060,-78.1070,785.6360,295.6980,3.360000000000
A,USD,STD,INDL,C,003153,2023-12-31,COEUR MINING INC,CDE,192108504,0000215466,11,12,USA,2080.8480,1023.9030,61.6330,1056.9450,1023.9030,188.3100,-103.6120,821.2060,386.2830,3.260000000000
A,USD,STD,INDL,C,003153,2024-12-31,COEUR MINING INC,CDE,192108504,0000215466,11,12,USA,2301.7470,1123.2520,55.0870,1178.4950,1123.2520,447.8140,58.9000,1054.0060,399.2360,5.720000000000
A,USD,STD,INDL,C,003153,2025-12-31,COEUR MINING INC,CDE,192108504,0000215466,11,12,USA,4695.6820,3313.0510,553.5970,1382.6310,3313.0510,1265.1660,585.8720,2070.1260,642.0930,17.830000000000
A,USD,STD,FS,C,003243,2010-12-31,CITIGROUP INC,C,172967424,0000831001,11,12,USA,1913902.0000,163156.0000,,1748113.0000,163468.0000,,,,,4.730000000000
A,USD,STD,INDL,C,003243,2010-12-31,CITIGROUP INC,C,172967424,0000831001,11,12,USA,1913902.0000,163156.0000,400941.0000,1748113.0000,163468.0000,32341.0000,10602.0000,111465.0000,29058.3610,4.730000000000
A,USD,STD,FS,C,003243,2011-12-31,CITIGROUP INC,C,172967424,0000831001,11,12,USA,1873878.0000,177494.0000,,1694305.0000,177806.0000,,,,,26.310000000000
A,USD,STD,INDL,C,003243,2011-12-31,CITIGROUP INC,C,172967424,0000831001,11,12,USA,1873878.0000,177494.0000,391754.0000,1694305.0000,177806.0000,33877.0000,11067.0000,102587.0000,2923.8780,26.310000000000
A,USD,STD,FS,C,003243,2012-12-31,CITIGROUP INC,C,172967424,0000831001,11,12,USA,1864660.0000,186487.0000,,1673663.0000,189049.0000,,,,,39.560000000000
A,USD,STD,INDL,C,003243,2012-12-31,CITIGROUP INC,C,172967424,0000831001,11,12,USA,1864660.0000,186487.0000,322843.0000,1673663.0000,189049.0000,30682.0000,7541.0000,96997.0000,3028.8840,39.560000000000
A,USD,STD,FS,C,003243,2013-12-31,CITIGROUP INC,C,172967424,0000831001,11,12,USA,1880382.0000,197601.0000,,1674249.0000,204339.0000,,,,,52.110000000000
A,USD,STD,INDL,C,003243,2013-12-31,CITIGROUP INC,C,172967424,0000831001,11,12,USA,1880382.0000,197601.0000,391781.0000,1674249.0000,204339.0000,33691.0000,13673.0000,92543.0000,3029.2430,52.110000000000
A,USD,STD,FS,C,003243,2014-12-31,CITIGROUP INC,C,172967424,0000831001,11,12,USA,1842530.0000,200066.0000,,1630485.0000,210534.0000,,,,,54.110000000000
A,USD,STD,INDL,C,003243,2014-12-31,CITIGROUP INC,C,172967424,0000831001,11,12,USA,1842530.0000,200066.0000,330565.0000,1630485.0000,210534.0000,31400.0000,7313.0000,90572.0000,3023.9180,54.110000000000
A,USD,STD,FS,C,003243,2015-12-31,CITIGROUP INC,C,172967424,0000831001,11,12,USA,1731210.0000,205139.0000,,1508118.0000,221857.0000,,,,,51.750000000000
A,USD,STD,INDL,C,003243,2015-12-31,CITIGROUP INC,C,172967424,0000831001,11,12,USA,1731210.0000,205139.0000,287883.0000,1508118.0000,221857.0000,35673.0000,17242.0000,88275.0000,2953.2790,51.750000000000
A,USD,STD,FS,C,003243,2016-12-31,CITIGROUP INC,C,172967424,0000831001,11,12,USA,1792077.0000,205867.0000,,1565934.0000,225120.0000,,,,,59.430000000000
A,USD,STD,INDL,C,003243,2016-12-31,CITIGROUP INC,C,172967424,0000831001,11,12,USA,1792077.0000,205867.0000,335541.0000,1565934.0000,225120.0000,33093.0000,14912.0000,82566.0000,2772.3920,59.430000000000
A,USD,STD,FS,C,003243,2017-12-31,CITIGROUP INC,C,172967424,0000831001,11,12,USA,1842465.0000,181487.0000,,1640793.0000,200740.0000,,,,,74.410000000000
A,USD,STD,INDL,C,003243,2017-12-31,CITIGROUP INC,C,172967424,0000831001,11,12,USA,1842465.0000,181487.0000,355123.0000,1640793.0000,200740.0000,36092.0000,-6798.0000,87367.0000,2569.9090,74.410000000000
A,USD,STD,FS,C,003243,2018-12-31,CITIGROUP INC,C,172967424,0000831001,11,12,USA,1917383.0000,177760.0000,,1720309.0000,196220.0000,,,,,52.060000000000
A,USD,STD,INDL,C,003243,2018-12-31,CITIGROUP INC,C,172967424,0000831001,11,12,USA,1917383.0000,177760.0000,437230.0000,1720309.0000,196220.0000,41449.0000,18045.0000,96720.0000,2368.4670,52.060000000000
A,USD,STD,FS,C,003243,2019-12-31,CITIGROUP INC,C,172967424,0000831001,11,12,USA,1951158.0000,175262.0000,,1757212.0000,193242.0000,,,,,79.890000000000
A,USD,STD,INDL,C,003243,2019-12-31,CITIGROUP INC,C,172967424,0000831001,11,12,USA,1951158.0000,175262.0000,456079.0000,1757212.0000,193242.0000,44336.0000,19401.0000,103449.0000,2114.1230,79.890000000000
A,USD,STD,FS,C,003243,2020-12-31,CITIGROUP INC,C,172967424,0000831001,11,12,USA,2260090.0000,179962.0000,,2059890.0000,199442.0000,,,,,61.660000000000
A,USD,STD,INDL,C,003243,2020-12-31,CITIGROUP INC,C,172967424,0000831001,11,12,USA,2260090.0000,179962.0000,605047.0000,2059890.0000,199442.0000,25573.0000,11047.0000,88839.0000,2082.0900,61.660000000000
A,USD,STD,FS,C,003243,2021-12-31,CITIGROUP INC,C,172967424,0000831001,11,12,USA,2291413.0000,182977.0000,,2088741.0000,201972.0000,,,,,60.390000000000
A,USD,STD,INDL,C,003243,2021-12-31,CITIGROUP INC,C,172967424,0000831001,11,12,USA,2291413.0000,182977.0000,587860.0000,2088741.0000,201972.0000,38270.0000,21952.0000,80565.0000,1984.3550,60.390000000000
A,USD,STD,FS,C,003243,2022-12-31,CITIGROUP INC,C,172967424,0000831001,11,12,USA,2416676.0000,182194.0000,,2214838.0000,201189.0000,,,,,45.230000000000
A,USD,STD,INDL,C,003243,2022-12-31,CITIGROUP INC,C,172967424,0000831001,11,12,USA,2416676.0000,182194.0000,728264.0000,2214838.0000,201189.0000,37875.0000,14845.0000,101013.0000,1936.9860,45.230000000000
A,USD,STD,FS,C,003243,2023-12-31,CITIGROUP INC,C,172967424,0000831001,11,12,USA,2411834.0000,187853.0000,,2205583.0000,205453.0000,,,,,51.440000000000
A,USD,STD,INDL,C,003243,2023-12-31,CITIGROUP INC,C,172967424,0000831001,11,12,USA,2411834.0000,187853.0000,650013.0000,2205583.0000,205453.0000,59350.0000,9228.0000,155462.0000,1903.1140,51.440000000000
A,USD,STD,FS,C,003243,2024-12-31,CITIGROUP INC,C,172967424,0000831001,11,12,USA,2352945.0000,190748.0000,,2143579.0000,208598.0000,,,,,70.390000000000
A,USD,STD,INDL,C,003243,2024-12-31,CITIGROUP INC,C,172967424,0000831001,11,12,USA,2352945.0000,190748.0000,601595.0000,2143579.0000,208598.0000,71352.0000,12682.0000,170731.0000,1877.0710,70.390000000000
A,USD,STD,FS,C,003243,2025-12-31,CITIGROUP INC,C,172967424,0000831001,11,12,USA,2657202.0000,192241.0000,,2443380.0000,212291.0000,,,,,116.690000000000
A,USD,STD,INDL,C,003243,2025-12-31,CITIGROUP INC,C,172967424,0000831001,11,12,USA,2657202.0000,192241.0000,757556.0000,2443380.0000,212291.0000,74524.0000,14306.0000,169651.0000,1747.5470,116.690000000000
A,USD,STD,INDL,C,003362,2010-05-31,CONAGRA BRANDS INC,CAG,205887102,0000023217,11,5,USA,11738.0000,4923.9000,953.2000,6809.1000,4923.9000,3407.4000,725.8000,12079.4000,442.2700,24.180000000000
A,USD,STD,INDL,C,003362,2011-05-31,CONAGRA BRANDS INC,CAG,205887102,0000023217,11,5,USA,11408.7000,4701.5000,972.4000,6700.2000,4701.5000,3297.1000,817.0000,12303.1000,410.4940,25.430000000000
A,USD,STD,INDL,C,003362,2012-05-31,CONAGRA BRANDS INC,CAG,205887102,0000023217,11,5,USA,11441.9000,4439.5000,103.0000,6905.9000,4439.5000,3218.7000,467.9000,13262.6000,407.6120,25.150000000000
A,USD,STD,INDL,C,003362,2013-05-31,CONAGRA BRANDS INC,CAG,205887102,0000023217,11,5,USA,20405.3000,5264.4000,183.9000,15042.3000,5264.4000,4041.5000,773.9000,15491.4000,419.4650,33.690000000000
A,USD,STD,INDL,C,003362,2014-05-31,CONAGRA BRANDS INC,CAG,205887102,0000023217,11,5,USA,19366.4000,5258.5000,183.1000,14011.2000,5258.5000,4326.8000,303.1000,17702.6000,421.9150,32.300000000000
A,USD,STD,INDL,C,003362,2015-05-31,CONAGRA BRANDS INC,CAG,205887102,0000023217,11,5,USA,17542.2000,4526.0000,183.1000,12932.2000,4526.0000,3933.0000,-252.6000,15832.4000,428.2050,38.610000000000
A,USD,STD,INDL,C,003362,2016-05-31,CONAGRA BRANDS INC,CAG,205887102,0000023217,11,5,USA,13390.6000,3713.6000,834.5000,9595.8000,3713.6000,3514.1000,-677.0000,11642.9000,438.0650,45.700000000000
A,USD,STD,INDL,C,003362,2017-05-31,CONAGRA BRANDS INC,CAG,205887102,0000023217,11,5,USA,10096.3000,3990.8000,251.4000,6018.5000,3990.8000,2627.8000,639.3000,7826.9000,416.5200,38.540000000000
A,USD,STD,INDL,C,003362,2018-05-31,CONAGRA BRANDS INC,CAG,205887102,0000023217,11,5,USA,10389.5000,3676.2000,128.0000,6632.9000,3676.2000,2614.9000,808.4000,7938.3000,390.8290,37.060000000000
A,USD,STD,INDL,C,003362,2019-05-31,CONAGRA BRANDS INC,CAG,205887102,0000023217,11,5,USA,22213.8000,7384.6000,236.6000,14750.1000,7384.6000,3048.7000,678.3000,9538.4000,486.0850,26.770000000000
A,USD,STD,INDL,C,003362,2020-05-31,CONAGRA BRANDS INC,CAG,205887102,0000023217,11,5,USA,22304.0000,7876.1000,553.3000,14353.3000,7876.1000,3491.7000,840.1000,11054.4000,487.1620,34.790000000000
A,USD,STD,INDL,C,003362,2021-05-31,CONAGRA BRANDS INC,CAG,205887102,0000023217,11,5,USA,22195.6000,8551.8000,79.2000,13564.2000,8551.8000,3604.0000,1298.8000,11184.7000,480.2840,38.100000000000
A,USD,STD,INDL,C,003362,2022-05-31,CONAGRA BRANDS INC,CAG,205887102,0000023217,11,5,USA,22435.1000,8787.7000,83.3000,13572.9000,8787.7000,3245.1000,888.2000,11535.9000,480.0620,32.890000000000
A,USD,STD,INDL,C,003362,2023-05-31,CONAGRA BRANDS INC,CAG,205887102,0000023217,11,5,USA,22052.6000,8736.8000,93.9000,13245.3000,8736.8000,3660.0000,683.6000,12277.0000,477.0230,34.870000000000
A,USD,STD,INDL,C,003362,2024-05-31,CONAGRA BRANDS INC,CAG,205887102,0000023217,11,5,USA,20862.3000,8440.4000,77.7000,12351.0000,8440.4000,3752.8000,347.2000,12050.9000,478.1690,29.880000000000
A,USD,STD,INDL,C,003362,2025-05-31,CONAGRA BRANDS INC,CAG,205887102,0000023217,11,5,USA,20933.9000,8932.7000,68.0000,12001.2000,8932.7000,3376.0000,1152.4000,11612.8000,477.3730,22.890000000000
A,USD,STD,INDL,C,003504,2010-10-31,COOPER COS INC (THE),COO,216648501,0000711404,14,10,USA,2525.0180,1666.7760,3.5730,858.2420,1666.7760,767.1680,112.8030,1158.5170,45.8270,49.340000000000
A,USD,STD,INDL,C,003504,2011-10-31,COOPER COS INC (THE),COO,216648501,0000711404,14,10,USA,2624.5180,1937.4880,5.1750,687.0300,1937.4880,898.5240,175.4300,1330.8350,47.8460,69.300000000000
A,USD,STD,INDL,C,003504,2012-10-31,COOPER COS INC (THE),COO,216648501,0000711404,14,10,USA,2941.3840,2192.7510,12.8400,728.2260,2192.7510,1011.2450,248.3390,1445.1360,48.4400,95.980000000000
A,USD,STD,INDL,C,003504,2013-10-31,COOPER COS INC (THE),COO,216648501,0000711404,14,10,USA,3137.2610,2404.5350,77.3930,713.7670,2404.5350,1119.5180,296.1510,1587.7250,47.9950,129.210000000000
A,USD,STD,INDL,C,003504,2014-10-31,COOPER COS INC (THE),COO,216648501,0000711404,14,10,USA,4458.3400,2569.8780,25.2220,1869.9000,2569.8780,1207.6850,269.8560,1717.7760,48.1430,163.900000000000
A,USD,STD,INDL,C,003504,2015-10-31,COOPER COS INC (THE),COO,216648501,0000711404,14,10,USA,4460.6100,2667.5090,16.4260,1786.7060,2667.5090,1280.5360,203.5230,1797.0600,48.2680,152.360000000000
A,USD,STD,INDL,C,003504,2016-10-31,COOPER COS INC (THE),COO,216648501,0000711404,14,10,USA,4475.9180,2699.8670,100.8170,1775.8830,2699.8670,1380.1250,273.9170,1966.8140,48.7850,176.040000000000
A,USD,STD,INDL,C,003504,2017-10-31,COOPER COS INC (THE),COO,216648501,0000711404,14,10,USA,4858.7000,3175.7000,88.8000,1682.9000,3175.7000,1503.1000,372.9000,2139.0000,48.8000,240.260000000000
A,USD,STD,INDL,C,003504,2018-10-31,COOPER COS INC (THE),COO,216648501,0000711404,14,10,USA,6112.8000,3307.6000,80.2000,2805.0000,3307.6000,1826.2000,139.9000,2532.8000,49.2000,258.310000000000
A,USD,STD,INDL,C,003504,2019-10-31,COOPER COS INC (THE),COO,216648501,0000711404,14,10,USA,6274.5000,3628.4000,89.5000,2645.9000,3628.4000,1920.0000,466.7000,2653.4000,49.1000,291.000000000000
A,USD,STD,INDL,C,003504,2020-10-31,COOPER COS INC (THE),COO,216648501,0000711404,14,10,USA,6737.5000,3824.6000,116.8000,2912.7000,3824.6000,1774.8000,238.4000,2430.9000,49.1000,319.050000000000
A,USD,STD,INDL,C,003504,2021-10-31,COOPER COS INC (THE),COO,216648501,0000711404,14,10,USA,9606.2000,6941.8000,96.3000,2664.2000,6941.8000,2148.4000,2944.7000,2922.5000,49.3000,416.920000000000
A,USD,STD,INDL,C,003504,2022-10-31,COOPER COS INC (THE),COO,216648501,0000711404,14,10,USA,11492.3000,7174.5000,138.6000,4317.6000,7174.5000,2354.7000,385.8000,3308.4000,49.3000,273.390000000000
A,USD,STD,INDL,C,003504,2023-10-31,COOPER COS INC (THE),COO,216648501,0000711404,14,10,USA,11658.9000,7550.8000,120.9000,4107.9000,7550.8000,2568.1000,294.2000,3593.2000,49.5000,311.750000000000
A,USD,STD,INDL,C,003504,2024-10-31,COOPER COS INC (THE),COO,216648501,0000711404,14,10,USA,12315.2000,8083.4000,107.7000,4231.6000,8083.4000,2784.0000,392.3000,3895.4000,199.6000,104.680000000000
A,USD,STD,INDL,C,003504,2025-10-31,COOPER COS INC (THE),COO,216648501,0000711404,14,10,USA,12394.8000,8238.9000,110.6000,4155.7000,8238.9000,2940.7000,374.9000,4092.4000,195.9000,69.910000000000
A,USD,STD,INDL,C,003650,2010-12-31,CUMMINS INC,CMI,231021106,0000026172,11,12,USA,10402.0000,4670.0000,1362.0000,5406.0000,4670.0000,3445.0000,1040.0000,13236.0000,195.7000,110.010000000000
A,USD,STD,INDL,C,003650,2011-12-31,CUMMINS INC,CMI,231021106,0000026172,11,12,USA,11668.0000,5492.0000,1761.0000,5837.0000,5492.0000,4914.0000,1848.0000,18060.0000,190.2000,88.020000000000
A,USD,STD,INDL,C,003650,2012-12-31,CUMMINS INC,CMI,231021106,0000026172,11,12,USA,12548.0000,6603.0000,1616.0000,5574.0000,6603.0000,4895.0000,1645.0000,17352.0000,188.3000,108.350000000000
A,USD,STD,INDL,C,003650,2013-12-31,CUMMINS INC,CMI,231021106,0000026172,11,12,USA,14728.0000,7510.0000,2849.0000,6858.0000,7510.0000,4792.0000,1483.0000,17321.0000,185.4000,140.970000000000
A,USD,STD,INDL,C,003650,2014-12-31,CUMMINS INC,CMI,231021106,0000026172,11,12,USA,15776.0000,7749.0000,2394.0000,7683.0000,7749.0000,5344.0000,1651.0000,19255.0000,181.1000,144.170000000000
A,USD,STD,INDL,C,003650,2015-12-31,CUMMINS INC,CMI,231021106,0000026172,11,12,USA,15134.0000,7406.0000,1811.0000,7384.0000,7406.0000,5438.0000,1399.0000,19110.0000,174.3000,88.010000000000
A,USD,STD,INDL,C,003650,2016-12-31,CUMMINS INC,CMI,231021106,0000026172,11,12,USA,15011.0000,6875.0000,1380.0000,7837.0000,6875.0000,4969.0000,1394.0000,17509.0000,167.5000,136.670000000000
A,USD,STD,INDL,C,003650,2017-12-31,CUMMINS INC,CMI,231021106,0000026172,11,12,USA,18075.0000,7259.0000,1567.0000,9911.0000,7259.0000,5657.0000,999.0000,20428.0000,165.2000,176.640000000000
A,USD,STD,INDL,C,003650,2018-12-31,CUMMINS INC,CMI,231021106,0000026172,11,12,USA,19062.0000,7348.0000,1525.0000,10803.0000,7348.0000,6325.0000,2141.0000,23771.0000,157.6000,133.640000000000
A,USD,STD,INDL,C,003650,2019-12-31,CUMMINS INC,CMI,231021106,0000026172,11,12,USA,19737.0000,7507.0000,1470.0000,11272.0000,7507.0000,6629.0000,2260.0000,23571.0000,150.5000,178.960000000000
A,USD,STD,INDL,C,003650,2020-12-31,CUMMINS INC,CMI,231021106,0000026172,11,12,USA,22624.0000,8062.0000,3862.0000,13635.0000,8062.0000,5541.0000,1789.0000,19811.0000,147.6580,227.100000000000
A,USD,STD,INDL,C,003650,2021-12-31,CUMMINS INC,CMI,231021106,0000026172,11,12,USA,23710.0000,8474.0000,3187.0000,14309.0000,8474.0000,6331.0000,2131.0000,24021.0000,142.5000,218.140000000000
A,USD,STD,INDL,C,003650,2022-12-31,CUMMINS INC,CMI,231021106,0000026172,11,12,USA,30299.0000,8975.0000,2573.0000,20074.0000,8975.0000,7446.0000,2151.0000,28074.0000,141.3000,242.290000000000
A,USD,STD,INDL,C,003650,2023-12-31,CUMMINS INC,CMI,231021106,0000026172,11,12,USA,32005.0000,8850.0000,2741.0000,22101.0000,8850.0000,9131.0000,735.0000,34065.0000,141.8000,239.570000000000
A,USD,STD,INDL,C,003650,2024-12-31,CUMMINS INC,CMI,231021106,0000026172,11,12,USA,31540.0000,10271.0000,2264.0000,20232.0000,10271.0000,9470.0000,3946.0000,34102.0000,137.4000,348.600000000000
A,USD,STD,INDL,C,003650,2025-12-31,CUMMINS INC,CMI,231021106,0000026172,11,12,USA,33992.0000,12349.0000,3609.0000,20584.0000,12349.0000,9627.0000,2843.0000,33670.0000,138.1000,510.450000000000
A,USD,STD,INDL,C,003708,2010-12-31,WENDY'S CO,WEN,95058W100,0000030697,14,12,USA,4732.6540,2163.1740,513.5760,2569.4800,2163.1740,800.6790,-4.3250,3416.4140,418.3740,4.620000000000
A,USD,STD,INDL,C,003708,2011-12-31,WENDY'S CO,WEN,95058W100,0000030697,14,12,USA,4300.6680,1996.0690,475.5700,2304.5990,1996.0690,615.2490,9.8750,2431.3580,389.7240,5.360000000000
A,USD,STD,INDL,C,003708,2012-12-31,WENDY'S CO,WEN,95058W100,0000030697,14,12,USA,4303.1990,1985.8550,453.6810,2317.3440,1985.8550,623.9940,7.0830,2505.2420,392.3730,4.700000000000
A,USD,STD,INDL,C,003708,2013-12-31,WENDY'S CO,WEN,95058W100,0000030697,14,12,USA,4363.0400,1929.4860,599.0680,2433.5540,1929.4860,661.1700,45.4870,2487.4100,392.7870,8.720000000000
A,USD,STD,INDL,C,003708,2014-12-31,WENDY'S CO,WEN,95058W100,0000030697,14,12,USA,4145.8420,1717.5760,284.4470,2428.2660,1717.5760,660.2670,121.4340,2061.0630,365.8100,9.030000000000
A,USD,STD,INDL,C,003708,2015-12-31,WENDY'S CO,WEN,95058W100,0000030697,14,12,USA,4108.7200,752.9140,370.0850,3355.8060,752.9140,686.2240,161.1420,1870.2970,272.3150,10.770000000000
A,USD,STD,INDL,C,003708,2016-12-31,WENDY'S CO,WEN,95058W100,0000030697,14,12,USA,3939.3140,527.7360,255.8520,3411.5780,527.7360,622.9570,129.6240,1435.4180,246.5740,13.520000000000
A,USD,STD,INDL,C,003708,2017-12-31,WENDY'S CO,WEN,95058W100,0000030697,14,12,USA,4096.9380,573.2030,204.0800,3523.7350,573.2030,622.4460,194.0290,1223.4080,240.5120,16.420000000000
A,USD,STD,INDL,C,003708,2018-12-31,WENDY'S CO,WEN,95058W100,0000030697,14,12,USA,4292.0350,648.4490,461.2650,3643.5860,648.4490,603.1750,460.1150,1589.9360,231.2330,15.610000000000
A,USD,STD,INDL,C,003708,2019-12-31,WENDY'S CO,WEN,95058W100,0000030697,14,12,USA,4994.5290,516.3590,334.7340,4478.1700,516.3590,605.7410,136.9400,1709.0020,224.8890,22.210000000000
A,USD,STD,INDL,C,003708,2020-12-31,WENDY'S CO,WEN,95058W100,0000030697,14,12,USA,5040.0060,549.5960,340.9620,4490.4100,549.5960,621.4810,117.8320,1733.8250,224.2680,21.920000000000
A,USD,STD,INDL,C,003708,2021-12-31,WENDY'S CO,WEN,95058W100,0000030697,14,12,USA,5101.3910,436.4050,276.9730,4664.9860,436.4050,698.2560,200.3920,1896.9980,215.8490,23.850000000000
A,USD,STD,INDL,C,003708,2022-12-31,WENDY'S CO,WEN,95058W100,0000030697,14,12,USA,5499.3440,465.7200,781.0920,5033.6240,465.7200,718.3630,177.3700,2095.5050,213.1010,22.630000000000
A,USD,STD,INDL,C,003708,2023-12-31,WENDY'S CO,WEN,95058W100,0000030697,14,12,USA,5182.8260,309.7790,551.8850,4873.0470,309.7790,763.6900,204.4400,2181.5780,205.3970,19.480000000000
A,USD,STD,INDL,C,003708,2024-12-31,WENDY'S CO,WEN,95058W100,0000030697,14,12,USA,5034.8430,259.3520,484.9930,4775.4910,259.3520,775.3100,194.3570,2246.4920,203.8340,16.300000000000
A,USD,STD,INDL,C,003708,2025-12-31,WENDY'S CO,WEN,95058W100,0000030697,14,12,USA,4956.5610,117.3830,340.0400,4839.1780,117.3830,737.2200,165.0750,2176.8910,190.3240,8.330000000000
A,USD,STD,INDL,C,003735,2010-12-31,DANAHER CORP,DHR,235851102,0000313616,11,12,USA,22217.1300,13711.0100,1632.9800,8444.3640,13711.0100,7085.8720,1793.0000,13202.6020,656.3600,47.170000000000
A,USD,STD,INDL,C,003735,2011-12-31,DANAHER CORP,DHR,235851102,0000313616,11,12,USA,29949.4470,16904.7830,537.0010,12977.6790,16904.7830,8879.4980,2172.2640,16090.5400,687.7300,47.040000000000
A,USD,STD,INDL,C,003735,2012-12-31,DANAHER CORP,DHR,235851102,0000313616,11,12,USA,32941.0000,19016.5000,1678.7000,13857.1000,19016.5000,10288.2000,2392.2000,18260.4000,687.5000,55.900000000000
A,USD,STD,INDL,C,003735,2013-12-31,DANAHER CORP,DHR,235851102,0000313616,11,12,USA,34672.2000,22385.3000,3115.2000,12220.8000,22385.3000,10879.1000,2695.0000,19118.0000,698.1000,77.200000000000
A,USD,STD,INDL,C,003735,2014-12-31,DANAHER CORP,DHR,235851102,0000313616,11,12,USA,36991.7000,23378.1000,3005.6000,13541.9000,23378.1000,11426.9000,2598.4000,19913.8000,704.3000,85.710000000000
A,USD,STD,INDL,C,003735,2015-12-31,DANAHER CORP,DHR,235851102,0000313616,11,12,USA,48222.2000,23690.3000,790.8000,24458.2000,23690.3000,11999.6000,3357.4000,20563.1000,686.8000,92.880000000000
A,USD,STD,INDL,C,003735,2016-12-31,DANAHER CORP,DHR,235851102,0000313616,11,12,USA,45295.3000,23002.8000,963.7000,22218.5000,23002.8000,10523.1000,2553.7000,16882.4000,692.2000,77.840000000000
A,USD,STD,INDL,C,003735,2017-12-31,DANAHER CORP,DHR,235851102,0000313616,11,12,USA,46648.6000,26358.2000,630.3000,20280.8000,26358.2000,11468.8000,2492.1000,18329.7000,696.6000,92.820000000000
A,USD,STD,INDL,C,003735,2018-12-31,DANAHER CORP,DHR,235851102,0000313616,11,12,USA,47832.5000,28214.4000,787.8000,19605.8000,28214.4000,12431.6000,2650.9000,19893.0000,701.5000,103.120000000000
A,USD,STD,INDL,C,003735,2019-12-31,DANAHER CORP,DHR,235851102,0000313616,11,12,USA,62081.6000,28671.0000,19912.3000,31799.7000,30270.6000,11173.2000,3008.2000,17911.1000,695.5000,153.480000000000
A,USD,STD,INDL,C,003735,2020-12-31,DANAHER CORP,DHR,235851102,0000313616,11,12,USA,76161.0000,36498.0000,6035.0000,36384.0000,39766.0000,14707.0000,3646.0000,22284.0000,711.0000,222.140000000000
A,USD,STD,INDL,C,003735,2021-12-31,DANAHER CORP,DHR,235851102,0000313616,11,12,USA,83184.0000,41899.0000,2586.0000,38007.0000,45167.0000,20179.0000,6433.0000,29453.0000,715.0000,329.010000000000
A,USD,STD,INDL,C,003735,2022-12-31,DANAHER CORP,DHR,235851102,0000313616,11,12,USA,84350.0000,48414.0000,5995.0000,34260.0000,50082.0000,19687.0000,7209.0000,31471.0000,728.3000,265.420000000000
A,USD,STD,INDL,C,003735,2023-12-31,DANAHER CORP,DHR,235851102,0000313616,11,12,USA,84488.0000,53486.0000,5864.0000,30998.0000,53486.0000,14717.0000,4764.0000,23890.0000,739.2000,231.340000000000
A,USD,STD,INDL,C,003735,2024-12-31,DANAHER CORP,DHR,235851102,0000313616,11,12,USA,77542.0000,49543.0000,2078.0000,27992.0000,49543.0000,14952.0000,3899.0000,23875.0000,719.1000,229.550000000000
A,USD,STD,INDL,C,003735,2025-12-31,DANAHER CORP,DHR,235851102,0000313616,11,12,USA,83464.0000,52534.0000,4615.0000,30923.0000,52534.0000,15273.0000,3614.0000,24568.0000,706.9000,228.920000000000
A,USD,STD,INDL,C,003813,2010-01-31,TARGET CORP,TGT,87612E106,0000027419,11,1,USA,44533.0000,15347.0000,2200.0000,29186.0000,15347.0000,21295.0000,2488.0000,65357.0000,744.6440,51.270000000000
A,USD,STD,INDL,C,003813,2011-01-31,TARGET CORP,TGT,87612E106,0000027419,11,1,USA,43705.0000,15487.0000,1712.0000,28218.0000,15487.0000,20805.0000,2920.0000,67390.0000,704.0380,54.830000000000
A,USD,STD,INDL,C,003813,2012-01-31,TARGET CORP,TGT,87612E106,0000027419,11,1,USA,46630.0000,15821.0000,794.0000,30809.0000,15821.0000,21559.0000,2929.0000,69865.0000,669.2930,50.810000000000
A,USD,STD,INDL,C,003813,2013-01-31,TARGET CORP,TGT,87612E106,0000027419,11,1,USA,48163.0000,16558.0000,784.0000,31605.0000,16558.0000,22266.0000,2999.0000,73301.0000,645.3000,60.410000000000
A,USD,STD,INDL,C,003813,2014-01-31,TARGET CORP,TGT,87612E106,0000027419,11,1,USA,44553.0000,16231.0000,695.0000,28322.0000,16231.0000,21436.0000,1971.0000,72596.0000,632.9310,56.640000000000
A,USD,STD,INDL,C,003813,2015-01-31,TARGET CORP,TGT,87612E106,0000027419,11,1,USA,41404.0000,13997.0000,2210.0000,27407.0000,13997.0000,21340.0000,-1636.0000,72618.0000,640.2140,73.610000000000
A,USD,STD,INDL,C,003813,2016-01-31,TARGET CORP,TGT,87612E106,0000027419,11,1,USA,40262.0000,12957.0000,4046.0000,27305.0000,12957.0000,21788.0000,3363.0000,73785.0000,602.2270,72.420000000000
A,USD,STD,INDL,C,003813,2017-01-31,TARGET CORP,TGT,87612E106,0000027419,11,1,USA,37431.0000,10953.0000,2512.0000,26478.0000,10953.0000,20623.0000,2737.0000,69495.0000,556.1560,64.480000000000
A,USD,STD,INDL,C,003813,2018-01-31,TARGET CORP,TGT,87612E106,0000027419,11,1,USA,38999.0000,11709.0000,2643.0000,27290.0000,11709.0000,21005.0000,2934.0000,71879.0000,541.6820,75.220000000000
A,USD,STD,INDL,C,003813,2019-01-31,TARGET CORP,TGT,87612E106,0000027419,11,1,USA,41290.0000,11297.0000,1556.0000,29993.0000,11297.0000,22307.0000,2937.0000,75356.0000,517.7620,73.000000000000
A,USD,STD,INDL,C,003813,2020-01-31,TARGET CORP,TGT,87612E106,0000027419,11,1,USA,42779.0000,11833.0000,2577.0000,30946.0000,11833.0000,23495.0000,3281.0000,78112.0000,504.1990,110.740000000000
A,USD,STD,INDL,C,003813,2021-01-31,TARGET CORP,TGT,87612E106,0000027419,11,1,USA,51248.0000,14440.0000,8511.0000,36808.0000,14440.0000,27865.0000,4368.0000,93561.0000,500.8770,181.170000000000
A,USD,STD,INDL,C,003813,2022-01-31,TARGET CORP,TGT,87612E106,0000027419,11,1,USA,53811.0000,12827.0000,5911.0000,40984.0000,12827.0000,31340.0000,6946.0000,106005.0000,471.2740,220.430000000000
A,USD,STD,INDL,C,003813,2023-01-31,TARGET CORP,TGT,87612E106,0000027419,11,1,USA,53335.0000,11232.0000,2229.0000,42103.0000,11232.0000,27206.0000,2780.0000,109120.0000,460.3470,172.140000000000
A,USD,STD,INDL,C,003813,2024-01-31,TARGET CORP,TGT,87612E106,0000027419,11,1,USA,55356.0000,13432.0000,3805.0000,41924.0000,13432.0000,30062.0000,4138.0000,107412.0000,461.6750,139.080000000000
A,USD,STD,INDL,C,003813,2025-01-31,TARGET CORP,TGT,87612E106,0000027419,11,1,USA,57769.0000,14666.0000,4762.0000,43103.0000,14666.0000,30516.0000,4091.0000,106566.0000,455.5670,137.910000000000
A,USD,STD,INDL,C,003813,2026-01-31,TARGET CORP,TGT,87612E106,0000027419,11,1,USA,59490.0000,16165.0000,5488.0000,43325.0000,16165.0000,29786.0000,3705.0000,104780.0000,452.8400,105.470000000000
A,USD,STD,INDL,C,003835,2010-10-31,DEERE & CO,DE,244199105,0000315189,11,10,USA,43266.8000,6290.3000,3799.6000,36963.4000,6290.3000,8359.7000,1865.0000,25549.6000,422.1800,76.800000000000
A,USD,STD,INDL,C,003835,2011-10-31,DEERE & CO,DE,244199105,0000315189,11,10,USA,48207.4000,6800.3000,3856.2000,41392.5000,6800.3000,9908.0000,2799.9000,31628.5000,406.0700,75.900000000000
A,USD,STD,INDL,C,003835,2012-10-31,DEERE & CO,DE,244199105,0000315189,11,10,USA,56265.8000,6842.1000,5465.2000,49403.8000,6842.1000,10984.0000,3064.7000,35736.1000,387.8050,85.440000000000
A,USD,STD,INDL,C,003835,2013-10-31,DEERE & CO,DE,244199105,0000315189,11,10,USA,59521.3000,10265.8000,4520.0000,49253.6000,10265.8000,12094.8000,3537.3000,37347.4000,373.8030,81.840000000000
A,USD,STD,INDL,C,003835,2014-10-31,DEERE & CO,DE,244199105,0000315189,11,10,USA,61336.4000,9062.6000,4510.0000,52270.9000,9062.6000,11081.3000,3161.7000,35537.9000,345.5040,85.540000000000
A,USD,STD,INDL,C,003835,2015-10-31,DEERE & CO,DE,244199105,0000315189,11,10,USA,57947.6000,6743.4000,4212.2000,51190.0000,6743.4000,8601.9000,1940.0000,28323.8000,316.6870,78.000000000000
A,USD,STD,INDL,C,003835,2016-10-31,DEERE & CO,DE,244199105,0000315189,11,10,USA,57981.4000,6520.0000,4370.8000,51436.6000,6520.0000,8117.3000,1523.9000,26006.0000,314.7680,88.300000000000
A,USD,STD,INDL,C,003835,2017-10-31,DEERE & CO,DE,244199105,0000315189,11,10,USA,65786.3000,9557.3000,9359.9000,56211.8000,9557.3000,8940.1000,2159.1000,28444.7000,321.8410,132.880000000000
A,USD,STD,INDL,C,003835,2018-10-31,DEERE & CO,DE,244199105,0000315189,11,10,USA,70108.0000,11287.8000,3927.0000,58802.8000,11287.8000,11575.5000,2368.4000,36577.7000,318.4550,135.440000000000
A,USD,STD,INDL,C,003835,2019-10-31,DEERE & CO,DE,244199105,0000315189,11,10,USA,73011.0000,11413.0000,3982.0000,61580.0000,11413.0000,12845.0000,3253.0000,39258.0000,313.1400,174.140000000000
A,USD,STD,INDL,C,003835,2020-10-31,DEERE & CO,DE,244199105,0000315189,11,10,USA,75091.0000,12937.0000,7190.0000,62147.0000,12937.0000,12628.0000,2751.0000,35540.0000,313.6560,225.910000000000
A,USD,STD,INDL,C,003835,2021-10-31,DEERE & CO,DE,244199105,0000315189,11,10,USA,84114.0000,18431.0000,8153.0000,65680.0000,18431.0000,15359.0000,5963.0000,43959.0000,308.0650,342.310000000000
A,USD,STD,INDL,C,003835,2022-10-31,DEERE & CO,DE,244199105,0000315189,11,10,USA,90030.0000,20262.0000,5022.0000,69673.0000,20262.0000,17424.0000,7131.0000,52179.0000,298.7720,395.820000000000
A,USD,STD,INDL,C,003835,2023-10-31,DEERE & CO,DE,244199105,0000315189,11,10,USA,104087.0000,21785.0000,7639.0000,82201.0000,21785.0000,23980.0000,10166.0000,61251.0000,281.5840,365.360000000000
A,USD,STD,INDL,C,003835,2024-10-31,DEERE & CO,DE,244199105,0000315189,11,10,USA,107320.0000,22836.0000,7544.0000,84395.0000,22836.0000,21452.0000,7100.0000,51659.0000,271.7520,404.690000000000
A,USD,STD,INDL,C,003835,2025-10-31,DEERE & CO,DE,244199105,0000315189,11,10,USA,105996.0000,25950.0000,8533.0000,79989.0000,25950.0000,18216.0000,5027.0000,45684.0000,270.3520,461.630000000000
A,USD,STD,INDL,C,003980,2010-09-30,DISNEY (WALT) CO,DIS,254687106,0001744489,11,9,USA,69206.0000,37519.0000,2722.0000,29864.0000,37519.0000,8439.0000,3963.0000,38063.0000,1894.0000,33.100000000000
A,USD,STD,INDL,C,003980,2011-09-30,DISNEY (WALT) CO,DIS,254687106,0001744489,11,9,USA,72124.0000,37385.0000,3185.0000,32671.0000,37385.0000,9622.0000,4807.0000,40893.0000,1808.0000,30.160000000000
A,USD,STD,INDL,C,003980,2012-09-30,DISNEY (WALT) CO,DIS,254687106,0001744489,11,9,USA,74898.0000,39759.0000,3387.0000,32940.0000,39759.0000,10850.0000,5682.0000,42278.0000,1780.0000,52.280000000000
A,USD,STD,INDL,C,003980,2013-09-30,DISNEY (WALT) CO,DIS,254687106,0001744489,11,9,USA,81241.0000,45429.0000,3931.0000,33091.0000,45429.0000,11642.0000,6136.0000,45041.0000,1773.0000,64.490000000000
A,USD,STD,INDL,C,003980,2014-09-30,DISNEY (WALT) CO,DIS,254687106,0001744489,11,9,USA,84186.0000,44958.0000,3421.0000,36008.0000,44958.0000,22393.0000,7501.0000,48813.0000,1707.0000,89.030000000000
A,USD,STD,INDL,C,003980,2015-09-30,DISNEY (WALT) CO,DIS,254687106,0001744489,11,9,USA,88182.0000,44525.0000,4269.0000,39527.0000,44525.0000,24101.0000,8382.0000,52465.0000,1661.0000,102.200000000000
A,USD,STD,INDL,C,003980,2016-09-30,DISNEY (WALT) CO,DIS,254687106,0001744489,11,9,USA,92033.0000,43265.0000,4610.0000,44710.0000,43265.0000,25768.0000,9391.0000,55632.0000,1597.0000,92.860000000000
A,USD,STD,INDL,C,003980,2017-09-30,DISNEY (WALT) CO,DIS,254687106,0001744489,11,9,USA,95789.0000,41315.0000,4043.0000,49637.0000,41315.0000,24831.0000,8980.0000,55137.0000,1517.0000,98.570000000000
A,USD,STD,INDL,C,003980,2018-09-30,DISNEY (WALT) CO,DIS,254687106,0001744489,11,9,USA,98598.0000,48773.0000,4151.0000,44643.0000,48773.0000,26708.0000,12598.0000,59434.0000,1488.0000,116.940000000000
A,USD,STD,INDL,C,003980,2019-09-30,DISNEY (WALT) CO,DIS,254687106,0001744489,11,9,USA,193984.0000,88877.0000,5444.0000,91132.0000,88877.0000,27552.0000,11054.0000,69570.0000,1802.0000,130.320000000000
A,USD,STD,INDL,C,003980,2020-09-30,DISNEY (WALT) CO,DIS,254687106,0001744489,11,9,USA,201549.0000,83583.0000,17917.0000,104037.0000,83583.0000,21508.0000,-2864.0000,65388.0000,1810.0000,124.080000000000
A,USD,STD,INDL,C,003980,2021-09-30,DISNEY (WALT) CO,DIS,254687106,0001744489,11,9,USA,203609.0000,88553.0000,15962.0000,101385.0000,88553.0000,22287.0000,1995.0000,67418.0000,1818.0000,169.170000000000
A,USD,STD,INDL,C,003980,2022-09-30,DISNEY (WALT) CO,DIS,254687106,0001744489,11,9,USA,203631.0000,95008.0000,11618.0000,95253.0000,95008.0000,29344.0000,3145.0000,83745.0000,1824.0000,94.330000000000
A,USD,STD,INDL,C,003980,2023-09-30,DISNEY (WALT) CO,DIS,254687106,0001744489,11,9,USA,205579.0000,99277.0000,14182.0000,92567.0000,99277.0000,29697.0000,2354.0000,88898.0000,1830.0000,81.050000000000
A,USD,STD,INDL,C,003980,2024-09-30,DISNEY (WALT) CO,DIS,254687106,0001744489,11,9,USA,196219.0000,100696.0000,6002.0000,90697.0000,100696.0000,32663.0000,4972.0000,91361.0000,1812.0000,96.190000000000
A,USD,STD,INDL,C,003980,2025-09-30,DISNEY (WALT) CO,DIS,254687106,0001744489,11,9,USA,197514.0000,109869.0000,5695.0000,82902.0000,109869.0000,35659.0000,12404.0000,94425.0000,1791.0000,114.500000000000
A,USD,STD,INDL,C,004029,2010-12-31,DOMINION ENERGY INC,D,25746U109,0000715957,11,12,USA,42817.0000,11997.0000,62.0000,30563.0000,12254.0000,4820.0000,2808.0000,15197.0000,581.0000,42.720000000000
A,USD,STD,INDL,C,004029,2011-12-31,DOMINION ENERGY INC,D,25746U109,0000715957,11,12,USA,45614.0000,11446.0000,102.0000,33854.0000,11703.0000,4330.0000,1408.0000,14379.0000,570.0000,53.080000000000
A,USD,STD,INDL,C,004029,2012-12-31,DOMINION ENERGY INC,D,25746U109,0000715957,11,12,USA,46838.0000,10568.0000,248.0000,35956.0000,10825.0000,4377.0000,302.0000,13093.0000,576.0000,51.800000000000
A,USD,STD,INDL,C,004029,2013-12-31,DOMINION ENERGY INC,D,25746U109,0000715957,11,12,USA,50096.0000,11642.0000,316.0000,38197.0000,11899.0000,4526.0000,1697.0000,13120.0000,581.0000,64.690000000000
A,USD,STD,INDL,C,004029,2014-12-31,DOMINION ENERGY INC,D,25746U109,0000715957,11,12,USA,54327.0000,11555.0000,318.0000,42370.0000,11555.0000,4539.0000,1310.0000,12436.0000,585.0000,76.900000000000
A,USD,STD,INDL,C,004029,2015-12-31,DOMINION ENERGY INC,D,25746U109,0000715957,11,12,USA,58797.0000,12664.0000,607.0000,45195.0000,12664.0000,5115.0000,1899.0000,11683.0000,596.0000,67.640000000000
A,USD,STD,INDL,C,004029,2016-12-31,DOMINION ENERGY INC,D,25746U109,0000715957,11,12,USA,71610.0000,14605.0000,261.0000,54770.0000,14605.0000,5267.0000,2123.0000,11737.0000,628.0000,76.590000000000
A,USD,STD,INDL,C,004029,2017-12-31,DOMINION ENERGY INC,D,25746U109,0000715957,11,12,USA,76585.0000,17142.0000,120.0000,57215.0000,17142.0000,6029.0000,2999.0000,12586.0000,645.0000,81.060000000000
A,USD,STD,INDL,C,004029,2018-12-31,DOMINION ENERGY INC,D,25746U109,0000715957,11,12,USA,77914.0000,20107.0000,391.0000,55866.0000,20107.0000,6227.0000,2447.0000,13581.0000,681.0000,71.460000000000
A,USD,STD,INDL,C,004029,2019-12-31,DOMINION ENERGY INC,D,25746U109,0000715957,11,12,USA,103823.0000,29607.0000,269.0000,69790.0000,31994.0000,8248.0000,1358.0000,16572.0000,838.0000,82.820000000000
A,USD,STD,INDL,C,004029,2020-12-31,DOMINION ENERGY INC,D,25746U109,0000715957,11,12,USA,95905.0000,23730.0000,237.0000,69444.0000,26117.0000,6359.0000,-401.0000,14172.0000,806.0000,75.200000000000
A,USD,STD,INDL,C,004029,2021-12-31,DOMINION ENERGY INC,D,25746U109,0000715957,11,12,USA,99590.0000,25525.0000,408.0000,70672.0000,28918.0000,5785.0000,3288.0000,13964.0000,810.0000,78.560000000000
A,USD,STD,INDL,C,004029,2022-12-31,DOMINION ENERGY INC,D,25746U109,0000715957,11,12,USA,104243.0000,26098.0000,341.0000,76362.0000,27881.0000,4551.0000,994.0000,17174.0000,835.0000,61.320000000000
A,USD,STD,INDL,C,004029,2023-12-31,DOMINION ENERGY INC,D,25746U109,0000715957,11,12,USA,109032.0000,25746.0000,268.0000,81503.0000,27529.0000,6021.0000,1994.0000,14393.0000,838.0000,47.000000000000
A,USD,STD,INDL,C,004029,2024-12-31,DOMINION ENERGY INC,D,25746U109,0000715957,11,12,USA,102415.0000,26262.0000,365.0000,72223.0000,27253.0000,5691.0000,2124.0000,14459.0000,852.0000,53.860000000000
A,USD,STD,INDL,C,004029,2025-12-31,DOMINION ENERGY INC,D,25746U109,0000715957,11,12,USA,115857.0000,28092.0000,343.0000,82440.0000,29083.0000,6907.0000,2998.0000,16506.0000,879.0000,58.590000000000
A,USD,STD,INDL,C,004060,2010-12-31,DUPONT DE NEMOURS INC,DD,26614N102,0001666700,11,12,USA,69588.0000,17839.0000,7039.0000,46946.0000,21839.0000,10411.0000,2310.0000,53674.0000,1167.2170,34.140000000000
A,USD,STD,INDL,C,004060,2011-12-31,DUPONT DE NEMOURS INC,DD,26614N102,0001666700,11,12,USA,69224.0000,18281.0000,5446.0000,45786.0000,22281.0000,11359.0000,2742.0000,59985.0000,1184.5620,28.760000000000
A,USD,STD,INDL,C,004060,2012-12-31,DUPONT DE NEMOURS INC,DD,26614N102,0001666700,11,12,USA,69605.0000,16877.0000,4318.0000,47591.0000,20877.0000,11116.0000,1182.0000,56786.0000,1203.2930,32.329400000000
A,USD,STD,INDL,C,004060,2013-12-31,DUPONT DE NEMOURS INC,DD,26614N102,0001666700,11,12,USA,69501.0000,22898.0000,5940.0000,41421.0000,26898.0000,11792.0000,4787.0000,57080.0000,1205.2530,44.400000000000
A,USD,STD,INDL,C,004060,2014-12-31,DUPONT DE NEMOURS INC,DD,26614N102,0001666700,11,12,USA,68796.0000,18423.0000,5654.0000,45240.0000,22423.0000,13033.0000,3772.0000,58167.0000,1157.5940,45.610000000000
A,USD,STD,INDL,C,004060,2015-12-31,DUPONT DE NEMOURS INC,DD,26614N102,0001666700,11,12,USA,68026.0000,21374.0000,8577.0000,41843.0000,25374.0000,13050.0000,7685.0000,48778.0000,1116.9420,51.480000000000
A,USD,STD,INDL,C,004060,2016-12-31,DUPONT DE NEMOURS INC,DD,26614N102,0001666700,11,12,USA,79511.0000,25987.0000,6607.0000,52282.0000,25987.0000,13280.0000,4318.0000,48158.0000,1211.1330,57.220000000000
A,USD,STD,INDL,C,004060,2017-12-31,DUPONT DE NEMOURS INC,DD,26614N102,0001666700,11,12,USA,192164.0000,100330.0000,14394.0000,90237.0000,100330.0000,17325.0000,1460.0000,62484.0000,2327.3320,71.220000000000
A,USD,STD,INDL,C,004060,2018-12-31,DUPONT DE NEMOURS INC,DD,26614N102,0001666700,11,12,USA,188030.0000,94571.0000,14156.0000,91851.0000,94571.0000,26112.0000,3844.0000,85977.0000,2268.9780,53.480000000000
A,USD,STD,INDL,C,004060,2019-12-31,DUPONT DE NEMOURS INC,DD,26614N102,0001666700,11,12,USA,69396.0000,40987.0000,1577.0000,27840.0000,40987.0000,8472.0000,498.0000,21512.0000,738.5650,64.200000000000
A,USD,STD,INDL,C,004060,2020-12-31,DUPONT DE NEMOURS INC,DD,26614N102,0001666700,11,12,USA,70904.0000,38504.0000,2569.0000,31834.0000,38504.0000,7850.0000,-2951.0000,20397.0000,734.2040,71.110000000000
A,USD,STD,INDL,C,004060,2021-12-31,DUPONT DE NEMOURS INC,DD,26614N102,0001666700,11,12,USA,45707.0000,26433.0000,2011.0000,18657.0000,26433.0000,6532.0000,6467.0000,16653.0000,511.7930,80.780000000000
A,USD,STD,INDL,C,004060,2022-12-31,DUPONT DE NEMOURS INC,DD,26614N102,0001666700,11,12,USA,41355.0000,26569.0000,4971.0000,14338.0000,26569.0000,5160.0000,5868.0000,13017.0000,458.1240,68.630000000000
A,USD,STD,INDL,C,004060,2023-12-31,DUPONT DE NEMOURS INC,DD,26614N102,0001666700,11,12,USA,38552.0000,24279.0000,2803.0000,13827.0000,24279.0000,4780.0000,423.0000,12068.0000,430.1100,76.930000000000
A,USD,STD,INDL,C,004060,2024-12-31,DUPONT DE NEMOURS INC,DD,26614N102,0001666700,11,12,USA,36636.0000,23350.0000,1856.0000,12843.0000,23350.0000,5133.0000,703.0000,12386.0000,417.9940,76.250000000000
A,USD,STD,INDL,C,004060,2025-12-31,DUPONT DE NEMOURS INC,DD,26614N102,0001666700,11,12,USA,21575.0000,13919.0000,757.0000,7472.0000,13919.0000,2719.0000,-779.0000,6849.0000,409.1950,40.200000000000
A,USD,STD,INDL,C,004108,2010-12-31,FLOWSERVE CORP,FLS,34354P105,0000030625,11,12,USA,4459.9100,2103.0220,557.5790,2346.8770,2103.0220,1495.3030,388.2900,4032.0360,55.0590,119.220000000000
A,USD,STD,INDL,C,004108,2011-12-31,FLOWSERVE CORP,FLS,34354P105,0000030625,11,12,USA,4622.6140,2269.8130,337.3560,2344.3840,2269.8130,1618.4670,428.5820,4510.2010,53.9060,99.320000000000
A,USD,STD,INDL,C,004108,2012-12-31,FLOWSERVE CORP,FLS,34354P105,0000030625,11,12,USA,4810.9580,1890.2190,304.2520,2916.4830,1890.2190,1685.4890,448.3390,4751.3390,48.1350,146.800000000000
A,USD,STD,INDL,C,004108,2013-12-31,FLOWSERVE CORP,FLS,34354P105,0000030625,11,12,USA,5036.7330,1870.3790,363.8040,3159.6120,1870.3790,1791.5910,485.5300,4954.6190,137.1630,78.830000000000
A,USD,STD,INDL,C,004108,2014-12-31,FLOWSERVE CORP,FLS,34354P105,0000030625,11,12,USA,4968.0200,1931.5620,450.3500,3026.1770,1931.5620,1821.9290,518.8240,4877.8850,134.3490,59.830000000000
A,USD,STD,INDL,C,004108,2015-12-31,FLOWSERVE CORP,FLS,34354P105,0000030625,11,12,USA,5103.8500,1666.4770,366.4440,3420.1170,1666.4770,1677.7140,267.6690,4561.0300,129.0900,42.080000000000
A,USD,STD,INDL,C,004108,2016-12-31,FLOWSERVE CORP,FLS,34354P105,0000030625,11,12,USA,4708.9230,1616.4270,367.1620,3071.5350,1616.4270,1411.7960,132.4550,3990.4870,129.8130,48.050000000000
A,USD,STD,INDL,C,004108,2017-12-31,FLOWSERVE CORP,FLS,34354P105,0000030625,11,12,USA,4910.4740,1654.5870,703.4450,3239.5200,1654.5870,1263.0140,2.6520,3660.8310,130.3220,42.130000000000
A,USD,STD,INDL,C,004108,2018-12-31,FLOWSERVE CORP,FLS,34354P105,0000030625,11,12,USA,4616.2770,1642.3150,619.6830,2955.4970,1642.3150,1348.1350,119.6710,3832.6660,130.5560,38.020000000000
A,USD,STD,INDL,C,004108,2019-12-31,FLOWSERVE CORP,FLS,34354P105,0000030625,11,12,USA,4919.6420,1790.3570,670.9800,3103.6830,1790.3570,1416.9950,253.6680,3944.8500,130.5310,49.770000000000
A,USD,STD,INDL,C,004108,2020-12-31,FLOWSERVE CORP,FLS,34354P105,0000030625,11,12,USA,5314.6770,1732.4700,1095.2740,3551.8770,1732.4700,1263.8860,116.3260,3728.1340,130.0250,36.850000000000
A,USD,STD,INDL,C,004108,2021-12-31,FLOWSERVE CORP,FLS,34354P105,0000030625,11,12,USA,4749.7680,1804.3190,658.4520,2912.4230,1804.3190,1165.1810,125.9490,3541.0600,129.9990,30.600000000000
A,USD,STD,INDL,C,004108,2022-12-31,FLOWSERVE CORP,FLS,34354P105,0000030625,11,12,USA,4790.6340,1824.9930,434.9710,2932.0270,1824.9930,1097.4210,188.6890,3620.5510,130.4340,30.680000000000
A,USD,STD,INDL,C,004108,2023-12-31,FLOWSERVE CORP,FLS,34354P105,0000030625,11,12,USA,5108.7190,1936.1000,545.6780,3133.6680,1936.1000,1383.3270,186.7430,4320.5770,130.9080,41.220000000000
A,USD,STD,INDL,C,004108,2024-12-31,FLOWSERVE CORP,FLS,34354P105,0000030625,11,12,USA,5500.8210,2007.6650,675.4410,3449.1090,2007.6650,1554.3930,282.7590,4557.8060,131.1050,57.520000000000
A,USD,STD,INDL,C,004108,2025-12-31,FLOWSERVE CORP,FLS,34354P105,0000030625,11,12,USA,5708.2000,2191.3970,760.1830,3453.8760,2191.3970,1741.4870,346.2470,4729.2600,127.0300,69.380000000000
A,USD,STD,INDL,C,004213,2010-12-31,ECOLAB INC,ECL,278865100,0000031462,11,12,USA,4872.2000,2129.2000,242.3000,2739.2000,2129.2000,3422.9000,530.3000,6089.7000,232.5130,50.420000000000
A,USD,STD,INDL,C,004213,2011-12-31,ECOLAB INC,ECL,278865100,0000031462,11,12,USA,18240.8000,5666.7000,1843.6000,12499.7000,5666.7000,3754.4000,462.5000,6828.1000,291.9740,57.810000000000
A,USD,STD,INDL,C,004213,2012-12-31,ECOLAB INC,ECL,278865100,0000031462,11,12,USA,17572.3000,6077.0000,1157.8000,11412.2000,6077.0000,6154.1000,703.6000,11838.7000,294.7220,71.900000000000
A,USD,STD,INDL,C,004213,2013-12-31,ECOLAB INC,ECL,278865100,0000031462,11,12,USA,19636.5000,7344.3000,339.2000,12227.1000,7344.3000,6863.5000,967.8000,13253.4000,301.1350,104.270000000000
A,USD,STD,INDL,C,004213,2014-12-31,ECOLAB INC,ECL,278865100,0000031462,11,12,USA,19466.7000,7315.9000,209.6000,12084.6000,7315.9000,7478.7000,1202.8000,14280.5000,299.8530,104.520000000000
A,USD,STD,INDL,C,004213,2015-12-31,ECOLAB INC,ECL,278865100,0000031462,11,12,USA,18641.7000,6909.9000,92.8000,11661.3000,6909.9000,7253.7000,1002.1000,13545.1000,295.9680,114.380000000000
A,USD,STD,INDL,C,004213,2016-12-31,ECOLAB INC,ECL,278865100,0000031462,11,12,USA,18330.2000,6901.1000,327.4000,11359.3000,6901.1000,7170.9000,1229.6000,13152.8000,291.8250,117.220000000000
A,USD,STD,INDL,C,004213,2017-12-31,ECOLAB INC,ECL,278865100,0000031462,11,12,USA,19962.4000,7618.5000,211.4000,12273.7000,7618.5000,7370.5000,1508.4000,13838.3000,289.3230,134.180000000000
A,USD,STD,INDL,C,004213,2018-12-31,ECOLAB INC,ECL,278865100,0000031462,11,12,USA,20074.5000,8003.2000,114.7000,12020.9000,8003.2000,6989.9000,1429.1000,14668.2000,287.7140,147.350000000000
A,USD,STD,INDL,C,004213,2019-12-31,ECOLAB INC,ECL,278865100,0000031462,11,12,USA,20869.1000,8685.3000,186.4000,12143.3000,8685.3000,7194.7000,1558.9000,14906.3000,288.4100,192.990000000000
A,USD,STD,INDL,C,004213,2020-12-31,ECOLAB INC,ECL,278865100,0000031462,11,12,USA,18126.0000,6166.5000,1260.2000,11924.5000,6166.5000,5745.3000,-1205.1000,11790.2000,285.7520,216.360000000000
A,USD,STD,INDL,C,004213,2021-12-31,ECOLAB INC,ECL,278865100,0000031462,11,12,USA,21206.4000,7224.2000,359.9000,13953.3000,7224.2000,6054.3000,1129.9000,12733.1000,286.8840,234.590000000000
A,USD,STD,INDL,C,004213,2022-12-31,ECOLAB INC,ECL,278865100,0000031462,11,12,USA,21464.3000,7236.1000,598.6000,14205.7000,7236.1000,6365.4000,1091.7000,14187.8000,284.4500,145.560000000000
A,USD,STD,INDL,C,004213,2023-12-31,ECOLAB INC,ECL,278865100,0000031462,11,12,USA,21846.6000,8044.7000,919.5000,13774.4000,8044.7000,7111.4000,1372.3000,15320.2000,285.4490,198.350000000000
A,USD,STD,INDL,C,004213,2024-12-31,ECOLAB INC,ECL,278865100,0000031462,11,12,USA,22387.8000,8757.3000,1256.8000,13598.6000,8757.3000,7782.4000,2112.4000,15741.4000,283.3550,234.320000000000
A,USD,STD,INDL,C,004213,2025-12-31,ECOLAB INC,ECL,278865100,0000031462,11,12,USA,24696.3000,9770.8000,646.2000,14891.8000,9770.8000,8134.5000,2075.6000,16081.2000,282.0230,262.520000000000
A,USD,STD,INDL,C,004430,2010-12-31,EQT CORP,EQT,26884L109,0000033213,11,12,USA,7098.4380,3078.6960,0.0000,4019.7420,3078.6960,740.7640,227.7000,1322.7080,149.1530,44.840000000000
A,USD,STD,INDL,C,004430,2011-12-31,EQT CORP,EQT,26884L109,0000033213,11,12,USA,8772.7190,3593.8300,831.2510,5178.8890,3593.8300,984.3880,479.7690,1639.9340,149.4770,54.790000000000
A,USD,STD,INDL,C,004430,2012-12-31,EQT CORP,EQT,26884L109,0000033213,11,12,USA,8849.8620,3603.8200,182.0550,4961.0600,3603.8200,980.8500,183.3950,1641.6080,150.1090,58.980000000000
A,USD,STD,INDL,C,004430,2013-12-31,EQT CORP,EQT,26884L109,0000033213,11,12,USA,9792.0530,4034.7880,845.6410,4927.9250,4034.7880,1288.1180,390.5720,1862.0110,150.8840,89.780000000000
A,USD,STD,INDL,C,004430,2014-12-31,EQT CORP,EQT,26884L109,0000033213,11,12,USA,12064.9000,4582.8150,1077.4290,5691.8370,4582.8150,1765.8860,386.9650,2469.7100,151.5960,75.700000000000
A,USD,STD,INDL,C,004430,2015-12-31,EQT CORP,EQT,26884L109,0000033213,11,12,USA,13976.1720,5077.7910,1601.2320,5948.1300,5077.7910,1382.3550,85.1710,2339.7620,152.5540,52.130000000000
A,USD,STD,INDL,C,004430,2016-12-31,EQT CORP,EQT,26884L109,0000033213,11,12,USA,15472.9220,5860.2810,1389.9360,6353.6750,5860.2810,641.5950,-452.9830,1608.3480,172.8270,65.400000000000
A,USD,STD,INDL,C,004430,2017-12-31,EQT CORP,EQT,26884L109,0000033213,11,12,USA,29522.6040,13319.6180,147.3150,11107.9910,13319.6180,2266.7610,1508.5290,3378.0150,264.3200,56.920000000000
A,USD,STD,INDL,C,004430,2018-12-31,EQT CORP,EQT,26884L109,0000033213,11,12,USA,20721.3440,10958.2290,3.4870,9763.1150,10958.2290,2146.0760,-2244.5680,4557.8680,254.4720,18.890000000000
A,USD,STD,INDL,C,004430,2019-12-31,EQT CORP,EQT,26884L109,0000033213,11,12,USA,18809.2270,9803.5880,4.5960,9005.6390,9803.5880,1775.6890,-1221.6950,4416.4840,255.1710,10.900000000000
A,USD,STD,INDL,C,004430,2020-12-31,EQT CORP,EQT,26884L109,0000033213,11,12,USA,18113.4690,9255.2400,18.2100,8850.7390,9255.2400,605.0360,-967.1660,3058.8430,278.3450,12.710000000000
A,USD,STD,INDL,C,004430,2021-12-31,EQT CORP,EQT,26884L109,0000033213,11,12,USA,21607.3880,10029.5270,113.9630,11561.6250,10029.5270,385.7900,-1155.7590,3064.6630,376.3990,21.810000000000
A,USD,STD,INDL,C,004430,2022-12-31,EQT CORP,EQT,26884L109,0000033213,11,12,USA,22669.9260,11172.4740,1458.6440,11456.5980,11172.4740,4655.4850,1770.9650,7497.6890,365.3630,33.830000000000
A,USD,STD,INDL,C,004430,2023-12-31,EQT CORP,EQT,26884L109,0000033213,11,12,USA,25285.0980,14773.2000,80.9770,10504.2810,14773.2000,4046.5530,1735.2320,6908.9230,419.8960,38.660000000000
A,USD,STD,INDL,C,004430,2024-12-31,EQT CORP,EQT,26884L109,0000033213,11,12,USA,39830.2550,20597.6280,202.0930,15552.1190,20597.6280,3157.0650,230.5770,5273.3090,596.8700,46.110000000000
A,USD,STD,INDL,C,004430,2025-12-31,EQT CORP,EQT,26884L109,0000033213,11,12,USA,41792.8740,23752.6770,110.7950,14432.7260,23752.6770,6019.5520,2039.2470,8644.2110,624.0760,53.600000000000
A,USD,STD,INDL,C,004598,2010-05-31,FEDEX CORP,FDX,31428X106,0001048911,11,5,USA,24902.0000,13811.0000,1952.0000,11091.0000,13811.0000,8745.0000,1184.0000,34734.0000,313.9260,83.490000000000
A,USD,STD,INDL,C,004598,2011-05-31,FEDEX CORP,FDX,31428X106,0001048911,11,5,USA,27385.0000,15220.0000,2328.0000,12165.0000,15220.0000,9791.0000,1452.0000,39304.0000,317.0270,93.640000000000
A,USD,STD,INDL,C,004598,2012-05-31,FEDEX CORP,FDX,31428X106,0001048911,11,5,USA,29903.0000,14727.0000,2843.0000,15176.0000,14727.0000,10823.0000,2032.0000,42680.0000,316.0450,89.140000000000
A,USD,STD,INDL,C,004598,2013-05-31,FEDEX CORP,FDX,31428X106,0001048911,11,5,USA,33567.0000,17398.0000,4917.0000,16169.0000,17398.0000,11269.0000,1561.0000,44287.0000,317.5670,96.340000000000
A,USD,STD,INDL,C,004598,2014-05-31,FEDEX CORP,FDX,31428X106,0001048911,11,5,USA,33070.0000,15277.0000,2908.0000,17793.0000,15277.0000,11960.0000,2097.0000,45567.0000,287.3630,144.160000000000
A,USD,STD,INDL,C,004598,2015-05-31,FEDEX CORP,FDX,31428X106,0001048911,11,5,USA,37069.0000,14993.0000,3763.0000,22076.0000,14993.0000,11169.0000,1050.0000,47453.0000,282.8870,173.220000000000
A,USD,STD,INDL,C,004598,2016-05-31,FEDEX CORP,FDX,31428X106,0001048911,11,5,USA,46064.0000,13784.0000,3534.0000,32280.0000,13784.0000,12959.0000,1820.0000,50365.0000,266.6370,164.970000000000
A,USD,STD,INDL,C,004598,2017-05-31,FEDEX CORP,FDX,31428X106,0001048911,11,5,USA,48552.0000,16073.0000,3969.0000,32479.0000,16073.0000,16784.0000,2997.0000,60319.0000,267.1530,193.840000000000
A,USD,STD,INDL,C,004598,2018-05-31,FEDEX CORP,FDX,31428X106,0001048911,11,5,USA,52330.0000,19416.0000,3265.0000,32914.0000,19416.0000,18005.0000,4572.0000,65450.0000,265.9990,249.120000000000
A,USD,STD,INDL,C,004598,2019-05-31,FEDEX CORP,FDX,31428X106,0001048911,11,5,USA,54403.0000,17757.0000,2319.0000,36646.0000,17757.0000,18180.0000,540.0000,69693.0000,260.6270,154.280000000000
A,USD,STD,INDL,C,004598,2020-05-31,FEDEX CORP,FDX,31428X106,0001048911,11,5,USA,73537.0000,18295.0000,4881.0000,55242.0000,18295.0000,16959.0000,1286.0000,69217.0000,261.5720,130.560000000000
A,USD,STD,INDL,C,004598,2021-05-31,FEDEX CORP,FDX,31428X106,0001048911,11,5,USA,82777.0000,24168.0000,7087.0000,58609.0000,24168.0000,21747.0000,5231.0000,83959.0000,266.9530,314.810000000000
A,USD,STD,INDL,C,004598,2022-05-31,FEDEX CORP,FDX,31428X106,0001048911,11,5,USA,85994.0000,24939.0000,6897.0000,61055.0000,24939.0000,24137.0000,3826.0000,93512.0000,259.5140,224.580000000000
A,USD,STD,INDL,C,004598,2023-05-31,FEDEX CORP,FDX,31428X106,0001048911,11,5,USA,87143.0000,26088.0000,6856.0000,61055.0000,26088.0000,23342.0000,3972.0000,90155.0000,252.2370,217.980000000000
A,USD,STD,INDL,C,004598,2024-05-31,FEDEX CORP,FDX,31428X106,0001048911,11,5,USA,87007.0000,27582.0000,6501.0000,59425.0000,27582.0000,23239.0000,4331.0000,87693.0000,245.5240,253.960000000000
A,USD,STD,INDL,C,004598,2025-05-31,FEDEX CORP,FDX,31428X106,0001048911,11,5,USA,87627.0000,28074.0000,5572.0000,59553.0000,28074.0000,23259.0000,4092.0000,87926.0000,237.8240,218.100000000000
A,USD,STD,INDL,C,004611,2010-01-31,MACY'S INC,M,55616P104,0000794367,11,1,USA,21300.0000,4701.0000,1686.0000,16599.0000,4701.0000,9516.0000,350.0000,23489.0000,420.8430,15.930000000000
A,USD,STD,INDL,C,004611,2011-01-31,MACY'S INC,M,55616P104,0000794367,11,1,USA,20631.0000,5530.0000,1516.0000,15101.0000,5530.0000,10179.0000,847.0000,25003.0000,423.3410,23.150000000000
A,USD,STD,INDL,C,004611,2012-01-31,MACY'S INC,M,55616P104,0000794367,11,1,USA,22095.0000,5933.0000,2961.0000,16162.0000,5933.0000,10667.0000,1256.0000,26405.0000,414.1810,33.690000000000
A,USD,STD,INDL,C,004611,2013-01-31,MACY'S INC,M,55616P104,0000794367,11,1,USA,20991.0000,6051.0000,1873.0000,14940.0000,6051.0000,11148.0000,1335.0000,27686.0000,387.7010,39.510000000000
A,USD,STD,INDL,C,004611,2014-01-31,MACY'S INC,M,55616P104,0000794367,11,1,USA,21634.0000,6249.0000,2310.0000,15385.0000,6249.0000,11206.0000,1486.0000,27931.0000,364.9350,53.200000000000
A,USD,STD,INDL,C,004611,2015-01-31,MACY'S INC,M,55616P104,0000794367,11,1,USA,21461.0000,5378.0000,2283.0000,16083.0000,5378.0000,11242.0000,1526.0000,28105.0000,340.5740,63.880000000000
A,USD,STD,INDL,C,004611,2016-01-31,MACY'S INC,M,55616P104,0000794367,11,1,USA,20576.0000,4250.0000,1146.0000,16323.0000,4250.0000,10583.0000,1072.0000,27079.0000,310.2560,40.410000000000
A,USD,STD,INDL,C,004611,2017-01-31,MACY'S INC,M,55616P104,0000794367,11,1,USA,19851.0000,4323.0000,1334.0000,15529.0000,4323.0000,10157.0000,619.0000,25778.0000,304.0630,29.540000000000
A,USD,STD,INDL,C,004611,2018-01-31,MACY'S INC,M,55616P104,0000794367,11,1,USA,19381.0000,5673.0000,1492.0000,13720.0000,5673.0000,10676.0000,1547.0000,24837.0000,304.7650,25.950000000000
A,USD,STD,INDL,C,004611,2019-01-31,MACY'S INC,M,55616P104,0000794367,11,1,USA,19194.0000,6436.0000,1199.0000,12758.0000,6436.0000,11486.0000,1108.0000,25739.0000,307.5200,26.300000000000
A,USD,STD,INDL,C,004611,2020-01-31,MACY'S INC,M,55616P104,0000794367,11,1,USA,21172.0000,6377.0000,722.0000,14795.0000,6377.0000,11141.0000,564.0000,25331.0000,309.0310,15.950000000000
A,USD,STD,INDL,C,004611,2021-01-31,MACY'S INC,M,55616P104,0000794367,11,1,USA,17706.0000,2553.0000,1716.0000,15153.0000,2553.0000,6770.0000,-3944.0000,18097.0000,310.5000,15.040000000000
A,USD,STD,INDL,C,004611,2022-01-31,MACY'S INC,M,55616P104,0000794367,11,1,USA,17590.0000,3621.0000,1712.0000,13969.0000,3621.0000,11210.0000,1430.0000,25292.0000,292.3590,25.600000000000
A,USD,STD,INDL,C,004611,2023-01-31,MACY'S INC,M,55616P104,0000794367,11,1,USA,16866.0000,4082.0000,862.0000,12784.0000,4082.0000,10856.0000,1177.0000,25305.0000,271.3500,23.630000000000
A,USD,STD,INDL,C,004611,2024-01-31,MACY'S INC,M,55616P104,0000794367,11,1,USA,16246.0000,4137.0000,1034.0000,12109.0000,4137.0000,10620.0000,105.0000,23866.0000,274.2270,18.290000000000
A,USD,STD,INDL,C,004611,2025-01-31,MACY'S INC,M,55616P104,0000794367,11,1,USA,16402.0000,4552.0000,1306.0000,11850.0000,4552.0000,10147.0000,582.0000,23006.0000,277.6900,15.580000000000
A,USD,STD,INDL,C,004611,2026-01-31,MACY'S INC,M,55616P104,0000794367,11,1,USA,16238.0000,4860.0000,1246.0000,11378.0000,4860.0000,10018.0000,642.0000,22621.0000,263.0000,20.020000000000
A,USD,STD,FS,C,004640,2010-12-31,FIFTH THIRD BANCORP,FITB,316773100,0000035527,14,12,USA,111007.0000,10397.0000,,96927.0000,14051.0000,,,,,14.680000000000
A,USD,STD,INDL,C,004640,2010-12-31,FIFTH THIRD BANCORP,FITB,316773100,0000035527,14,12,USA,111007.0000,10397.0000,3674.0000,96927.0000,14051.0000,4643.0000,753.0000,7066.0000,796.2730,14.680000000000
A,USD,STD,FS,C,004640,2011-12-31,FIFTH THIRD BANCORP,FITB,316773100,0000035527,14,12,USA,116967.0000,12803.0000,,103716.0000,13201.0000,,,,,12.720000000000
A,USD,STD,INDL,C,004640,2011-12-31,FIFTH THIRD BANCORP,FITB,316773100,0000035527,14,12,USA,116967.0000,12803.0000,4444.0000,103716.0000,13201.0000,5589.0000,1297.0000,6673.0000,919.8040,12.720000000000
A,USD,STD,FS,C,004640,2012-12-31,FIFTH THIRD BANCORP,FITB,316773100,0000035527,14,12,USA,121894.0000,13318.0000,,108130.0000,13716.0000,,,,,15.200000000000
A,USD,STD,INDL,C,004640,2012-12-31,FIFTH THIRD BANCORP,FITB,316773100,0000035527,14,12,USA,121894.0000,13318.0000,4862.0000,108130.0000,13716.0000,6019.0000,1576.0000,6834.0000,882.1520,15.200000000000
A,USD,STD,FS,C,004640,2013-12-31,FIFTH THIRD BANCORP,FITB,316773100,0000035527,14,12,USA,130443.0000,13555.0000,,115817.0000,14589.0000,,,,,21.030000000000
A,USD,STD,INDL,C,004640,2013-12-31,FIFTH THIRD BANCORP,FITB,316773100,0000035527,14,12,USA,130443.0000,13555.0000,8294.0000,115817.0000,14589.0000,6223.0000,1836.0000,6864.0000,855.3060,21.030000000000
A,USD,STD,FS,C,004640,2014-12-31,FIFTH THIRD BANCORP,FITB,316773100,0000035527,14,12,USA,138706.0000,14295.0000,,123041.0000,15626.0000,,,,,20.375000000000
A,USD,STD,INDL,C,004640,2014-12-31,FIFTH THIRD BANCORP,FITB,316773100,0000035527,14,12,USA,138706.0000,14295.0000,11005.0000,123041.0000,15626.0000,5609.0000,1481.0000,6375.0000,824.0470,20.375000000000
A,USD,STD,FS,C,004640,2015-12-31,FIFTH THIRD BANCORP,FITB,316773100,0000035527,14,12,USA,141082.0000,14508.0000,,125212.0000,15839.0000,,,,,20.100000000000
A,USD,STD,INDL,C,004640,2015-12-31,FIFTH THIRD BANCORP,FITB,316773100,0000035527,14,12,USA,141082.0000,14508.0000,5211.0000,125212.0000,15839.0000,6140.0000,1712.0000,7031.0000,785.0800,20.100000000000
A,USD,STD,FS,C,004640,2016-12-31,FIFTH THIRD BANCORP,FITB,316773100,0000035527,14,12,USA,142177.0000,14874.0000,,125945.0000,16205.0000,,,,,26.970000000000
A,USD,STD,INDL,C,004640,2016-12-31,FIFTH THIRD BANCORP,FITB,316773100,0000035527,14,12,USA,142177.0000,14874.0000,5146.0000,125945.0000,16205.0000,5686.0000,1564.0000,6607.0000,750.4790,26.970000000000
A,USD,STD,FS,C,004640,2017-12-31,FIFTH THIRD BANCORP,FITB,316773100,0000035527,14,12,USA,142193.0000,15034.0000,,125808.0000,16365.0000,,,,,30.340000000000
A,USD,STD,INDL,C,004640,2017-12-31,FIFTH THIRD BANCORP,FITB,316773100,0000035527,14,12,USA,142193.0000,15034.0000,5267.0000,125808.0000,16365.0000,5724.0000,2194.0000,6676.0000,693.8050,30.340000000000
A,USD,STD,FS,C,004640,2018-12-31,FIFTH THIRD BANCORP,FITB,316773100,0000035527,14,12,USA,146069.0000,14919.0000,,129819.0000,16250.0000,,,,,23.530000000000
A,USD,STD,INDL,C,004640,2018-12-31,FIFTH THIRD BANCORP,FITB,316773100,0000035527,14,12,USA,146069.0000,14919.0000,4506.0000,129819.0000,16250.0000,6112.0000,2193.0000,7392.0000,646.6310,23.530000000000
A,USD,STD,FS,C,004640,2019-12-31,FIFTH THIRD BANCORP,FITB,316773100,0000035527,14,12,USA,169369.0000,19433.0000,,148166.0000,21203.0000,,,,,30.740000000000
A,USD,STD,INDL,C,004640,2019-12-31,FIFTH THIRD BANCORP,FITB,316773100,0000035527,14,12,USA,169369.0000,19433.0000,5228.0000,148166.0000,21203.0000,6972.0000,2512.0000,8900.0000,708.9160,30.740000000000
A,USD,STD,FS,C,004640,2020-12-31,FIFTH THIRD BANCORP,FITB,316773100,0000035527,14,12,USA,204680.0000,20995.0000,,181569.0000,23111.0000,,,,,27.570000000000
A,USD,STD,INDL,C,004640,2020-12-31,FIFTH THIRD BANCORP,FITB,316773100,0000035527,14,12,USA,204680.0000,20995.0000,36546.0000,181569.0000,23111.0000,6504.0000,1427.0000,8391.0000,712.7600,27.570000000000
A,USD,STD,FS,C,004640,2021-12-31,FIFTH THIRD BANCORP,FITB,316773100,0000035527,14,12,USA,211116.0000,20094.0000,,188906.0000,22210.0000,,,,,43.550000000000
A,USD,STD,INDL,C,004640,2021-12-31,FIFTH THIRD BANCORP,FITB,316773100,0000035527,14,12,USA,211116.0000,20094.0000,37566.0000,188906.0000,22210.0000,8205.0000,2770.0000,8269.0000,682.7780,43.550000000000
A,USD,STD,FS,C,004640,2022-12-31,FIFTH THIRD BANCORP,FITB,316773100,0000035527,14,12,USA,207452.0000,15211.0000,,190125.0000,17327.0000,,,,,32.810000000000
A,USD,STD,INDL,C,004640,2022-12-31,FIFTH THIRD BANCORP,FITB,316773100,0000035527,14,12,USA,207452.0000,15211.0000,11817.0000,190125.0000,17327.0000,7818.0000,2446.0000,9359.0000,683.3860,32.810000000000
A,USD,STD,FS,C,004640,2023-12-31,FIFTH THIRD BANCORP,FITB,316773100,0000035527,14,12,USA,214574.0000,17056.0000,,195402.0000,19172.0000,,,,,34.490000000000
A,USD,STD,INDL,C,004640,2023-12-31,FIFTH THIRD BANCORP,FITB,316773100,0000035527,14,12,USA,214574.0000,17056.0000,25224.0000,195402.0000,19172.0000,8193.0000,2349.0000,12641.0000,681.1250,34.490000000000
A,USD,STD,FS,C,004640,2024-12-31,FIFTH THIRD BANCORP,FITB,316773100,0000035527,14,12,USA,212927.0000,17529.0000,,193282.0000,19645.0000,,,,,42.280000000000
A,USD,STD,INDL,C,004640,2024-12-31,FIFTH THIRD BANCORP,FITB,316773100,0000035527,14,12,USA,212927.0000,17529.0000,20134.0000,193282.0000,19645.0000,7944.0000,2314.0000,13270.0000,669.8540,42.280000000000
A,USD,STD,FS,C,004640,2025-12-31,FIFTH THIRD BANCORP,FITB,316773100,0000035527,14,12,USA,214376.0000,19954.0000,,192652.0000,21724.0000,,,,,46.810000000000
A,USD,STD,INDL,C,004640,2025-12-31,FIFTH THIRD BANCORP,FITB,316773100,0000035527,14,12,USA,214376.0000,19954.0000,22375.0000,192652.0000,21724.0000,8343.0000,2522.0000,12926.0000,661.1980,46.810000000000
A,USD,STD,FS,C,004674,2010-12-31,REGIONS FINANCIAL CORP,RF,7591EP100,0001281761,11,12,USA,132351.0000,13354.0000,,115617.0000,16734.0000,,,,,7.000000000000
A,USD,STD,INDL,C,004674,2010-12-31,REGIONS FINANCIAL CORP,RF,7591EP100,0001281761,11,12,USA,132351.0000,13354.0000,6919.0000,115617.0000,16734.0000,4098.0000,-539.0000,8218.0000,1256.2370,7.000000000000
A,USD,STD,FS,C,004674,2011-12-31,REGIONS FINANCIAL CORP,RF,7591EP100,0001281761,11,12,USA,127050.0000,13080.0000,,110551.0000,16499.0000,,,,,4.300000000000
A,USD,STD,INDL,C,004674,2011-12-31,REGIONS FINANCIAL CORP,RF,7591EP100,0001281761,11,12,USA,127050.0000,13080.0000,7245.0000,110551.0000,16499.0000,4023.0000,-215.0000,6395.0000,1258.8170,4.300000000000
A,USD,STD,FS,C,004674,2012-12-31,REGIONS FINANCIAL CORP,RF,7591EP100,0001281761,11,12,USA,121347.0000,15017.0000,,105848.0000,15499.0000,,,,,7.130000000000
A,USD,STD,INDL,C,004674,2012-12-31,REGIONS FINANCIAL CORP,RF,7591EP100,0001281761,11,12,USA,121347.0000,15017.0000,5489.0000,105848.0000,15499.0000,5187.0000,1120.0000,6003.0000,1413.3390,7.130000000000
A,USD,STD,FS,C,004674,2013-12-31,REGIONS FINANCIAL CORP,RF,7591EP100,0001281761,11,12,USA,117396.0000,15318.0000,,101628.0000,15768.0000,,,,,9.890000000000
A,USD,STD,INDL,C,004674,2013-12-31,REGIONS FINANCIAL CORP,RF,7591EP100,0001281761,11,12,USA,117396.0000,15318.0000,5273.0000,101628.0000,15768.0000,5119.0000,1122.0000,5641.0000,1377.7210,9.890000000000
A,USD,STD,FS,C,004674,2014-12-31,REGIONS FINANCIAL CORP,RF,7591EP100,0001281761,11,12,USA,119679.0000,16105.0000,,102690.0000,16989.0000,,,,,10.560000000000
A,USD,STD,INDL,C,004674,2014-12-31,REGIONS FINANCIAL CORP,RF,7591EP100,0001281761,11,12,USA,119679.0000,16105.0000,4004.0000,102690.0000,16989.0000,5031.0000,1155.0000,5409.0000,1353.9420,10.560000000000
A,USD,STD,FS,C,004674,2015-12-31,REGIONS FINANCIAL CORP,RF,7591EP100,0001281761,11,12,USA,126050.0000,16024.0000,,109206.0000,16844.0000,,,,,9.600000000000
A,USD,STD,INDL,C,004674,2015-12-31,REGIONS FINANCIAL CORP,RF,7591EP100,0001281761,11,12,USA,126050.0000,16024.0000,5314.0000,109206.0000,16844.0000,5046.0000,1062.0000,5583.0000,1297.3310,9.600000000000
A,USD,STD,FS,C,004674,2016-12-31,REGIONS FINANCIAL CORP,RF,7591EP100,0001281761,11,12,USA,125968.0000,15844.0000,,109304.0000,16664.0000,,,,,14.360000000000
A,USD,STD,INDL,C,004674,2016-12-31,REGIONS FINANCIAL CORP,RF,7591EP100,0001281761,11,12,USA,125968.0000,15844.0000,5451.0000,109304.0000,16664.0000,5229.0000,1163.0000,5907.0000,1214.5810,14.360000000000
A,USD,STD,FS,C,004674,2017-12-31,REGIONS FINANCIAL CORP,RF,7591EP100,0001281761,11,12,USA,124294.0000,15372.0000,,108102.0000,16192.0000,,,,,17.280000000000
A,USD,STD,INDL,C,004674,2017-12-31,REGIONS FINANCIAL CORP,RF,7591EP100,0001281761,11,12,USA,124294.0000,15372.0000,3981.0000,108102.0000,16192.0000,5495.0000,1263.0000,6093.0000,1134.0680,17.280000000000
A,USD,STD,FS,C,004674,2018-12-31,REGIONS FINANCIAL CORP,RF,7591EP100,0001281761,11,12,USA,125688.0000,14270.0000,,110598.0000,15090.0000,,,,,13.380000000000
A,USD,STD,INDL,C,004674,2018-12-31,REGIONS FINANCIAL CORP,RF,7591EP100,0001281761,11,12,USA,125688.0000,14270.0000,3538.0000,110598.0000,15090.0000,5525.0000,1759.0000,6412.0000,1024.8260,13.380000000000
A,USD,STD,FS,C,004674,2019-12-31,REGIONS FINANCIAL CORP,RF,7591EP100,0001281761,11,12,USA,126240.0000,14985.0000,,109945.0000,16295.0000,,,,,17.160000000000
A,USD,STD,INDL,C,004674,2019-12-31,REGIONS FINANCIAL CORP,RF,7591EP100,0001281761,11,12,USA,126240.0000,14985.0000,4114.0000,109945.0000,16295.0000,5474.0000,1582.0000,6755.0000,957.2460,17.160000000000
A,USD,STD,FS,C,004674,2020-12-31,REGIONS FINANCIAL CORP,RF,7591EP100,0001281761,11,12,USA,147389.0000,16455.0000,,129278.0000,18111.0000,,,,,16.120000000000
A,USD,STD,INDL,C,004674,2020-12-31,REGIONS FINANCIAL CORP,RF,7591EP100,0001281761,11,12,USA,147389.0000,16455.0000,17956.0000,129278.0000,18111.0000,4932.0000,1094.0000,6630.0000,960.4740,16.120000000000
A,USD,STD,FS,C,004674,2021-12-31,REGIONS FINANCIAL CORP,RF,7591EP100,0001281761,11,12,USA,162938.0000,16667.0000,,144612.0000,18326.0000,,,,,21.800000000000
A,USD,STD,INDL,C,004674,2021-12-31,REGIONS FINANCIAL CORP,RF,7591EP100,0001281761,11,12,USA,162938.0000,16667.0000,29411.0000,144612.0000,18326.0000,6944.0000,2521.0000,6587.0000,941.9080,21.800000000000
A,USD,STD,FS,C,004674,2022-12-31,REGIONS FINANCIAL CORP,RF,7591EP100,0001281761,11,12,USA,155220.0000,14288.0000,,139269.0000,15947.0000,,,,,21.560000000000
A,USD,STD,INDL,C,004674,2022-12-31,REGIONS FINANCIAL CORP,RF,7591EP100,0001281761,11,12,USA,155220.0000,14288.0000,11227.0000,139269.0000,15947.0000,6894.0000,2245.0000,7481.0000,934.4910,21.560000000000
A,USD,STD,FS,C,004674,2023-12-31,REGIONS FINANCIAL CORP,RF,7591EP100,0001281761,11,12,USA,152194.0000,15770.0000,,134701.0000,17429.0000,,,,,19.380000000000
A,USD,STD,INDL,C,004674,2023-12-31,REGIONS FINANCIAL CORP,RF,7591EP100,0001281761,11,12,USA,152194.0000,15770.0000,6801.0000,134701.0000,17429.0000,7023.0000,2074.0000,9153.0000,922.3430,19.380000000000
A,USD,STD,FS,C,004674,2024-12-31,REGIONS FINANCIAL CORP,RF,7591EP100,0001281761,11,12,USA,157302.0000,16164.0000,,139392.0000,17879.0000,,,,,23.520000000000
A,USD,STD,INDL,C,004674,2024-12-31,REGIONS FINANCIAL CORP,RF,7591EP100,0001281761,11,12,USA,157302.0000,16164.0000,10712.0000,139392.0000,17879.0000,6596.0000,1893.0000,9373.0000,908.4780,23.520000000000
A,USD,STD,FS,C,004674,2025-12-31,REGIONS FINANCIAL CORP,RF,7591EP100,0001281761,11,12,USA,158814.0000,17674.0000,,139711.0000,19043.0000,,,,,27.100000000000
A,USD,STD,INDL,C,004674,2025-12-31,REGIONS FINANCIAL CORP,RF,7591EP100,0001281761,11,12,USA,158814.0000,17674.0000,10907.0000,139711.0000,19043.0000,7056.0000,2156.0000,9608.0000,867.0130,27.100000000000
A,USD,STD,FS,C,004699,2010-12-31,M&T BANK CORP,MTB,55261F104,0000036270,11,12,USA,68021.2630,7617.0380,,59663.5680,8357.6950,,,,,87.050000000000
A,USD,STD,INDL,C,004699,2010-12-31,M&T BANK CORP,MTB,55261F104,0000036270,11,12,USA,68021.2630,7617.0380,1034.9770,59663.5680,8357.6950,2979.6260,736.1610,3809.8950,119.7030,87.050000000000
A,USD,STD,FS,C,004699,2011-12-31,M&T BANK CORP,MTB,55261F104,0000036270,11,12,USA,77924.2870,8406.6240,,68653.0780,9271.2090,,,,,76.340000000000
A,USD,STD,INDL,C,004699,2011-12-31,M&T BANK CORP,MTB,55261F104,0000036270,11,12,USA,77924.2870,8406.6240,1607.3570,68653.0780,9271.2090,3637.7380,859.4790,4310.0690,125.6830,76.340000000000
A,USD,STD,FS,C,004699,2012-12-31,M&T BANK CORP,MTB,55261F104,0000036270,11,12,USA,83008.8030,9330.0930,,72806.2100,10202.5930,,,,,98.470000000000
A,USD,STD,INDL,C,004699,2012-12-31,M&T BANK CORP,MTB,55261F104,0000036270,11,12,USA,83008.8030,9330.0930,2116.5600,72806.2100,10202.5930,4061.7860,1029.4980,4608.9550,128.1770,98.470000000000
A,USD,STD,FS,C,004699,2013-12-31,M&T BANK CORP,MTB,55261F104,0000036270,11,12,USA,85162.3910,10424.0320,,73856.8590,11305.5320,,,,,116.420000000000
A,USD,STD,INDL,C,004699,2013-12-31,M&T BANK CORP,MTB,55261F104,0000036270,11,12,USA,85162.3910,10424.0320,3324.0720,73856.8590,11305.5320,4353.4340,1138.4800,4822.5390,130.5160,116.420000000000
A,USD,STD,FS,C,004699,2014-12-31,M&T BANK CORP,MTB,55261F104,0000036270,11,12,USA,96685.5350,11104.3960,,84349.6390,12335.8960,,,,,125.620000000000
A,USD,STD,INDL,C,004699,2014-12-31,M&T BANK CORP,MTB,55261F104,0000036270,11,12,USA,96685.5350,11104.3960,7844.2240,84349.6390,12335.8960,4331.7190,1066.2460,4736.1500,132.3130,125.620000000000
A,USD,STD,FS,C,004699,2015-12-31,M&T BANK CORP,MTB,55261F104,0000036270,11,12,USA,122787.8840,14941.7890,,106614.5950,16173.2890,,,,,121.180000000000
A,USD,STD,INDL,C,004699,2015-12-31,M&T BANK CORP,MTB,55261F104,0000036270,11,12,USA,122787.8840,14941.7890,8962.3900,106614.5950,16173.2890,4473.6240,1079.6670,4950.8810,159.5640,121.180000000000
A,USD,STD,FS,C,004699,2016-12-31,M&T BANK CORP,MTB,55261F104,0000036270,11,12,USA,123449.2060,15255.1220,,106962.5840,16486.6220,,,,,156.430000000000
A,USD,STD,INDL,C,004699,2016-12-31,M&T BANK CORP,MTB,55261F104,0000036270,11,12,USA,123449.2060,15255.1220,6321.1870,106962.5840,16486.6220,5105.8830,1315.1140,5721.8670,156.1810,156.430000000000
A,USD,STD,FS,C,004699,2017-12-31,M&T BANK CORP,MTB,55261F104,0000036270,11,12,USA,118593.4870,15019.3190,,102342.6680,16250.8190,,,,,170.990000000000
A,USD,STD,INDL,C,004699,2017-12-31,M&T BANK CORP,MTB,55261F104,0000036270,11,12,USA,118593.4870,15019.3190,6499.7910,102342.6680,16250.8190,5464.1870,1408.3060,6018.9380,150.0840,170.990000000000
A,USD,STD,FS,C,004699,2018-12-31,M&T BANK CORP,MTB,55261F104,0000036270,11,12,USA,120097.4030,14228.6910,,104637.2120,15460.1910,,,,,143.130000000000
A,USD,STD,INDL,C,004699,2018-12-31,M&T BANK CORP,MTB,55261F104,0000036270,11,12,USA,120097.4030,14228.6910,9710.6360,104637.2120,15460.1910,5796.3020,1918.0800,6454.7110,138.5100,143.130000000000
A,USD,STD,FS,C,004699,2019-12-31,M&T BANK CORP,MTB,55261F104,0000036270,11,12,USA,119872.7570,14466.6490,,104156.1080,15716.6490,,,,,169.750000000000
A,USD,STD,INDL,C,004699,2019-12-31,M&T BANK CORP,MTB,55261F104,0000036270,11,12,USA,119872.7570,14466.6490,8626.4590,104156.1080,15716.6490,6015.9430,1929.1490,6941.2720,130.5680,169.750000000000
A,USD,STD,FS,C,004699,2020-12-31,M&T BANK CORP,MTB,55261F104,0000036270,11,12,USA,142601.1050,14937.2830,,126413.8220,16187.2830,,,,,127.300000000000
A,USD,STD,INDL,C,004699,2020-12-31,M&T BANK CORP,MTB,55261F104,0000036270,11,12,USA,142601.1050,14937.2830,25216.5530,126413.8220,16187.2830,5154.7610,1353.1520,6281.1560,128.3150,127.300000000000
A,USD,STD,FS,C,004699,2021-12-31,M&T BANK CORP,MTB,55261F104,0000036270,11,12,USA,155107.1600,16153.4050,,137203.7550,17903.4050,,,,,153.580000000000
A,USD,STD,INDL,C,004699,2021-12-31,M&T BANK CORP,MTB,55261F104,0000036270,11,12,USA,155107.1600,16153.4050,43209.8810,137203.7550,17903.4050,6066.7720,1858.7460,6105.7780,128.6890,153.580000000000
A,USD,STD,FS,C,004699,2022-12-31,M&T BANK CORP,MTB,55261F104,0000036270,11,12,USA,200729.8410,23307.3900,,175411.8510,25317.9900,,,,,145.060000000000
A,USD,STD,INDL,C,004699,2022-12-31,M&T BANK CORP,MTB,55261F104,0000036270,11,12,USA,200729.8410,23307.3900,26478.9630,175411.8510,25317.9900,7525.5590,1991.6630,8467.7230,169.2710,145.060000000000
A,USD,STD,FS,C,004699,2023-12-31,M&T BANK CORP,MTB,55261F104,0000036270,11,12,USA,208264.0000,24946.0000,,181307.0000,26957.0000,,,,,137.080000000000
A,USD,STD,INDL,C,004699,2023-12-31,M&T BANK CORP,MTB,55261F104,0000036270,11,12,USA,208264.0000,24946.0000,29800.0000,181307.0000,26957.0000,8773.3620,2741.0000,12527.3620,166.1360,137.080000000000
A,USD,STD,FS,C,004699,2024-12-31,M&T BANK CORP,MTB,55261F104,0000036270,11,12,USA,208105.0000,26633.0000,,179078.0000,29027.0000,,,,,188.010000000000
A,USD,STD,INDL,C,004699,2024-12-31,M&T BANK CORP,MTB,55261F104,0000036270,11,12,USA,208105.0000,26633.0000,20782.0000,179078.0000,29027.0000,8669.0000,2588.0000,13453.0000,165.5140,188.010000000000
A,USD,STD,FS,C,004699,2025-12-31,M&T BANK CORP,MTB,55261F104,0000036270,11,12,USA,213510.0000,26343.0000,,184333.0000,29177.0000,,,,,201.480000000000
A,USD,STD,INDL,C,004699,2025-12-31,M&T BANK CORP,MTB,55261F104,0000036270,11,12,USA,213510.0000,26343.0000,18769.0000,184333.0000,29177.0000,9147.0000,2851.0000,13190.0000,151.8320,201.480000000000
A,USD,STD,INDL,C,005071,2010-05-31,GENERAL MILLS INC,GIS,370334104,0000040704,11,5,USA,17678.9000,5402.9000,678.0000,12030.9000,5402.9000,6378.7000,1530.5000,14796.5000,328.2500,71.230000000000
A,USD,STD,INDL,C,005071,2011-05-31,GENERAL MILLS INC,GIS,370334104,0000040704,11,5,USA,18674.5000,6365.5000,622.3000,12062.3000,6365.5000,6426.1000,1798.3000,14880.2000,644.8000,39.770000000000
A,USD,STD,INDL,C,005071,2012-05-31,GENERAL MILLS INC,GIS,370334104,0000040704,11,5,USA,21096.8000,6421.7000,471.2000,13366.3000,6421.7000,6586.2000,1567.3000,16657.9000,648.5000,38.280000000000
A,USD,STD,INDL,C,005071,2013-05-31,GENERAL MILLS INC,GIS,370334104,0000040704,11,5,USA,22658.0000,6672.2000,741.4000,14562.0000,6672.2000,7028.9000,1855.2000,17774.1000,640.8000,47.080000000000
A,USD,STD,INDL,C,005071,2014-05-31,GENERAL MILLS INC,GIS,370334104,0000040704,11,5,USA,23145.7000,6534.8000,867.3000,15156.2000,6534.8000,6977.8000,1824.4000,17909.6000,612.3000,54.930000000000
A,USD,STD,INDL,C,005071,2015-05-31,GENERAL MILLS INC,GIS,370334104,0000040704,11,5,USA,21964.5000,4996.7000,336.7000,15792.9000,4996.7000,6613.5000,1221.3000,17630.3000,598.7000,56.150000000000
A,USD,STD,INDL,C,005071,2016-05-31,GENERAL MILLS INC,GIS,370334104,0000040704,11,5,USA,21712.3000,4930.2000,763.7000,15559.6000,4930.2000,6573.5000,1697.4000,16563.1000,596.8000,62.780000000000
A,USD,STD,INDL,C,005071,2017-05-31,GENERAL MILLS INC,GIS,370334104,0000040704,11,5,USA,21812.6000,4327.9000,766.1000,16216.2000,4327.9000,6252.8000,1657.5000,15619.8000,576.9000,56.740000000000
A,USD,STD,INDL,C,005071,2018-05-31,GENERAL MILLS INC,GIS,370334104,0000040704,11,5,USA,30624.0000,6141.1000,399.0000,23355.4000,6141.1000,6071.6000,2131.0000,15740.4000,593.1000,42.290000000000
A,USD,STD,INDL,C,005071,2019-05-31,GENERAL MILLS INC,GIS,370334104,0000040704,11,5,USA,30111.2000,7054.5000,450.0000,22191.8000,7054.5000,6442.5000,1752.7000,16865.2000,601.9000,49.440000000000
A,USD,STD,INDL,C,005071,2020-05-31,GENERAL MILLS INC,GIS,370334104,0000040704,11,5,USA,30806.7000,8058.5000,1677.8000,21912.6000,8058.5000,6771.2000,2181.2000,17626.6000,609.8000,63.040000000000
A,USD,STD,INDL,C,005071,2021-05-31,GENERAL MILLS INC,GIS,370334104,0000040704,11,5,USA,31841.9000,9470.4000,1865.2000,21463.8000,9470.4000,7049.4000,2339.8000,18127.0000,607.7000,62.860000000000
A,USD,STD,INDL,C,005071,2022-05-31,GENERAL MILLS INC,GIS,370334104,0000040704,11,5,USA,31090.1000,10542.4000,819.2000,20302.1000,10542.4000,6976.7000,2707.3000,18992.8000,598.9000,69.850000000000
A,USD,STD,INDL,C,005071,2023-05-31,GENERAL MILLS INC,GIS,370334104,0000040704,11,5,USA,31451.7000,10449.6000,702.7000,20751.7000,10449.6000,7122.6000,2593.9000,20094.2000,586.6000,84.160000000000
A,USD,STD,INDL,C,005071,2024-05-31,GENERAL MILLS INC,GIS,370334104,0000040704,11,5,USA,31469.9000,9396.7000,418.0000,21821.4000,9396.7000,7504.6000,2496.6000,19857.2000,559.1000,68.750000000000
A,USD,STD,INDL,C,005071,2025-05-31,GENERAL MILLS INC,GIS,370334104,0000040704,11,5,USA,33071.1000,9199.2000,366.2000,23859.9000,9199.2000,7281.7000,2295.2000,19486.6000,542.4000,54.260000000000
A,USD,STD,INDL,C,005073,2010-12-31,GENERAL MOTORS CO,GM,37045V100,0001467858,11,12,USA,138898.0000,25789.0000,28946.0000,101739.0000,36180.0000,24021.0000,6172.0000,135592.0000,1500.1370,36.860000000000
A,USD,STD,INDL,C,005073,2011-12-31,GENERAL MOTORS CO,GM,37045V100,0001467858,11,12,USA,144603.0000,27729.0000,32968.0000,105612.0000,38120.0000,25112.0000,9190.0000,150276.0000,1564.7270,20.270000000000
A,USD,STD,INDL,C,005073,2012-12-31,GENERAL MOTORS CO,GM,37045V100,0001467858,11,12,USA,149422.0000,25853.0000,28096.0000,112422.0000,36244.0000,20027.0000,6188.0000,152256.0000,1366.3740,28.830000000000
A,USD,STD,INDL,C,005073,2013-12-31,GENERAL MOTORS CO,GM,37045V100,0001467858,11,12,USA,166344.0000,39498.0000,30240.0000,123170.0000,42607.0000,24518.0000,5346.0000,155427.0000,1500.0000,40.870000000000
A,USD,STD,INDL,C,005073,2014-12-31,GENERAL MOTORS CO,GM,37045V100,0001467858,11,12,USA,177677.0000,35457.0000,29514.0000,141653.0000,35457.0000,24272.0000,3949.0000,155929.0000,1600.0000,34.910000000000
A,USD,STD,INDL,C,005073,2015-12-31,GENERAL MOTORS CO,GM,37045V100,0001467858,11,12,USA,194520.0000,39871.0000,24991.0000,154197.0000,39871.0000,28556.0000,9687.0000,152356.0000,1500.0000,34.010000000000
A,USD,STD,INDL,C,005073,2016-12-31,GENERAL MOTORS CO,GM,37045V100,0001467858,11,12,USA,221690.0000,43836.0000,26414.0000,177615.0000,43836.0000,33473.0000,9427.0000,166380.0000,1500.0000,34.840000000000
A,USD,STD,INDL,C,005073,2017-12-31,GENERAL MOTORS CO,GM,37045V100,0001467858,11,12,USA,212482.0000,35001.0000,25570.0000,176282.0000,35001.0000,34524.0000,-3864.0000,145588.0000,1400.0000,40.990000000000
A,USD,STD,INDL,C,005073,2018-12-31,GENERAL MOTORS CO,GM,37045V100,0001467858,11,12,USA,227339.0000,38860.0000,28893.0000,184562.0000,38860.0000,31789.0000,8014.0000,147049.0000,1400.0000,33.450000000000
A,USD,STD,INDL,C,005073,2019-12-31,GENERAL MOTORS CO,GM,37045V100,0001467858,11,12,USA,228037.0000,41792.0000,26595.0000,182080.0000,41792.0000,30848.0000,6732.0000,137237.0000,1400.0000,36.600000000000
A,USD,STD,INDL,C,005073,2020-12-31,GENERAL MOTORS CO,GM,37045V100,0001467858,11,12,USA,235194.0000,45030.0000,31619.0000,185517.0000,45030.0000,30054.0000,6427.0000,122485.0000,1400.0000,41.640000000000
A,USD,STD,INDL,C,005073,2021-12-31,GENERAL MOTORS CO,GM,37045V100,0001467858,11,12,USA,244718.0000,59744.0000,31611.0000,178903.0000,59744.0000,32926.0000,10019.0000,127004.0000,1500.0000,58.630000000000
A,USD,STD,INDL,C,005073,2022-12-31,GENERAL MOTORS CO,GM,37045V100,0001467858,11,12,USA,264037.0000,67792.0000,33659.0000,191753.0000,67792.0000,35856.0000,9934.0000,156735.0000,1400.0000,33.640000000000
A,USD,STD,INDL,C,005073,2023-12-31,GENERAL MOTORS CO,GM,37045V100,0001467858,11,12,USA,273064.0000,64286.0000,29069.0000,204757.0000,64286.0000,36621.0000,10127.0000,171842.0000,1200.0000,35.920000000000
A,USD,STD,INDL,C,005073,2024-12-31,GENERAL MOTORS CO,GM,37045V100,0001467858,11,12,USA,279761.0000,63072.0000,29745.0000,214171.0000,63072.0000,41947.0000,6008.0000,187442.0000,1000.0000,53.270000000000
A,USD,STD,INDL,C,005073,2025-12-31,GENERAL MOTORS CO,GM,37045V100,0001467858,11,12,USA,281284.0000,61119.0000,30581.0000,218116.0000,61119.0000,39864.0000,2697.0000,185019.0000,904.0000,81.320000000000
A,USD,STD,INDL,C,005338,2010-10-31,GREIF INC  -CL A,GEF,397624107,0000043920,11,10,USA,3498.4450,1278.7210,106.9570,2143.0130,1278.7210,819.7670,209.9850,3461.5370,47.1690,58.740000000000
A,USD,STD,INDL,C,005338,2011-10-31,GREIF INC  -CL A,GEF,397624107,0000043920,11,10,USA,4207.2820,1235.3510,127.4130,2815.1090,1235.3510,945.3160,176.0400,4247.9540,47.0930,44.780000000000
A,USD,STD,INDL,C,005338,2012-10-31,GREIF INC  -CL A,GEF,397624107,0000043920,11,10,USA,3856.9000,1200.8000,91.7000,2536.5000,1200.8000,931.4000,126.1000,4269.5000,47.4030,41.960000000000
A,USD,STD,INDL,C,005338,2013-10-31,GREIF INC  -CL A,GEF,397624107,0000043920,11,10,USA,3882.2000,1283.2000,78.1000,2484.2000,1283.2000,989.3000,147.3000,4353.4000,47.5770,53.490000000000
A,USD,STD,INDL,C,005338,2014-10-31,GREIF INC  -CL A,GEF,397624107,0000043920,11,10,USA,3667.4000,1142.1000,85.1000,2444.2000,1142.1000,966.6000,91.5000,4239.1000,47.7230,44.060000000000
A,USD,STD,INDL,C,005338,2015-10-31,GREIF INC  -CL A,GEF,397624107,0000043920,11,10,USA,3315.7000,1015.6000,106.2000,2255.8000,1015.6000,813.7000,71.9000,3616.7000,47.8140,32.780000000000
A,USD,STD,INDL,C,005338,2016-10-31,GREIF INC  -CL A,GEF,397624107,0000043920,11,10,USA,3153.0000,947.4000,103.7000,2163.3000,947.4000,812.3000,74.9000,3323.6000,47.7920,46.860000000000
A,USD,STD,INDL,C,005338,2017-10-31,GREIF INC  -CL A,GEF,397624107,0000043920,11,10,USA,3232.3000,1010.9000,142.3000,2144.1000,1010.9000,839.0000,118.6000,3638.2000,47.8430,55.530000000000
A,USD,STD,INDL,C,005338,2018-10-31,GREIF INC  -CL A,GEF,397624107,0000043920,11,10,USA,3194.8000,1107.8000,94.2000,1996.5000,1107.8000,915.6000,209.4000,3873.8000,47.9490,47.300000000000
A,USD,STD,INDL,C,005338,2019-10-31,GREIF INC  -CL A,GEF,397624107,0000043920,11,10,USA,5426.7000,1133.1000,77.3000,4214.3000,1133.1000,1165.8000,171.0000,4595.0000,48.2660,39.170000000000
A,USD,STD,INDL,C,005338,2020-10-31,GREIF INC  -CL A,GEF,397624107,0000043920,11,10,USA,5510.9000,1152.2000,105.9000,4290.2000,1152.2000,1156.9000,108.8000,4515.0000,48.4500,40.590000000000
A,USD,STD,INDL,C,005338,2021-10-31,GREIF INC  -CL A,GEF,397624107,0000043920,11,10,USA,5815.8000,1514.3000,124.6000,4216.1000,1514.3000,1327.4000,390.7000,5556.1000,48.5590,64.680000000000
A,USD,STD,INDL,C,005338,2022-10-31,GREIF INC  -CL A,GEF,397624107,0000043920,11,10,USA,5469.9000,1761.3000,147.1000,3659.8000,1761.3000,1502.0000,376.7000,6349.5000,47.4430,66.210000000000
A,USD,STD,INDL,C,005338,2023-10-31,GREIF INC  -CL A,GEF,397624107,0000043920,11,10,USA,5960.8000,1947.9000,180.9000,3849.2000,1947.9000,1376.7000,359.2000,5218.6000,46.8050,63.500000000000
A,USD,STD,INDL,C,005338,2024-10-31,GREIF INC  -CL A,GEF,397624107,0000043920,11,10,USA,6647.6000,2082.4000,197.7000,4400.2000,2082.4000,1332.1000,268.8000,5448.1000,47.1810,62.440000000000
A,USD,STD,INDL,C,005338,2025-09-30,GREIF INC  -CL A,GEF,397624107,0000043920,11,9,USA,5766.8000,2914.9000,256.7000,2722.1000,2914.9000,1082.7000,840.0000,3933.1000,47.5010,59.760000000000
A,USD,STD,INDL,C,005496,2010-12-31,ENVIRI CORP,NVRI,415864107,0000045876,11,12,USA,3469.2200,1431.6940,124.2380,2001.0750,1431.6940,1014.0330,6.7540,3038.6780,80.5140,28.320000000000
A,USD,STD,INDL,C,005496,2011-12-31,ENVIRI CORP,NVRI,415864107,0000045876,11,12,USA,3338.8770,1176.3790,121.1840,2118.9590,1176.3790,1039.6330,-11.5100,3302.7400,80.4770,20.580000000000
A,USD,STD,INDL,C,005496,2012-12-31,ENVIRI CORP,NVRI,415864107,0000045876,11,12,USA,2975.9690,811.8420,95.2500,2114.3450,811.8420,966.0070,-254.6120,3046.0180,80.5850,23.500000000000
A,USD,STD,INDL,C,005496,2013-12-31,ENVIRI CORP,NVRI,415864107,0000045876,11,12,USA,2441.7480,563.7420,93.6050,1834.9130,563.7420,897.3710,-227.9410,2896.5200,80.6790,28.030000000000
A,USD,STD,INDL,C,005496,2014-12-31,ENVIRI CORP,NVRI,415864107,0000045876,11,12,USA,2263.8010,314.0120,62.8430,1905.4670,314.0120,593.4400,-24.7920,2065.7380,80.6600,18.890000000000
A,USD,STD,INDL,C,005496,2015-12-31,ENVIRI CORP,NVRI,415864107,0000045876,11,12,USA,2071.3270,271.5700,79.7560,1760.5240,271.5700,520.1830,6.1880,1723.0920,80.0940,7.880000000000
A,USD,STD,INDL,C,005496,2016-12-31,ENVIRI CORP,NVRI,415864107,0000045876,11,12,USA,1581.3860,96.3010,71.8790,1443.8230,96.3010,462.7930,-85.6670,1451.2230,80.1750,13.600000000000
A,USD,STD,INDL,C,005496,2017-12-31,ENVIRI CORP,NVRI,415864107,0000045876,11,12,USA,1578.6850,170.4510,66.2090,1363.5200,170.4510,513.2790,7.8220,1607.0620,80.4540,18.650000000000
A,USD,STD,INDL,C,005496,2018-12-31,ENVIRI CORP,NVRI,415864107,0000045876,11,12,USA,1632.8670,268.2630,67.1460,1319.4910,268.2630,563.4780,137.0570,1722.3800,79.5450,19.860000000000
A,USD,STD,INDL,C,005496,2019-12-31,ENVIRI CORP,NVRI,415864107,0000045876,11,12,USA,2367.4670,741.5800,59.7320,1577.8080,741.5800,494.7550,503.9190,1503.7420,78.5150,23.010000000000
A,USD,STD,INDL,C,005496,2020-12-31,ENVIRI CORP,NVRI,415864107,0000045876,11,12,USA,2993.2870,657.1540,79.6690,2279.8880,657.1540,519.8180,-26.3410,1863.8640,78.9240,17.980000000000
A,USD,STD,INDL,C,005496,2021-12-31,ENVIRI CORP,NVRI,415864107,0000045876,11,12,USA,3053.9080,748.1600,87.1280,2248.1380,748.1600,517.4770,-3.2490,1848.3990,79.2160,16.710000000000
A,USD,STD,INDL,C,005496,2022-12-31,ENVIRI CORP,NVRI,415864107,0000045876,11,12,USA,2790.8540,569.4420,85.0940,2167.8120,569.4420,496.5500,-180.0690,1889.0650,79.4900,6.290000000000
A,USD,STD,INDL,C,005496,2023-12-31,ENVIRI CORP,NVRI,415864107,0000045876,11,12,USA,2854.5520,523.1510,124.6140,2279.1440,523.1510,603.1320,-86.1210,2069.2250,79.8350,9.000000000000
A,USD,STD,INDL,C,005496,2024-12-31,ENVIRI CORP,NVRI,415864107,0000045876,11,12,USA,2650.2330,411.4480,90.1580,2200.6340,411.4480,615.6550,-127.9730,2342.6450,80.1980,7.700000000000
A,USD,STD,INDL,C,005496,2025-12-31,ENVIRI CORP,NVRI,415864107,0000045876,11,12,USA,2708.6710,255.0620,125.3480,2413.0840,255.0620,607.0840,-167.6010,2240.3580,81.4490,17.920000000000
A,USD,STD,INDL,C,005526,2010-12-31,HAWAIIAN ELECTRIC INDS,HE,419870100,0000354707,11,12,USA,8749.9800,1483.6370,330.6510,7232.0500,1517.9300,435.6880,115.4250,2664.9820,94.6910,22.790000000000
A,USD,STD,INDL,C,005526,2011-12-31,HAWAIIAN ELECTRIC INDS,HE,419870100,0000354707,11,12,USA,9236.5280,1531.9490,270.2650,7670.2860,1566.2420,471.6350,140.1200,3242.3350,96.0380,26.480000000000
A,USD,STD,INDL,C,005526,2012-12-31,HAWAIIAN ELECTRIC INDS,HE,419870100,0000354707,11,12,USA,9743.6120,1593.8650,219.6620,8115.4540,1628.1580,482.5430,140.5480,3374.9950,97.9280,25.140000000000
A,USD,STD,INDL,C,005526,2013-12-31,HAWAIIAN ELECTRIC INDS,HE,419870100,0000354707,11,12,USA,9907.1500,1727.0700,220.0360,8145.7870,1761.3630,480.1470,163.4060,3238.4700,101.2600,26.060000000000
A,USD,STD,INDL,C,005526,2014-12-31,HAWAIIAN ELECTRIC INDS,HE,419870100,0000354707,11,12,USA,10717.7290,1791.4280,175.5420,8892.0080,1825.7210,510.1620,170.2100,3239.5420,102.5650,33.480000000000
A,USD,STD,INDL,C,005526,2015-12-31,HAWAIIAN ELECTRIC INDS,HE,419870100,0000354707,11,12,USA,11284.1090,1927.6400,300.4780,9322.1760,1961.9330,518.1380,161.7670,2602.9820,107.4600,28.950000000000
A,USD,STD,INDL,C,005526,2016-12-31,HAWAIIAN ELECTRIC INDS,HE,419870100,0000354707,11,12,USA,11881.9810,2066.7530,278.4520,9780.9350,2101.0460,552.9210,250.1460,2380.6540,108.5830,33.070000000000
A,USD,STD,INDL,C,005526,2017-12-31,HAWAIIAN ELECTRIC INDS,HE,419870100,0000354707,11,12,USA,12534.1600,2097.3860,261.8810,10402.4810,2131.6790,560.2890,167.1870,2555.6250,108.7880,36.150000000000
A,USD,STD,INDL,C,005526,2018-12-31,HAWAIIAN ELECTRIC INDS,HE,419870100,0000354707,11,12,USA,13104.0510,2162.2800,169.2080,10907.4780,2196.5730,588.9850,203.6640,2860.8490,108.8790,36.620000000000
A,USD,STD,INDL,C,005526,2019-12-31,HAWAIIAN ELECTRIC INDS,HE,419870100,0000354707,11,12,USA,13745.2510,2280.2600,227.6850,11430.6980,2314.5530,616.0250,219.7720,2874.6010,108.9730,46.860000000000
A,USD,STD,INDL,C,005526,2020-12-31,HAWAIIAN ELECTRIC INDS,HE,419870100,0000354707,11,12,USA,15004.0070,2337.5020,358.9790,12632.2120,2371.7950,602.2710,199.7140,2579.7750,109.1810,35.390000000000
A,USD,STD,INDL,C,005526,2021-12-31,HAWAIIAN ELECTRIC INDS,HE,419870100,0000354707,11,12,USA,15822.6370,2390.8840,311.4620,13397.4600,2425.1770,664.7680,248.0560,2850.3790,109.3120,41.500000000000
A,USD,STD,INDL,C,005526,2022-12-31,HAWAIIAN ELECTRIC INDS,HE,419870100,0000354707,11,12,USA,16284.2440,2202.4990,204.9270,14047.4520,2236.7920,675.9140,243.0280,3741.9850,109.4710,41.850000000000
A,USD,STD,INDL,C,005526,2023-12-31,HAWAIIAN ELECTRIC INDS,HE,419870100,0000354707,11,12,USA,17243.8210,2344.8410,694.5740,14864.6870,2379.1340,679.9120,201.1280,3682.1660,110.1520,14.190000000000
A,USD,STD,INDL,C,005526,2024-12-31,HAWAIIAN ELECTRIC INDS,HE,419870100,0000354707,11,12,USA,8931.4160,1479.0890,1242.8520,7418.0340,1513.3820,520.5260,-1424.1190,3219.8500,172.4650,9.730000000000
A,USD,STD,INDL,C,005526,2025-12-31,HAWAIIAN ELECTRIC INDS,HE,419870100,0000354707,11,12,USA,8922.8790,1605.9190,980.7460,7316.9600,1605.9190,547.3220,126.2810,3086.8960,172.6200,12.300000000000
A,USD,STD,INDL,C,005597,2010-12-31,HERSHEY CO,HSY,427866108,0000047111,11,12,USA,4272.7320,902.3160,884.6420,3335.1310,902.3160,2590.6290,509.7990,5671.0090,227.0300,47.150000000000
A,USD,STD,INDL,C,005597,2011-12-31,HERSHEY CO,HSY,427866108,0000047111,11,12,USA,4412.1990,849.0220,693.6860,3539.5510,849.0220,2737.0790,628.9620,6080.7880,225.2060,61.780000000000
A,USD,STD,INDL,C,005597,2012-12-31,HERSHEY CO,HSY,427866108,0000047111,11,12,USA,4754.8390,1036.7490,728.2720,3706.4660,1036.7490,3070.4330,660.9310,6644.2520,223.7860,72.220000000000
A,USD,STD,INDL,C,005597,2013-12-31,HERSHEY CO,HSY,427866108,0000047111,11,12,USA,5357.4880,1604.8340,1118.5080,3741.4360,1604.8340,3458.9040,820.4700,7146.0790,223.8950,97.230000000000
A,USD,STD,INDL,C,005597,2014-12-31,HERSHEY CO,HSY,427866108,0000047111,11,12,USA,5629.5160,1455.0620,471.9850,4109.9860,1455.0620,3525.4280,846.9120,7421.7680,221.0450,103.930000000000
A,USD,STD,INDL,C,005597,2015-12-31,HERSHEY CO,HSY,427866108,0000047111,11,12,USA,5344.3710,997.9970,346.5290,4296.9090,997.9970,3618.1440,512.9510,7386.6260,216.7770,89.270000000000
A,USD,STD,INDL,C,005597,2016-12-31,HERSHEY CO,HSY,427866108,0000047111,11,12,USA,5524.3330,785.8560,296.9670,4696.6460,785.8560,3474.4190,720.0440,7440.1810,212.2600,103.430000000000
A,USD,STD,INDL,C,005597,2017-12-31,HERSHEY CO,HSY,427866108,0000047111,11,12,USA,5553.7260,915.3380,380.1790,4622.1610,915.3380,3677.7610,782.9810,7515.4260,210.8610,113.510000000000
A,USD,STD,INDL,C,005597,2018-12-31,HERSHEY CO,HSY,427866108,0000047111,11,12,USA,7703.0200,1398.7210,587.9980,6295.7540,1398.7210,3853.2780,1177.5620,7791.0690,209.7290,107.180000000000
A,USD,STD,INDL,C,005597,2019-12-31,HERSHEY CO,HSY,427866108,0000047111,11,12,USA,8140.3950,1739.2220,493.2620,6395.4010,1739.2220,3889.2420,1149.6920,7986.2520,208.8290,146.980000000000
A,USD,STD,INDL,C,005597,2020-12-31,HERSHEY CO,HSY,427866108,0000047111,11,12,USA,9131.8450,2234.3520,1143.9870,6893.9620,2234.3520,3968.9710,1278.7080,8149.7190,208.2270,152.330000000000
A,USD,STD,INDL,C,005597,2021-12-31,HERSHEY CO,HSY,427866108,0000047111,11,12,USA,10412.2310,2757.2290,329.2660,7655.0020,2757.2290,4339.2580,1477.5120,8971.3370,206.1090,193.470000000000
A,USD,STD,INDL,C,005597,2022-12-31,HERSHEY CO,HSY,427866108,0000047111,11,12,USA,10948.8200,3299.5440,463.8890,7649.2760,3299.5440,4836.1010,1644.8170,10419.2940,204.9650,231.570000000000
A,USD,STD,INDL,C,005597,2023-12-31,HERSHEY CO,HSY,427866108,0000047111,11,12,USA,11902.9410,4099.0860,401.9020,7803.8550,4099.0860,5351.0160,1861.7870,11164.9920,204.3930,186.440000000000
A,USD,STD,INDL,C,005597,2024-12-31,HERSHEY CO,HSY,427866108,0000047111,11,12,USA,12946.8610,4714.6540,730.7460,8232.2070,4714.6540,5692.2630,2221.2390,11202.2630,202.3830,169.350000000000
A,USD,STD,INDL,C,005597,2025-12-31,HERSHEY CO,HSY,427866108,0000047111,11,12,USA,13741.2970,4636.7500,925.8590,9104.5470,4636.7500,4341.8830,883.2590,11692.5760,202.8400,181.980000000000
A,USD,STD,INDL,C,005606,2010-10-31,HP INC,HPQ,40434L105,0000047217,11,10,USA,124503.0000,40449.0000,10934.0000,83722.0000,40449.0000,33280.0000,8761.0000,126033.0000,2203.8980,42.040000000000
A,USD,STD,INDL,C,005606,2011-10-31,HP INC,HPQ,40434L105,0000047217,11,10,USA,129517.0000,38625.0000,8043.0000,90513.0000,38625.0000,33848.0000,7074.0000,127245.0000,1990.5060,26.610000000000
A,USD,STD,INDL,C,005606,2012-10-31,HP INC,HPQ,40434L105,0000047217,11,10,USA,108768.0000,22436.0000,11707.0000,85935.0000,22436.0000,31355.0000,-12650.0000,120357.0000,1962.8380,13.850000000000
A,USD,STD,INDL,C,005606,2013-10-31,HP INC,HPQ,40434L105,0000047217,11,10,USA,105676.0000,27269.0000,12163.0000,78020.0000,27269.0000,29468.0000,5113.0000,112298.0000,1907.8830,24.370000000000
A,USD,STD,INDL,C,005606,2014-10-31,HP INC,HPQ,40434L105,0000047217,11,10,USA,103206.0000,26731.0000,15133.0000,76079.0000,26731.0000,30226.0000,5013.0000,111454.0000,1839.2880,35.880000000000
A,USD,STD,INDL,C,005606,2015-10-31,HP INC,HPQ,40434L105,0000047217,11,10,USA,106882.0000,27768.0000,17433.0000,78731.0000,27768.0000,28129.0000,4554.0000,103355.0000,1803.7190,26.960000000000
A,USD,STD,INDL,C,005606,2016-10-31,HP INC,HPQ,40434L105,0000047217,11,10,USA,29010.0000,-3889.0000,6288.0000,32899.0000,-3889.0000,9314.0000,2496.0000,48238.0000,1712.0910,14.490000000000
A,USD,STD,INDL,C,005606,2017-10-31,HP INC,HPQ,40434L105,0000047217,11,10,USA,32913.0000,-3408.0000,8146.0000,36321.0000,-3408.0000,9931.0000,2526.0000,52056.0000,1649.5800,21.550000000000
A,USD,STD,INDL,C,005606,2018-10-31,HP INC,HPQ,40434L105,0000047217,11,10,USA,34622.0000,-639.0000,5877.0000,35261.0000,-639.0000,11117.0000,5327.0000,58472.0000,1560.2700,24.140000000000
A,USD,STD,INDL,C,005606,2019-10-31,HP INC,HPQ,40434L105,0000047217,11,10,USA,33467.0000,-1193.0000,4537.0000,34660.0000,-1193.0000,11793.0000,3152.0000,58756.0000,1457.7190,17.370000000000
A,USD,STD,INDL,C,005606,2020-10-31,HP INC,HPQ,40434L105,0000047217,11,10,USA,34681.0000,-2228.0000,5138.0000,36909.0000,-2228.0000,11110.0000,2844.0000,56639.0000,1303.9270,17.960000000000
A,USD,STD,INDL,C,005606,2021-10-31,HP INC,HPQ,40434L105,0000047217,11,10,USA,38610.0000,-1650.0000,4304.0000,40260.0000,-1650.0000,14044.0000,6503.0000,63487.0000,1092.2050,30.330000000000
A,USD,STD,INDL,C,005606,2022-10-31,HP INC,HPQ,40434L105,0000047217,11,10,USA,38494.0000,-3025.0000,3162.0000,41519.0000,-3025.0000,12805.0000,3132.0000,62910.0000,979.8690,27.620000000000
A,USD,STD,INDL,C,005606,2023-10-31,HP INC,HPQ,40434L105,0000047217,11,10,USA,37004.0000,-1069.0000,3235.0000,38073.0000,-1069.0000,11999.0000,3263.0000,53718.0000,988.7820,26.330000000000
A,USD,STD,INDL,C,005606,2024-10-31,HP INC,HPQ,40434L105,0000047217,11,10,USA,39909.0000,-1323.0000,3272.0000,41232.0000,-1323.0000,12319.0000,2775.0000,53559.0000,938.9890,35.520000000000
A,USD,STD,INDL,C,005606,2025-10-31,HP INC,HPQ,40434L105,0000047217,11,10,USA,41769.0000,-346.0000,3720.0000,42115.0000,-346.0000,11915.0000,2529.0000,55295.0000,921.1490,27.670000000000
A,USD,STD,INDL,C,005680,2010-01-31,HOME DEPOT INC,HD,437076102,0000354950,11,1,USA,40877.0000,19393.0000,1427.0000,21484.0000,19393.0000,22384.0000,2661.0000,65955.0000,1698.0000,28.010000000000
A,USD,STD,INDL,C,005680,2011-01-31,HOME DEPOT INC,HD,437076102,0000354950,11,1,USA,40125.0000,18889.0000,545.0000,21236.0000,18889.0000,23304.0000,3338.0000,67997.0000,1623.0000,36.770000000000
A,USD,STD,INDL,C,005680,2012-01-31,HOME DEPOT INC,HD,437076102,0000354950,11,1,USA,40518.0000,17898.0000,1987.0000,22620.0000,17898.0000,24262.0000,3883.0000,70395.0000,1537.0000,44.390000000000
A,USD,STD,INDL,C,005680,2013-01-31,HOME DEPOT INC,HD,437076102,0000354950,11,1,USA,41084.0000,17777.0000,2494.0000,23307.0000,17777.0000,25842.0000,4535.0000,74754.0000,1484.0000,66.920000000000
A,USD,STD,INDL,C,005680,2014-01-31,HOME DEPOT INC,HD,437076102,0000354950,11,1,USA,40518.0000,12522.0000,1929.0000,27996.0000,12522.0000,27390.0000,5385.0000,78812.0000,1380.0000,76.850000000000
A,USD,STD,INDL,C,005680,2015-01-31,HOME DEPOT INC,HD,437076102,0000354950,11,1,USA,39946.0000,9322.0000,1723.0000,30624.0000,9322.0000,28954.0000,6345.0000,83176.0000,1307.0000,104.420000000000
A,USD,STD,INDL,C,005680,2016-01-31,HOME DEPOT INC,HD,437076102,0000354950,11,1,USA,42549.0000,6316.0000,2216.0000,36233.0000,6316.0000,30265.0000,7009.0000,88519.0000,1252.0000,125.760000000000
A,USD,STD,INDL,C,005680,2017-01-31,HOME DEPOT INC,HD,437076102,0000354950,11,1,USA,42966.0000,4333.0000,2538.0000,38633.0000,4333.0000,32313.0000,7957.0000,94595.0000,1203.0000,137.580000000000
A,USD,STD,INDL,C,005680,2018-01-31,HOME DEPOT INC,HD,437076102,0000354950,11,1,USA,44529.0000,1454.0000,3595.0000,43075.0000,1454.0000,34356.0000,8630.0000,100904.0000,1158.0000,200.900000000000
A,USD,STD,INDL,C,005680,2019-01-31,HOME DEPOT INC,HD,437076102,0000354950,11,1,USA,44003.0000,-1878.0000,1778.0000,45881.0000,-1878.0000,37366.0000,11121.0000,108203.0000,1105.0000,183.530000000000
A,USD,STD,INDL,C,005680,2020-01-31,HOME DEPOT INC,HD,437076102,0000354950,11,1,USA,51236.0000,-3116.0000,2133.0000,54352.0000,-3116.0000,37806.0000,11242.0000,110225.0000,1077.0000,228.100000000000
A,USD,STD,INDL,C,005680,2021-01-31,HOME DEPOT INC,HD,437076102,0000354950,11,1,USA,70581.0000,3299.0000,7895.0000,67282.0000,3299.0000,45150.0000,12866.0000,132110.0000,1077.0000,270.820000000000
A,USD,STD,INDL,C,005680,2022-01-31,HOME DEPOT INC,HD,437076102,0000354950,11,1,USA,71876.0000,-1696.0000,2343.0000,73572.0000,-1696.0000,51096.0000,16433.0000,151157.0000,1035.0000,366.980000000000
A,USD,STD,INDL,C,005680,2023-01-31,HOME DEPOT INC,HD,437076102,0000354950,11,1,USA,76445.0000,1562.0000,3391.0000,74883.0000,1562.0000,53079.0000,17105.0000,157403.0000,1016.0000,324.170000000000
A,USD,STD,INDL,C,005680,2024-01-31,HOME DEPOT INC,HD,437076102,0000354950,11,1,USA,76530.0000,1044.0000,4474.0000,75486.0000,1044.0000,51307.0000,15143.0000,152669.0000,992.0000,352.960000000000
A,USD,STD,INDL,C,005680,2025-01-31,HOME DEPOT INC,HD,437076102,0000354950,11,1,USA,96119.0000,6640.0000,2327.0000,89479.0000,6640.0000,53982.0000,14806.0000,159514.0000,994.0000,411.980000000000
A,USD,STD,INDL,C,005680,2026-01-31,HOME DEPOT INC,HD,437076102,0000354950,11,1,USA,105095.0000,12813.0000,1848.0000,92282.0000,12813.0000,55651.0000,14156.0000,164683.0000,996.0000,374.590000000000
A,USD,STD,INDL,C,005783,2010-12-31,HUNT (JB) TRANSPRT SVCS INC,JBHT,445658107,0000728535,14,12,USA,1961.6600,573.0210,7.6510,1388.6390,573.0210,599.8780,199.6170,3793.4850,121.4900,40.810000000000
A,USD,STD,INDL,C,005783,2011-12-31,HUNT (JB) TRANSPRT SVCS INC,JBHT,445658107,0000728535,14,12,USA,2267.3320,567.5430,5.4500,1699.7890,567.5430,705.2560,257.0060,4526.8420,116.9320,45.070000000000
A,USD,STD,INDL,C,005783,2012-12-31,HUNT (JB) TRANSPRT SVCS INC,JBHT,445658107,0000728535,14,12,USA,2464.6410,791.8600,5.5890,1672.7810,791.8600,804.0420,310.3540,5054.9800,117.5290,59.710000000000
A,USD,STD,INDL,C,005783,2013-12-31,HUNT (JB) TRANSPRT SVCS INC,JBHT,445658107,0000728535,14,12,USA,2819.4040,1012.4520,5.8310,1806.9520,1012.4520,894.6990,342.3820,5584.5710,117.2410,77.300000000000
A,USD,STD,INDL,C,005783,2014-12-31,HUNT (JB) TRANSPRT SVCS INC,JBHT,445658107,0000728535,14,12,USA,3397.1170,1204.5230,5.9610,2192.5940,1204.5230,997.4450,374.7920,6165.4410,116.5750,84.250000000000
A,USD,STD,INDL,C,005783,2015-12-31,HUNT (JB) TRANSPRT SVCS INC,JBHT,445658107,0000728535,14,12,USA,3636.5670,1300.3520,5.5660,2336.2150,1300.3520,1148.4170,427.2350,6187.6460,113.9480,73.360000000000
A,USD,STD,INDL,C,005783,2016-12-31,HUNT (JB) TRANSPRT SVCS INC,JBHT,445658107,0000728535,14,12,USA,3828.9880,1414.0610,6.3770,2414.9270,1414.0610,1174.3560,432.0900,6555.4590,111.3050,97.070000000000
A,USD,STD,INDL,C,005783,2017-12-31,HUNT (JB) TRANSPRT SVCS INC,JBHT,445658107,0000728535,14,12,USA,4465.3490,1839.3250,14.6120,2626.0240,1839.3250,1175.7680,686.2630,7189.5680,109.7530,114.980000000000
A,USD,STD,INDL,C,005783,2018-12-31,HUNT (JB) TRANSPRT SVCS INC,JBHT,445658107,0000728535,14,12,USA,5091.6470,2101.3840,7.6000,2990.2630,2101.3840,1481.4950,489.5850,8614.8740,108.7110,93.040000000000
A,USD,STD,INDL,C,005783,2019-12-31,HUNT (JB) TRANSPRT SVCS INC,JBHT,445658107,0000728535,14,12,USA,5470.8540,2267.0290,35.0000,3203.8250,2267.0290,1523.9000,516.3200,9165.2580,106.2130,116.780000000000
A,USD,STD,INDL,C,005783,2020-12-31,HUNT (JB) TRANSPRT SVCS INC,JBHT,445658107,0000728535,14,12,USA,5928.3480,2600.1380,313.3020,3328.2100,2600.1380,1474.5880,506.0350,9636.5730,105.6540,136.650000000000
A,USD,STD,INDL,C,005783,2021-12-31,HUNT (JB) TRANSPRT SVCS INC,JBHT,445658107,0000728535,14,12,USA,6794.3480,3117.8160,355.5490,3676.5320,3117.8160,1824.2040,760.8060,12168.3020,105.0940,204.400000000000
A,USD,STD,INDL,C,005783,2022-12-31,HUNT (JB) TRANSPRT SVCS INC,JBHT,445658107,0000728535,14,12,USA,7786.5820,3666.7680,51.9270,4119.8140,3666.7680,2322.1410,969.3510,14813.9990,103.7430,174.360000000000
A,USD,STD,INDL,C,005783,2023-12-31,HUNT (JB) TRANSPRT SVCS INC,JBHT,445658107,0000728535,14,12,USA,8538.2600,4103.7580,53.3440,4434.5020,4103.7580,2048.0650,728.2870,12829.6650,103.2200,199.740000000000
A,USD,STD,INDL,C,005783,2024-12-31,HUNT (JB) TRANSPRT SVCS INC,JBHT,445658107,0000728535,14,12,USA,8312.2700,4014.5050,46.9830,4297.7650,4014.5050,1938.5130,570.8860,12087.2040,100.5550,170.660000000000
A,USD,STD,INDL,C,005783,2025-12-31,HUNT (JB) TRANSPRT SVCS INC,JBHT,445658107,0000728535,14,12,USA,7927.1550,3565.0850,17.2840,4362.0700,3565.0850,1905.1500,598.2820,11999.0960,94.5950,194.340000000000
A,USD,STD,INDL,C,006008,2010-12-31,INTEL CORP,INTC,458140100,0000050863,14,12,USA,63186.0000,49430.0000,21885.0000,13756.0000,49430.0000,33422.0000,11464.0000,43623.0000,5511.0000,21.030000000000
A,USD,STD,INDL,C,006008,2011-12-31,INTEL CORP,INTC,458140100,0000050863,14,12,USA,71119.0000,45911.0000,14837.0000,25208.0000,45911.0000,40016.0000,12942.0000,53999.0000,5000.0000,24.250000000000
A,USD,STD,INDL,C,006008,2012-12-31,INTEL CORP,INTC,458140100,0000050863,14,12,USA,84351.0000,51203.0000,18162.0000,33148.0000,51203.0000,40365.0000,11005.0000,53341.0000,4944.0000,20.620000000000
A,USD,STD,INDL,C,006008,2013-12-31,INTEL CORP,INTC,458140100,0000050863,14,12,USA,92358.0000,58256.0000,20087.0000,34102.0000,58256.0000,39262.0000,9620.0000,52708.0000,4967.0000,25.955000000000
A,USD,STD,INDL,C,006008,2014-12-31,INTEL CORP,INTC,458140100,0000050863,14,12,USA,91956.0000,55865.0000,14054.0000,35179.0000,56777.0000,43864.0000,11704.0000,55870.0000,4748.0000,36.290000000000
A,USD,STD,INDL,C,006008,2015-12-31,INTEL CORP,INTC,458140100,0000050863,14,12,USA,103065.0000,61085.0000,25313.0000,41083.0000,61982.0000,43125.0000,11420.0000,55355.0000,4725.0000,34.450000000000
A,USD,STD,INDL,C,006008,2016-12-31,INTEL CORP,INTC,458140100,0000050863,14,12,USA,113327.0000,66226.0000,17099.0000,46219.0000,67108.0000,44074.0000,10316.0000,59387.0000,4730.0000,36.270000000000
A,USD,STD,INDL,C,006008,2017-12-31,INTEL CORP,INTC,458140100,0000050863,14,12,USA,123249.0000,69019.0000,14002.0000,53364.0000,69885.0000,47076.0000,9601.0000,62761.0000,4687.0000,46.160000000000
A,USD,STD,INDL,C,006008,2018-12-31,INTEL CORP,INTC,458140100,0000050863,14,12,USA,127963.0000,74563.0000,11650.0000,52981.0000,74982.0000,52622.0000,21053.0000,70848.0000,4516.0000,46.930000000000
A,USD,STD,INDL,C,006008,2019-12-31,INTEL CORP,INTC,458140100,0000050863,14,12,USA,136524.0000,77504.0000,13123.0000,58865.0000,77659.0000,52766.0000,21048.0000,71965.0000,4290.0000,59.850000000000
A,USD,STD,INDL,C,006008,2020-12-31,INTEL CORP,INTC,458140100,0000050863,14,12,USA,153091.0000,81038.0000,23895.0000,72053.0000,81038.0000,55646.0000,20899.0000,77867.0000,4062.0000,49.820000000000
A,USD,STD,INDL,C,006008,2021-12-31,INTEL CORP,INTC,458140100,0000050863,14,12,USA,168406.0000,95391.0000,28413.0000,73015.0000,95391.0000,55398.0000,19868.0000,79024.0000,4070.0000,51.500000000000
A,USD,STD,INDL,C,006008,2022-12-31,INTEL CORP,INTC,458140100,0000050863,14,12,USA,182103.0000,101423.0000,28338.0000,78817.0000,101423.0000,40159.0000,8014.0000,63054.0000,4137.0000,26.430000000000
A,USD,STD,INDL,C,006008,2023-12-31,INTEL CORP,INTC,458140100,0000050863,14,12,USA,191572.0000,105590.0000,25034.0000,81607.0000,105590.0000,31141.0000,1689.0000,54228.0000,4228.0000,50.250000000000
A,USD,STD,INDL,C,006008,2024-12-31,INTEL CORP,INTC,458140100,0000050863,14,12,USA,196485.0000,99270.0000,22062.0000,91453.0000,99270.0000,28535.0000,-18756.0000,53101.0000,4330.0000,20.050000000000
A,USD,STD,INDL,C,006008,2025-12-31,INTEL CORP,INTC,458140100,0000050863,14,12,USA,211429.0000,114281.0000,37416.0000,85069.0000,114281.0000,30942.0000,-267.0000,52853.0000,4994.0000,36.900000000000
A,USD,STD,INDL,C,006066,2010-12-31,INTL BUSINESS MACHINES CORP,IBM,459200101,0000051143,11,12,USA,113452.0000,23046.0000,11651.0000,90280.0000,23046.0000,51399.0000,14833.0000,99871.0000,1227.9930,146.760000000000
A,USD,STD,INDL,C,006066,2011-12-31,INTL BUSINESS MACHINES CORP,IBM,459200101,0000051143,11,12,USA,116433.0000,20138.0000,11922.0000,96197.0000,20138.0000,55596.0000,15855.0000,106916.0000,1163.1830,183.880000000000
A,USD,STD,INDL,C,006066,2012-12-31,INTL BUSINESS MACHINES CORP,IBM,459200101,0000051143,11,12,USA,119213.0000,18860.0000,11129.0000,100229.0000,18860.0000,55520.0000,16604.0000,104507.0000,1117.3680,191.550000000000
A,USD,STD,INDL,C,006066,2013-12-31,INTL BUSINESS MACHINES CORP,IBM,459200101,0000051143,11,12,USA,126223.0000,22792.0000,11066.0000,103294.0000,22792.0000,53770.0000,16483.0000,99751.0000,1054.3910,187.570000000000
A,USD,STD,INDL,C,006066,2014-12-31,INTL BUSINESS MACHINES CORP,IBM,459200101,0000051143,11,12,USA,117532.0000,11868.0000,8476.0000,105518.0000,11868.0000,51440.0000,12022.0000,92793.0000,990.5240,160.440000000000
A,USD,STD,INDL,C,006066,2015-12-31,INTL BUSINESS MACHINES CORP,IBM,459200101,0000051143,11,12,USA,110495.0000,14262.0000,8194.0000,96071.0000,14262.0000,44775.0000,13190.0000,81741.0000,965.7290,137.620000000000
A,USD,STD,INDL,C,006066,2016-12-31,INTL BUSINESS MACHINES CORP,IBM,459200101,0000051143,11,12,USA,117470.0000,18246.0000,8527.0000,99078.0000,18246.0000,42749.0000,11872.0000,79920.0000,945.8670,165.990000000000
A,USD,STD,INDL,C,006066,2017-12-31,INTL BUSINESS MACHINES CORP,IBM,459200101,0000051143,11,12,USA,125356.0000,17594.0000,12580.0000,107631.0000,17594.0000,40930.0000,5753.0000,79139.0000,922.1790,153.420000000000
A,USD,STD,INDL,C,006066,2018-12-31,INTL BUSINESS MACHINES CORP,IBM,459200101,0000051143,11,12,USA,123382.0000,16796.0000,12222.0000,106453.0000,16796.0000,41735.0000,8728.0000,79591.0000,892.4790,113.670000000000
A,USD,STD,INDL,C,006066,2019-12-31,INTL BUSINESS MACHINES CORP,IBM,459200101,0000051143,11,12,USA,152186.0000,20841.0000,9009.0000,131201.0000,20841.0000,42404.0000,9431.0000,77147.0000,887.1100,134.040000000000
A,USD,STD,INDL,C,006066,2020-12-31,INTL BUSINESS MACHINES CORP,IBM,459200101,0000051143,11,12,USA,155971.0000,20597.0000,14275.0000,135244.0000,20597.0000,41595.0000,5590.0000,73620.0000,892.6530,125.880000000000
A,USD,STD,INDL,C,006066,2021-12-31,INTL BUSINESS MACHINES CORP,IBM,459200101,0000051143,11,12,USA,132001.0000,18901.0000,8364.0000,113005.0000,18901.0000,37110.0000,5743.0000,57350.0000,898.0690,133.660000000000
A,USD,STD,INDL,C,006066,2022-12-31,INTL BUSINESS MACHINES CORP,IBM,459200101,0000051143,11,12,USA,127243.0000,21944.0000,8841.0000,105222.0000,21944.0000,36774.0000,1639.0000,60530.0000,906.0920,140.890000000000
A,USD,STD,INDL,C,006066,2023-12-31,INTL BUSINESS MACHINES CORP,IBM,459200101,0000051143,11,12,USA,135241.0000,22533.0000,13462.0000,112628.0000,22533.0000,37134.0000,7502.0000,61860.0000,915.0140,163.550000000000
A,USD,STD,INDL,C,006066,2024-12-31,INTL BUSINESS MACHINES CORP,IBM,459200101,0000051143,11,12,USA,137175.0000,27307.0000,14804.0000,109782.0000,27307.0000,38548.0000,6023.0000,62753.0000,926.2900,219.830000000000
A,USD,STD,INDL,C,006066,2025-12-31,INTL BUSINESS MACHINES CORP,IBM,459200101,0000051143,11,12,USA,151880.0000,32648.0000,14471.0000,119139.0000,32648.0000,42503.0000,10593.0000,67535.0000,936.9520,296.210000000000
A,USD,STD,INDL,C,006078,2010-12-31,INTL FLAVORS & FRAGRANCES,IFF,459506101,0000051253,11,12,USA,2872.4550,999.4220,131.3320,1869.3000,999.4220,1171.8440,263.5570,2622.8620,80.2100,55.590000000000
A,USD,STD,INDL,C,006078,2011-12-31,INTL FLAVORS & FRAGRANCES,IFF,459506101,0000051253,11,12,USA,2965.5810,1104.4120,88.2790,1858.1740,1104.4120,1179.9830,266.8660,2788.0180,80.9210,52.420000000000
A,USD,STD,INDL,C,006078,2012-12-31,INTL FLAVORS & FRAGRANCES,IFF,459506101,0000051253,11,12,USA,3249.6000,1248.8080,324.4220,1997.0450,1248.8080,1252.2010,254.1340,2821.4460,81.6270,66.540000000000
A,USD,STD,INDL,C,006078,2013-12-31,INTL FLAVORS & FRAGRANCES,IFF,459506101,0000051253,11,12,USA,3331.7310,1463.0720,405.5050,1864.6800,1463.0720,1369.5110,353.5440,2952.8960,81.3840,85.980000000000
A,USD,STD,INDL,C,006078,2014-12-31,INTL FLAVORS & FRAGRANCES,IFF,459506101,0000051253,11,12,USA,3494.6210,1518.5610,478.5730,1971.9320,1518.5610,1454.0450,414.5430,3088.5330,80.7780,101.360000000000
A,USD,STD,INDL,C,006078,2015-12-31,INTL FLAVORS & FRAGRANCES,IFF,459506101,0000051253,11,12,USA,3721.4540,1590.3180,181.9880,2126.4640,1590.3180,1449.1360,419.2470,3023.1890,80.0220,119.640000000000
A,USD,STD,INDL,C,006078,2016-12-31,INTL FLAVORS & FRAGRANCES,IFF,459506101,0000051253,11,12,USA,4016.9840,1626.2440,323.9920,2385.8500,1626.2440,1487.5470,405.0310,3116.3500,79.2130,117.830000000000
A,USD,STD,INDL,C,006078,2017-12-31,INTL FLAVORS & FRAGRANCES,IFF,459506101,0000051253,11,12,USA,4598.9260,1684.2020,368.0460,2909.6320,1684.2020,1589.6140,295.6650,3398.7190,78.9470,152.610000000000
A,USD,STD,INDL,C,006078,2018-12-31,INTL FLAVORS & FRAGRANCES,IFF,459506101,0000051253,11,12,USA,12889.3950,6032.9510,648.5220,6764.2150,6032.9510,1788.3340,337.3020,3977.5390,106.6190,134.270000000000
A,USD,STD,INDL,C,006078,2019-12-31,INTL FLAVORS & FRAGRANCES,IFF,459506101,0000051253,11,12,USA,13287.4110,6217.3040,623.9450,6958.8200,6217.3040,2248.2080,455.8730,5140.0840,106.7870,129.020000000000
A,USD,STD,INDL,C,006078,2020-12-31,INTL FLAVORS & FRAGRANCES,IFF,459506101,0000051253,11,12,USA,13555.6710,6311.1530,656.8360,7135.0840,6311.1530,2219.8150,363.2280,5084.2390,106.9380,108.840000000000
A,USD,STD,INDL,C,006078,2021-12-31,INTL FLAVORS & FRAGRANCES,IFF,459506101,0000051253,11,12,USA,39658.0000,21082.0000,715.0000,18436.0000,21082.0000,4531.0000,270.0000,11656.0000,254.5740,150.650000000000
A,USD,STD,INDL,C,006078,2022-12-31,INTL FLAVORS & FRAGRANCES,IFF,459506101,0000051253,11,12,USA,35407.0000,17684.0000,493.0000,17634.0000,17684.0000,4605.0000,-1871.0000,12440.0000,254.9680,104.840000000000
A,USD,STD,INDL,C,006078,2023-12-31,INTL FLAVORS & FRAGRANCES,IFF,459506101,0000051253,11,12,USA,30978.0000,14611.0000,709.0000,16336.0000,14611.0000,4215.0000,-2567.0000,11479.0000,255.2890,80.970000000000
A,USD,STD,INDL,C,006078,2024-12-31,INTL FLAVORS & FRAGRANCES,IFF,459506101,0000051253,11,12,USA,28667.0000,13876.0000,469.0000,14756.0000,13876.0000,4530.0000,243.0000,11484.0000,255.7000,84.550000000000
A,USD,STD,INDL,C,006078,2025-12-31,INTL FLAVORS & FRAGRANCES,IFF,459506101,0000051253,11,12,USA,25539.0000,14154.0000,590.0000,11353.0000,14154.0000,4333.0000,-361.0000,10890.0000,255.7000,67.390000000000
I,USD,STD,INDL,C,006136,2010-12-31,INTERPUBLIC GROUP OF COS,IPG,460690100,0000051644,11,12,USA,13070.8000,2307.5000,2689.4000,10212.7000,2529.0000,706.0000,261.1000,6531.9000,489.1000,10.620000000000
I,USD,STD,INDL,C,006136,2011-12-31,INTERPUBLIC GROUP OF COS,IPG,460690100,0000051644,11,12,USA,12876.6000,2240.2000,2315.6000,10135.9000,2461.7000,839.1000,532.3000,7014.6000,449.5000,9.730000000000
I,USD,STD,INDL,C,006136,2012-12-31,INTERPUBLIC GROUP OF COS,IPG,460690100,0000051644,11,12,USA,13493.9000,2199.1000,2590.8000,10810.1000,2420.6000,826.0000,446.7000,6956.2000,417.5000,11.020000000000
I,USD,STD,INDL,C,006136,2013-12-31,INTERPUBLIC GROUP OF COS,IPG,460690100,0000051644,11,12,USA,12905.0000,2215.2000,1642.1000,10405.1000,2215.2000,816.3000,267.9000,7122.3000,424.5000,17.700000000000
I,USD,STD,INDL,C,006136,2014-12-31,INTERPUBLIC GROUP OF COS,IPG,460690100,0000051644,11,12,USA,12747.2000,2116.3000,1667.2000,10338.6000,2116.3000,950.3000,477.1000,7537.1000,413.8000,20.770000000000
I,USD,STD,INDL,C,006136,2015-12-31,INTERPUBLIC GROUP OF COS,IPG,460690100,0000051644,11,12,USA,12585.1000,1965.5000,1509.7000,10331.4000,1965.5000,1028.1000,454.6000,7613.8000,403.2000,23.280000000000
I,USD,STD,INDL,C,006136,2016-12-31,INTERPUBLIC GROUP OF COS,IPG,460690100,0000051644,11,12,USA,12485.2000,2017.1000,1100.6000,10175.7000,2017.1000,1098.2000,608.5000,7846.6000,391.6000,23.410000000000
I,USD,STD,INDL,C,006136,2017-12-31,INTERPUBLIC GROUP OF COS,IPG,460690100,0000051644,11,12,USA,12695.2000,2201.0000,790.9000,10207.3000,2201.0000,1130.7000,579.0000,7882.4000,383.2000,20.160000000000
I,USD,STD,INDL,C,006136,2018-12-31,INTERPUBLIC GROUP OF COS,IPG,460690100,0000051644,11,12,USA,15620.3000,2393.2000,673.4000,13019.6000,2393.2000,1378.2000,618.9000,9714.4000,383.6000,20.630000000000
I,USD,STD,INDL,C,006136,2019-12-31,INTERPUBLIC GROUP OF COS,IPG,460690100,0000051644,11,12,USA,17751.9000,2775.9000,1192.2000,14761.6000,2775.9000,1492.2000,656.0000,10221.3000,387.0000,23.100000000000
I,USD,STD,INDL,C,006136,2020-12-31,INTERPUBLIC GROUP OF COS,IPG,460690100,0000051644,11,12,USA,18042.7000,2895.0000,2509.0000,15005.7000,2895.0000,1351.6000,351.1000,9061.0000,390.9000,23.520000000000
I,USD,STD,INDL,C,006136,2021-12-31,INTERPUBLIC GROUP OF COS,IPG,460690100,0000051644,11,12,USA,19909.2000,3526.0000,3270.0000,16304.4000,3526.0000,1852.9000,952.8000,10240.7000,394.3000,37.450000000000
I,USD,STD,INDL,C,006136,2022-12-31,INTERPUBLIC GROUP OF COS,IPG,460690100,0000051644,11,12,USA,18845.0000,3647.9000,2545.3000,15100.7000,3647.9000,1844.7000,938.0000,10927.8000,386.5000,33.310000000000
I,USD,STD,INDL,C,006136,2023-12-31,INTERPUBLIC GROUP OF COS,IPG,460690100,0000051644,11,12,USA,19267.3000,3942.6000,2386.1000,15221.2000,3942.6000,1814.2000,1098.4000,10889.3000,378.7000,32.640000000000
I,USD,STD,INDL,C,006136,2024-12-31,INTERPUBLIC GROUP OF COS,IPG,460690100,0000051644,11,12,USA,18325.8000,3797.4000,2187.1000,14415.7000,3797.4000,1819.7000,689.5000,10691.7000,372.4000,28.020000000000
A,USD,STD,INDL,C,006266,2010-12-31,JOHNSON & JOHNSON,JNJ,478160104,0000200406,11,12,USA,102908.0000,56579.0000,27658.0000,46329.0000,56579.0000,45734.0000,13334.0000,61587.0000,2738.0970,61.850000000000
A,USD,STD,INDL,C,006266,2011-12-31,JOHNSON & JOHNSON,JNJ,478160104,0000200406,11,12,USA,113644.0000,57080.0000,32261.0000,56564.0000,57080.0000,47915.0000,9672.0000,65030.0000,2724.3630,65.580000000000
A,USD,STD,INDL,C,006266,2012-12-31,JOHNSON & JOHNSON,JNJ,478160104,0000200406,11,12,USA,121347.0000,64826.0000,21089.0000,56521.0000,64826.0000,49342.0000,10853.0000,67224.0000,2778.4890,70.100000000000
A,USD,STD,INDL,C,006266,2013-12-31,JOHNSON & JOHNSON,JNJ,478160104,0000200406,11,12,USA,132683.0000,74053.0000,29206.0000,58630.0000,74053.0000,53074.0000,13831.0000,71312.0000,2820.6280,91.590000000000
A,USD,STD,INDL,C,006266,2014-12-31,JOHNSON & JOHNSON,JNJ,478160104,0000200406,11,12,USA,131119.0000,69752.0000,33089.0000,61367.0000,69752.0000,55480.0000,16323.0000,74331.0000,2783.2230,104.570000000000
A,USD,STD,INDL,C,006266,2015-12-31,JOHNSON & JOHNSON,JNJ,478160104,0000200406,11,12,USA,133411.0000,71150.0000,38376.0000,62261.0000,71150.0000,52365.0000,15409.0000,70074.0000,2755.1620,102.720000000000
A,USD,STD,INDL,C,006266,2016-12-31,JOHNSON & JOHNSON,JNJ,478160104,0000200406,11,12,USA,141208.0000,70418.0000,42239.0000,70790.0000,70418.0000,54004.0000,16540.0000,71890.0000,2706.5110,115.210000000000
A,USD,STD,INDL,C,006266,2017-12-31,JOHNSON & JOHNSON,JNJ,478160104,0000200406,11,12,USA,157303.0000,60160.0000,18296.0000,97143.0000,60160.0000,57463.0000,1300.0000,76450.0000,2682.5250,139.720000000000
A,USD,STD,INDL,C,006266,2018-12-31,JOHNSON & JOHNSON,JNJ,478160104,0000200406,11,12,USA,152954.0000,59752.0000,19687.0000,93202.0000,59752.0000,61633.0000,15297.0000,81581.0000,2662.3240,129.050000000000
A,USD,STD,INDL,C,006266,2019-12-31,JOHNSON & JOHNSON,JNJ,478160104,0000200406,11,12,USA,157728.0000,59471.0000,19287.0000,98257.0000,59471.0000,61663.0000,15119.0000,82059.0000,2632.5070,145.870000000000
A,USD,STD,INDL,C,006266,2020-12-31,JOHNSON & JOHNSON,JNJ,478160104,0000200406,11,12,USA,174894.0000,63278.0000,25185.0000,111616.0000,63278.0000,61536.0000,14714.0000,82584.0000,2632.5120,157.380000000000
A,USD,STD,INDL,C,006266,2021-12-31,JOHNSON & JOHNSON,JNJ,478160104,0000200406,11,12,USA,182018.0000,74023.0000,31608.0000,107995.0000,74023.0000,71445.0000,20878.0000,93775.0000,2628.9650,171.070000000000
A,USD,STD,INDL,C,006266,2022-12-31,JOHNSON & JOHNSON,JNJ,478160104,0000200406,11,12,USA,187378.0000,76804.0000,23519.0000,110574.0000,76804.0000,71462.0000,17941.0000,94943.0000,2613.5970,176.650000000000
A,USD,STD,INDL,C,006266,2023-12-31,JOHNSON & JOHNSON,JNJ,478160104,0000200406,11,12,USA,167558.0000,68774.0000,22927.0000,98784.0000,68774.0000,66702.0000,35153.0000,85159.0000,2407.0780,156.740000000000
A,USD,STD,INDL,C,006266,2024-12-31,JOHNSON & JOHNSON,JNJ,478160104,0000200406,11,12,USA,180104.0000,71490.0000,24522.0000,108614.0000,71490.0000,69175.0000,14066.0000,88821.0000,2406.9220,144.620000000000
A,USD,STD,INDL,C,006266,2025-12-31,JOHNSON & JOHNSON,JNJ,478160104,0000200406,11,12,USA,199210.0000,81544.0000,20102.0000,117666.0000,81544.0000,71618.0000,26804.0000,94193.0000,2407.9390,206.950000000000
A,USD,STD,INDL,C,006268,2010-09-30,JOHNSON CONTROLS INTL PLC,JCI,G51502105,0000833444,11,9,IRL,25743.0000,10071.0000,560.0000,15370.0000,10071.0000,5980.0000,1491.0000,34305.0000,673.7270,30.500000000000
A,USD,STD,INDL,C,006268,2011-09-30,JOHNSON CONTROLS INTL PLC,JCI,G51502105,0000833444,11,9,IRL,29676.0000,11042.0000,257.0000,18236.0000,11042.0000,6901.0000,1624.0000,40833.0000,680.1640,26.370000000000
A,USD,STD,INDL,C,006268,2012-09-30,JOHNSON CONTROLS INTL PLC,JCI,G51502105,0000833444,11,9,IRL,30884.0000,11555.0000,265.0000,18928.0000,11555.0000,7042.0000,1226.0000,41955.0000,682.3080,27.400000000000
A,USD,STD,INDL,C,006268,2013-09-30,JOHNSON CONTROLS INTL PLC,JCI,G51502105,0000833444,11,9,IRL,31518.0000,12314.0000,1055.0000,18787.0000,12314.0000,7730.0000,1178.0000,42730.0000,684.5360,41.500000000000
A,USD,STD,INDL,C,006268,2014-09-30,JOHNSON CONTROLS INTL PLC,JCI,G51502105,0000833444,11,9,IRL,32804.0000,11311.0000,409.0000,21048.0000,11311.0000,7582.0000,1215.0000,42828.0000,665.4970,44.000000000000
A,USD,STD,INDL,C,006268,2015-09-30,JOHNSON CONTROLS INTL PLC,JCI,G51502105,0000833444,11,9,IRL,29673.0000,10376.0000,597.0000,18922.0000,10376.0000,7307.0000,1563.0000,37179.0000,647.3670,41.360000000000
A,USD,STD,INDL,C,006268,2016-09-30,JOHNSON CONTROLS INTL PLC,JCI,G51502105,0000833444,11,9,IRL,63253.0000,24118.0000,2797.0000,37929.0000,24118.0000,8267.0000,-868.0000,37674.0000,935.7960,46.530000000000
A,USD,STD,INDL,C,006268,2017-09-30,JOHNSON CONTROLS INTL PLC,JCI,G51502105,0000833444,11,9,IRL,51884.0000,20447.0000,343.0000,30306.0000,20447.0000,10527.0000,1611.0000,30172.0000,927.9750,40.290000000000
A,USD,STD,INDL,C,006268,2018-09-30,JOHNSON CONTROLS INTL PLC,JCI,G51502105,0000833444,11,9,IRL,48797.0000,21164.0000,206.0000,26339.0000,21164.0000,10465.0000,2162.0000,31400.0000,925.0070,35.000000000000
A,USD,STD,INDL,C,006268,2019-09-30,JOHNSON CONTROLS INTL PLC,JCI,G51502105,0000833444,11,9,IRL,42287.0000,19766.0000,2821.0000,21458.0000,19766.0000,8518.0000,5674.0000,23968.0000,777.6310,43.890000000000
A,USD,STD,INDL,C,006268,2020-09-30,JOHNSON CONTROLS INTL PLC,JCI,G51502105,0000833444,11,9,IRL,40815.0000,17447.0000,1960.0000,22282.0000,17447.0000,8233.0000,631.0000,22317.0000,726.2230,40.850000000000
A,USD,STD,INDL,C,006268,2021-09-30,JOHNSON CONTROLS INTL PLC,JCI,G51502105,0000833444,11,9,IRL,41890.0000,17562.0000,1342.0000,23137.0000,17562.0000,8910.0000,1637.0000,23674.0000,708.7330,68.080000000000
A,USD,STD,INDL,C,006268,2022-09-30,JOHNSON CONTROLS INTL PLC,JCI,G51502105,0000833444,11,9,IRL,42158.0000,16268.0000,2088.0000,24756.0000,16268.0000,9173.0000,1532.0000,25299.0000,688.6970,49.220000000000
A,USD,STD,INDL,C,006268,2023-09-30,JOHNSON CONTROLS INTL PLC,JCI,G51502105,0000833444,11,9,IRL,42242.0000,16545.0000,924.0000,24548.0000,16545.0000,9819.0000,1849.0000,26793.0000,680.3720,53.210000000000
A,USD,STD,INDL,C,006268,2024-09-30,JOHNSON CONTROLS INTL PLC,JCI,G51502105,0000833444,11,9,IRL,42695.0000,16098.0000,767.0000,25334.0000,16098.0000,8893.0000,1705.0000,22952.0000,662.8780,77.610000000000
A,USD,STD,INDL,C,006268,2025-09-30,JOHNSON CONTROLS INTL PLC,JCI,G51502105,0000833444,11,9,IRL,37939.0000,12927.0000,398.0000,24985.0000,12927.0000,9457.0000,3291.0000,23596.0000,611.1300,109.950000000000
I,USD,STD,INDL,C,006375,2010-12-31,KELLANOVA,K,487836108,0000055067,11,12,USA,11847.0000,2158.0000,444.0000,9693.0000,2158.0000,5726.0000,1247.0000,12397.0000,365.6040,51.080000000000
I,USD,STD,INDL,C,006375,2011-12-31,KELLANOVA,K,487836108,0000055067,11,12,USA,11901.0000,1760.0000,460.0000,10139.0000,1760.0000,5832.0000,1231.0000,13198.0000,357.3020,50.570000000000
I,USD,STD,INDL,C,006375,2012-12-31,KELLANOVA,K,487836108,0000055067,11,12,USA,15184.0000,2419.0000,281.0000,12704.0000,2419.0000,5928.0000,961.0000,14197.0000,361.2660,55.850000000000
I,USD,STD,INDL,C,006375,2013-12-31,KELLANOVA,K,487836108,0000055067,11,12,USA,15474.0000,3545.0000,273.0000,11867.0000,3545.0000,6850.0000,1807.0000,14797.0000,362.8020,61.070000000000
I,USD,STD,INDL,C,006375,2014-12-31,KELLANOVA,K,487836108,0000055067,11,12,USA,15153.0000,2789.0000,443.0000,12302.0000,2789.0000,5743.0000,632.0000,14583.0000,356.0030,65.440000000000
I,USD,STD,INDL,C,006375,2015-12-31,KELLANOVA,K,487836108,0000055067,11,12,USA,15265.0000,2128.0000,251.0000,13127.0000,2128.0000,5525.0000,614.0000,13472.0000,350.0240,72.270000000000
I,USD,STD,INDL,C,006375,2016-12-31,KELLANOVA,K,487836108,0000055067,11,12,USA,15111.0000,1910.0000,280.0000,13185.0000,1910.0000,5448.0000,694.0000,12983.0000,351.0690,73.710000000000
I,USD,STD,INDL,C,006375,2017-12-31,KELLANOVA,K,487836108,0000055067,11,12,USA,16350.0000,2212.0000,281.0000,14122.0000,2212.0000,5550.0000,1269.0000,12923.0000,345.6030,67.980000000000
I,USD,STD,INDL,C,006375,2018-12-31,KELLANOVA,K,487836108,0000055067,11,12,USA,17780.0000,2601.0000,321.0000,14621.0000,2601.0000,5343.0000,1336.0000,13547.0000,343.8650,57.010000000000
I,USD,STD,INDL,C,006375,2019-12-31,KELLANOVA,K,487836108,0000055067,11,12,USA,17564.0000,2747.0000,397.0000,14250.0000,2747.0000,5058.0000,960.0000,13578.0000,341.5430,69.160000000000
I,USD,STD,INDL,C,006375,2020-12-31,KELLANOVA,K,487836108,0000055067,11,12,USA,17996.0000,3112.0000,435.0000,14360.0000,3112.0000,5214.0000,1251.0000,13770.0000,343.8910,62.230000000000
I,USD,STD,INDL,C,006375,2021-12-31,KELLANOVA,K,487836108,0000055067,11,12,USA,18178.0000,3720.0000,286.0000,13963.0000,3720.0000,5064.0000,1488.0000,14181.0000,341.3770,64.420000000000
I,USD,STD,INDL,C,006375,2022-12-31,KELLANOVA,K,487836108,0000055067,11,12,USA,18496.0000,3941.0000,299.0000,14121.0000,3941.0000,5108.0000,960.0000,15315.0000,341.8000,71.240000000000
I,USD,STD,INDL,C,006375,2023-12-31,KELLANOVA,K,487836108,0000055067,11,12,USA,15621.0000,3175.0000,274.0000,12252.0000,3175.0000,4654.0000,951.0000,13122.0000,340.5880,55.910000000000
I,USD,STD,INDL,C,006375,2024-12-31,KELLANOVA,K,487836108,0000055067,11,12,USA,15628.0000,3775.0000,694.0000,11746.0000,3775.0000,5043.0000,1343.0000,12749.0000,345.1090,80.970000000000
I,USD,STD,INDL,C,006433,2010-06-30,KIMBALL INTERNATIONAL  -CL B,KBAL,494274103,0000055772,14,6,USA,636.7510,377.4280,67.8380,259.3230,377.4280,209.0330,10.8030,1122.8080,37.6120,5.530000000000
I,USD,STD,INDL,C,006433,2011-06-30,KIMBALL INTERNATIONAL  -CL B,KBAL,494274103,0000055772,14,6,USA,626.3120,387.3990,51.4090,238.9130,387.3990,225.9590,4.9220,1202.5970,37.7500,6.430000000000
I,USD,STD,INDL,C,006433,2012-06-30,KIMBALL INTERNATIONAL  -CL B,KBAL,494274103,0000055772,14,6,USA,595.5160,386.2280,75.1970,209.2880,386.2280,241.6020,11.6340,1142.0610,37.9010,7.700000000000
I,USD,STD,INDL,C,006433,2013-06-30,KIMBALL INTERNATIONAL  -CL B,KBAL,494274103,0000055772,14,6,USA,644.5190,404.5060,103.6000,240.0130,404.5060,254.6800,19.8790,1203.1340,38.0810,9.710000000000
I,USD,STD,INDL,C,006433,2014-06-30,KIMBALL INTERNATIONAL  -CL B,KBAL,494274103,0000055772,14,6,USA,722.1460,441.5330,136.6240,280.6130,441.5330,287.9130,33.4610,1285.3470,38.4380,16.720000000000
I,USD,STD,INDL,C,006433,2015-06-30,KIMBALL INTERNATIONAL  -CL B,KBAL,494274103,0000055772,14,6,USA,266.1290,141.5050,34.6610,124.6240,141.5050,202.7320,20.3000,600.8680,37.9140,12.160000000000
I,USD,STD,INDL,C,006433,2016-06-30,KIMBALL INTERNATIONAL  -CL B,KBAL,494274103,0000055772,14,6,USA,273.5700,149.8680,47.5760,123.7020,149.8680,218.7370,21.1560,635.1020,37.5130,11.380000000000
I,USD,STD,INDL,C,006433,2017-06-30,KIMBALL INTERNATIONAL  -CL B,KBAL,494274103,0000055772,14,6,USA,313.7470,176.2040,98.5650,137.5430,176.2040,238.7920,37.5060,669.9340,37.2980,16.690000000000
I,USD,STD,INDL,C,006433,2018-06-30,KIMBALL INTERNATIONAL  -CL B,KBAL,494274103,0000055772,14,6,USA,330.1680,193.0240,87.2700,137.1440,193.0240,236.9150,34.4390,685.6000,37.1240,16.160000000000
I,USD,STD,INDL,C,006433,2019-06-30,KIMBALL INTERNATIONAL  -CL B,KBAL,494274103,0000055772,14,6,USA,364.6660,216.4900,106.2670,148.1760,216.4900,271.1290,39.3440,768.0700,36.8120,17.430000000000
I,USD,STD,INDL,C,006433,2020-06-30,KIMBALL INTERNATIONAL  -CL B,KBAL,494274103,0000055772,14,6,USA,386.2670,244.7960,97.0920,141.4710,244.7960,268.2700,41.0540,727.8590,36.9130,11.560000000000
I,USD,STD,INDL,C,006433,2021-06-30,KIMBALL INTERNATIONAL  -CL B,KBAL,494274103,0000055772,14,6,USA,444.5950,239.6700,28.2410,204.9250,239.6700,203.6220,7.4160,569.0080,36.8750,13.150000000000
I,USD,STD,INDL,C,006433,2022-06-30,KIMBALL INTERNATIONAL  -CL B,KBAL,494274103,0000055772,14,6,USA,461.2780,213.5360,14.2180,247.7420,213.5360,237.2670,-15.7140,665.8770,36.8440,7.670000000000
A,USD,STD,INDL,C,006435,2010-12-31,KIMBERLY-CLARK CORP,KMB,494368103,0000055785,14,12,USA,19864.0000,5917.0000,876.0000,13121.0000,5917.0000,7382.0000,1843.0000,19746.0000,406.9000,63.040000000000
A,USD,STD,INDL,C,006435,2011-12-31,KIMBERLY-CLARK CORP,KMB,494368103,0000055785,14,12,USA,19373.0000,5249.0000,764.0000,13297.0000,5249.0000,7650.0000,1591.0000,20846.0000,395.7000,73.560000000000
A,USD,STD,INDL,C,006435,2012-12-31,KIMBERLY-CLARK CORP,KMB,494368103,0000055785,14,12,USA,19873.0000,4985.0000,1106.0000,14037.0000,4985.0000,7984.0000,1750.0000,21063.0000,389.3000,84.430000000000
A,USD,STD,INDL,C,006435,2013-12-31,KIMBERLY-CLARK CORP,KMB,494368103,0000055785,14,12,USA,18919.0000,4856.0000,1054.0000,13707.0000,4856.0000,8157.0000,2142.0000,21152.0000,380.7990,104.460000000000
A,USD,STD,INDL,C,006435,2014-12-31,KIMBERLY-CLARK CORP,KMB,494368103,0000055785,14,12,USA,15526.0000,729.0000,789.0000,14455.0000,729.0000,7568.0000,1526.0000,19724.0000,365.3360,115.540000000000
A,USD,STD,INDL,C,006435,2015-12-31,KIMBERLY-CLARK CORP,KMB,494368103,0000055785,14,12,USA,14842.0000,-174.0000,619.0000,14738.0000,-174.0000,7420.0000,1013.0000,18591.0000,360.8600,127.300000000000
A,USD,STD,INDL,C,006435,2016-12-31,KIMBERLY-CLARK CORP,KMB,494368103,0000055785,14,12,USA,14602.0000,-102.0000,923.0000,14427.0000,-102.0000,7362.0000,2166.0000,18202.0000,356.5680,114.120000000000
A,USD,STD,INDL,C,006435,2017-12-31,KIMBERLY-CLARK CORP,KMB,494368103,0000055785,14,12,USA,15151.0000,629.0000,616.0000,14208.0000,629.0000,7277.0000,2278.0000,18259.0000,351.1060,120.660000000000
A,USD,STD,INDL,C,006435,2018-12-31,KIMBERLY-CLARK CORP,KMB,494368103,0000055785,14,12,USA,14518.0000,-287.0000,539.0000,14500.0000,-287.0000,7020.0000,1410.0000,18486.0000,344.9620,113.940000000000
A,USD,STD,INDL,C,006435,2019-12-31,KIMBERLY-CLARK CORP,KMB,494368103,0000055785,14,12,USA,15283.0000,-33.0000,442.0000,15060.0000,-33.0000,7368.0000,2157.0000,18450.0000,341.4480,137.550000000000
A,USD,STD,INDL,C,006435,2020-12-31,KIMBERLY-CLARK CORP,KMB,494368103,0000055785,14,12,USA,17523.0000,626.0000,303.0000,16626.0000,626.0000,7901.0000,2352.0000,19140.0000,338.7240,134.830000000000
A,USD,STD,INDL,C,006435,2021-12-31,KIMBERLY-CLARK CORP,KMB,494368103,0000055785,14,12,USA,17837.0000,514.0000,270.0000,17074.0000,514.0000,6908.0000,1814.0000,19440.0000,336.8350,142.920000000000
A,USD,STD,INDL,C,006435,2022-12-31,KIMBERLY-CLARK CORP,KMB,494368103,0000055785,14,12,USA,17970.0000,547.0000,427.0000,17012.0000,547.0000,6973.0000,1934.0000,20175.0000,337.4620,135.750000000000
A,USD,STD,INDL,C,006435,2023-12-31,KIMBERLY-CLARK CORP,KMB,494368103,0000055785,14,12,USA,17344.0000,915.0000,1093.0000,16250.0000,915.0000,7800.0000,1764.0000,20431.0000,336.9980,121.510000000000
A,USD,STD,INDL,C,006435,2024-12-31,KIMBERLY-CLARK CORP,KMB,494368103,0000055785,14,12,USA,16546.0000,840.0000,1207.0000,15534.0000,840.0000,8105.0000,2545.0000,20058.0000,331.7990,131.040000000000
A,USD,STD,INDL,C,006435,2025-12-31,KIMBERLY-CLARK CORP,KMB,494368103,0000055785,14,12,USA,17098.0000,1502.0000,774.0000,15446.0000,1502.0000,6873.0000,2021.0000,16447.0000,331.8980,100.890000000000
A,USD,STD,INDL,C,006502,2010-01-31,KROGER CO,KR,501044101,0000056873,11,1,USA,23093.0000,4832.0000,1078.0000,18187.0000,4832.0000,17775.0000,70.0000,76733.0000,642.0000,21.430000000000
A,USD,STD,INDL,C,006502,2011-01-31,KROGER CO,KR,501044101,0000056873,11,1,USA,23505.0000,5296.0000,1491.0000,18207.0000,5296.0000,18262.0000,1116.0000,82189.0000,620.0000,21.400000000000
A,USD,STD,INDL,C,006502,2012-01-31,KROGER CO,KR,501044101,0000056873,11,1,USA,23476.0000,3981.0000,974.0000,19510.0000,3981.0000,18880.0000,602.0000,90374.0000,561.0000,23.760000000000
A,USD,STD,INDL,C,006502,2013-01-31,KROGER CO,KR,501044101,0000056873,11,1,USA,24652.0000,4207.0000,1193.0000,20438.0000,4207.0000,19893.0000,1497.0000,96751.0000,514.0000,27.700000000000
A,USD,STD,INDL,C,006502,2014-01-31,KROGER CO,KR,501044101,0000056873,11,1,USA,29281.0000,5384.0000,1359.0000,23886.0000,5384.0000,20237.0000,1519.0000,98375.0000,508.0000,36.100000000000
A,USD,STD,INDL,C,006502,2015-01-31,KROGER CO,KR,501044101,0000056873,11,1,USA,30556.0000,5412.0000,1256.0000,25114.0000,5412.0000,22953.0000,1728.0000,108465.0000,487.0000,69.050000000000
A,USD,STD,INDL,C,006502,2016-01-31,KROGER CO,KR,501044101,0000056873,11,1,USA,33897.0000,6820.0000,1200.0000,27099.0000,6820.0000,24334.0000,2039.0000,109830.0000,967.0000,38.810000000000
A,USD,STD,INDL,C,006502,2017-01-31,KROGER CO,KR,501044101,0000056873,11,1,USA,36505.0000,6698.0000,1232.0000,29795.0000,6698.0000,25835.0000,1975.0000,115337.0000,924.0000,33.960000000000
A,USD,STD,INDL,C,006502,2018-01-31,KROGER CO,KR,501044101,0000056873,11,1,USA,37197.0000,6931.0000,1508.0000,30292.0000,6931.0000,27000.0000,1907.0000,122662.0000,870.0000,30.360000000000
A,USD,STD,INDL,C,006502,2019-01-31,KROGER CO,KR,501044101,0000056873,11,1,USA,38118.0000,7886.0000,1610.0000,30283.0000,7886.0000,26268.0000,3110.0000,121162.0000,798.0000,28.330000000000
A,USD,STD,INDL,C,006502,2020-01-31,KROGER CO,KR,501044101,0000056873,11,1,USA,45256.0000,8602.0000,1578.0000,36683.0000,8602.0000,26992.0000,1659.0000,122286.0000,788.0000,26.860000000000
A,USD,STD,INDL,C,006502,2021-01-31,KROGER CO,KR,501044101,0000056873,11,1,USA,48662.0000,9576.0000,3054.0000,39112.0000,9576.0000,30901.0000,2585.0000,132498.0000,758.0000,34.500000000000
A,USD,STD,INDL,C,006502,2022-01-31,KROGER CO,KR,501044101,0000056873,11,1,USA,49086.0000,9452.0000,2903.0000,39657.0000,9452.0000,30349.0000,1655.0000,137888.0000,727.0000,43.590000000000
A,USD,STD,INDL,C,006502,2023-01-31,KROGER CO,KR,501044101,0000056873,11,1,USA,49623.0000,10042.0000,2142.0000,39609.0000,10042.0000,31778.0000,2244.0000,148258.0000,716.0000,44.630000000000
A,USD,STD,INDL,C,006502,2024-01-31,KROGER CO,KR,501044101,0000056873,11,1,USA,50505.0000,11615.0000,3098.0000,38904.0000,11615.0000,33364.0000,2164.0000,150039.0000,720.0000,46.140000000000
A,USD,STD,INDL,C,006502,2025-01-31,KROGER CO,KR,501044101,0000056873,11,1,USA,52616.0000,8285.0000,5271.0000,44335.0000,8285.0000,33403.0000,2665.0000,147123.0000,660.0000,61.640000000000
A,USD,STD,INDL,C,006502,2026-01-31,KROGER CO,KR,501044101,0000056873,11,1,USA,49941.0000,5936.0000,4578.0000,44005.0000,5936.0000,34402.0000,1016.0000,147642.0000,614.0000,62.850000000000
A,USD,STD,INDL,C,006565,2010-06-30,LAM RESEARCH CORP,LRCX,512807306,0000707549,14,6,USA,2487.3920,1768.1350,826.4570,719.2570,1768.1350,1044.7740,346.6690,2133.7760,125.9460,38.060000000000
A,USD,STD,INDL,C,006565,2011-06-30,LAM RESEARCH CORP,LRCX,512807306,0000707549,14,6,USA,4057.3940,2469.8450,2122.2470,1587.5490,2469.8450,1571.9910,723.7480,3237.6930,123.5790,44.280000000000
A,USD,STD,INDL,C,006565,2012-06-30,LAM RESEARCH CORP,LRCX,512807306,0000707549,14,6,USA,8004.6520,5131.7810,2862.6830,2682.5280,5322.1240,1192.2980,168.7230,2665.1920,186.6560,37.740000000000
A,USD,STD,INDL,C,006565,2013-06-30,LAM RESEARCH CORP,LRCX,512807306,0000707549,14,6,USA,7250.3150,4488.8720,2497.2180,2574.5230,4675.7920,1736.2590,113.8790,3598.9160,162.8730,44.340000000000
A,USD,STD,INDL,C,006565,2014-06-30,LAM RESEARCH CORP,LRCX,512807306,0000707549,14,6,USA,7993.3060,5029.7350,3065.6440,2780.2220,5213.0840,2245.1910,632.2890,4607.3090,162.3500,67.580000000000
A,USD,STD,INDL,C,006565,2015-06-30,LAM RESEARCH CORP,LRCX,512807306,0000707549,14,6,USA,9364.6480,5103.1440,4076.4860,4019.6960,5344.9520,2577.2780,655.5770,5259.3120,158.5310,81.350000000000
A,USD,STD,INDL,C,006565,2016-06-30,LAM RESEARCH CORP,LRCX,512807306,0000707549,14,6,USA,12271.5280,5894.5170,6827.9340,6169.4590,6102.0690,2911.0980,914.0490,5885.8930,160.2010,84.060000000000
A,USD,STD,INDL,C,006565,2017-06-30,LAM RESEARCH CORP,LRCX,512807306,0000707549,14,6,USA,12122.7650,6817.4510,6041.1620,5135.4530,6987.3120,3852.0590,1697.7630,8013.6200,161.7230,141.430000000000
A,USD,STD,INDL,C,006565,2018-06-30,LAM RESEARCH CORP,LRCX,512807306,0000707549,14,6,USA,12479.4780,6501.8510,4949.5950,5899.4350,6580.0430,5424.7970,2380.6810,11076.9980,156.8920,172.850000000000
A,USD,STD,INDL,C,006565,2019-06-30,LAM RESEARCH CORP,LRCX,512807306,0000707549,14,6,USA,12001.3330,4673.8650,5431.2030,7278.0290,4723.3040,4621.4290,2191.4300,9653.5590,144.4330,187.840000000000
A,USD,STD,INDL,C,006565,2020-06-30,LAM RESEARCH CORP,LRCX,512807306,0000707549,14,6,USA,14559.0470,5172.4940,6710.2520,9375.5580,5183.4890,4824.2650,2251.7530,10044.7360,145.3310,323.460000000000
A,USD,STD,INDL,C,006565,2021-06-30,LAM RESEARCH CORP,LRCX,512807306,0000707549,14,6,USA,15892.1520,6027.1880,5729.1350,9864.9640,6027.1880,7056.2780,3908.4580,14626.1500,142.5010,650.700000000000
A,USD,STD,INDL,C,006565,2022-06-30,LAM RESEARCH CORP,LRCX,512807306,0000707549,14,6,USA,17195.6320,6278.3660,3657.7320,10917.2660,6278.3660,8150.8300,4605.2860,17227.0390,136.9750,426.150000000000
A,USD,STD,INDL,C,006565,2023-06-30,LAM RESEARCH CORP,LRCX,512807306,0000707549,14,6,USA,18781.6430,8210.1720,5374.6970,10571.4710,8210.1720,8207.7620,4510.9310,17428.5160,133.2970,642.860000000000
A,USD,STD,INDL,C,006565,2024-06-30,LAM RESEARCH CORP,LRCX,512807306,0000707549,14,6,USA,18744.7280,8539.4540,5847.8560,10205.2740,8539.4540,7513.6490,3827.7720,14905.3860,130.3770,1064.850000000000
A,USD,STD,INDL,C,006565,2025-06-30,LAM RESEARCH CORP,LRCX,512807306,0000707549,14,6,USA,21345.2600,9861.6190,6390.6590,11483.6410,9861.6190,9363.0300,5358.2170,18435.5910,1268.7400,97.340000000000
A,USD,STD,INDL,C,006788,2010-12-31,RANGE RESOURCES CORP,RRC,75281A109,0000315852,11,12,USA,5498.5860,2223.7610,2.8480,3274.8250,2223.7610,327.3060,-239.2560,962.3090,159.9090,44.980000000000
A,USD,STD,INDL,C,006788,2011-12-31,RANGE RESOURCES CORP,RRC,75281A109,0000315852,11,12,USA,5845.4700,2392.4200,0.0920,3453.0500,2392.4200,913.9860,57.7520,1215.5150,161.1320,61.940000000000
A,USD,STD,INDL,C,006788,2012-12-31,RANGE RESOURCES CORP,RRC,75281A109,0000315852,11,12,USA,6728.7350,2357.3920,0.2520,4371.3430,2357.3920,976.7510,13.0020,1408.2090,162.5140,62.830000000000
A,USD,STD,INDL,C,006788,2013-12-31,RANGE RESOURCES CORP,RRC,75281A109,0000315852,11,12,USA,7299.0860,2414.4520,0.3480,4884.6340,2414.4520,1203.0360,115.7220,1772.1480,163.3430,84.310000000000
A,USD,STD,INDL,C,006788,2014-12-31,RANGE RESOURCES CORP,RRC,75281A109,0000315852,11,12,USA,8746.7800,3457.4290,0.4480,5289.3510,3457.4290,1740.2430,634.3820,2418.5740,168.6280,53.450000000000
A,USD,STD,INDL,C,006788,2015-12-31,RANGE RESOURCES CORP,RRC,75281A109,0000315852,11,12,USA,6900.0310,2759.6580,0.4710,4140.3730,2759.6580,323.9280,-713.6850,1596.9300,169.3170,24.610000000000
A,USD,STD,INDL,C,006788,2016-12-31,RANGE RESOURCES CORP,RRC,75281A109,0000315852,11,12,USA,11282.2450,5408.3680,0.3140,5873.8770,5408.3680,199.3870,-521.3880,1099.0430,247.1440,34.360000000000
A,USD,STD,INDL,C,006788,2017-12-31,RANGE RESOURCES CORP,RRC,75281A109,0000315852,11,12,USA,11728.8410,5774.2720,0.4480,5954.5690,5774.2720,1386.8040,333.1460,2609.1110,248.1290,17.060000000000
A,USD,STD,INDL,C,006788,2018-12-31,RANGE RESOURCES CORP,RRC,75281A109,0000315852,11,12,USA,9708.1540,4059.4310,0.5450,5648.7230,4059.4310,1459.7720,-1746.4810,3281.9290,249.5100,9.570000000000
A,USD,STD,INDL,C,006788,2019-12-31,RANGE RESOURCES CORP,RRC,75281A109,0000315852,11,12,USA,6612.4030,2347.4880,0.5460,4264.9150,2347.4880,-2.5880,-1716.2970,2826.4780,249.6310,4.850000000000
A,USD,STD,INDL,C,006788,2020-12-31,RANGE RESOURCES CORP,RRC,75281A109,0000315852,11,12,USA,6136.9360,1637.5350,0.4580,4499.4010,1637.5350,496.4660,-711.7770,1967.0460,246.3480,6.700000000000
A,USD,STD,INDL,C,006788,2021-12-31,RANGE RESOURCES CORP,RRC,75281A109,0000315852,11,12,USA,6660.5070,2085.6630,214.4220,4574.8440,2085.6630,1283.8620,411.7780,2930.2230,249.7930,17.830000000000
A,USD,STD,INDL,C,006788,2022-12-31,RANGE RESOURCES CORP,RRC,75281A109,0000315852,11,12,USA,6625.5620,2876.0060,0.2070,3749.5560,2876.0060,2357.1610,1183.3700,4146.8030,238.8860,25.020000000000
A,USD,STD,INDL,C,006788,2023-12-31,RANGE RESOURCES CORP,RRC,75281A109,0000315852,11,12,USA,7203.8850,3765.5510,211.9740,3438.3340,3765.5510,1937.7820,871.1420,3374.4180,241.0400,30.440000000000
A,USD,STD,INDL,C,006788,2024-12-31,RANGE RESOURCES CORP,RRC,75281A109,0000315852,11,12,USA,7347.6750,3936.6570,304.4900,3411.0180,3936.6570,968.2080,266.3400,2403.6240,240.6690,35.980000000000
A,USD,STD,INDL,C,006788,2025-12-31,RANGE RESOURCES CORP,RRC,75281A109,0000315852,11,12,USA,7421.9480,4318.6810,0.2040,3103.2670,4318.6810,1565.8280,658.0240,3109.6990,235.4580,35.260000000000
A,USD,STD,INDL,C,007163,2010-12-31,S&P GLOBAL INC,SPGI,78409V104,0000064040,11,12,USA,7046.5610,2210.2960,1547.7520,4755.1700,2210.2960,3832.9030,828.0630,6168.3310,307.6210,36.410000000000
A,USD,STD,INDL,C,007163,2011-12-31,S&P GLOBAL INC,SPGI,78409V104,0000064040,11,12,USA,6427.0000,1508.0000,973.0000,4843.0000,1508.0000,3846.0000,911.0000,6246.0000,276.0000,44.970000000000
A,USD,STD,INDL,C,007163,2012-12-31,S&P GLOBAL INC,SPGI,78409V104,0000064040,11,12,USA,7052.0000,767.0000,761.0000,5402.0000,767.0000,2990.0000,437.0000,4450.0000,279.0000,54.670000000000
A,USD,STD,INDL,C,007163,2013-12-31,S&P GLOBAL INC,SPGI,78409V104,0000064040,11,12,USA,6061.0000,1301.0000,1560.0000,3907.0000,1301.0000,3291.0000,1376.0000,4875.0000,271.0000,78.200000000000
A,USD,STD,INDL,C,007163,2014-12-31,S&P GLOBAL INC,SPGI,78409V104,0000064040,11,12,USA,6771.0000,488.0000,2500.0000,5422.0000,488.0000,3424.0000,-115.0000,5051.0000,272.0000,88.980000000000
A,USD,STD,INDL,C,007163,2015-12-31,S&P GLOBAL INC,SPGI,78409V104,0000064040,11,12,USA,8183.0000,194.0000,1487.0000,7020.0000,194.0000,3641.0000,1156.0000,5313.0000,265.2000,98.580000000000
A,USD,STD,INDL,C,007163,2016-12-31,S&P GLOBAL INC,SPGI,78409V104,0000064040,11,12,USA,8669.0000,650.0000,2400.0000,6888.0000,650.0000,3892.0000,2106.0000,5661.0000,258.3000,107.540000000000
A,USD,STD,INDL,C,007163,2017-12-31,S&P GLOBAL INC,SPGI,78409V104,0000064040,11,12,USA,9425.0000,711.0000,2791.0000,7307.0000,711.0000,4350.0000,1496.0000,6063.0000,253.7000,169.400000000000
A,USD,STD,INDL,C,007163,2018-12-31,S&P GLOBAL INC,SPGI,78409V104,0000064040,11,12,USA,9458.0000,628.0000,1976.0000,7154.0000,628.0000,4557.0000,1958.0000,6258.0000,248.4000,169.940000000000
A,USD,STD,INDL,C,007163,2019-12-31,S&P GLOBAL INC,SPGI,78409V104,0000064040,11,12,USA,11348.0000,479.0000,2914.0000,8544.0000,479.0000,4898.0000,2123.0000,6699.0000,244.0000,273.050000000000
A,USD,STD,INDL,C,007163,2020-12-31,S&P GLOBAL INC,SPGI,78409V104,0000064040,11,12,USA,12537.0000,509.0000,4131.0000,9185.0000,509.0000,5350.0000,2339.0000,7442.0000,240.6000,328.730000000000
A,USD,STD,INDL,C,007163,2021-12-31,S&P GLOBAL INC,SPGI,78409V104,0000064040,11,12,USA,15026.0000,2032.0000,6516.0000,9490.0000,2032.0000,6102.0000,3024.0000,8297.0000,241.0000,471.930000000000
A,USD,STD,INDL,C,007163,2022-12-31,S&P GLOBAL INC,SPGI,78409V104,0000064040,11,12,USA,61784.0000,36388.0000,1301.0000,22040.0000,36388.0000,7415.0000,3248.0000,11181.0000,321.9000,334.940000000000
A,USD,STD,INDL,C,007163,2023-12-31,S&P GLOBAL INC,SPGI,78409V104,0000064040,11,12,USA,60589.0000,34200.0000,1317.0000,22489.0000,34200.0000,8356.0000,2626.0000,12497.0000,314.1000,440.520000000000
A,USD,STD,INDL,C,007163,2024-12-31,S&P GLOBAL INC,SPGI,78409V104,0000064040,11,12,USA,60221.0000,33159.0000,1686.0000,22713.0000,33159.0000,9817.0000,3852.0000,14208.0000,307.8000,498.030000000000
A,USD,STD,INDL,C,007163,2025-12-31,S&P GLOBAL INC,SPGI,78409V104,0000064040,11,12,USA,61200.0000,31127.0000,1801.0000,25048.0000,31127.0000,10773.0000,4471.0000,15336.0000,298.8000,522.590000000000
A,USD,STD,INDL,C,007241,2010-12-31,CVS HEALTH CORP,CVS,126650100,0000064803,11,12,USA,62169.0000,37700.0000,1431.0000,24435.0000,37700.0000,21726.0000,3427.0000,96413.0000,1363.0000,34.770000000000
A,USD,STD,INDL,C,007241,2011-12-31,CVS HEALTH CORP,CVS,126650100,0000064803,11,12,USA,64543.0000,38051.0000,1418.0000,26462.0000,38051.0000,22129.0000,3461.0000,107100.0000,1298.0000,40.780000000000
A,USD,STD,INDL,C,007241,2012-12-31,CVS HEALTH CORP,CVS,126650100,0000064803,11,12,USA,65912.0000,37704.0000,1380.0000,28208.0000,37704.0000,24259.0000,3877.0000,123133.0000,1231.0000,48.350000000000
A,USD,STD,INDL,C,007241,2013-12-31,CVS HEALTH CORP,CVS,126650100,0000064803,11,12,USA,71526.0000,37938.0000,4177.0000,33588.0000,37938.0000,25653.0000,4592.0000,126761.0000,1180.0000,71.570000000000
A,USD,STD,INDL,C,007241,2014-12-31,CVS HEALTH CORP,CVS,126650100,0000064803,11,12,USA,74252.0000,37958.0000,2515.0000,36289.0000,37958.0000,27298.0000,4644.0000,139367.0000,1140.0000,96.310000000000
A,USD,STD,INDL,C,007241,2015-12-31,CVS HEALTH CORP,CVS,126650100,0000064803,11,12,USA,93657.0000,37196.0000,2547.0000,56415.0000,37196.0000,28620.0000,5237.0000,153290.0000,1101.0000,97.770000000000
A,USD,STD,INDL,C,007241,2016-12-31,CVS HEALTH CORP,CVS,126650100,0000064803,11,12,USA,94462.0000,36830.0000,3458.0000,57628.0000,36830.0000,31378.0000,5317.0000,177526.0000,1061.0000,78.910000000000
A,USD,STD,INDL,C,007241,2017-12-31,CVS HEALTH CORP,CVS,126650100,0000064803,11,12,USA,95131.0000,37691.0000,1821.0000,57436.0000,37691.0000,31026.0000,6622.0000,184765.0000,1014.0000,72.500000000000
A,USD,STD,INDL,C,007241,2018-12-31,CVS HEALTH CORP,CVS,126650100,0000064803,11,12,USA,196456.0000,58225.0000,6587.0000,137913.0000,58225.0000,33250.0000,-594.0000,194579.0000,1295.0000,65.520000000000
A,USD,STD,INDL,C,007241,2019-12-31,CVS HEALTH CORP,CVS,126650100,0000064803,11,12,USA,222449.0000,63864.0000,8056.0000,158279.0000,63864.0000,47463.0000,6634.0000,256776.0000,1302.0000,74.290000000000
A,USD,STD,INDL,C,007241,2020-12-31,CVS HEALTH CORP,CVS,126650100,0000064803,11,12,USA,230715.0000,69389.0000,10854.0000,161014.0000,69389.0000,50839.0000,7179.0000,268399.0000,1310.0000,68.300000000000
A,USD,STD,INDL,C,007241,2021-12-31,CVS HEALTH CORP,CVS,126650100,0000064803,11,12,USA,232999.0000,75075.0000,15590.0000,157618.0000,75075.0000,54301.0000,7910.0000,292111.0000,1322.0000,103.160000000000
A,USD,STD,INDL,C,007241,2022-12-31,CVS HEALTH CORP,CVS,126650100,0000064803,11,12,USA,228275.0000,71015.0000,15867.0000,156960.0000,71015.0000,56733.0000,4149.0000,322467.0000,1300.0000,93.190000000000
A,USD,STD,INDL,C,007241,2023-12-31,CVS HEALTH CORP,CVS,126650100,0000064803,11,12,USA,249728.0000,76461.0000,11545.0000,173092.0000,76461.0000,56892.0000,8344.0000,357776.0000,1288.0000,78.960000000000
A,USD,STD,INDL,C,007241,2024-12-31,CVS HEALTH CORP,CVS,126650100,0000064803,11,12,USA,253215.0000,75560.0000,11088.0000,177485.0000,75560.0000,53973.0000,4614.0000,372809.0000,1260.0000,44.890000000000
A,USD,STD,INDL,C,007241,2025-12-31,CVS HEALTH CORP,CVS,126650100,0000064803,11,12,USA,253538.0000,75214.0000,10657.0000,178156.0000,75214.0000,57992.0000,1768.0000,402067.0000,1271.0000,79.360000000000
A,USD,STD,INDL,C,007257,2010-12-31,MERCK & CO INC,MRK,58933Y105,0000310158,11,12,USA,105781.0000,54376.0000,12201.0000,48976.0000,54376.0000,37071.0000,861.0000,45987.0000,3082.1070,36.040000000000
A,USD,STD,INDL,C,007257,2011-12-31,MERCK & CO INC,MRK,58933Y105,0000310158,11,12,USA,105128.0000,54517.0000,14972.0000,48185.0000,54517.0000,38743.0000,6272.0000,48047.0000,3040.8380,37.700000000000
A,USD,STD,INDL,C,007257,2012-12-31,MERCK & CO INC,MRK,58933Y105,0000310158,11,12,USA,106132.0000,53020.0000,16141.0000,50669.0000,53020.0000,37888.0000,6168.0000,47267.0000,3026.6350,40.940000000000
A,USD,STD,INDL,C,007257,2013-12-31,MERCK & CO INC,MRK,58933Y105,0000310158,11,12,USA,105645.0000,49765.0000,17486.0000,53319.0000,49765.0000,34463.0000,4404.0000,44033.0000,2927.5270,50.050000000000
A,USD,STD,INDL,C,007257,2014-12-31,MERCK & CO INC,MRK,58933Y105,0000310158,11,12,USA,98335.0000,48647.0000,15719.0000,49544.0000,48647.0000,32796.0000,11920.0000,42237.0000,2838.1400,56.790000000000
A,USD,STD,INDL,C,007257,2015-12-31,MERCK & CO INC,MRK,58933Y105,0000310158,11,12,USA,101779.0000,44676.0000,13427.0000,57012.0000,44676.0000,31284.0000,4442.0000,39498.0000,2781.1290,52.820000000000
A,USD,STD,INDL,C,007257,2016-12-31,MERCK & CO INC,MRK,58933Y105,0000310158,11,12,USA,95377.0000,40088.0000,14341.0000,55069.0000,40088.0000,31658.0000,3920.0000,39807.0000,2748.7310,58.870000000000
A,USD,STD,INDL,C,007257,2017-12-31,MERCK & CO INC,MRK,58933Y105,0000310158,11,12,USA,87872.0000,34336.0000,8498.0000,53303.0000,34336.0000,32196.0000,2394.0000,40122.0000,2696.6120,56.270000000000
A,USD,STD,INDL,C,007257,2018-12-31,MERCK & CO INC,MRK,58933Y105,0000310158,11,12,USA,82637.0000,26701.0000,8864.0000,55755.0000,26701.0000,33123.0000,6220.0000,42294.0000,2592.5600,76.410000000000
A,USD,STD,INDL,C,007257,2019-12-31,MERCK & CO INC,MRK,58933Y105,0000310158,11,12,USA,84397.0000,25907.0000,10706.0000,58396.0000,25907.0000,37165.0000,9843.0000,46840.0000,2539.0170,90.950000000000
A,USD,STD,INDL,C,007257,2020-12-31,MERCK & CO INC,MRK,58933Y105,0000310158,11,12,USA,91588.0000,25317.0000,8164.0000,66184.0000,25317.0000,38027.0000,7067.0000,47994.0000,2530.2260,81.800000000000
A,USD,STD,INDL,C,007257,2021-12-31,MERCK & CO INC,MRK,58933Y105,0000310158,11,12,USA,105694.0000,38184.0000,8158.0000,67437.0000,38184.0000,38625.0000,13049.0000,48704.0000,2527.6040,76.640000000000
A,USD,STD,INDL,C,007257,2022-12-31,MERCK & CO INC,MRK,58933Y105,0000310158,11,12,USA,109160.0000,45991.0000,13271.0000,63102.0000,45991.0000,45914.0000,14519.0000,59283.0000,2537.8340,110.950000000000
A,USD,STD,INDL,C,007257,2023-12-31,MERCK & CO INC,MRK,58933Y105,0000310158,11,12,USA,106675.0000,37581.0000,7161.0000,69040.0000,37581.0000,47941.0000,365.0000,60115.0000,2531.6330,109.020000000000
A,USD,STD,INDL,C,007257,2024-12-31,MERCK & CO INC,MRK,58933Y105,0000310158,11,12,USA,117106.0000,46313.0000,13765.0000,70734.0000,46313.0000,53715.0000,17117.0000,64168.0000,2527.6370,99.480000000000
A,USD,STD,INDL,C,007257,2025-12-31,MERCK & CO INC,MRK,58933Y105,0000310158,11,12,USA,136866.0000,52606.0000,14690.0000,84204.0000,52606.0000,54877.0000,18254.0000,65011.0000,2474.6270,105.260000000000
A,USD,STD,INDL,C,007343,2010-08-31,MICRON TECHNOLOGY INC,MU,595112103,0000723125,14,8,USA,14693.0000,8020.0000,2913.0000,4877.0000,8020.0000,4636.0000,1850.0000,8482.0000,994.5000,6.458500000000
A,USD,STD,INDL,C,007343,2011-08-31,MICRON TECHNOLOGY INC,MU,595112103,0000723125,14,8,USA,14752.0000,8470.0000,2160.0000,4900.0000,8470.0000,3863.0000,167.0000,8788.0000,984.3000,5.910000000000
A,USD,STD,INDL,C,007343,2012-08-31,MICRON TECHNOLOGY INC,MU,595112103,0000723125,14,8,USA,14328.0000,7700.0000,2559.0000,5911.0000,7700.0000,3167.0000,-1032.0000,8292.0000,1017.7000,6.210000000000
A,USD,STD,INDL,C,007343,2013-08-31,MICRON TECHNOLOGY INC,MU,595112103,0000723125,14,8,USA,19118.0000,9142.0000,3657.0000,9112.0000,9142.0000,3611.0000,1190.0000,9073.0000,1044.4000,13.570000000000
A,USD,STD,INDL,C,007343,2014-08-31,MICRON TECHNOLOGY INC,MU,595112103,0000723125,14,8,USA,22498.0000,10771.0000,4534.0000,10868.0000,10828.0000,7540.0000,3045.0000,16358.0000,1073.0000,32.600000000000
A,USD,STD,INDL,C,007343,2015-08-31,MICRON TECHNOLOGY INC,MU,595112103,0000723125,14,8,USA,24143.0000,12302.0000,3521.0000,10855.0000,12351.0000,7882.0000,2899.0000,16192.0000,1039.0000,16.410000000000
A,USD,STD,INDL,C,007343,2016-08-31,MICRON TECHNOLOGY INC,MU,595112103,0000723125,14,8,USA,27540.0000,12080.0000,4398.0000,14612.0000,12080.0000,5485.0000,-276.0000,12399.0000,1040.0000,16.490000000000
A,USD,STD,INDL,C,007343,2017-08-31,MICRON TECHNOLOGY INC,MU,595112103,0000723125,14,8,USA,35336.0000,18621.0000,5428.0000,15845.0000,18642.0000,12409.0000,5089.0000,20322.0000,1112.0000,31.970000000000
A,USD,STD,INDL,C,007343,2018-08-31,MICRON TECHNOLOGY INC,MU,595112103,0000723125,14,8,USA,43376.0000,32294.0000,6802.0000,10112.0000,32297.0000,22551.0000,14135.0000,30391.0000,1161.0000,52.520000000000
A,USD,STD,INDL,C,007343,2019-08-31,MICRON TECHNOLOGY INC,MU,595112103,0000723125,14,8,USA,48887.0000,35881.0000,7955.0000,12019.0000,35881.0000,16042.0000,6313.0000,23406.0000,1106.0000,45.270000000000
A,USD,STD,INDL,C,007343,2020-08-31,MICRON TECHNOLOGY INC,MU,595112103,0000723125,14,8,USA,53678.0000,38996.0000,8142.0000,14682.0000,38996.0000,12122.0000,2687.0000,21435.0000,1113.0000,45.510000000000
A,USD,STD,INDL,C,007343,2021-08-31,MICRON TECHNOLOGY INC,MU,595112103,0000723125,14,8,USA,58849.0000,43933.0000,8633.0000,14916.0000,43933.0000,16979.0000,5861.0000,27705.0000,1119.0000,73.700000000000
A,USD,STD,INDL,C,007343,2022-08-31,MICRON TECHNOLOGY INC,MU,595112103,0000723125,14,8,USA,66283.0000,49907.0000,9331.0000,16376.0000,49907.0000,21014.0000,8687.0000,30758.0000,1094.0000,56.530000000000
A,USD,STD,INDL,C,007343,2023-08-31,MICRON TECHNOLOGY INC,MU,595112103,0000723125,14,8,USA,64254.0000,44120.0000,9594.0000,20134.0000,44120.0000,7327.0000,-5833.0000,15540.0000,1098.0000,69.940000000000
A,USD,STD,INDL,C,007343,2024-08-31,MICRON TECHNOLOGY INC,MU,595112103,0000723125,14,8,USA,69416.0000,45131.0000,8106.0000,24285.0000,45131.0000,12408.0000,778.0000,25111.0000,1109.0000,96.240000000000
A,USD,STD,INDL,C,007343,2025-08-31,MICRON TECHNOLOGY INC,MU,595112103,0000723125,14,8,USA,82798.0000,54165.0000,10311.0000,28633.0000,54165.0000,23224.0000,8539.0000,37378.0000,1122.0000,119.010000000000
A,USD,STD,INDL,C,007637,2010-12-31,VIATRIS INC,VTRS,92556V106,0001792044,14,12,USA,11536.8040,3601.8790,715.1090,7921.4030,3601.8790,2650.6850,345.1150,5450.5220,436.1110,21.130000000000
A,USD,STD,INDL,C,007637,2011-12-31,VIATRIS INC,VTRS,92556V106,0001792044,14,12,USA,11598.1430,3491.7750,415.0160,8093.3610,3491.7750,3082.4520,536.8100,6129.8250,426.6780,21.460000000000
A,USD,STD,INDL,C,007637,2012-12-31,VIATRIS INC,VTRS,92556V106,0001792044,14,12,USA,11931.8970,3340.7180,374.3970,8576.0690,3340.7180,3520.6080,640.8500,6796.1100,395.2050,27.450000000000
A,USD,STD,INDL,C,007637,2013-12-31,VIATRIS INC,VTRS,92556V106,0001792044,14,12,USA,15236.3410,2941.8170,447.7990,12276.4340,2941.8170,3611.0400,623.7110,6909.1430,371.6040,43.400000000000
A,USD,STD,INDL,C,007637,2014-12-31,VIATRIS INC,VTRS,92556V106,0001792044,14,12,USA,15886.6000,3255.9000,387.8000,12610.6000,3255.9000,4208.3000,929.4000,7719.6000,375.2230,56.370000000000
A,USD,STD,INDL,C,007637,2015-12-31,VIATRIS INC,VTRS,92556V106,0001792044,14,12,USA,22267.7000,9764.4000,1396.6000,12501.9000,9764.4000,5383.0000,847.6000,9429.3000,490.6170,54.070000000000
A,USD,STD,INDL,C,007637,2016-12-31,VIATRIS INC,VTRS,92556V106,0001792044,14,12,USA,34726.2000,11116.2000,1260.2000,23608.6000,11116.2000,6277.9000,480.0000,11076.9000,535.3280,38.150000000000
A,USD,STD,INDL,C,007637,2017-12-31,VIATRIS INC,VTRS,92556V106,0001792044,14,12,USA,35806.3000,13307.6000,480.5000,22498.7000,13307.6000,6620.4000,696.0000,11907.7000,524.2070,42.310000000000
A,USD,STD,INDL,C,007637,2018-12-31,VIATRIS INC,VTRS,92556V106,0001792044,14,12,USA,32734.9000,12167.1000,446.8000,20567.8000,12167.1000,6233.9000,352.5000,11433.9000,515.7990,27.400000000000
A,USD,STD,INDL,C,007637,2019-12-31,VIATRIS INC,VTRS,92556V106,0001792044,14,12,USA,31255.5000,11883.8000,556.9000,19371.7000,11883.8000,6210.1000,16.8000,11500.5000,516.1490,20.100000000000
A,USD,STD,INDL,C,007637,2020-12-31,VIATRIS INC,VTRS,92556V106,0001792044,14,12,USA,61553.0000,22954.1000,934.9000,38598.9000,22954.1000,6717.0000,-669.9000,12032.5000,1206.8960,18.740000000000
A,USD,STD,INDL,C,007637,2021-12-31,VIATRIS INC,VTRS,92556V106,0001792044,14,12,USA,54842.8000,20492.7000,790.4000,34350.1000,20492.7000,10878.1000,-1269.1000,17886.3000,1209.5070,13.530000000000
A,USD,STD,INDL,C,007637,2022-12-31,VIATRIS INC,VTRS,92556V106,0001792044,14,12,USA,50022.2000,21072.3000,1337.8000,28949.9000,21072.3000,9713.7000,2078.6000,16262.7000,1213.7930,11.130000000000
A,USD,STD,INDL,C,007637,2023-12-31,VIATRIS INC,VTRS,92556V106,0001792044,14,12,USA,47685.5000,20467.4000,1079.9000,27218.1000,20467.4000,9379.5000,54.7000,15426.9000,1200.7550,10.830000000000
A,USD,STD,INDL,C,007637,2024-12-31,VIATRIS INC,VTRS,92556V106,0001792044,14,12,USA,41500.9000,18635.5000,829.6000,22865.4000,18635.5000,8839.5000,-634.2000,14739.3000,1193.6480,12.450000000000
A,USD,STD,INDL,C,007637,2025-12-31,VIATRIS INC,VTRS,92556V106,0001792044,14,12,USA,37193.1000,14711.3000,1454.4000,22481.8000,14711.3000,8379.6000,-3514.9000,14299.9000,1151.2150,12.450000000000
A,USD,STD,INDL,C,007733,2010-09-30,NATIONAL FUEL GAS CO,NFG,636180101,0000070145,11,9,USA,5105.6250,1745.9710,397.1710,3359.6540,1745.9710,631.6500,225.9130,1760.5030,82.0750,51.810000000000
A,USD,STD,INDL,C,007733,2011-09-30,NATIONAL FUEL GAS CO,NFG,636180101,0000070145,11,9,USA,5284.7420,1891.8850,80.4280,3392.8570,1891.8850,667.6890,258.4020,1778.8420,82.8130,48.680000000000
A,USD,STD,INDL,C,007733,2012-09-30,NATIONAL FUEL GAS CO,NFG,636180101,0000070145,11,9,USA,5935.1420,1960.0950,74.4940,3975.0470,1960.0950,733.3790,220.0770,1626.8530,83.3300,54.040000000000
A,USD,STD,INDL,C,007733,2013-09-30,NATIONAL FUEL GAS CO,NFG,636180101,0000070145,11,9,USA,6218.3470,2194.7290,64.8580,4023.6180,2194.7290,844.5980,260.0010,1829.5510,83.6620,68.760000000000
A,USD,STD,INDL,C,007733,2014-09-30,NATIONAL FUEL GAS CO,NFG,636180101,0000070145,11,9,USA,6739.5970,2410.6830,36.8860,4328.9140,2410.6830,953.4540,299.4130,2113.0810,84.1570,69.990000000000
A,USD,STD,INDL,C,007733,2015-09-30,NATIONAL FUEL GAS CO,NFG,636180101,0000070145,11,9,USA,6702.1390,2025.4400,113.5960,4676.6990,2025.4400,843.4010,-379.4270,1760.9130,84.5940,49.980000000000
A,USD,STD,INDL,C,007733,2016-09-30,NATIONAL FUEL GAS CO,NFG,636180101,0000070145,11,9,USA,5636.3870,1527.0040,129.9720,4109.3830,1527.0040,789.0610,-290.9580,1452.4160,85.1190,54.070000000000
A,USD,STD,INDL,C,007733,2017-09-30,NATIONAL FUEL GAS CO,NFG,636180101,0000070145,11,9,USA,6103.3200,1703.7350,555.5300,4399.5850,1703.7350,777.0400,283.4820,1579.8810,85.5430,56.610000000000
A,USD,STD,INDL,C,007733,2018-09-30,NATIONAL FUEL GAS CO,NFG,636180101,0000070145,11,9,USA,6036.4860,1937.3300,229.6060,4099.1560,1937.3300,728.0470,391.5210,1592.6680,85.9570,56.060000000000
A,USD,STD,INDL,C,007733,2019-09-30,NATIONAL FUEL GAS CO,NFG,636180101,0000070145,11,9,USA,6462.1570,2139.0250,20.4280,4323.1320,2139.0250,787.4690,304.2900,1693.3320,86.3150,46.920000000000
A,USD,STD,INDL,C,007733,2020-09-30,NATIONAL FUEL GAS CO,NFG,636180101,0000070145,11,9,USA,6964.9350,1971.9860,20.5410,4992.9490,1971.9860,785.4540,-123.7720,1546.2910,90.9550,40.590000000000
A,USD,STD,INDL,C,007733,2021-09-30,NATIONAL FUEL GAS CO,NFG,636180101,0000070145,11,9,USA,7464.8250,1786.2060,31.5280,5678.6190,1786.2060,1000.3130,363.6470,1742.6590,91.1820,52.520000000000
A,USD,STD,INDL,C,007733,2022-09-30,NATIONAL FUEL GAS CO,NFG,636180101,0000070145,11,9,USA,7896.2620,2079.8960,46.0480,5816.3660,2079.8960,1136.6310,566.0210,2141.4140,91.4780,61.550000000000
A,USD,STD,INDL,C,007733,2023-09-30,NATIONAL FUEL GAS CO,NFG,636180101,0000070145,11,9,USA,8280.2600,2963.3760,55.4470,5316.8840,2963.3760,1164.7200,476.8660,2173.7710,91.8190,51.910000000000
A,USD,STD,INDL,C,007733,2024-09-30,NATIONAL FUEL GAS CO,NFG,636180101,0000070145,11,9,USA,8319.7700,2848.3430,38.2220,5471.4270,2848.3430,1185.8790,77.5130,1944.8100,91.0060,60.610000000000
A,USD,STD,INDL,C,007733,2025-09-30,NATIONAL FUEL GAS CO,NFG,636180101,0000070145,11,9,USA,8719.1040,3094.6040,43.1660,5624.5000,3094.6040,1411.8550,518.5040,2277.5410,90.3790,92.370000000000
A,USD,STD,INDL,C,007849,2010-09-30,NEW JERSEY RESOURCES CORP,NJR,646025106,0000356309,11,9,USA,2563.1330,725.4830,0.9430,1837.6500,725.4830,220.3920,117.4570,2639.3040,41.1740,39.220000000000
A,USD,STD,INDL,C,007849,2011-09-30,NEW JERSEY RESOURCES CORP,NJR,646025106,0000356309,11,9,USA,2649.4440,776.2570,7.4400,1873.1870,776.2570,177.3710,101.2990,3009.2090,41.4220,42.570000000000
A,USD,STD,INDL,C,007849,2012-09-30,NEW JERSEY RESOURCES CORP,NJR,646025106,0000356309,11,9,USA,2770.0050,813.8650,4.5090,1956.1400,813.8650,150.3330,92.8790,2248.9230,41.6200,45.720000000000
A,USD,STD,INDL,C,007849,2013-09-30,NEW JERSEY RESOURCES CORP,NJR,646025106,0000356309,11,9,USA,3004.7830,887.3840,2.9690,2117.3990,887.3840,206.5410,114.8090,3198.0680,41.9620,44.050000000000
A,USD,STD,INDL,C,007849,2014-09-30,NEW JERSEY RESOURCES CORP,NJR,646025106,0000356309,11,9,USA,3158.8040,966.1660,2.1510,2192.6380,966.1660,253.9320,141.9700,3738.1450,42.1780,50.510000000000
A,USD,STD,INDL,C,007849,2015-09-30,NEW JERSEY RESOURCES CORP,NJR,646025106,0000356309,11,9,USA,3339.0380,1106.9560,4.9280,2232.0820,1106.9560,309.8500,180.9600,2733.9870,85.5310,30.030000000000
A,USD,STD,INDL,C,007849,2016-09-30,NEW JERSEY RESOURCES CORP,NJR,646025106,0000356309,11,9,USA,3727.0820,1166.5910,37.5460,2560.4910,1166.5910,240.2830,131.6720,1880.9050,86.0860,32.860000000000
A,USD,STD,INDL,C,007849,2017-09-30,NEW JERSEY RESOURCES CORP,NJR,646025106,0000356309,11,9,USA,3928.5070,1236.6430,2.2260,2691.8640,1236.6430,248.8850,132.0650,2268.6170,86.5560,42.150000000000
A,USD,STD,INDL,C,007849,2018-09-30,NEW JERSEY RESOURCES CORP,NJR,646025106,0000356309,11,9,USA,4143.6640,1418.9780,1.4580,2724.6860,1418.9780,281.7770,233.4360,2915.1090,88.2930,46.100000000000
A,USD,STD,INDL,C,007849,2019-09-30,NEW JERSEY RESOURCES CORP,NJR,646025106,0000356309,11,9,USA,4372.9850,1551.7170,2.6760,2821.2680,1551.7170,245.6650,169.5050,2592.0450,89.9990,45.220000000000
A,USD,STD,INDL,C,007849,2020-09-30,NEW JERSEY RESOURCES CORP,NJR,646025106,0000356309,11,9,USA,5569.8020,1844.6920,117.0120,3725.1100,1844.6920,336.2770,193.9190,1953.6680,95.9490,27.020000000000
A,USD,STD,INDL,C,007849,2021-09-30,NEW JERSEY RESOURCES CORP,NJR,646025106,0000356309,11,9,USA,5722.2780,1630.8620,4.7490,4091.4160,1630.8620,399.7370,117.8900,2156.6130,95.7100,34.810000000000
A,USD,STD,INDL,C,007849,2022-09-30,NEW JERSEY RESOURCES CORP,NJR,646025106,0000356309,11,9,USA,6261.4160,1817.2100,1.1070,4444.2060,1817.2100,535.7240,274.9220,2905.9790,96.2500,38.700000000000
A,USD,STD,INDL,C,007849,2023-09-30,NEW JERSEY RESOURCES CORP,NJR,646025106,0000356309,11,9,USA,6537.4960,1990.7350,0.9540,4546.7610,1990.7350,559.9410,264.7240,1962.9940,97.5840,40.630000000000
A,USD,STD,INDL,C,007849,2024-09-30,NEW JERSEY RESOURCES CORP,NJR,646025106,0000356309,11,9,USA,6981.6450,2200.4430,1.0170,4781.2020,2200.4430,624.6710,289.7750,1796.5390,99.4610,47.200000000000
A,USD,STD,INDL,C,007849,2025-09-30,NEW JERSEY RESOURCES CORP,NJR,646025106,0000356309,11,9,USA,7578.7750,2391.6660,0.5910,5187.1090,2391.6660,639.4410,335.6270,2036.4120,100.4790,48.150000000000
A,USD,STD,INDL,C,007881,2010-12-31,NEWMONT CORP,NEM,651639106,0001164727,11,12,USA,25663.0000,13345.0000,4169.0000,9947.0000,13345.0000,5791.0000,2277.0000,9540.0000,492.7290,61.430000000000
A,USD,STD,INDL,C,007881,2011-12-31,NEWMONT CORP,NEM,651639106,0001164727,11,12,USA,27474.0000,12896.0000,1874.0000,11703.0000,12896.0000,4142.0000,366.0000,10358.0000,494.7270,60.010000000000
A,USD,STD,INDL,C,007881,2012-12-31,NEWMONT CORP,NEM,651639106,0001164727,11,12,USA,29650.0000,13773.0000,1659.0000,12702.0000,13773.0000,5199.0000,1809.0000,9868.0000,496.7230,46.440000000000
A,USD,STD,INDL,C,007881,2013-12-31,NEWMONT CORP,NEM,651639106,0001164727,11,12,USA,24764.0000,10141.0000,1633.0000,11700.0000,10141.0000,-1335.0000,-2462.0000,8322.0000,497.6780,23.030000000000
A,USD,STD,INDL,C,007881,2014-12-31,NEWMONT CORP,NEM,651639106,0001164727,11,12,USA,24916.0000,10274.0000,2476.0000,11827.0000,10274.0000,2644.0000,508.0000,7292.0000,498.6700,18.900000000000
A,USD,STD,INDL,C,007881,2015-12-31,NEWMONT CORP,NEM,651639106,0001164727,11,12,USA,25182.0000,11350.0000,2816.0000,10890.0000,11350.0000,3268.0000,220.0000,7729.0000,529.6500,17.990000000000
A,USD,STD,INDL,C,007881,2016-12-31,NEWMONT CORP,NEM,651639106,0001164727,11,12,USA,21031.0000,10721.0000,2812.0000,9157.0000,10721.0000,1957.0000,-627.0000,6711.0000,530.4650,34.070000000000
A,USD,STD,INDL,C,007881,2017-12-31,NEWMONT CORP,NEM,651639106,0001164727,11,12,USA,20563.0000,10609.0000,3322.0000,8933.0000,10609.0000,3294.0000,-98.0000,7348.0000,533.0850,37.520000000000
A,USD,STD,INDL,C,007881,2018-12-31,NEWMONT CORP,NEM,651639106,0001164727,11,12,USA,20715.0000,10502.0000,3446.0000,9203.0000,10502.0000,2820.0000,341.0000,7253.0000,533.0000,34.650000000000
A,USD,STD,INDL,C,007881,2019-12-31,NEWMONT CORP,NEM,651639106,0001164727,11,12,USA,39974.0000,21420.0000,2482.0000,17557.0000,21420.0000,4509.0000,2805.0000,9740.0000,808.0000,43.450000000000
A,USD,STD,INDL,C,007881,2020-12-31,NEWMONT CORP,NEM,651639106,0001164727,11,12,USA,41369.0000,23008.0000,5832.0000,17490.0000,23008.0000,6468.0000,2829.0000,11497.0000,800.0000,59.890000000000
A,USD,STD,INDL,C,007881,2021-12-31,NEWMONT CORP,NEM,651639106,0001164727,11,12,USA,40564.0000,22022.0000,5076.0000,18703.0000,22022.0000,6761.0000,1166.0000,12222.0000,792.0000,62.020000000000
A,USD,STD,INDL,C,007881,2022-12-31,NEWMONT CORP,NEM,651639106,0001164727,11,12,USA,38482.0000,19354.0000,3758.0000,18949.0000,19354.0000,5429.0000,-429.0000,11915.0000,793.0000,47.200000000000
A,USD,STD,INDL,C,007881,2023-12-31,NEWMONT CORP,NEM,651639106,0001164727,11,12,USA,55506.0000,29027.0000,3036.0000,26301.0000,29027.0000,5092.0000,-2494.0000,11812.0000,1152.0000,41.390000000000
A,USD,STD,INDL,C,007881,2024-12-31,NEWMONT CORP,NEM,651639106,0001164727,11,12,USA,56349.0000,29928.0000,3641.0000,26240.0000,29928.0000,9682.0000,3348.0000,18682.0000,1127.0000,37.220000000000
A,USD,STD,INDL,C,007881,2025-12-31,NEWMONT CORP,NEM,651639106,0001164727,11,12,USA,57121.0000,33867.0000,8244.0000,23079.0000,33867.0000,14486.0000,7085.0000,22669.0000,1089.0000,99.850000000000
I,USD,STD,INDL,C,007912,2010-12-31,NOBLE ENERGY INC,NBL,655044105,0000072207,14,12,USA,13282.0000,6848.0000,1081.0000,6434.0000,6848.0000,2153.0000,725.0000,2904.0000,176.7900,86.080000000000
I,USD,STD,INDL,C,007912,2011-12-31,NOBLE ENERGY INC,NBL,655044105,0000072207,14,12,USA,16444.0000,7265.0000,1455.0000,9179.0000,7265.0000,2127.0000,453.0000,3568.0000,177.9200,94.390000000000
I,USD,STD,INDL,C,007912,2012-12-31,NOBLE ENERGY INC,NBL,655044105,0000072207,14,12,USA,17554.0000,8258.0000,1387.0000,9296.0000,8258.0000,3235.0000,1027.0000,4037.0000,179.5740,101.740000000000
I,USD,STD,INDL,C,007912,2013-12-31,NOBLE ENERGY INC,NBL,655044105,0000072207,14,12,USA,19642.0000,9184.0000,1117.0000,10458.0000,9184.0000,3830.0000,978.0000,4809.0000,362.2420,68.110000000000
I,USD,STD,INDL,C,007912,2014-12-31,NOBLE ENERGY INC,NBL,655044105,0000072207,14,12,USA,22553.0000,10325.0000,1183.0000,12228.0000,10325.0000,3435.0000,1214.0000,4931.0000,364.6930,47.430000000000
I,USD,STD,INDL,C,007912,2015-12-31,NOBLE ENERGY INC,NBL,655044105,0000072207,14,12,USA,24196.0000,10370.0000,1028.0000,13826.0000,10370.0000,1452.0000,-2441.0000,3043.0000,431.7930,32.930000000000
I,USD,STD,INDL,C,007912,2016-12-31,NOBLE ENERGY INC,NBL,655044105,0000072207,14,12,USA,21011.0000,9288.0000,1210.0000,11411.0000,9288.0000,2179.0000,-998.0000,3389.0000,433.3990,38.060000000000
I,USD,STD,INDL,C,007912,2017-12-31,NOBLE ENERGY INC,NBL,655044105,0000072207,14,12,USA,21476.0000,9936.0000,713.0000,10857.0000,9936.0000,2831.0000,-1118.0000,4060.0000,489.9560,29.140000000000
I,USD,STD,INDL,C,007912,2018-12-31,NOBLE ENERGY INC,NBL,655044105,0000072207,14,12,USA,21010.0000,9426.0000,719.0000,10526.0000,9426.0000,2688.0000,-66.0000,4461.0000,482.2030,18.760000000000
I,USD,STD,INDL,C,007912,2019-12-31,NOBLE ENERGY INC,NBL,655044105,0000072207,14,12,USA,20647.0000,8410.0000,484.0000,11486.0000,8410.0000,1059.0000,-1512.0000,3904.0000,484.9340,24.840000000000
A,USD,STD,INDL,C,008151,2010-12-31,ONEOK INC,OKE,682680103,0001039684,11,12,USA,12499.1750,2448.6230,31.0340,8578.3340,2448.6230,1232.7150,334.6320,13030.0510,106.8160,55.470000000000
A,USD,STD,INDL,C,008151,2011-12-31,ONEOK INC,OKE,682680103,0001039684,11,12,USA,13696.6350,2238.5730,65.9530,9896.9030,2238.5730,1472.0360,360.5940,14805.7940,103.2550,86.690000000000
A,USD,STD,INDL,C,008151,2012-12-31,ONEOK INC,OKE,682680103,0001039684,11,12,USA,15855.2750,2129.6090,583.6180,11622.8250,2129.6090,1441.8630,360.6190,12632.5590,204.9350,42.750000000000
A,USD,STD,INDL,C,008151,2013-12-31,ONEOK INC,OKE,682680103,0001039684,11,12,USA,17707.5580,2337.8510,149.3130,12862.3780,2337.8510,1299.2300,266.5330,14602.7170,206.6190,62.180000000000
A,USD,STD,INDL,C,008151,2014-12-31,ONEOK INC,OKE,682680103,0001039684,11,12,USA,15304.5600,592.1150,172.8120,11298.6770,592.1150,1431.6560,314.1070,12195.0910,208.3220,49.790000000000
A,USD,STD,INDL,C,008151,2015-12-31,ONEOK INC,OKE,682680103,0001039684,11,12,USA,15446.1110,335.7980,97.6190,11679.7750,335.7980,1428.8230,244.9770,7763.2060,209.7310,24.660000000000
A,USD,STD,INDL,C,008151,2016-12-31,ONEOK INC,OKE,682680103,0001039684,11,12,USA,16138.7510,188.7450,248.8750,12709.8360,188.7450,1667.6260,352.0390,8920.9340,210.6820,57.410000000000
A,USD,STD,INDL,C,008151,2017-12-31,ONEOK INC,OKE,682680103,0001039684,11,12,USA,16845.9370,5527.8670,37.1930,11160.5850,5527.8670,1852.2760,387.8410,12173.9070,388.7040,53.450000000000
A,USD,STD,INDL,C,008151,2018-12-31,ONEOK INC,OKE,682680103,0001039684,11,12,USA,18231.6710,6579.5430,11.9750,11652.1280,6579.5430,2263.4200,1151.7030,12593.1960,411.5330,53.950000000000
A,USD,STD,INDL,C,008151,2019-12-31,ONEOK INC,OKE,682680103,0001039684,11,12,USA,21812.1210,6225.9510,20.9580,15586.1700,6225.9510,2393.4630,1278.5770,10164.3670,413.2390,75.670000000000
A,USD,STD,INDL,C,008151,2020-12-31,ONEOK INC,OKE,682680103,0001039684,11,12,USA,23078.7540,6042.3980,524.4960,17036.3560,6042.3980,2545.8920,612.8090,8542.2420,444.8720,38.380000000000
A,USD,STD,INDL,C,008151,2021-12-31,ONEOK INC,OKE,682680103,0001039684,11,12,USA,23621.6130,6015.1630,146.3910,17606.4500,6015.1630,3216.5660,1499.7060,16540.3090,446.1380,58.760000000000
A,USD,STD,INDL,C,008151,2022-12-31,ONEOK INC,OKE,682680103,0001039684,11,12,USA,24379.0940,6493.8850,220.2270,17885.2090,6493.8850,3327.3220,1722.2210,22386.8920,447.1580,65.700000000000
A,USD,STD,INDL,C,008151,2023-12-31,ONEOK INC,OKE,682680103,0001039684,11,12,USA,44266.0000,16484.0000,338.0000,27782.0000,16484.0000,4213.0000,2659.0000,17677.0000,583.0930,70.220000000000
A,USD,STD,INDL,C,008151,2024-12-31,ONEOK INC,OKE,682680103,0001039684,11,12,USA,64069.0000,17036.0000,733.0000,41936.0000,17036.0000,5891.0000,3035.0000,21698.0000,583.1110,100.400000000000
A,USD,STD,INDL,C,008151,2025-12-31,ONEOK INC,OKE,682680103,0001039684,11,12,USA,66641.0000,22485.0000,78.0000,44072.0000,22485.0000,7293.0000,3393.0000,33629.0000,629.7080,73.500000000000
I,USD,STD,INDL,C,008210,2010-12-31,OVERSEAS SHIPHOLDING GROUP,OSG.1,69036R863,0000075208,11,12,USA,4241.1030,1810.1430,273.6960,2430.9600,1810.1430,187.8300,-134.2430,1045.6100,30.4100,35.420000000000
I,USD,STD,INDL,C,008210,2011-12-31,OVERSEAS SHIPHOLDING GROUP,OSG.1,69036R863,0000075208,11,12,USA,4034.3490,1555.2450,54.8770,2479.1040,1555.2450,90.9710,-192.9160,1049.5310,30.4640,10.930000000000
I,USD,STD,INDL,C,008210,2012-12-31,OVERSEAS SHIPHOLDING GROUP,OSG.1,69036R863,0000075208,11,12,USA,4043.5350,534.2460,507.3420,3509.2890,534.2460,137.7360,-480.1140,1123.8340,30.8940,0.850000000000
I,USD,STD,INDL,C,008210,2013-12-31,OVERSEAS SHIPHOLDING GROUP,OSG.1,69036R863,0000075208,11,12,USA,3644.4940,-60.2470,601.9270,3704.7410,-60.2470,258.6610,-638.2300,1015.9960,30.7150,7.650000000000
I,USD,STD,INDL,C,008210,2014-12-31,OVERSEAS SHIPHOLDING GROUP,OSG.1,69036R863,0000075208,11,12,USA,3436.4910,1286.0870,512.4040,2150.4040,1286.0870,310.2030,-152.2730,957.4340,315.7620,5.500000000000
I,USD,STD,INDL,C,008210,2015-12-31,OVERSEAS SHIPHOLDING GROUP,OSG.1,69036R863,0000075208,11,12,USA,3274.9520,1580.4880,513.4190,1694.4640,1580.4880,478.8680,283.9600,964.5060,372.0490,3.310000000000
I,USD,STD,INDL,C,008210,2016-12-31,OVERSEAS SHIPHOLDING GROUP,OSG.1,69036R863,0000075208,11,12,USA,1030.4970,254.3320,198.3610,776.1650,254.3320,187.7700,-293.6140,462.4200,70.2710,3.830000000000
I,USD,STD,INDL,C,008210,2017-12-31,OVERSEAS SHIPHOLDING GROUP,OSG.1,69036R863,0000075208,11,12,USA,931.8870,313.2380,166.0520,618.6490,313.2380,117.4130,55.9780,390.4260,78.2780,2.740000000000
I,USD,STD,INDL,C,008210,2018-12-31,OVERSEAS SHIPHOLDING GROUP,OSG.1,69036R863,0000075208,11,12,USA,827.7300,329.4680,80.4760,498.2620,329.4680,88.5550,13.4890,366.1630,84.8350,1.660000000000
I,USD,STD,INDL,C,008210,2019-12-31,OVERSEAS SHIPHOLDING GROUP,OSG.1,69036R863,0000075208,11,12,USA,1175.4670,341.5450,41.5630,833.9220,341.5450,94.5410,8.6750,355.5470,85.7140,2.300000000000
I,USD,STD,INDL,C,008210,2020-12-31,OVERSEAS SHIPHOLDING GROUP,OSG.1,69036R863,0000075208,11,12,USA,1231.7370,379.8110,69.7460,851.9260,379.8110,111.8070,30.0040,418.6920,86.3650,2.140000000000
I,USD,STD,INDL,C,008210,2021-12-31,OVERSEAS SHIPHOLDING GROUP,OSG.1,69036R863,0000075208,11,12,USA,1115.7290,338.6140,83.2090,777.1150,338.6140,47.2070,-46.2520,359.0620,87.1700,1.880000000000
I,USD,STD,INDL,C,008210,2022-12-31,OVERSEAS SHIPHOLDING GROUP,OSG.1,69036R863,0000075208,11,12,USA,1139.0630,339.6850,78.7320,799.3780,339.6850,138.2490,26.5640,466.8000,78.2970,2.890000000000
I,USD,STD,INDL,C,008210,2023-12-31,OVERSEAS SHIPHOLDING GROUP,OSG.1,69036R863,0000075208,11,12,USA,1078.8840,354.0530,91.1570,724.8310,354.0530,173.9070,62.4540,451.8710,70.9460,5.270000000000
A,USD,STD,INDL,C,008213,2010-12-31,ACCENDRA HEALTH INC,ACH,690732102,0000075252,11,12,USA,1822.0390,857.5180,159.2130,964.5210,857.5180,807.7250,110.5790,8123.6080,63.4330,29.430000000000
A,USD,STD,INDL,C,008213,2011-12-31,ACCENDRA HEALTH INC,ACH,690732102,0000075252,11,12,USA,1946.8150,918.0870,135.9380,1027.5980,918.0870,857.5370,115.1980,8627.9120,63.4490,27.790000000000
A,USD,STD,INDL,C,008213,2012-12-31,ACCENDRA HEALTH INC,ACH,690732102,0000075252,11,12,USA,2207.7010,972.5260,97.8880,1234.0450,972.5260,924.6540,109.0030,8908.1450,63.2710,28.510000000000
A,USD,STD,INDL,C,008213,2013-12-31,ACCENDRA HEALTH INC,ACH,690732102,0000075252,11,12,USA,2324.0420,1023.9130,101.9050,1298.9990,1023.9130,1117.0750,110.8820,9071.5320,63.0960,36.560000000000
A,USD,STD,INDL,C,008213,2014-12-31,ACCENDRA HEALTH INC,ACH,690732102,0000075252,11,12,USA,2735.4060,990.8380,56.7720,1744.5680,990.8380,1172.9660,66.5030,9440.1820,63.0700,35.110000000000
A,USD,STD,INDL,C,008213,2015-12-31,ACCENDRA HEALTH INC,ACH,690732102,0000075252,11,12,USA,2777.8400,992.5900,161.0200,1785.2500,992.5900,1214.5730,103.4090,9772.9460,62.8030,35.980000000000
A,USD,STD,INDL,C,008213,2016-12-31,ACCENDRA HEALTH INC,ACH,690732102,0000075252,11,12,USA,2717.7520,960.0380,185.4880,1757.7140,960.0380,1187.3100,108.7870,9723.4310,61.0310,35.290000000000
A,USD,STD,INDL,C,008213,2017-12-31,ACCENDRA HEALTH INC,ACH,690732102,0000075252,11,12,USA,3376.2930,1015.4790,104.5220,2360.8140,1015.4790,1171.8660,72.7930,9318.2750,61.4760,18.880000000000
A,USD,STD,INDL,C,008213,2018-12-31,ACCENDRA HEALTH INC,ACH,690732102,0000075252,11,12,USA,3773.7880,518.4190,103.3670,3255.3690,518.4190,1394.0510,-437.0120,9838.7080,62.2940,6.330000000000
A,USD,STD,INDL,C,008213,2019-12-31,ACCENDRA HEALTH INC,ACH,690732102,0000075252,11,12,USA,3643.0840,462.1540,67.0300,3180.9300,462.1540,1128.4910,-62.3710,9210.9390,62.8430,5.170000000000
A,USD,STD,INDL,C,008213,2020-12-31,ACCENDRA HEALTH INC,ACH,690732102,0000075252,11,12,USA,3335.6390,712.0540,118.1840,2623.5850,712.0540,1280.8340,29.8710,8480.1770,73.4720,27.050000000000
A,USD,STD,INDL,C,008213,2021-12-31,ACCENDRA HEALTH INC,ACH,690732102,0000075252,11,12,USA,3536.5510,938.5010,55.7120,2598.0500,938.5010,1513.2290,221.5890,9785.3150,75.4330,43.500000000000
A,USD,STD,INDL,C,008213,2022-12-31,ACCENDRA HEALTH INC,ACH,690732102,0000075252,11,12,USA,5386.2830,945.6040,69.4670,4440.6790,945.6040,1915.0510,22.3890,9955.4750,76.2790,19.530000000000
A,USD,STD,INDL,C,008213,2023-12-31,ACCENDRA HEALTH INC,ACH,690732102,0000075252,11,12,USA,5093.3220,924.1660,272.9240,4169.1560,924.1660,2329.0010,-41.3010,10333.9670,76.5460,19.270000000000
A,USD,STD,INDL,C,008213,2024-12-31,ACCENDRA HEALTH INC,ACH,690732102,0000075252,11,12,USA,4656.1560,565.2260,49.3820,4090.9300,565.2260,2419.3870,-362.6860,10700.8830,77.1990,13.070000000000
A,USD,STD,INDL,C,008213,2025-12-31,ACCENDRA HEALTH INC,ACH,690732102,0000075252,11,12,USA,2451.7610,-460.9780,281.9890,2912.7390,-460.9780,1429.9910,-1100.6420,2762.0320,76.3880,2.800000000000
A,USD,STD,INDL,C,008214,2010-12-31,OWENS CORNING,OC,690742101,0001370946,11,12,USA,7158.0000,3648.0000,52.0000,3472.0000,3648.0000,1287.0000,933.0000,4997.0000,124.1000,31.150000000000
A,USD,STD,INDL,C,008214,2011-12-31,OWENS CORNING,OC,690742101,0001370946,11,12,USA,7527.0000,3701.0000,52.0000,3786.0000,3701.0000,1346.0000,276.0000,5335.0000,120.9000,28.720000000000
A,USD,STD,INDL,C,008214,2012-12-31,OWENS CORNING,OC,690742101,0001370946,11,12,USA,7568.0000,3538.0000,55.0000,3993.0000,3538.0000,1182.0000,-19.0000,5172.0000,118.3000,36.990000000000
A,USD,STD,INDL,C,008214,2013-12-31,OWENS CORNING,OC,690742101,0001370946,11,12,USA,7647.0000,3793.0000,57.0000,3817.0000,3793.0000,1352.0000,204.0000,5295.0000,117.8000,40.720000000000
A,USD,STD,INDL,C,008214,2014-12-31,OWENS CORNING,OC,690742101,0001370946,11,12,USA,7555.0000,3692.0000,67.0000,3825.0000,3692.0000,1287.0000,226.0000,5276.0000,117.8000,35.810000000000
A,USD,STD,INDL,C,008214,2015-12-31,OWENS CORNING,OC,690742101,0001370946,11,12,USA,7380.0000,3739.0000,96.0000,3601.0000,3739.0000,1463.0000,330.0000,5350.0000,115.9000,47.030000000000
A,USD,STD,INDL,C,008214,2016-12-31,OWENS CORNING,OC,690742101,0001370946,11,12,USA,7741.0000,3849.0000,118.0000,3850.0000,3851.0000,1753.0000,393.0000,5677.0000,112.7000,51.560000000000
A,USD,STD,INDL,C,008214,2017-12-31,OWENS CORNING,OC,690742101,0001370946,11,12,USA,8632.0000,4162.0000,253.0000,4428.0000,4162.0000,1968.0000,289.0000,6384.0000,111.5000,91.940000000000
A,USD,STD,INDL,C,008214,2018-12-31,OWENS CORNING,OC,690742101,0001370946,11,12,USA,9771.0000,4283.0000,85.0000,5447.0000,4283.0000,2074.0000,545.0000,7057.0000,109.5000,43.980000000000
A,USD,STD,INDL,C,008214,2019-12-31,OWENS CORNING,OC,690742101,0001370946,11,12,USA,10006.0000,4631.0000,179.0000,5335.0000,4631.0000,2072.0000,405.0000,7160.0000,109.0000,65.120000000000
A,USD,STD,INDL,C,008214,2020-12-31,OWENS CORNING,OC,690742101,0001370946,11,12,USA,9481.0000,3901.0000,724.0000,5540.0000,3901.0000,2093.0000,-383.0000,7055.0000,105.6000,75.760000000000
A,USD,STD,INDL,C,008214,2021-12-31,OWENS CORNING,OC,690742101,0001370946,11,12,USA,10015.0000,4296.0000,966.0000,5680.0000,4296.0000,2697.0000,995.0000,8498.0000,100.4000,90.500000000000
A,USD,STD,INDL,C,008214,2022-12-31,OWENS CORNING,OC,690742101,0001370946,11,12,USA,10752.0000,4575.0000,1107.0000,6131.0000,4575.0000,3134.0000,1241.0000,9761.0000,91.9000,85.300000000000
A,USD,STD,INDL,C,008214,2023-12-31,OWENS CORNING,OC,690742101,0001370946,11,12,USA,11237.0000,5166.0000,1623.0000,6027.0000,5166.0000,3259.0000,1196.0000,9677.0000,87.2000,148.230000000000
A,USD,STD,INDL,C,008214,2024-12-31,OWENS CORNING,OC,690742101,0001370946,11,12,USA,14075.0000,5077.0000,369.0000,8955.0000,5077.0000,3915.0000,647.0000,10975.0000,85.4000,170.320000000000
A,USD,STD,INDL,C,008214,2025-12-31,OWENS CORNING,OC,690742101,0001370946,11,12,USA,12980.0000,3853.0000,353.0000,9087.0000,3853.0000,3495.0000,-522.0000,10103.0000,80.2000,111.910000000000
A,USD,STD,INDL,C,008247,2010-12-31,PPG INDUSTRIES INC,PPG,693506107,0000079879,11,12,USA,14975.0000,3638.0000,1978.0000,11142.0000,3638.0000,5267.0000,769.0000,13481.0000,160.3820,84.070000000000
A,USD,STD,INDL,C,008247,2011-12-31,PPG INDUSTRIES INC,PPG,693506107,0000079879,11,12,USA,14382.0000,3249.0000,1482.0000,10936.0000,3249.0000,5859.0000,1095.0000,14940.0000,151.8890,83.490000000000
A,USD,STD,INDL,C,008247,2012-12-31,PPG INDUSTRIES INC,PPG,693506107,0000079879,11,12,USA,15878.0000,4063.0000,2398.0000,11556.0000,4063.0000,6188.0000,941.0000,15251.0000,153.5660,135.350000000000
A,USD,STD,INDL,C,008247,2013-12-31,PPG INDUSTRIES INC,PPG,693506107,0000079879,11,12,USA,15863.0000,4932.0000,1750.0000,10665.0000,4932.0000,6536.0000,3231.0000,15156.0000,138.6460,189.660000000000
A,USD,STD,INDL,C,008247,2014-12-31,PPG INDUSTRIES INC,PPG,693506107,0000079879,11,12,USA,17583.0000,5180.0000,1188.0000,12318.0000,5180.0000,6643.0000,2102.0000,15410.0000,135.9820,231.150000000000
A,USD,STD,INDL,C,008247,2015-12-31,PPG INDUSTRIES INC,PPG,693506107,0000079879,11,12,USA,17076.0000,4983.0000,1459.0000,12007.0000,4983.0000,6778.0000,1406.0000,15369.0000,266.8760,98.820000000000
A,USD,STD,INDL,C,008247,2016-12-31,PPG INDUSTRIES INC,PPG,693506107,0000079879,11,12,USA,15769.0000,4826.0000,1867.0000,10856.0000,4826.0000,6703.0000,877.0000,14766.0000,257.3300,94.760000000000
A,USD,STD,INDL,C,008247,2017-12-31,PPG INDUSTRIES INC,PPG,693506107,0000079879,11,12,USA,16538.0000,5557.0000,1495.0000,10866.0000,5557.0000,6552.0000,1594.0000,14759.0000,251.1740,116.820000000000
A,USD,STD,INDL,C,008247,2018-12-31,PPG INDUSTRIES INC,PPG,693506107,0000079879,11,12,USA,16015.0000,4630.0000,967.0000,11283.0000,4630.0000,6383.0000,1341.0000,15384.0000,235.8610,102.230000000000
A,USD,STD,INDL,C,008247,2019-12-31,PPG INDUSTRIES INC,PPG,693506107,0000079879,11,12,USA,17708.0000,5284.0000,1278.0000,12305.0000,5284.0000,6501.0000,1243.0000,15154.0000,235.6800,133.490000000000
A,USD,STD,INDL,C,008247,2020-12-31,PPG INDUSTRIES INC,PPG,693506107,0000079879,11,12,USA,19556.0000,5689.0000,1928.0000,13741.0000,5689.0000,6064.0000,1059.0000,13841.0000,236.6860,144.220000000000
A,USD,STD,INDL,C,008247,2021-12-31,PPG INDUSTRIES INC,PPG,693506107,0000079879,11,12,USA,21351.0000,6286.0000,1078.0000,14940.0000,6286.0000,6524.0000,1439.0000,16810.0000,235.9070,172.440000000000
A,USD,STD,INDL,C,008247,2022-12-31,PPG INDUSTRIES INC,PPG,693506107,0000079879,11,12,USA,20744.0000,6592.0000,1163.0000,14035.0000,6592.0000,6564.0000,1026.0000,17660.0000,235.0740,125.740000000000
A,USD,STD,INDL,C,008247,2023-12-31,PPG INDUSTRIES INC,PPG,693506107,0000079879,11,12,USA,21647.0000,7832.0000,1598.0000,13624.0000,7832.0000,7511.0000,1270.0000,18256.0000,235.2110,149.550000000000
A,USD,STD,INDL,C,008247,2024-12-31,PPG INDUSTRIES INC,PPG,693506107,0000079879,11,12,USA,19433.0000,6785.0000,1367.0000,12471.0000,6785.0000,6603.0000,1116.0000,15855.0000,229.9280,119.450000000000
A,USD,STD,INDL,C,008247,2025-12-31,PPG INDUSTRIES INC,PPG,693506107,0000079879,11,12,USA,22098.0000,7941.0000,2229.0000,14001.0000,7941.0000,6571.0000,1576.0000,15887.0000,223.4270,102.460000000000
A,USD,STD,INDL,C,008272,2010-12-31,SEMPRA ENERGY,SRE,816851109,0001032208,11,12,USA,30283.0000,9027.0000,1043.0000,20966.0000,9206.0000,2384.0000,749.0000,9003.0000,240.4470,52.480000000000
A,USD,STD,INDL,C,008272,2011-12-31,SEMPRA ENERGY,SRE,816851109,0001032208,11,12,USA,33356.0000,9838.0000,276.0000,23036.0000,9937.0000,2722.0000,1365.0000,10036.0000,239.9350,55.000000000000
A,USD,STD,INDL,C,008272,2012-12-31,SEMPRA ENERGY,SRE,816851109,0001032208,11,12,USA,36499.0000,10282.0000,521.0000,25737.0000,10381.0000,2649.0000,865.0000,9647.0000,242.3690,70.940000000000
A,USD,STD,INDL,C,008272,2013-12-31,SEMPRA ENERGY,SRE,816851109,0001032208,11,12,USA,37244.0000,11008.0000,928.0000,25394.0000,11028.0000,2997.0000,1009.0000,10557.0000,244.4610,89.760000000000
A,USD,STD,INDL,C,008272,2014-12-31,SEMPRA ENERGY,SRE,816851109,0001032208,11,12,USA,39732.0000,11326.0000,581.0000,27632.0000,11346.0000,2938.0000,1162.0000,11035.0000,246.3310,111.360000000000
A,USD,STD,INDL,C,008272,2015-12-31,SEMPRA ENERGY,SRE,816851109,0001032208,11,12,USA,41150.0000,11809.0000,430.0000,28571.0000,11829.0000,3160.0000,1350.0000,10231.0000,248.2980,94.010000000000
A,USD,STD,INDL,C,008272,2016-12-31,SEMPRA ENERGY,SRE,816851109,0001032208,11,12,USA,47786.0000,12951.0000,415.0000,32545.0000,12971.0000,2933.0000,1371.0000,10183.0000,250.1530,100.640000000000
A,USD,STD,INDL,C,008272,2017-12-31,SEMPRA ENERGY,SRE,816851109,0001032208,11,12,USA,50454.0000,12670.0000,350.0000,35314.0000,12690.0000,3840.0000,257.0000,11207.0000,251.3590,106.920000000000
A,USD,STD,INDL,C,008272,2018-12-31,SEMPRA ENERGY,SRE,816851109,0001032208,11,12,USA,60638.0000,14880.0000,225.0000,41390.0000,17158.0000,4142.0000,1050.0000,11687.0000,273.7700,108.190000000000
A,USD,STD,INDL,C,008272,2019-12-31,SEMPRA ENERGY,SRE,816851109,0001032208,11,12,USA,65665.0000,17671.0000,139.0000,43860.0000,19949.0000,4196.0000,2198.0000,10829.0000,291.7130,151.480000000000
A,USD,STD,INDL,C,008272,2020-12-31,SEMPRA ENERGY,SRE,816851109,0001032208,11,12,USA,66623.0000,20226.0000,982.0000,41689.0000,23393.0000,4499.0000,3933.0000,11370.0000,288.4700,127.410000000000
A,USD,STD,INDL,C,008272,2021-12-31,SEMPRA ENERGY,SRE,816851109,0001032208,11,12,USA,72045.0000,25092.0000,578.0000,44626.0000,26001.0000,4705.0000,1318.0000,12857.0000,316.9200,132.280000000000
A,USD,STD,INDL,C,008272,2022-12-31,SEMPRA ENERGY,SRE,816851109,0001032208,11,12,USA,78574.0000,26226.0000,410.0000,49318.0000,27135.0000,4576.0000,2139.0000,14439.0000,314.3350,154.540000000000
A,USD,STD,INDL,C,008272,2023-12-31,SEMPRA ENERGY,SRE,816851109,0001032208,11,12,USA,87181.0000,27786.0000,285.0000,53527.0000,28695.0000,5943.0000,3075.0000,16720.0000,631.4320,74.730000000000
A,USD,STD,INDL,C,008272,2024-12-31,SEMPRA ENERGY,SRE,816851109,0001032208,11,12,USA,96155.0000,30333.0000,1586.0000,58367.0000,31242.0000,5399.0000,2862.0000,13185.0000,650.6300,87.720000000000
A,USD,STD,INDL,C,008272,2025-12-31,SEMPRA ENERGY,SRE,816851109,0001032208,11,12,USA,110878.0000,31594.0000,31.0000,68879.0000,31614.0000,4992.0000,1837.0000,13702.0000,652.7320,88.290000000000
A,USD,STD,INDL,C,008455,2010-12-31,PPL CORP,PPL,69351T106,0000922224,11,12,USA,32837.0000,8210.0000,1116.0000,24359.0000,8210.0000,2690.0000,938.0000,8521.0000,483.3910,26.320000000000
A,USD,STD,INDL,C,008455,2011-12-31,PPL CORP,PPL,69351T106,0000922224,11,12,USA,42648.0000,10828.0000,1370.0000,31552.0000,10828.0000,4192.0000,1495.0000,12737.0000,578.4050,29.420000000000
A,USD,STD,INDL,C,008455,2012-12-31,PPL CORP,PPL,69351T106,0000922224,11,12,USA,43634.0000,10480.0000,955.0000,33136.0000,10480.0000,4136.0000,1526.0000,12189.0000,581.9440,28.630000000000
A,USD,STD,INDL,C,008455,2013-12-31,PPL CORP,PPL,69351T106,0000922224,11,12,USA,46259.0000,12466.0000,1185.0000,33793.0000,12466.0000,4304.0000,1130.0000,11905.0000,630.3210,30.090000000000
A,USD,STD,INDL,C,008455,2014-12-31,PPL CORP,PPL,69351T106,0000922224,11,12,USA,48864.0000,13628.0000,2051.0000,35236.0000,13628.0000,4631.0000,1737.0000,11564.0000,665.8490,36.330000000000
A,USD,STD,INDL,C,008455,2015-12-31,PPL CORP,PPL,69351T106,0000922224,11,12,USA,39301.0000,9919.0000,836.0000,29382.0000,9919.0000,3729.0000,682.0000,7669.0000,673.8570,34.130000000000
A,USD,STD,INDL,C,008455,2016-12-31,PPL CORP,PPL,69351T106,0000922224,11,12,USA,38315.0000,9899.0000,341.0000,28416.0000,9899.0000,3979.0000,1902.0000,7517.0000,679.7310,34.050000000000
A,USD,STD,INDL,C,008455,2017-12-31,PPL CORP,PPL,69351T106,0000922224,11,12,USA,41479.0000,10761.0000,485.0000,30718.0000,10761.0000,4076.0000,1128.0000,7447.0000,693.3980,30.950000000000
A,USD,STD,INDL,C,008455,2018-12-31,PPL CORP,PPL,69351T106,0000922224,11,12,USA,43396.0000,11657.0000,624.0000,31739.0000,11657.0000,3959.0000,1827.0000,7785.0000,720.3230,28.330000000000
A,USD,STD,INDL,C,008455,2019-12-31,PPL CORP,PPL,69351T106,0000922224,11,12,USA,45680.0000,12991.0000,818.0000,32689.0000,12991.0000,4044.0000,1746.0000,7769.0000,767.2330,35.880000000000
A,USD,STD,INDL,C,008455,2020-12-31,PPL CORP,PPL,69351T106,0000922224,11,12,USA,48116.0000,13373.0000,709.0000,34743.0000,13373.0000,4148.0000,1469.0000,7607.0000,768.9070,28.200000000000
A,USD,STD,INDL,C,008455,2021-12-31,PPL CORP,PPL,69351T106,0000922224,11,12,USA,33223.0000,13723.0000,3572.0000,19500.0000,13723.0000,2597.0000,-1480.0000,5811.0000,735.1120,30.060000000000
A,USD,STD,INDL,C,008455,2022-12-31,PPL CORP,PPL,69351T106,0000922224,11,12,USA,37837.0000,13915.0000,357.0000,23919.0000,13915.0000,2975.0000,756.0000,7902.0000,736.4870,29.220000000000
A,USD,STD,INDL,C,008455,2023-12-31,PPL CORP,PPL,69351T106,0000922224,11,12,USA,39236.0000,13933.0000,382.0000,25303.0000,13933.0000,3286.0000,740.0000,8305.0000,737.1300,27.100000000000
A,USD,STD,INDL,C,008455,2024-12-31,PPL CORP,PPL,69351T106,0000922224,11,12,USA,41069.0000,14077.0000,339.0000,26992.0000,14077.0000,3481.0000,888.0000,8468.0000,738.0330,32.460000000000
A,USD,STD,INDL,C,008455,2025-12-31,PPL CORP,PPL,69351T106,0000922224,11,12,USA,45244.0000,14881.0000,1086.0000,30363.0000,14881.0000,3615.0000,1181.0000,9057.0000,751.0410,35.020000000000
A,USD,STD,INDL,C,008479,2010-12-31,PEPSICO INC,PEP,713448108,0000077476,14,12,USA,68153.0000,21273.0000,6369.0000,46677.0000,21164.0000,33782.0000,6320.0000,57838.0000,1581.0000,65.330000000000
A,USD,STD,INDL,C,008479,2011-12-31,PEPSICO INC,PEP,713448108,0000077476,14,12,USA,72882.0000,20704.0000,4425.0000,51983.0000,20588.0000,37433.0000,6443.0000,66504.0000,1564.0000,66.350000000000
A,USD,STD,INDL,C,008479,2012-12-31,PEPSICO INC,PEP,713448108,0000077476,14,12,USA,74638.0000,22417.0000,6619.0000,52239.0000,22294.0000,36690.0000,6178.0000,65492.0000,1544.0000,68.430000000000
A,USD,STD,INDL,C,008479,2013-12-31,PEPSICO INC,PEP,713448108,0000077476,14,12,USA,77478.0000,24238.0000,9678.0000,53089.0000,24279.0000,37644.0000,6740.0000,66415.0000,1529.0000,82.940000000000
A,USD,STD,INDL,C,008479,2014-12-31,PEPSICO INC,PEP,713448108,0000077476,14,12,USA,70509.0000,17397.0000,8726.0000,52961.0000,17438.0000,38240.0000,6513.0000,66683.0000,1488.0000,94.560000000000
A,USD,STD,INDL,C,008479,2015-12-31,PEPSICO INC,PEP,713448108,0000077476,14,12,USA,69667.0000,11882.0000,12009.0000,57637.0000,11923.0000,36920.0000,5452.0000,63056.0000,1448.0000,99.920000000000
A,USD,STD,INDL,C,008479,2016-12-31,PEPSICO INC,PEP,713448108,0000077476,14,12,USA,74129.0000,11054.0000,16125.0000,62930.0000,11095.0000,36888.0000,6329.0000,62799.0000,1428.0000,104.630000000000
A,USD,STD,INDL,C,008479,2017-12-31,PEPSICO INC,PEP,713448108,0000077476,14,12,USA,79804.0000,10848.0000,19510.0000,68823.0000,10889.0000,37041.0000,4857.0000,63525.0000,1420.0000,119.920000000000
A,USD,STD,INDL,C,008479,2018-12-31,PEPSICO INC,PEP,713448108,0000077476,14,12,USA,77648.0000,14518.0000,10990.0000,63046.0000,14518.0000,37682.0000,12515.0000,64661.0000,1409.0000,110.480000000000
A,USD,STD,INDL,C,008479,2019-12-31,PEPSICO INC,PEP,713448108,0000077476,14,12,USA,78547.0000,14786.0000,5738.0000,63679.0000,14786.0000,39610.0000,7314.0000,67161.0000,1391.0000,136.670000000000
A,USD,STD,INDL,C,008479,2020-12-31,PEPSICO INC,PEP,713448108,0000077476,14,12,USA,92918.0000,13454.0000,9551.0000,79366.0000,13454.0000,41062.0000,7120.0000,70372.0000,1380.0000,148.300000000000
A,USD,STD,INDL,C,008479,2021-12-31,PEPSICO INC,PEP,713448108,0000077476,14,12,USA,92377.0000,16043.0000,5988.0000,76226.0000,16043.0000,45004.0000,7618.0000,79474.0000,1383.0000,173.710000000000
A,USD,STD,INDL,C,008479,2022-12-31,PEPSICO INC,PEP,713448108,0000077476,14,12,USA,92187.0000,17149.0000,5348.0000,74914.0000,17149.0000,48651.0000,8910.0000,86392.0000,1377.0000,180.660000000000
A,USD,STD,INDL,C,008479,2023-12-31,PEPSICO INC,PEP,713448108,0000077476,14,12,USA,100495.0000,18503.0000,10003.0000,81858.0000,18503.0000,52523.0000,9074.0000,91471.0000,1374.0000,169.840000000000
A,USD,STD,INDL,C,008479,2024-12-31,PEPSICO INC,PEP,713448108,0000077476,14,12,USA,99467.0000,18041.0000,9266.0000,81296.0000,18041.0000,53438.0000,9578.0000,91854.0000,1372.0000,152.060000000000
A,USD,STD,INDL,C,008479,2025-12-31,PEPSICO INC,PEP,713448108,0000077476,14,12,USA,107399.0000,20406.0000,9530.0000,86852.0000,20406.0000,54448.0000,8240.0000,93925.0000,1367.0000,143.520000000000
I,USD,STD,INDL,C,008512,2010-12-31,PDC ENERGY INC,PDCE,69327R101,0000077877,14,12,USA,1389.0350,642.1650,54.3720,746.7940,642.1650,214.2380,6.2140,347.6470,23.4590,42.250000000000
I,USD,STD,INDL,C,008512,2011-12-31,PDC ENERGY INC,PDCE,69327R101,0000077877,14,12,USA,1698.0050,664.1120,19.3080,1033.8930,664.1120,240.8470,13.4370,395.9600,23.6320,35.110000000000
I,USD,STD,INDL,C,008512,2012-12-31,PDC ENERGY INC,PDCE,69327R101,0000077877,14,12,USA,1826.8480,703.1810,6.3990,1123.6670,703.1810,72.9110,-130.7120,356.1330,30.2890,33.210000000000
I,USD,STD,INDL,C,008512,2013-12-31,PDC ENERGY INC,PDCE,69327R101,0000077877,14,12,USA,2025.2030,967.5940,195.4570,1057.6090,967.5940,219.0900,-22.3010,411.3140,35.6700,53.220000000000
I,USD,STD,INDL,C,008512,2014-12-31,PDC ENERGY INC,PDCE,69327R101,0000077877,14,12,USA,2340.5880,1137.3590,16.0660,1203.2290,1137.3590,588.0110,155.4350,856.2070,35.9060,41.270000000000
I,USD,STD,INDL,C,008512,2015-12-31,PDC ENERGY INC,PDCE,69327R101,0000077877,14,12,USA,2370.5430,1287.1970,0.8500,1083.3460,1287.1970,343.4150,-68.2800,595.3260,40.1550,53.380000000000
I,USD,STD,INDL,C,008512,2016-12-31,PDC ENERGY INC,PDCE,69327R101,0000077877,14,12,USA,4485.8420,2622.7540,244.1000,1863.0880,2622.7540,257.3850,-245.9280,382.9150,65.6760,72.580000000000
I,USD,STD,INDL,C,008512,2017-12-31,PDC ENERGY INC,PDCE,69327R101,0000077877,14,12,USA,4419.8910,2507.6490,180.6750,1912.2420,2507.6490,724.8810,-127.5040,921.6160,65.8990,51.540000000000
I,USD,STD,INDL,C,008512,2018-12-31,PDC ENERGY INC,PDCE,69327R101,0000077877,14,12,USA,4544.1450,2526.7080,1.3980,2017.4370,2526.7080,1278.1130,2.0230,1548.6590,66.1040,29.760000000000
I,USD,STD,INDL,C,008512,2019-12-31,PDC ENERGY INC,PDCE,69327R101,0000077877,14,12,USA,4448.6800,2335.5070,0.9630,2113.1730,2335.5070,875.4510,-56.6720,1156.1230,61.6170,26.170000000000
I,USD,STD,INDL,C,008512,2020-12-31,PDC ENERGY INC,PDCE,69327R101,0000077877,14,12,USA,5237.9730,2615.5380,2.6230,2622.4350,2615.5380,276.4670,-724.3200,1339.2260,99.7210,20.530000000000
I,USD,STD,INDL,C,008512,2021-12-31,PDC ENERGY INC,PDCE,69327R101,0000077877,14,12,USA,5336.6660,2910.2470,33.8290,2426.4190,2910.2470,1407.1490,522.3110,1855.9100,96.4130,48.780000000000
I,USD,STD,INDL,C,008512,2022-12-31,PDC ENERGY INC,PDCE,69327R101,0000077877,14,12,USA,7982.7650,3982.7450,6.4940,4000.0200,3982.7450,3146.3920,1778.1210,3845.7330,89.1050,63.480000000000
A,USD,STD,INDL,C,008539,2010-12-31,EXELON CORP,EXC,30161N101,0001109357,14,12,USA,52240.0000,13560.0000,1642.0000,38590.0000,13647.0000,6869.0000,2563.0000,18644.0000,661.8450,41.640000000000
A,USD,STD,INDL,C,008539,2011-12-31,EXELON CORP,EXC,30161N101,0001109357,14,12,USA,55092.0000,14385.0000,1056.0000,40617.0000,14472.0000,5864.0000,2495.0000,18924.0000,663.3690,43.370000000000
A,USD,STD,INDL,C,008539,2012-12-31,EXELON CORP,EXC,30161N101,0001109357,14,12,USA,78554.0000,21431.0000,1619.0000,56737.0000,21711.0000,5103.0000,1160.0000,23489.0000,854.7810,29.740000000000
A,USD,STD,INDL,C,008539,2013-12-31,EXELON CORP,EXC,30161N101,0001109357,14,12,USA,79924.0000,22732.0000,1776.0000,56984.0000,22925.0000,6100.0000,1719.0000,24888.0000,857.2900,27.390000000000
A,USD,STD,INDL,C,008539,2014-12-31,EXELON CORP,EXC,30161N101,0001109357,14,12,USA,86814.0000,22608.0000,2149.0000,62681.0000,22801.0000,5658.0000,1623.0000,27429.0000,859.8330,37.080000000000
A,USD,STD,INDL,C,008539,2015-12-31,EXELON CORP,EXC,30161N101,0001109357,14,12,USA,95384.0000,25793.0000,6707.0000,68062.0000,25986.0000,6961.0000,2269.0000,29447.0000,919.9250,27.770000000000
A,USD,STD,INDL,C,008539,2016-12-31,EXELON CORP,EXC,30161N101,0001109357,14,12,USA,114904.0000,25837.0000,888.0000,87292.0000,25837.0000,8049.0000,1134.0000,31360.0000,924.0350,35.490000000000
A,USD,STD,INDL,C,008539,2017-12-31,EXELON CORP,EXC,30161N101,0001109357,14,12,USA,116700.0000,29857.0000,1105.0000,84568.0000,29857.0000,7529.0000,3770.0000,33531.0000,963.3360,39.410000000000
A,USD,STD,INDL,C,008539,2018-12-31,EXELON CORP,EXC,30161N101,0001109357,14,12,USA,119666.0000,30764.0000,1596.0000,86596.0000,30764.0000,8296.0000,2010.0000,35985.0000,968.1880,45.100000000000
A,USD,STD,INDL,C,008539,2019-12-31,EXELON CORP,EXC,30161N101,0001109357,14,12,USA,124977.0000,32224.0000,945.0000,90404.0000,32224.0000,8942.0000,2936.0000,34438.0000,972.5840,45.590000000000
A,USD,STD,INDL,C,008539,2020-12-31,EXELON CORP,EXC,30161N101,0001109357,14,12,USA,129317.0000,32585.0000,1101.0000,94449.0000,32585.0000,9639.0000,1963.0000,33039.0000,975.6340,42.220000000000
A,USD,STD,INDL,C,008539,2021-12-31,EXELON CORP,EXC,30161N101,0001109357,14,12,USA,133013.0000,34393.0000,1575.0000,98218.0000,34393.0000,9914.0000,1706.0000,36347.0000,979.4590,57.760000000000
A,USD,STD,INDL,C,008539,2022-12-31,EXELON CORP,EXC,30161N101,0001109357,14,12,USA,95349.0000,24744.0000,973.0000,70605.0000,24744.0000,6724.0000,2170.0000,19078.0000,993.9980,43.230000000000
A,USD,STD,INDL,C,008539,2023-12-31,EXELON CORP,EXC,30161N101,0001109357,14,12,USA,101546.0000,25755.0000,927.0000,75791.0000,25755.0000,7609.0000,2328.0000,21727.0000,999.4170,35.900000000000
A,USD,STD,INDL,C,008539,2024-12-31,EXELON CORP,EXC,30161N101,0001109357,14,12,USA,107784.0000,26921.0000,898.0000,80863.0000,26921.0000,7973.0000,2460.0000,23028.0000,1005.2140,37.640000000000
A,USD,STD,INDL,C,008539,2025-12-31,EXELON CORP,EXC,30161N101,0001109357,14,12,USA,116570.0000,28798.0000,1151.0000,87772.0000,28798.0000,8787.0000,2768.0000,24258.0000,1022.5690,43.590000000000
A,USD,STD,INDL,C,008542,2010-12-31,ESSENTIAL UTILITIES INC,WTRG,29670G102,0000078128,11,12,USA,4072.4660,1174.2540,5.9340,2897.6400,1174.2540,380.1370,123.9750,726.0720,137.7760,22.480000000000
A,USD,STD,INDL,C,008542,2011-12-31,ESSENTIAL UTILITIES INC,WTRG,29670G102,0000078128,11,12,USA,4348.4200,1251.3130,8.2040,3096.6030,1251.3130,387.4230,143.0690,711.9560,138.8150,22.050000000000
A,USD,STD,INDL,C,008542,2012-12-31,ESSENTIAL UTILITIES INC,WTRG,29670G102,0000078128,11,12,USA,4858.5170,1385.7040,5.5210,3472.6250,1385.7040,433.2840,196.5630,757.7600,140.1680,25.420000000000
A,USD,STD,INDL,C,008542,2013-12-31,ESSENTIAL UTILITIES INC,WTRG,29670G102,0000078128,11,12,USA,5051.8170,1534.8350,5.0580,3516.7740,1534.8350,424.5000,221.3000,768.6430,176.7510,23.590000000000
A,USD,STD,INDL,C,008542,2014-12-31,ESSENTIAL UTILITIES INC,WTRG,29670G102,0000078128,11,12,USA,5406.7520,1655.3430,4.1380,3751.3690,1655.3430,437.4130,233.2390,779.9030,176.7530,26.700000000000
A,USD,STD,INDL,C,008542,2015-12-31,ESSENTIAL UTILITIES INC,WTRG,29670G102,0000078128,11,12,USA,5741.0380,1725.9300,3.2290,4015.1080,1725.9300,446.3900,201.7900,814.2040,176.5440,29.800000000000
A,USD,STD,INDL,C,008542,2016-12-31,ESSENTIAL UTILITIES INC,WTRG,29670G102,0000078128,11,12,USA,6158.9910,1850.0680,3.7630,4308.9230,1850.0680,456.5720,234.1820,819.8750,177.3940,30.040000000000
A,USD,STD,INDL,C,008542,2017-12-31,ESSENTIAL UTILITIES INC,WTRG,29670G102,0000078128,11,12,USA,6332.4630,1957.6210,4.2040,4374.8420,1957.6210,465.2690,239.7380,809.5250,177.7140,39.230000000000
A,USD,STD,INDL,C,008542,2018-12-31,ESSENTIAL UTILITIES INC,WTRG,29670G102,0000078128,11,12,USA,6964.4960,2009.3640,3.6270,4955.1320,2009.3640,543.1730,191.9880,838.0910,178.0920,34.190000000000
A,USD,STD,INDL,C,008542,2019-12-31,ESSENTIAL UTILITIES INC,WTRG,29670G102,0000078128,11,12,USA,9361.9850,3880.8600,1868.9220,5481.1250,3880.8600,540.6620,224.5430,889.6920,220.7590,46.940000000000
A,USD,STD,INDL,C,008542,2020-12-31,ESSENTIAL UTILITIES INC,WTRG,29670G102,0000078128,11,12,USA,13705.2770,4683.8770,4.8270,9021.4000,4683.8770,782.7720,284.8490,1485.7020,245.3900,47.290000000000
A,USD,STD,INDL,C,008542,2021-12-31,ESSENTIAL UTILITIES INC,WTRG,29670G102,0000078128,11,12,USA,14658.2780,5184.4500,10.5670,9473.8280,5184.4500,900.6610,431.6120,1878.1440,252.8680,53.690000000000
A,USD,STD,INDL,C,008542,2022-12-31,ESSENTIAL UTILITIES INC,WTRG,29670G102,0000078128,11,12,USA,15719.1070,5377.3860,11.3980,10341.7210,5377.3860,982.3640,465.2370,2288.0320,263.7370,47.730000000000
A,USD,STD,INDL,C,008542,2023-12-31,ESSENTIAL UTILITIES INC,WTRG,29670G102,0000078128,11,12,USA,16841.4590,5896.1830,4.6120,10945.2760,5896.1830,1035.7920,498.2260,2053.8240,273.2960,37.350000000000
A,USD,STD,INDL,C,008542,2024-12-31,ESSENTIAL UTILITIES INC,WTRG,29670G102,0000078128,11,12,USA,18026.5540,6198.8090,9.1560,11827.7450,6198.8090,1127.2200,595.3140,2086.1130,274.8240,36.320000000000
A,USD,STD,INDL,C,008542,2025-12-31,ESSENTIAL UTILITIES INC,WTRG,29670G102,0000078128,11,12,USA,19464.8450,6857.4560,34.7780,12607.3890,6857.4560,1338.4220,616.3690,2474.6150,283.0830,38.360000000000
A,USD,STD,INDL,C,008551,2010-01-31,PVH CORP,PVH,693656100,0000078239,11,1,USA,2339.6790,1168.5530,480.8820,1171.1260,1168.5530,1228.7910,161.9100,2398.7310,51.9020,39.290000000000
A,USD,STD,INDL,C,008551,2011-01-31,PVH CORP,PVH,693656100,0000078239,11,1,USA,6735.3340,2253.9620,498.7180,4292.7770,2442.5570,2566.3390,53.8050,4636.8480,67.0660,58.370000000000
A,USD,STD,INDL,C,008551,2012-01-31,PVH CORP,PVH,693656100,0000078239,11,1,USA,6752.3610,2526.8540,233.1970,4036.9120,2715.4490,3190.1640,317.8810,5890.6240,68.0480,77.190000000000
A,USD,STD,INDL,C,008551,2013-01-31,PVH CORP,PVH,693656100,0000078239,11,1,USA,7781.5490,3252.5690,892.2090,4528.9800,3252.5690,3384.5560,433.8400,6042.9990,72.9110,118.870000000000
A,USD,STD,INDL,C,008551,2014-01-31,PVH CORP,PVH,693656100,0000078239,11,1,USA,11575.5780,4335.1790,602.8280,7234.7990,4335.1790,4613.1170,143.5370,8221.4630,82.1670,120.870000000000
A,USD,STD,INDL,C,008551,2015-01-31,PVH CORP,PVH,693656100,0000078239,11,1,USA,10931.8000,4364.3000,499.5000,6567.5000,4364.3000,4572.1000,439.0000,8241.2000,82.5130,110.260000000000
A,USD,STD,INDL,C,008551,2016-01-31,PVH CORP,PVH,693656100,0000078239,11,1,USA,10696.4000,4552.3000,556.4000,6144.1000,4552.3000,4142.1000,572.4000,8020.3000,81.4880,73.380000000000
A,USD,STD,INDL,C,008551,2017-01-31,PVH CORP,PVH,693656100,0000078239,11,1,USA,11067.9000,4804.5000,730.1000,6261.4000,4804.5000,4370.3000,549.0000,8203.1000,78.5520,93.810000000000
A,USD,STD,INDL,C,008551,2018-01-31,PVH CORP,PVH,693656100,0000078239,11,1,USA,11885.7000,5536.4000,493.9000,6347.3000,5536.4000,4894.4000,537.8000,8914.8000,77.1790,155.080000000000
A,USD,STD,INDL,C,008551,2019-01-31,PVH CORP,PVH,693656100,0000078239,11,1,USA,11863.7000,5827.8000,452.0000,6035.7000,5827.8000,5310.5000,746.4000,9656.8000,75.4030,109.110000000000
A,USD,STD,INDL,C,008551,2020-01-31,PVH CORP,PVH,693656100,0000078239,11,1,USA,13631.0000,5811.5000,503.4000,7821.5000,5811.5000,5417.8000,417.3000,9909.0000,72.2930,87.170000000000
A,USD,STD,INDL,C,008551,2021-01-31,PVH CORP,PVH,693656100,0000078239,11,1,USA,13293.5000,4730.3000,1651.4000,8566.6000,4730.3000,3776.8000,-1136.1000,7132.6000,71.1590,85.260000000000
A,USD,STD,INDL,C,008551,2022-01-31,PVH CORP,PVH,693656100,0000078239,11,1,USA,12396.8000,5288.8000,1242.5000,7108.0000,5288.8000,5324.1000,952.3000,9154.7000,68.5350,95.010000000000
A,USD,STD,INDL,C,008551,2023-01-31,PVH CORP,PVH,693656100,0000078239,11,1,USA,11768.3000,5012.7000,551.4000,6755.6000,5012.7000,5122.9000,200.4000,9024.2000,62.7090,89.900000000000
A,USD,STD,INDL,C,008551,2024-01-31,PVH CORP,PVH,693656100,0000078239,11,1,USA,11172.9000,5118.9000,708.4000,6054.0000,5118.9000,5363.2000,663.6000,9217.7000,57.6330,120.260000000000
A,USD,STD,INDL,C,008551,2025-01-31,PVH CORP,PVH,693656100,0000078239,11,1,USA,11033.2000,5140.5000,749.0000,5892.7000,5140.5000,5142.5000,598.5000,8652.9000,53.2490,89.600000000000
I,USD,STD,INDL,C,008692,2010-12-31,POTLATCHDELTIC CORP,PCH,737630103,0001338749,14,12,USA,781.7110,204.4390,90.8420,577.2720,204.4390,147.2980,40.3940,539.4470,40.0330,32.550000000000
I,USD,STD,INDL,C,008692,2011-12-31,POTLATCHDELTIC CORP,PCH,737630103,0001338749,14,12,USA,746.2200,142.1380,70.8080,604.0820,142.1380,144.2610,40.2660,497.4210,40.2020,31.110000000000
I,USD,STD,INDL,C,008692,2012-12-31,POTLATCHDELTIC CORP,PCH,737630103,0001338749,14,12,USA,718.8970,138.6430,80.0620,580.2540,138.6430,158.7680,42.5940,525.1340,40.3890,39.149100000000
I,USD,STD,INDL,C,008692,2013-12-31,POTLATCHDELTIC CORP,PCH,737630103,0001338749,14,12,USA,680.5300,204.1480,57.8370,476.3820,204.1480,187.0170,70.5810,570.2890,40.5370,41.740000000000
I,USD,STD,INDL,C,008692,2014-12-31,POTLATCHDELTIC CORP,PCH,737630103,0001338749,14,12,USA,1035.4210,225.0660,31.0120,810.3550,225.0660,202.5610,89.9100,606.9500,40.6050,41.870000000000
I,USD,STD,INDL,C,008692,2015-12-31,POTLATCHDELTIC CORP,PCH,737630103,0001338749,14,12,USA,1016.6120,203.7360,7.9250,812.8760,203.7360,141.8990,31.7140,575.3360,40.6810,30.240000000000
I,USD,STD,INDL,C,008692,2016-12-31,POTLATCHDELTIC CORP,PCH,737630103,0001338749,14,12,USA,927.6810,156.2740,82.5840,771.4070,156.2740,168.9950,10.9380,599.0990,40.5190,41.650000000000
I,USD,STD,INDL,C,008692,2017-12-31,POTLATCHDELTIC CORP,PCH,737630103,0001338749,14,12,USA,953.0790,200.5420,120.4570,752.5370,200.5420,236.6620,86.4530,678.5950,40.6120,49.900000000000
I,USD,STD,INDL,C,008692,2018-12-31,POTLATCHDELTIC CORP,PCH,737630103,0001338749,14,12,USA,2325.8520,1314.7790,76.6390,1011.0730,1314.7790,339.6310,122.8800,974.5790,67.5700,31.640000000000
I,USD,STD,INDL,C,008692,2019-12-31,POTLATCHDELTIC CORP,PCH,737630103,0001338749,14,12,USA,2235.0590,1226.8310,83.3100,1008.2280,1226.8310,215.4490,55.6610,827.0980,67.2210,43.270000000000
I,USD,STD,FS,C,008692,2020-12-31,POTLATCHDELTIC CORP,PCH,737630103,0001338749,14,12,USA,2381.0650,1304.9530,,1076.1120,1304.9530,,,,,50.020000000000
I,USD,STD,INDL,C,008692,2020-12-31,POTLATCHDELTIC CORP,PCH,737630103,0001338749,14,12,USA,2381.0650,1304.9530,252.3400,1076.1120,1304.9530,429.4100,166.8300,1040.9300,66.8760,50.020000000000
I,USD,STD,FS,C,008692,2021-12-31,POTLATCHDELTIC CORP,PCH,737630103,0001338749,14,12,USA,2535.2150,1526.1330,,1009.0820,1526.1330,,,,,60.220000000000
I,USD,STD,INDL,C,008692,2021-12-31,POTLATCHDELTIC CORP,PCH,737630103,0001338749,14,12,USA,2535.2150,1526.1330,296.1510,1009.0820,1526.1330,697.2220,423.8600,1337.4350,69.0640,60.220000000000
I,USD,STD,FS,C,008692,2022-12-31,POTLATCHDELTIC CORP,PCH,737630103,0001338749,14,12,USA,3550.5550,2263.1530,,1287.4020,2263.1530,,,,,43.990000000000
I,USD,STD,INDL,C,008692,2022-12-31,POTLATCHDELTIC CORP,PCH,737630103,0001338749,14,12,USA,3550.5550,2263.1530,343.8090,1287.4020,2263.1530,620.6580,333.9000,1330.7800,79.6830,43.990000000000
I,USD,STD,FS,C,008692,2023-12-31,POTLATCHDELTIC CORP,PCH,737630103,0001338749,14,12,USA,3431.2560,2171.0980,,1260.1580,2171.0980,,,,,49.100000000000
I,USD,STD,INDL,C,008692,2023-12-31,POTLATCHDELTIC CORP,PCH,737630103,0001338749,14,12,USA,3431.2560,2171.0980,230.1180,1260.1580,2171.0980,244.0150,62.1010,1024.0750,79.3650,49.100000000000
I,USD,STD,FS,C,008692,2024-12-31,POTLATCHDELTIC CORP,PCH,737630103,0001338749,14,12,USA,3305.4430,2037.6700,,1267.7730,2037.6700,,,,,39.250000000000
I,USD,STD,INDL,C,008692,2024-12-31,POTLATCHDELTIC CORP,PCH,737630103,0001338749,14,12,USA,3305.4430,2037.6700,151.5510,1267.7730,2037.6700,227.9010,21.8760,1062.0760,78.6840,39.250000000000
A,USD,STD,INDL,C,008762,2010-06-30,PROCTER & GAMBLE CO,PG,742718109,0000080424,11,6,USA,128172.0000,61188.0000,2879.0000,66733.0000,61115.0000,44127.0000,12736.0000,78938.0000,2843.5000,59.980000000000
A,USD,STD,INDL,C,008762,2011-06-30,PROCTER & GAMBLE CO,PG,742718109,0000080424,11,6,USA,138354.0000,67763.0000,2768.0000,70353.0000,67640.0000,44629.0000,11797.0000,82559.0000,2765.7000,63.570000000000
A,USD,STD,INDL,C,008762,2012-06-30,PROCTER & GAMBLE CO,PG,742718109,0000080424,11,6,USA,132244.0000,63601.0000,4436.0000,68209.0000,63439.0000,44799.0000,10756.0000,83680.0000,2748.0000,61.250000000000
A,USD,STD,INDL,C,008762,2013-06-30,PROCTER & GAMBLE CO,PG,742718109,0000080424,11,6,USA,139263.0000,68279.0000,5947.0000,70554.0000,68064.0000,45077.0000,11312.0000,84167.0000,2742.3270,76.990000000000
A,USD,STD,INDL,C,008762,2014-06-30,PROCTER & GAMBLE CO,PG,742718109,0000080424,11,6,USA,144266.0000,69443.0000,10686.0000,74290.0000,69214.0000,44122.0000,11643.0000,83062.0000,2710.8060,78.590000000000
A,USD,STD,INDL,C,008762,2015-06-30,PROCTER & GAMBLE CO,PG,742718109,0000080424,11,6,USA,129495.0000,62662.0000,11612.0000,66445.0000,62419.0000,41151.0000,7036.0000,76279.0000,2714.5710,78.240000000000
A,USD,STD,INDL,C,008762,2016-06-30,PROCTER & GAMBLE CO,PG,742718109,0000080424,11,6,USA,127136.0000,57593.0000,13348.0000,69153.0000,57341.0000,36186.0000,10508.0000,65299.0000,2668.0740,84.670000000000
A,USD,STD,INDL,C,008762,2017-06-30,PROCTER & GAMBLE CO,PG,742718109,0000080424,11,6,USA,120406.0000,55427.0000,15137.0000,64628.0000,55184.0000,35936.0000,15326.0000,65058.0000,2553.2970,87.150000000000
A,USD,STD,INDL,C,008762,2018-06-30,PROCTER & GAMBLE CO,PG,742718109,0000080424,11,6,USA,118310.0000,52530.0000,11850.0000,65427.0000,52293.0000,36217.0000,9750.0000,66832.0000,2498.0930,78.060000000000
A,USD,STD,INDL,C,008762,2019-06-30,PROCTER & GAMBLE CO,PG,742718109,0000080424,11,6,USA,115095.0000,47412.0000,10287.0000,67516.0000,47194.0000,36261.0000,3897.0000,67684.0000,2504.7510,109.650000000000
A,USD,STD,INDL,C,008762,2020-06-30,PROCTER & GAMBLE CO,PG,742718109,0000080424,11,6,USA,120700.0000,46704.0000,16181.0000,73822.0000,46521.0000,39327.0000,13027.0000,70950.0000,2479.7460,119.570000000000
A,USD,STD,INDL,C,008762,2021-06-30,PROCTER & GAMBLE CO,PG,742718109,0000080424,11,6,USA,119307.0000,46514.0000,10288.0000,72653.0000,46378.0000,41879.0000,14306.0000,76118.0000,2429.7060,134.930000000000
A,USD,STD,INDL,C,008762,2022-06-30,PROCTER & GAMBLE CO,PG,742718109,0000080424,11,6,USA,117208.0000,46662.0000,7214.0000,70354.0000,46589.0000,41019.0000,14742.0000,80187.0000,2393.8770,143.790000000000
A,USD,STD,INDL,C,008762,2023-06-30,PROCTER & GAMBLE CO,PG,742718109,0000080424,11,6,USA,120829.0000,46779.0000,8246.0000,73764.0000,46777.0000,42120.0000,14653.0000,82006.0000,2362.1200,151.740000000000
A,USD,STD,INDL,C,008762,2024-06-30,PROCTER & GAMBLE CO,PG,742718109,0000080424,11,6,USA,122370.0000,50226.0000,9481.0000,71811.0000,50287.0000,46335.0000,14879.0000,84039.0000,2357.0510,164.920000000000
A,USD,STD,INDL,C,008762,2025-06-30,PROCTER & GAMBLE CO,PG,742718109,0000080424,11,6,USA,125231.0000,51907.0000,9556.0000,72947.0000,52012.0000,46117.0000,15974.0000,84284.0000,2341.9940,159.320000000000
A,USD,STD,INDL,C,009016,2010-12-31,REGAL REXNORD CORP,RRX,758750103,0000082811,11,12,USA,2449.1360,1361.9600,230.8580,1051.9740,1361.9600,622.2190,149.3790,2237.9780,38.6160,66.760000000000
A,USD,STD,INDL,C,009016,2011-12-31,REGAL REXNORD CORP,RRX,758750103,0000082811,11,12,USA,3266.5150,1535.9310,142.6270,1690.1160,1535.9310,802.6270,152.2900,2808.3320,41.5800,50.970000000000
A,USD,STD,INDL,C,009016,2012-12-31,REGAL REXNORD CORP,RRX,758750103,0000082811,11,12,USA,3569.1000,1953.4000,375.3000,1572.6000,1953.4000,904.6000,195.6000,3166.9000,44.9000,70.470000000000
A,USD,STD,INDL,C,009016,2013-12-31,REGAL REXNORD CORP,RRX,758750103,0000082811,11,12,USA,3643.5000,2056.2000,466.0000,1541.1000,2056.2000,917.9000,120.0000,3095.7000,45.1000,73.720000000000
A,USD,STD,INDL,C,009016,2014-12-31,REGAL REXNORD CORP,RRX,758750103,0000082811,11,12,USA,3407.6000,1934.4000,334.1000,1428.3000,1934.4000,958.8000,31.0000,3257.1000,44.7000,75.200000000000
A,USD,STD,INDL,C,009016,2015-12-31,REGAL REXNORD CORP,RRX,758750103,0000082811,11,12,USA,4591.7000,1937.3000,252.9000,2608.9000,1937.3000,1121.0000,143.3000,3509.7000,44.7000,58.520000000000
A,USD,STD,INDL,C,009016,2016-12-31,REGAL REXNORD CORP,RRX,758750103,0000082811,11,12,USA,4358.5000,2038.8000,284.5000,2280.3000,2038.8000,1025.3000,203.4000,3224.5000,44.8000,69.250000000000
A,USD,STD,INDL,C,009016,2017-12-31,REGAL REXNORD CORP,RRX,758750103,0000082811,11,12,USA,4388.2000,2325.5000,139.6000,2033.5000,2325.5000,1032.8000,213.0000,3360.3000,44.3000,76.600000000000
A,USD,STD,INDL,C,009016,2018-12-31,REGAL REXNORD CORP,RRX,758750103,0000082811,11,12,USA,4623.8000,2310.5000,248.6000,2285.3000,2310.5000,1114.1000,231.2000,3645.6000,42.8000,70.050000000000
A,USD,STD,INDL,C,009016,2019-12-31,REGAL REXNORD CORP,RRX,758750103,0000082811,11,12,USA,4430.7000,2351.1000,331.4000,2050.3000,2351.1000,1005.9000,238.9000,3238.0000,40.8000,85.610000000000
A,USD,STD,INDL,C,009016,2020-12-31,REGAL REXNORD CORP,RRX,758750103,0000082811,11,12,USA,4589.0000,2544.4000,611.3000,2012.0000,2544.4000,958.3000,189.3000,2907.0000,40.6000,122.810000000000
A,USD,STD,INDL,C,009016,2021-12-31,REGAL REXNORD CORP,RRX,758750103,0000082811,11,12,USA,10281.6000,6311.9000,672.8000,3931.5000,6311.9000,1292.8000,209.9000,3810.3000,67.6000,170.180000000000
A,USD,STD,INDL,C,009016,2022-12-31,REGAL REXNORD CORP,RRX,758750103,0000082811,11,12,USA,10268.9000,6388.2000,688.5000,3846.3000,6388.2000,2016.0000,488.9000,5217.9000,66.2000,119.980000000000
A,USD,STD,INDL,C,009016,2023-12-31,REGAL REXNORD CORP,RRX,758750103,0000082811,11,12,USA,15431.4000,6344.3000,574.0000,9066.3000,6344.3000,2660.0000,-57.4000,6250.7000,66.3000,148.020000000000
A,USD,STD,INDL,C,009016,2024-12-31,REGAL REXNORD CORP,RRX,758750103,0000082811,11,12,USA,14033.7000,6259.8000,393.5000,7766.5000,6259.8000,2770.3000,196.2000,6033.8000,66.3000,155.130000000000
A,USD,STD,INDL,C,009016,2025-12-31,REGAL REXNORD CORP,RRX,758750103,0000082811,11,12,USA,13921.0000,6844.1000,521.7000,7067.7000,6844.1000,2746.0000,279.5000,5934.5000,66.4000,140.320000000000
A,USD,STD,INDL,C,009203,2010-09-30,ROCKWELL AUTOMATION,ROK,773903109,0001024478,11,9,USA,4748.3000,1460.4000,813.4000,3287.9000,1460.4000,2060.6000,464.3000,4857.0000,141.7000,61.730000000000
A,USD,STD,INDL,C,009203,2011-09-30,ROCKWELL AUTOMATION,ROK,773903109,0001024478,11,9,USA,5284.9000,1748.0000,988.9000,3536.9000,1748.0000,2521.7000,697.8000,6000.4000,141.9000,56.000000000000
A,USD,STD,INDL,C,009203,2012-09-30,ROCKWELL AUTOMATION,ROK,773903109,0001024478,11,9,USA,5636.5000,1851.7000,1253.9000,3784.8000,1851.7000,2661.3000,737.0000,6259.4000,139.8000,69.550000000000
A,USD,STD,INDL,C,009203,2013-09-30,ROCKWELL AUTOMATION,ROK,773903109,0001024478,11,9,USA,5844.6000,2585.5000,1573.6000,3259.1000,2585.5000,2719.0000,756.3000,6351.9000,138.9000,106.940000000000
A,USD,STD,INDL,C,009203,2014-09-30,ROCKWELL AUTOMATION,ROK,773903109,0001024478,11,9,USA,6229.5000,2658.1000,1819.8000,3571.4000,2658.1000,2906.4000,826.8000,6623.5000,136.7000,109.880000000000
A,USD,STD,INDL,C,009203,2015-09-30,ROCKWELL AUTOMATION,ROK,773903109,0001024478,11,9,USA,6404.7000,2256.8000,2149.2000,4147.9000,2256.8000,2865.6000,827.6000,6307.9000,132.4000,101.470000000000
A,USD,STD,INDL,C,009203,2016-09-30,ROCKWELL AUTOMATION,ROK,773903109,0001024478,11,9,USA,7101.2000,1990.1000,2429.2000,5111.1000,1990.1000,2647.7000,729.7000,5879.5000,128.5000,122.340000000000
A,USD,STD,INDL,C,009203,2017-09-30,ROCKWELL AUTOMATION,ROK,773903109,0001024478,11,9,USA,7161.7000,2663.6000,2535.5000,4498.1000,2663.6000,2793.1000,825.7000,6311.3000,128.4000,178.210000000000
A,USD,STD,INDL,C,009203,2018-09-30,ROCKWELL AUTOMATION,ROK,773903109,0001024478,11,9,USA,6262.0000,1617.5000,909.7000,4644.5000,1617.5000,3036.8000,535.5000,6666.0000,121.1000,187.520000000000
A,USD,STD,INDL,C,009203,2019-09-30,ROCKWELL AUTOMATION,ROK,773903109,0001024478,11,9,USA,6113.0000,404.2000,1058.0000,5708.8000,404.2000,3052.3000,695.8000,6694.8000,115.7000,164.800000000000
A,USD,STD,INDL,C,009203,2020-09-30,ROCKWELL AUTOMATION,ROK,773903109,0001024478,11,9,USA,7264.7000,1027.8000,705.2000,5917.9000,1027.8000,2767.9000,1023.4000,6329.8000,116.2000,220.680000000000
A,USD,STD,INDL,C,009203,2021-09-30,ROCKWELL AUTOMATION,ROK,773903109,0001024478,11,9,USA,10701.6000,2389.6000,662.8000,8007.5000,2389.6000,3087.5000,1358.1000,6997.4000,116.0000,294.040000000000
A,USD,STD,INDL,C,009203,2022-09-30,ROCKWELL AUTOMATION,ROK,773903109,0001024478,11,9,USA,10758.7000,2725.6000,511.9000,7742.0000,2725.6000,3340.9000,932.2000,7760.4000,115.2000,215.110000000000
A,USD,STD,INDL,C,009203,2023-09-30,ROCKWELL AUTOMATION,ROK,773903109,0001024478,11,9,USA,11304.0000,3561.6000,1081.0000,7560.6000,3561.6000,3967.4000,1387.4000,9058.0000,114.8000,285.870000000000
A,USD,STD,INDL,C,009203,2024-09-30,ROCKWELL AUTOMATION,ROK,773903109,0001024478,11,9,USA,11232.1000,3498.3000,471.3000,7556.9000,3498.3000,3542.3000,952.5000,8264.2000,113.1000,268.460000000000
A,USD,STD,INDL,C,009203,2025-09-30,ROCKWELL AUTOMATION,ROK,773903109,0001024478,11,9,USA,11219.0000,3654.0000,468.0000,7508.0000,3654.0000,4341.0000,869.0000,8342.0000,112.4000,349.530000000000
A,USD,STD,INDL,C,009216,2010-12-31,ROGERS CORP,ROG,775133101,0000084748,11,12,USA,484.8740,330.5320,80.3210,154.3420,330.5320,152.8120,34.5710,379.1880,15.8410,38.250000000000
A,USD,STD,INDL,C,009216,2011-12-31,ROGERS CORP,ROG,775133101,0000084748,11,12,USA,677.6280,338.2560,79.7280,339.3720,338.2560,207.1880,37.0550,553.1500,16.2210,36.860000000000
A,USD,STD,INDL,C,009216,2012-12-31,ROGERS CORP,ROG,775133101,0000084748,11,12,USA,760.0240,434.1520,115.8130,325.8720,434.1520,187.7230,68.6850,498.7610,16.9040,49.660000000000
A,USD,STD,INDL,C,009216,2013-12-31,ROGERS CORP,ROG,775133101,0000084748,11,12,USA,806.5340,555.5270,191.8840,251.0070,555.5270,215.3190,37.7610,537.4820,17.8550,61.500000000000
A,USD,STD,INDL,C,009216,2014-12-31,ROGERS CORP,ROG,775133101,0000084748,11,12,USA,835.1170,581.9630,237.3750,253.1540,581.9630,260.2070,52.8830,610.9110,18.4040,81.440000000000
A,USD,STD,INDL,C,009216,2015-12-31,ROGERS CORP,ROG,775133101,0000084748,11,12,USA,932.4580,584.5820,204.5860,347.8760,584.5820,271.0160,46.3200,641.4430,17.9570,51.570000000000
A,USD,STD,INDL,C,009216,2016-12-31,ROGERS CORP,ROG,775133101,0000084748,11,12,USA,1056.5000,635.7860,227.7670,420.7140,635.7860,288.2320,48.2830,656.3140,18.0210,76.810000000000
A,USD,STD,INDL,C,009216,2017-12-31,ROGERS CORP,ROG,775133101,0000084748,11,12,USA,1125.1340,766.5730,181.1590,358.5610,766.5730,364.2740,80.4590,821.0430,18.2550,161.920000000000
A,USD,STD,INDL,C,009216,2018-12-31,ROGERS CORP,ROG,775133101,0000084748,11,12,USA,1279.3440,848.3240,167.7380,431.0200,848.3240,361.1560,87.6510,879.0910,18.3950,99.060000000000
A,USD,STD,INDL,C,009216,2019-12-31,ROGERS CORP,ROG,775133101,0000084748,11,12,USA,1273.1810,933.9000,166.8490,339.2810,933.9000,363.4540,47.3190,898.2600,18.5770,124.730000000000
A,USD,STD,INDL,C,009216,2020-12-31,ROGERS CORP,ROG,775133101,0000084748,11,12,USA,1264.0050,1020.7550,191.7850,243.2500,1020.7550,368.1450,49.9900,802.5830,18.6770,155.290000000000
A,USD,STD,INDL,C,009216,2021-12-31,ROGERS CORP,ROG,775133101,0000084748,11,12,USA,1598.5660,1118.8950,232.2960,479.6710,1118.8950,394.3230,108.1330,932.8860,18.7300,273.000000000000
A,USD,STD,INDL,C,009216,2022-12-31,ROGERS CORP,ROG,775133101,0000084748,11,12,USA,1646.2140,1172.4660,235.8500,473.7480,1172.4660,366.8940,116.6290,971.1710,18.5740,119.340000000000
A,USD,STD,INDL,C,009216,2023-12-31,ROGERS CORP,ROG,775133101,0000084748,11,12,USA,1517.2000,1259.0000,131.7000,258.2000,1259.0000,358.2000,56.6000,908.4000,18.6000,132.070000000000
A,USD,STD,INDL,C,009216,2024-12-31,ROGERS CORP,ROG,775133101,0000084748,11,12,USA,1481.1000,1251.6000,159.8000,229.5000,1251.6000,326.5000,26.1000,830.1000,18.5000,101.610000000000
A,USD,STD,INDL,C,009216,2025-12-31,ROGERS CORP,ROG,775133101,0000084748,11,12,USA,1429.9000,1195.7000,197.0000,234.2000,1195.7000,311.1000,-61.8000,810.8000,17.8000,91.570000000000
A,USD,STD,INDL,C,009667,2010-12-31,SHERWIN-WILLIAMS CO,SHW,824348106,0000089800,11,12,USA,5169.2350,1609.4400,58.5850,3559.7950,1609.4400,3656.3890,462.4850,7776.4240,107.0210,83.750000000000
A,USD,STD,INDL,C,009667,2011-12-31,SHERWIN-WILLIAMS CO,SHW,824348106,0000089800,11,12,USA,5229.2520,1516.9190,32.6960,3712.3330,1516.9190,3925.4660,441.8600,8765.6990,103.8540,89.270000000000
A,USD,STD,INDL,C,009667,2012-12-31,SHERWIN-WILLIAMS CO,SHW,824348106,0000089800,11,12,USA,6234.7370,1791.8040,862.5900,4442.9330,1791.8040,4401.4280,631.0340,9534.4620,103.2700,153.820000000000
A,USD,STD,INDL,C,009667,2013-12-31,SHERWIN-WILLIAMS CO,SHW,824348106,0000089800,11,12,USA,6382.5070,1774.5350,744.8890,4607.9720,1774.5350,4804.3600,752.5610,10185.5320,100.1290,183.500000000000
A,USD,STD,INDL,C,009667,2014-12-31,SHERWIN-WILLIAMS CO,SHW,824348106,0000089800,11,12,USA,5706.0520,996.4700,40.7320,4709.5820,996.4700,5342.0090,865.8870,11129.5330,94.7040,263.040000000000
A,USD,STD,INDL,C,009667,2015-12-31,SHERWIN-WILLIAMS CO,SHW,824348106,0000089800,11,12,USA,5791.8550,867.9100,205.7440,4923.9450,867.9100,5757.7880,1053.8490,11339.3040,92.2470,259.600000000000
A,USD,STD,INDL,C,009667,2016-12-31,SHERWIN-WILLIAMS CO,SHW,824348106,0000089800,11,12,USA,6752.5210,1878.4410,889.7930,4874.0800,1878.4410,6119.9760,1132.7030,11855.6020,93.0130,268.740000000000
A,USD,STD,INDL,C,009667,2017-12-31,SHERWIN-WILLIAMS CO,SHW,824348106,0000089800,11,12,USA,19958.4270,3692.1880,204.2130,16266.2390,3692.1880,7181.0080,1772.2620,14983.7880,93.8840,410.040000000000
A,USD,STD,INDL,C,009667,2018-12-31,SHERWIN-WILLIAMS CO,SHW,824348106,0000089800,11,12,USA,19134.2790,3730.7450,155.5050,15403.5340,3730.7450,7696.7310,1108.7460,17534.4930,93.1170,393.460000000000
A,USD,STD,INDL,C,009667,2019-12-31,SHERWIN-WILLIAMS CO,SHW,824348106,0000089800,11,12,USA,20496.2000,4123.3000,161.8000,16372.9000,4123.3000,8298.2000,1541.3000,17900.8000,92.1450,583.540000000000
A,USD,STD,INDL,C,009667,2020-12-31,SHERWIN-WILLIAMS CO,SHW,824348106,0000089800,11,12,USA,20401.6000,3610.8000,226.6000,16790.8000,3610.8000,8950.6000,2030.4000,18361.7000,89.5590,734.910000000000
A,USD,STD,INDL,C,009667,2021-12-31,SHERWIN-WILLIAMS CO,SHW,824348106,0000089800,11,12,USA,20666.7000,2437.2000,165.7000,18229.5000,2437.2000,8805.8000,1864.4000,19944.6000,261.1440,352.160000000000
A,USD,STD,INDL,C,009667,2022-12-31,SHERWIN-WILLIAMS CO,SHW,824348106,0000089800,11,12,USA,22594.0000,3102.1000,198.8000,19491.9000,3102.1000,9589.1000,2020.1000,22148.9000,258.8760,237.330000000000
A,USD,STD,INDL,C,009667,2023-12-31,SHERWIN-WILLIAMS CO,SHW,824348106,0000089800,11,12,USA,22954.4000,3715.8000,276.8000,19238.6000,3715.8000,11055.3000,2388.8000,23051.9000,254.5430,311.900000000000
A,USD,STD,INDL,C,009667,2024-12-31,SHERWIN-WILLIAMS CO,SHW,824348106,0000089800,11,12,USA,23632.6000,4051.2000,210.4000,19581.4000,4051.2000,11492.5000,2681.4000,23098.5000,251.2910,339.930000000000
A,USD,STD,INDL,C,009667,2025-12-31,SHERWIN-WILLIAMS CO,SHW,824348106,0000089800,11,12,USA,25901.7000,4598.3000,207.2000,21303.4000,4598.3000,11855.8000,2568.5000,23574.3000,247.7010,324.030000000000
A,USD,STD,INDL,C,009777,2010-04-30,SMUCKER (JM) CO,SJM,832696405,0000091419,11,4,USA,7974.8530,5326.3200,283.5700,2648.5330,5326.3200,1898.7850,494.1380,4605.2890,119.1190,61.070000000000
A,USD,STD,INDL,C,009777,2011-04-30,SMUCKER (JM) CO,SJM,832696405,0000091419,11,4,USA,8324.5850,5292.3630,338.4450,3032.2220,5292.3630,1964.8320,479.4820,4825.7430,114.1720,75.070000000000
A,USD,STD,INDL,C,009777,2012-04-30,SMUCKER (JM) CO,SJM,832696405,0000091419,11,4,USA,9115.2260,5163.3860,229.7080,3951.8400,5163.3860,2008.7510,459.7440,5525.7820,110.2850,79.630000000000
A,USD,STD,INDL,C,009777,2013-04-30,SMUCKER (JM) CO,SJM,832696405,0000091419,11,4,USA,9031.8000,5148.8000,256.4000,3883.0000,5148.8000,2182.8000,544.2000,5897.7000,106.4870,103.230000000000
A,USD,STD,INDL,C,009777,2014-04-30,SMUCKER (JM) CO,SJM,832696405,0000091419,11,4,USA,9072.1000,5029.6000,153.5000,4042.5000,5029.6000,2190.9000,565.2000,5610.6000,101.6970,96.680000000000
A,USD,STD,INDL,C,009777,2015-04-30,SMUCKER (JM) CO,SJM,832696405,0000091419,11,4,USA,16882.6000,7086.9000,125.6000,9795.7000,7086.9000,2179.4000,344.9000,5692.7000,119.5770,115.920000000000
A,USD,STD,INDL,C,009777,2016-04-30,SMUCKER (JM) CO,SJM,832696405,0000091419,11,4,USA,15984.1000,7008.5000,109.8000,8975.6000,7008.5000,3201.7000,688.7000,7811.2000,116.3070,126.980000000000
A,USD,STD,INDL,C,009777,2017-04-30,SMUCKER (JM) CO,SJM,832696405,0000091419,11,4,USA,15639.7000,6850.2000,208.6000,8789.5000,6850.2000,3048.9000,592.3000,7388.5000,113.4400,126.720000000000
A,USD,STD,INDL,C,009777,2018-04-30,SMUCKER (JM) CO,SJM,832696405,0000091419,11,4,USA,15301.2000,7891.1000,203.5000,7410.1000,7891.1000,3044.3000,1338.6000,7357.1000,113.5730,114.080000000000
A,USD,STD,INDL,C,009777,2019-04-30,SMUCKER (JM) CO,SJM,832696405,0000091419,11,4,USA,16711.3000,7970.5000,142.0000,8740.8000,7970.5000,3120.5000,514.4000,7838.0000,113.7420,122.630000000000
A,USD,STD,INDL,C,009777,2020-04-30,SMUCKER (JM) CO,SJM,832696405,0000091419,11,4,USA,16970.4000,8190.9000,434.3000,8779.5000,8190.9000,3211.2000,779.5000,7801.0000,114.0730,114.910000000000
A,USD,STD,INDL,C,009777,2021-04-30,SMUCKER (JM) CO,SJM,832696405,0000091419,11,4,USA,16284.2000,8124.8000,345.1000,8159.4000,8124.8000,3360.6000,876.3000,8002.7000,108.3390,130.990000000000
A,USD,STD,INDL,C,009777,2022-04-30,SMUCKER (JM) CO,SJM,832696405,0000091419,11,4,USA,16055.0000,8140.1000,224.5000,7914.9000,8140.1000,3007.9000,631.7000,7998.9000,106.4580,136.930000000000
A,USD,STD,INDL,C,009777,2023-04-30,SMUCKER (JM) CO,SJM,832696405,0000091419,11,4,USA,14991.4000,7290.8000,1160.6000,7700.6000,7290.8000,3031.3000,-91.3000,8529.2000,104.3990,154.410000000000
A,USD,STD,INDL,C,009777,2024-04-30,SMUCKER (JM) CO,SJM,832696405,0000091419,11,4,USA,20273.7000,7693.9000,63.9000,12579.8000,7693.9000,3365.3000,744.0000,8178.7000,106.1940,114.850000000000
A,USD,STD,INDL,C,009777,2025-04-30,SMUCKER (JM) CO,SJM,832696405,0000091419,11,4,USA,17563.3000,6082.6000,107.4000,11480.7000,6082.6000,3676.0000,-1230.8000,8726.1000,106.4250,116.270000000000
A,USD,STD,INDL,C,009850,2010-12-31,SOUTHERN CO,SO,842587107,0000092122,11,12,USA,55032.0000,16202.0000,515.0000,37748.0000,17284.0000,5315.0000,2040.0000,17456.0000,843.3400,38.230000000000
A,USD,STD,INDL,C,009850,2011-12-31,SOUTHERN CO,SO,842587107,0000092122,11,12,USA,59267.0000,17578.0000,1323.0000,40607.0000,18660.0000,5948.0000,2268.0000,17657.0000,865.1250,46.290000000000
A,USD,STD,INDL,C,009850,2012-12-31,SOUTHERN CO,SO,842587107,0000092122,11,12,USA,63149.0000,18297.0000,635.0000,43770.0000,19379.0000,6231.0000,2415.0000,16537.0000,867.7680,42.810000000000
A,USD,STD,INDL,C,009850,2013-12-31,SOUTHERN CO,SO,842587107,0000092122,11,12,USA,64546.0000,19008.0000,659.0000,44407.0000,20139.0000,6325.0000,1710.0000,17087.0000,887.0860,41.110000000000
A,USD,STD,INDL,C,009850,2014-12-31,SOUTHERN CO,SO,842587107,0000092122,11,12,USA,70923.0000,19949.0000,710.0000,49583.0000,21301.0000,6455.0000,2031.0000,18467.0000,907.7770,49.110000000000
A,USD,STD,INDL,C,009850,2015-12-31,SOUTHERN CO,SO,842587107,0000092122,11,12,USA,78318.0000,20592.0000,1404.0000,56175.0000,22100.0000,6712.0000,2421.0000,17489.0000,911.7210,46.790000000000
A,USD,STD,INDL,C,009850,2016-12-31,SOUTHERN CO,SO,842587107,0000092122,11,12,USA,109697.0000,24758.0000,1975.0000,82803.0000,25485.0000,7639.0000,2493.0000,19896.0000,990.3940,49.190000000000
A,USD,STD,INDL,C,009850,2017-12-31,SOUTHERN CO,SO,842587107,0000092122,11,12,USA,111005.0000,24167.0000,2130.0000,85153.0000,24491.0000,8991.0000,880.0000,23031.0000,1007.6030,48.090000000000
A,USD,STD,INDL,C,009850,2018-12-31,SOUTHERN CO,SO,842587107,0000092122,11,12,USA,116914.0000,24723.0000,1396.0000,87584.0000,25014.0000,8384.0000,2242.0000,23495.0000,1033.7880,43.920000000000
A,USD,STD,INDL,C,009850,2019-12-31,SOUTHERN CO,SO,842587107,0000092122,11,12,USA,118700.0000,27505.0000,1975.0000,86650.0000,27796.0000,8397.0000,4754.0000,21419.0000,1053.0000,63.700000000000
A,USD,STD,INDL,C,009850,2020-12-31,SOUTHERN CO,SO,842587107,0000092122,11,12,USA,122935.0000,27972.0000,1065.0000,90410.0000,28263.0000,8663.0000,3134.0000,20375.0000,1057.0000,61.430000000000
A,USD,STD,INDL,C,009850,2021-12-31,SOUTHERN CO,SO,842587107,0000092122,11,12,USA,127534.0000,27874.0000,1798.0000,94967.0000,28165.0000,8771.0000,2408.0000,23113.0000,1060.0000,68.580000000000
A,USD,STD,INDL,C,009850,2022-12-31,SOUTHERN CO,SO,842587107,0000092122,11,12,USA,134891.0000,30408.0000,1917.0000,100359.0000,30408.0000,9410.0000,3535.0000,29279.0000,1089.0000,71.410000000000
A,USD,STD,INDL,C,009850,2023-12-31,SOUTHERN CO,SO,842587107,0000092122,11,12,USA,139331.0000,31444.0000,748.0000,104106.0000,31444.0000,10283.0000,3976.0000,25253.0000,1091.0000,70.120000000000
A,USD,STD,INDL,C,009850,2024-12-31,SOUTHERN CO,SO,842587107,0000092122,11,12,USA,145180.0000,33208.0000,1070.0000,108506.0000,33208.0000,11802.0000,4401.0000,26724.0000,1097.0000,82.320000000000
A,USD,STD,INDL,C,009850,2025-12-31,SOUTHERN CO,SO,842587107,0000092122,11,12,USA,155720.0000,36016.0000,1639.0000,116853.0000,36016.0000,12786.0000,4341.0000,29553.0000,1119.0000,87.200000000000
A,USD,STD,INDL,C,009882,2010-12-31,SOUTHWEST AIRLINES,LUV,844741108,0000092380,11,12,USA,15463.0000,6237.0000,3538.0000,9226.0000,6237.0000,3042.0000,459.0000,12104.0000,747.4350,12.980000000000
A,USD,STD,INDL,C,009882,2011-12-31,SOUTHWEST AIRLINES,LUV,844741108,0000092380,11,12,USA,18068.0000,6877.0000,3144.0000,11191.0000,6877.0000,3421.0000,178.0000,15658.0000,772.5610,8.560000000000
A,USD,STD,INDL,C,009882,2012-12-31,SOUTHWEST AIRLINES,LUV,844741108,0000092380,11,12,USA,18596.0000,6992.0000,2970.0000,11604.0000,6992.0000,3689.0000,421.0000,17088.0000,730.3190,10.240000000000
A,USD,STD,INDL,C,009882,2013-12-31,SOUTHWEST AIRLINES,LUV,844741108,0000092380,11,12,USA,19345.0000,7336.0000,3152.0000,12009.0000,7336.0000,4357.0000,754.0000,17699.0000,700.4750,18.840000000000
A,USD,STD,INDL,C,009882,2014-12-31,SOUTHWEST AIRLINES,LUV,844741108,0000092380,11,12,USA,20200.0000,6775.0000,2988.0000,13425.0000,6775.0000,5494.0000,1136.0000,18605.0000,675.5940,42.320000000000
A,USD,STD,INDL,C,009882,2015-12-31,SOUTHWEST AIRLINES,LUV,844741108,0000092380,11,12,USA,21312.0000,7358.0000,3051.0000,13954.0000,7358.0000,7574.0000,2181.0000,19648.0000,647.6020,43.060000000000
A,USD,STD,INDL,C,009882,2016-12-31,SOUTHWEST AIRLINES,LUV,844741108,0000092380,11,12,USA,23286.0000,8441.0000,3305.0000,14845.0000,8441.0000,7495.0000,2244.0000,20425.0000,615.1610,49.840000000000
A,USD,STD,INDL,C,009882,2017-12-31,SOUTHWEST AIRLINES,LUV,844741108,0000092380,11,12,USA,25110.0000,10430.0000,3273.0000,14680.0000,10430.0000,7491.0000,3488.0000,21171.0000,588.5510,65.450000000000
A,USD,STD,INDL,C,009882,2018-12-31,SOUTHWEST AIRLINES,LUV,844741108,0000092380,11,12,USA,26243.0000,9853.0000,3689.0000,16390.0000,9853.0000,7259.0000,2465.0000,21965.0000,552.6030,46.480000000000
A,USD,STD,INDL,C,009882,2019-12-31,SOUTHWEST AIRLINES,LUV,844741108,0000092380,11,12,USA,25895.0000,9832.0000,4072.0000,16063.0000,9832.0000,7326.0000,2300.0000,22428.0000,519.0640,53.980000000000
A,USD,STD,INDL,C,009882,2020-12-31,SOUTHWEST AIRLINES,LUV,844741108,0000092380,11,12,USA,34588.0000,8876.0000,13334.0000,25712.0000,8876.0000,-1602.0000,-3074.0000,9048.0000,590.4740,46.610000000000
A,USD,STD,INDL,C,009882,2021-12-31,SOUTHWEST AIRLINES,LUV,844741108,0000092380,11,12,USA,36320.0000,10414.0000,15504.0000,25906.0000,10414.0000,2427.0000,977.0000,15790.0000,592.1200,42.840000000000
A,USD,STD,INDL,C,009882,2022-12-31,SOUTHWEST AIRLINES,LUV,844741108,0000092380,11,12,USA,35369.0000,10687.0000,12292.0000,24682.0000,10687.0000,6513.0000,539.0000,24224.0000,594.0000,33.670000000000
A,USD,STD,INDL,C,009882,2023-12-31,SOUTHWEST AIRLINES,LUV,844741108,0000092380,11,12,USA,36487.0000,10515.0000,11474.0000,25972.0000,10515.0000,6279.0000,465.0000,26091.0000,596.5130,28.880000000000
A,USD,STD,INDL,C,009882,2024-12-31,SOUTHWEST AIRLINES,LUV,844741108,0000092380,11,12,USA,33750.0000,10350.0000,8725.0000,23400.0000,10350.0000,6241.0000,465.0000,27599.0000,593.3140,33.620000000000
A,USD,STD,INDL,C,009882,2025-12-31,SOUTHWEST AIRLINES,LUV,844741108,0000092380,11,12,USA,29061.0000,7981.0000,3231.0000,21080.0000,7981.0000,6508.0000,441.0000,28063.0000,515.5810,41.330000000000
A,USD,STD,FS,C,010096,2010-12-31,PUBLIC STORAGE,PSA,74460D109,0001393311,11,12,USA,9495.3330,5280.5710,,774.1860,8676.5980,,,,,101.420000000000
A,USD,STD,INDL,C,010096,2010-12-31,PUBLIC STORAGE,PSA,74460D109,0001393311,11,12,USA,9495.3330,5280.5710,456.2520,774.1860,8676.5980,801.0770,672.0380,1685.0740,169.2530,101.420000000000
A,USD,STD,FS,C,010096,2011-12-31,PUBLIC STORAGE,PSA,74460D109,0001393311,11,12,USA,8932.5620,5176.9380,,609.2800,8288.2090,,,,,134.460000000000
A,USD,STD,INDL,C,010096,2011-12-31,PUBLIC STORAGE,PSA,74460D109,0001393311,11,12,USA,8932.5620,5176.9380,139.0080,609.2800,8288.2090,909.3460,823.8420,1810.8060,170.2390,134.460000000000
A,USD,STD,FS,C,010096,2012-12-31,PUBLIC STORAGE,PSA,74460D109,0001393311,11,12,USA,8793.4030,5256.2560,,670.5390,8093.7560,,,,,144.960000000000
A,USD,STD,INDL,C,010096,2012-12-31,PUBLIC STORAGE,PSA,74460D109,0001393311,11,12,USA,8793.4030,5256.2560,17.2390,670.5390,8093.7560,996.4790,939.2580,1894.3890,171.3880,144.960000000000
A,USD,STD,FS,C,010096,2013-12-31,PUBLIC STORAGE,PSA,74460D109,0001393311,11,12,USA,9876.2660,5229.2300,,1057.4110,8791.7300,,,,,150.520000000000
A,USD,STD,INDL,C,010096,2013-12-31,PUBLIC STORAGE,PSA,74460D109,0001393311,11,12,USA,9876.2660,5229.2300,19.1690,1057.4110,8791.7300,1109.3390,1052.4530,2061.9020,171.7760,150.520000000000
A,USD,STD,FS,C,010096,2014-12-31,PUBLIC STORAGE,PSA,74460D109,0001393311,11,12,USA,9818.6760,5155.7960,,311.5050,9480.7960,,,,,184.850000000000
A,USD,STD,INDL,C,010096,2014-12-31,PUBLIC STORAGE,PSA,74460D109,0001393311,11,12,USA,9818.6760,5155.7960,187.7120,311.5050,9480.7960,1240.5630,1144.2040,2288.5970,172.4460,184.850000000000
A,USD,STD,FS,C,010096,2015-12-31,PUBLIC STORAGE,PSA,74460D109,0001393311,11,12,USA,9778.2320,5115.6410,,580.5940,9170.6410,,,,,247.700000000000
A,USD,STD,INDL,C,010096,2015-12-31,PUBLIC STORAGE,PSA,74460D109,0001393311,11,12,USA,9778.2320,5115.6410,104.2850,580.5940,9170.6410,1387.6670,1311.2440,2449.1770,172.9210,247.700000000000
A,USD,STD,FS,C,010096,2016-12-31,PUBLIC STORAGE,PSA,74460D109,0001393311,11,12,USA,10130.3380,5044.4100,,688.6840,9411.9100,,,,,223.500000000000
A,USD,STD,INDL,C,010096,2016-12-31,PUBLIC STORAGE,PSA,74460D109,0001393311,11,12,USA,10130.3380,5044.4100,183.6880,688.6840,9411.9100,1530.0460,1453.5760,2632.4430,173.2890,223.500000000000
A,USD,STD,FS,C,010096,2017-12-31,PUBLIC STORAGE,PSA,74460D109,0001393311,11,12,USA,10732.8920,4915.0090,,1768.5230,8940.0090,,,,,209.000000000000
A,USD,STD,INDL,C,010096,2017-12-31,PUBLIC STORAGE,PSA,74460D109,0001393311,11,12,USA,10732.8920,4915.0090,433.3760,1768.5230,8940.0090,1605.6500,1442.2170,2762.9540,173.8530,209.000000000000
A,USD,STD,FS,C,010096,2018-12-31,PUBLIC STORAGE,PSA,74460D109,0001393311,11,12,USA,10928.2700,5094.4780,,1783.5420,9119.4780,,,,,202.410000000000
A,USD,STD,INDL,C,010096,2018-12-31,PUBLIC STORAGE,PSA,74460D109,0001393311,11,12,USA,10928.2700,5094.4780,384.0190,1783.5420,9119.4780,1660.8490,1711.0310,2884.2170,174.1310,202.410000000000
A,USD,STD,FS,C,010096,2019-12-31,PUBLIC STORAGE,PSA,74460D109,0001393311,11,12,USA,11365.4440,4997.9110,,2285.7770,9062.9110,,,,,212.960000000000
A,USD,STD,INDL,C,010096,2019-12-31,PUBLIC STORAGE,PSA,74460D109,0001393311,11,12,USA,11365.4440,4997.9110,433.5540,2285.7770,9062.9110,1635.1050,1520.5340,2944.8060,174.4190,212.960000000000
A,USD,STD,FS,C,010096,2020-12-31,PUBLIC STORAGE,PSA,74460D109,0001393311,11,12,USA,11816.5460,4766.3670,,3239.6470,8558.8670,,,,,230.930000000000
A,USD,STD,INDL,C,010096,2020-12-31,PUBLIC STORAGE,PSA,74460D109,0001393311,11,12,USA,11816.5460,4766.3670,282.6000,3239.6470,8558.8670,1597.1690,1357.2130,3017.8880,174.5820,230.930000000000
A,USD,STD,FS,C,010096,2021-12-31,PUBLIC STORAGE,PSA,74460D109,0001393311,11,12,USA,17380.9080,5235.1770,,7957.3700,9335.1770,,,,,374.560000000000
A,USD,STD,INDL,C,010096,2021-12-31,PUBLIC STORAGE,PSA,74460D109,0001393311,11,12,USA,17380.9080,5235.1770,761.2900,7957.3700,9335.1770,2026.1970,1953.2630,3660.2230,175.1340,374.560000000000
A,USD,STD,FS,C,010096,2022-12-31,PUBLIC STORAGE,PSA,74460D109,0001393311,11,12,USA,17552.3070,5723.4020,,7385.5060,10073.4020,,,,,280.190000000000
A,USD,STD,INDL,C,010096,2022-12-31,PUBLIC STORAGE,PSA,74460D109,0001393311,11,12,USA,17552.3070,5723.4020,805.1570,7385.5060,10073.4020,2388.6580,4349.1470,4329.7110,175.2660,280.190000000000
A,USD,STD,FS,C,010096,2023-12-31,PUBLIC STORAGE,PSA,74460D109,0001393311,11,12,USA,19809.2160,5663.1780,,9702.2700,10013.1780,,,,,305.000000000000
A,USD,STD,INDL,C,010096,2023-12-31,PUBLIC STORAGE,PSA,74460D109,0001393311,11,12,USA,19809.2160,5663.1780,400.3750,9702.2700,10013.1780,2486.7240,2148.3270,4631.1770,175.6710,305.000000000000
A,USD,STD,FS,C,010096,2024-12-31,PUBLIC STORAGE,PSA,74460D109,0001393311,11,12,USA,19754.9340,5362.6060,,9941.2820,9712.6060,,,,,299.440000000000
A,USD,STD,INDL,C,010096,2024-12-31,PUBLIC STORAGE,PSA,74460D109,0001393311,11,12,USA,19754.9340,5362.6060,447.4160,9941.2820,9712.6060,2394.8820,2072.0110,4782.6490,175.4080,299.440000000000
A,USD,STD,FS,C,010096,2025-12-31,PUBLIC STORAGE,PSA,74460D109,0001393311,11,12,USA,20208.6040,4898.1280,,10866.7700,9248.1280,,,,,259.500000000000
A,USD,STD,INDL,C,010096,2025-12-31,PUBLIC STORAGE,PSA,74460D109,0001393311,11,12,USA,20208.6040,4898.1280,318.0950,10866.7700,9248.1280,2435.0010,1784.3480,4896.8160,175.5000,259.500000000000
A,USD,STD,INDL,C,010565,2010-03-31,TIDEWATER INC,TDW,88642R109,0000098222,11,3,USA,3293.3570,2464.0300,223.0700,829.3270,2464.0300,535.9880,259.4760,1168.6340,51.8300,47.270000000000
A,USD,STD,INDL,C,010565,2011-03-31,TIDEWATER INC,TDW,88642R109,0000098222,11,3,USA,3748.1160,2513.9440,245.7200,1234.1720,2513.9440,412.1380,105.6160,1055.3880,51.8760,59.850000000000
A,USD,STD,INDL,C,010565,2012-03-31,TIDEWATER INC,TDW,88642R109,0000098222,11,3,USA,4061.6180,2526.3570,320.7100,1535.2610,2526.3570,421.7550,87.4110,1067.0070,51.2510,54.020000000000
A,USD,STD,INDL,C,010565,2013-03-31,TIDEWATER INC,TDW,88642R109,0000098222,11,3,USA,4168.0550,2561.7560,40.5690,1606.2990,2561.7560,522.5310,150.7500,1244.1650,49.4860,50.500000000000
A,USD,STD,INDL,C,010565,2014-03-31,TIDEWATER INC,TDW,88642R109,0000098222,11,3,USA,4885.8290,2679.3840,60.3590,2200.4580,2679.3840,601.5580,140.2550,1435.1030,49.7300,48.620000000000
A,USD,STD,INDL,C,010565,2015-03-31,TIDEWATER INC,TDW,88642R109,0000098222,11,3,USA,4756.1620,2474.4880,78.5680,2275.4470,2474.4880,606.3220,-65.1900,1495.5170,47.0290,19.140000000000
A,USD,STD,INDL,C,010565,2016-03-31,TIDEWATER INC,TDW,88642R109,0000098222,11,3,USA,4990.5470,2299.5200,678.4380,2684.9930,2299.5200,365.4560,-160.1830,979.0620,47.0680,6.830000000000
A,USD,STD,INDL,C,010565,2017-03-31,TIDEWATER INC,TDW,88642R109,0000098222,11,3,USA,4190.6990,1634.9180,706.4040,2539.6400,1634.9180,195.9450,-660.1180,601.6110,47.1210,1.150000000000
A,USD,STD,INDL,C,010565,2017-12-31,TIDEWATER INC,TDW,88642R109,0000098222,11,12,USA,1746.1800,1019.7290,462.2430,724.2360,1019.7290,79.6620,-1686.1750,330.1220,22.1160,24.400000000000
A,USD,STD,INDL,C,010565,2018-12-31,TIDEWATER INC,TDW,88642R109,0000098222,11,12,USA,1827.7390,1143.8360,397.7620,682.8160,1143.8360,131.4100,-171.5170,406.5200,36.9780,19.130000000000
A,USD,STD,INDL,C,010565,2019-12-31,TIDEWATER INC,TDW,88642R109,0000098222,11,12,USA,1579.5280,1014.7990,224.0450,563.1180,1014.7990,154.5530,-141.7430,486.5490,39.9410,19.280000000000
A,USD,STD,INDL,C,010565,2020-12-31,TIDEWATER INC,TDW,88642R109,0000098222,11,12,USA,1251.1770,822.1150,152.0120,427.9050,822.1150,124.8530,-196.2420,397.0380,40.7050,8.640000000000
A,USD,STD,INDL,C,010565,2021-12-31,TIDEWATER INC,TDW,88642R109,0000098222,11,12,USA,1095.7800,701.3030,150.2770,394.0110,701.3030,106.9880,-128.9690,371.0330,41.3080,10.710000000000
A,USD,STD,INDL,C,010565,2022-12-31,TIDEWATER INC,TDW,88642R109,0000098222,11,12,USA,1297.6560,865.9680,165.4330,431.6660,865.9680,248.2530,-21.7490,647.6840,50.5540,36.850000000000
A,USD,STD,INDL,C,010565,2023-12-31,TIDEWATER INC,TDW,88642R109,0000098222,11,12,USA,2062.7740,1039.2390,275.6780,1025.0770,1039.2390,449.1280,97.1850,1009.9850,52.2590,72.110000000000
A,USD,STD,INDL,C,010565,2024-12-31,TIDEWATER INC,TDW,88642R109,0000098222,11,12,USA,2074.9040,1114.1110,326.9500,963.7190,1114.1110,649.1730,180.6560,1345.8350,51.4610,54.710000000000
A,USD,STD,INDL,C,010565,2025-12-31,TIDEWATER INC,TDW,88642R109,0000098222,11,12,USA,2386.9110,1365.3880,578.7610,1025.6570,1365.3880,665.7840,334.6610,1352.7860,49.5660,50.510000000000
A,USD,STD,INDL,C,010735,2010-12-31,TRINITY INDUSTRIES INC,TRN,896522109,0000099780,11,12,USA,5760.0000,1764.8000,719.1000,3914.3000,1764.8000,670.0000,67.4000,2189.1000,79.8000,26.610000000000
A,USD,STD,INDL,C,010735,2011-12-31,TRINITY INDUSTRIES INC,TRN,896522109,0000099780,11,12,USA,6121.0000,1863.8000,591.4000,4172.7000,1863.8000,785.1000,142.2000,3075.1000,80.2000,30.060000000000
A,USD,STD,INDL,C,010735,2012-12-31,TRINITY INDUSTRIES INC,TRN,896522109,0000099780,11,12,USA,6669.9000,2053.0000,796.2000,4532.3000,2053.0000,964.7000,255.2000,3811.9000,79.1000,35.820000000000
A,USD,STD,INDL,C,010735,2013-12-31,TRINITY INDUSTRIES INC,TRN,896522109,0000099780,11,12,USA,7313.4000,2402.1000,838.9000,4564.3000,2402.1000,1254.5000,375.5000,4365.3000,77.4000,54.520000000000
A,USD,STD,INDL,C,010735,2014-12-31,TRINITY INDUSTRIES INC,TRN,896522109,0000099780,11,12,USA,8733.8000,2995.9000,1197.6000,5336.4000,2995.9000,1794.8000,678.2000,6170.0000,155.6000,28.010000000000
A,USD,STD,INDL,C,010735,2015-12-31,TRINITY INDUSTRIES INC,TRN,896522109,0000099780,11,12,USA,8885.9000,3653.9000,1066.7000,4837.2000,3653.9000,2002.9000,796.5000,6392.7000,152.8000,24.020000000000
A,USD,STD,INDL,C,010735,2016-12-31,TRINITY INDUSTRIES INC,TRN,896522109,0000099780,11,12,USA,9125.3000,3918.5000,976.3000,4814.2000,3918.5000,1415.2000,343.6000,4588.3000,152.1000,27.760000000000
A,USD,STD,INDL,C,010735,2017-12-31,TRINITY INDUSTRIES INC,TRN,896522109,0000099780,11,12,USA,9543.2000,4501.1000,1293.3000,4685.2000,4501.1000,1212.7000,702.5000,3662.8000,150.8000,37.460000000000
A,USD,STD,INDL,C,010735,2018-12-31,TRINITY INDUSTRIES INC,TRN,896522109,0000099780,11,12,USA,7989.2000,2210.8000,350.8000,5427.2000,2210.8000,810.4000,158.7000,2509.1000,133.2000,20.590000000000
A,USD,STD,INDL,C,010735,2019-12-31,TRINITY INDUSTRIES INC,TRN,896522109,0000099780,11,12,USA,8701.4000,2030.1000,277.6000,6322.5000,2030.1000,923.0000,137.6000,3005.1000,119.6000,22.150000000000
A,USD,STD,INDL,C,010735,2020-12-31,TRINITY INDUSTRIES INC,TRN,896522109,0000099780,11,12,USA,8701.8000,1738.8000,228.4000,6685.8000,1738.8000,757.0000,-147.3000,1999.4000,111.1000,26.390000000000
A,USD,STD,INDL,C,010735,2021-12-31,TRINITY INDUSTRIES INC,TRN,896522109,0000099780,11,12,USA,8235.9000,1029.8000,302.4000,6939.1000,1029.8000,620.2000,182.0000,1516.0000,83.3000,30.200000000000
A,USD,STD,INDL,C,010735,2022-12-31,TRINITY INDUSTRIES INC,TRN,896522109,0000099780,11,12,USA,8724.3000,1012.4000,294.3000,7454.7000,1012.4000,644.1000,60.1000,1977.3000,81.1000,29.570000000000
A,USD,STD,INDL,C,010735,2023-12-31,TRINITY INDUSTRIES INC,TRN,896522109,0000099780,11,12,USA,8906.5000,1037.1000,235.1000,7631.0000,1037.1000,820.3000,106.0000,2983.3000,81.8000,26.590000000000
A,USD,STD,INDL,C,010735,2024-12-31,TRINITY INDUSTRIES INC,TRN,896522109,0000099780,11,12,USA,8832.2000,1058.9000,374.4000,7525.0000,1058.9000,962.0000,138.4000,3079.2000,81.8000,35.100000000000
A,USD,STD,INDL,C,010735,2025-12-31,TRINITY INDUSTRIES INC,TRN,896522109,0000099780,11,12,USA,8424.4000,1077.2000,323.6000,7279.1000,1077.2000,877.8000,253.1000,2156.9000,79.8000,26.440000000000
A,USD,STD,INDL,C,010860,2010-12-31,AMEREN CORP,AEE,023608102,0001002910,11,12,USA,23515.0000,7730.0000,545.0000,15631.0000,7872.0000,2270.0000,139.0000,7638.0000,240.4000,28.190000000000
A,USD,STD,INDL,C,010860,2011-12-31,AMEREN CORP,AEE,023608102,0001002910,11,12,USA,23645.0000,7919.0000,255.0000,15577.0000,8061.0000,2151.0000,519.0000,7531.0000,242.6000,33.130000000000
A,USD,STD,INDL,C,010860,2012-12-31,AMEREN CORP,AEE,023608102,0001002910,11,12,USA,21835.0000,6616.0000,209.0000,15068.0000,6758.0000,2103.0000,-974.0000,6828.0000,242.6000,30.720000000000
A,USD,STD,INDL,C,010860,2013-12-31,AMEREN CORP,AEE,023608102,0001002910,11,12,USA,21042.0000,6544.0000,30.0000,14356.0000,6686.0000,1890.0000,289.0000,5838.0000,242.6000,36.160000000000
A,USD,STD,INDL,C,010860,2014-12-31,AMEREN CORP,AEE,023608102,0001002910,11,12,USA,22676.0000,6713.0000,5.0000,15821.0000,6855.0000,1999.0000,586.0000,6053.0000,242.6000,46.130000000000
A,USD,STD,INDL,C,010860,2015-12-31,AMEREN CORP,AEE,023608102,0001002910,11,12,USA,23640.0000,6946.0000,292.0000,16552.0000,7088.0000,2124.0000,630.0000,6098.0000,242.6000,43.230000000000
A,USD,STD,INDL,C,010860,2016-12-31,AMEREN CORP,AEE,023608102,0001002910,11,12,USA,24699.0000,7103.0000,9.0000,17454.0000,7245.0000,2226.0000,653.0000,6076.0000,242.6000,52.460000000000
A,USD,STD,INDL,C,010860,2017-12-31,AMEREN CORP,AEE,023608102,0001002910,11,12,USA,25945.0000,7184.0000,10.0000,18619.0000,7326.0000,2354.0000,523.0000,6177.0000,242.6000,58.990000000000
A,USD,STD,INDL,C,010860,2018-12-31,AMEREN CORP,AEE,023608102,0001002910,11,12,USA,27215.0000,7631.0000,29.0000,19442.0000,7773.0000,2312.0000,815.0000,6291.0000,244.5000,65.230000000000
A,USD,STD,INDL,C,010860,2019-12-31,AMEREN CORP,AEE,023608102,0001002910,11,12,USA,28933.0000,8059.0000,30.0000,20732.0000,8201.0000,2262.0000,828.0000,5910.0000,246.2000,76.800000000000
A,USD,STD,INDL,C,010860,2020-12-31,AMEREN CORP,AEE,023608102,0001002910,11,12,USA,32030.0000,8938.0000,156.0000,22950.0000,9080.0000,2375.0000,871.0000,5794.0000,253.3000,78.060000000000
A,USD,STD,INDL,C,010860,2021-12-31,AMEREN CORP,AEE,023608102,0001002910,11,12,USA,35735.0000,9700.0000,24.0000,25906.0000,9829.0000,2479.0000,990.0000,6394.0000,257.7000,89.010000000000
A,USD,STD,INDL,C,010860,2022-12-31,AMEREN CORP,AEE,023608102,0001002910,11,12,USA,37904.0000,10508.0000,263.0000,27267.0000,10637.0000,2804.0000,1074.0000,7957.0000,262.0000,88.920000000000
A,USD,STD,INDL,C,010860,2023-12-31,AMEREN CORP,AEE,023608102,0001002910,11,12,USA,40830.0000,11349.0000,38.0000,29352.0000,11478.0000,2945.0000,1152.0000,7500.0000,266.3000,72.340000000000
A,USD,STD,INDL,C,010860,2024-12-31,AMEREN CORP,AEE,023608102,0001002910,11,12,USA,44598.0000,12114.0000,22.0000,32355.0000,12243.0000,3165.0000,1182.0000,7623.0000,269.9000,89.140000000000
A,USD,STD,INDL,C,010860,2025-12-31,AMEREN CORP,AEE,023608102,0001002910,11,12,USA,48476.0000,13401.0000,76.0000,34946.0000,13530.0000,3594.0000,1456.0000,8799.0000,276.4000,99.860000000000
A,USD,STD,FS,C,010894,2010-12-31,UDR INC,UDR,902653104,0000074208,11,12,USA,5529.5400,1474.6330,,3800.4530,1606.3430,,,,,23.520000000000
A,USD,STD,INDL,C,010894,2010-12-31,UDR INC,UDR,902653104,0000074208,11,12,USA,5529.5400,1474.6330,24.9330,3800.4530,1606.3430,165.1530,-102.8990,642.3920,182.4960,23.520000000000
A,USD,STD,FS,C,010894,2011-12-31,UDR INC,UDR,902653104,0000074208,11,12,USA,6721.3540,2185.8700,,4166.0950,2314.0500,,,,,25.100000000000
A,USD,STD,INDL,C,010894,2011-12-31,UDR INC,UDR,902653104,0000074208,11,12,USA,6721.3540,2185.8700,37.1370,4166.0950,2314.0500,162.7560,20.0230,702.3330,219.6500,25.100000000000
A,USD,STD,FS,C,010894,2012-12-31,UDR INC,UDR,902653104,0000074208,11,12,USA,6888.5090,2946.3450,,3671.2590,2992.9160,,,,,23.780000000000
A,USD,STD,INDL,C,010894,2012-12-31,UDR INC,UDR,902653104,0000074208,11,12,USA,6888.5090,2946.3450,35.6760,3671.2590,2992.9160,192.9270,212.1770,720.7840,250.1390,23.780000000000
A,USD,STD,FS,C,010894,2013-12-31,UDR INC,UDR,902653104,0000074208,11,12,USA,6807.7220,2765.0770,,3777.6210,2811.6480,,,,,23.350000000000
A,USD,STD,INDL,C,010894,2013-12-31,UDR INC,UDR,902653104,0000074208,11,12,USA,6807.7220,2765.0770,53.0450,3777.6210,2811.6480,157.8500,44.8120,763.1300,250.7500,23.350000000000
A,USD,STD,FS,C,010894,2014-12-31,UDR INC,UDR,902653104,0000074208,11,12,USA,6846.5340,2688.5260,,3828.1040,2735.0970,,,,,30.820000000000
A,USD,STD,INDL,C,010894,2014-12-31,UDR INC,UDR,902653104,0000074208,11,12,USA,6846.5340,2688.5260,37.5640,3828.1040,2735.0970,185.7320,154.3340,822.8980,255.1150,30.820000000000
A,USD,STD,FS,C,010894,2015-12-31,UDR INC,UDR,902653104,0000074208,11,12,USA,7663.8440,2853.2970,,3816.7970,2899.7550,,,,,37.570000000000
A,USD,STD,INDL,C,010894,2015-12-31,UDR INC,UDR,902653104,0000074208,11,12,USA,7663.8440,2853.2970,27.5400,3816.7970,2899.7550,292.1750,340.3830,958.5180,261.8450,37.570000000000
A,USD,STD,FS,C,010894,2016-12-31,UDR INC,UDR,902653104,0000074208,11,12,USA,7679.5840,3046.6520,,3673.1320,3093.1100,,,,,36.480000000000
A,USD,STD,INDL,C,010894,2016-12-31,UDR INC,UDR,902653104,0000074208,11,12,USA,7679.5840,3046.6520,22.1060,3673.1320,3093.1100,285.3020,292.7180,1014.0250,267.2590,36.480000000000
A,USD,STD,FS,C,010894,2017-12-31,UDR INC,UDR,902653104,0000074208,11,12,USA,7733.2730,2779.5990,,3949.7710,2825.8000,,,,,38.520000000000
A,USD,STD,INDL,C,010894,2017-12-31,UDR INC,UDR,902653104,0000074208,11,12,USA,7733.2730,2779.5990,21.8300,3949.7710,2825.8000,277.0310,121.5580,1029.0190,267.8220,38.520000000000
A,USD,STD,FS,C,010894,2018-12-31,UDR INC,UDR,902653104,0000074208,11,12,USA,7711.7280,2859.4240,,3816.2110,2905.6250,,,,,39.620000000000
A,USD,STD,INDL,C,010894,2018-12-31,UDR INC,UDR,902653104,0000074208,11,12,USA,7711.7280,2859.4240,208.8910,3816.2110,2905.6250,275.9780,203.1060,1048.5390,275.5460,39.620000000000
A,USD,STD,FS,C,010894,2019-12-31,UDR INC,UDR,902653104,0000074208,11,12,USA,9636.4720,3312.3410,,5228.4930,3358.5420,,,,,46.700000000000
A,USD,STD,INDL,C,010894,2019-12-31,UDR INC,UDR,902653104,0000074208,11,12,USA,9636.4720,3312.3410,33.2910,5228.4930,3358.5420,427.7250,184.9650,1305.4700,294.5880,46.700000000000
A,USD,STD,FS,C,010894,2020-12-31,UDR INC,UDR,902653104,0000074208,11,12,USA,9637.5330,3189.4350,,5522.6480,3234.2000,,,,,38.430000000000
A,USD,STD,INDL,C,010894,2020-12-31,UDR INC,UDR,902653104,0000074208,11,12,USA,9637.5330,3189.4350,24.1710,5522.6480,3234.2000,216.9730,64.2660,1266.2830,296.6120,38.430000000000
A,USD,STD,FS,C,010894,2021-12-31,UDR INC,UDR,902653104,0000074208,11,12,USA,10775.2200,3398.1090,,6001.4740,3442.8740,,,,,59.990000000000
A,USD,STD,INDL,C,010894,2021-12-31,UDR INC,UDR,902653104,0000074208,11,12,USA,10775.2200,3398.1090,28.4180,6001.4740,3442.8740,287.1210,150.0160,1371.4980,318.1500,59.990000000000
A,USD,STD,FS,C,010894,2022-12-31,UDR INC,UDR,902653104,0000074208,11,12,USA,11038.4700,4053.4700,,6100.3250,4098.0850,,,,,38.730000000000
A,USD,STD,INDL,C,010894,2022-12-31,UDR INC,UDR,902653104,0000074208,11,12,USA,11038.4700,4053.4700,30.1940,6100.3250,4098.0850,311.5550,86.9240,1515.4000,328.9930,38.730000000000
A,USD,STD,FS,C,010894,2023-12-31,UDR INC,UDR,902653104,0000074208,11,12,USA,11373.2420,3946.5290,,6420.8010,3991.1440,,,,,38.290000000000
A,USD,STD,INDL,C,010894,2023-12-31,UDR INC,UDR,902653104,0000074208,11,12,USA,11373.2420,3946.5290,34.8660,6420.8010,3991.1440,394.7530,444.3530,1649.9530,329.0150,38.290000000000
A,USD,STD,FS,C,010894,2024-12-31,UDR INC,UDR,902653104,0000074208,11,12,USA,10897.5860,3400.0120,,6436.6910,3443.2050,,,,,43.410000000000
A,USD,STD,INDL,C,010894,2024-12-31,UDR INC,UDR,902653104,0000074208,11,12,USA,10897.5860,3400.0120,35.4270,6436.6910,3443.2050,394.4900,89.5850,1679.7410,330.8590,43.410000000000
A,USD,STD,FS,C,010894,2025-12-31,UDR INC,UDR,902653104,0000074208,11,12,USA,10605.6740,3245.2690,,6456.9110,3288.4620,,,,,36.680000000000
A,USD,STD,INDL,C,010894,2025-12-31,UDR INC,UDR,902653104,0000074208,11,12,USA,10605.6740,3245.2690,36.9320,6456.9110,3288.4620,480.9560,377.7040,1759.8800,328.2730,36.680000000000
A,USD,STD,FS,C,011220,2010-12-31,VORNADO REALTY TRUST,VNO,929042109,0000899689,11,12,USA,20517.4710,5532.6220,,12359.0920,6315.7100,,,,,83.330000000000
A,USD,STD,INDL,C,011220,2010-12-31,VORNADO REALTY TRUST,VNO,929042109,0000899689,11,12,USA,20517.4710,5532.6220,891.6110,12359.0920,6315.7100,1135.2780,647.8830,3109.6060,183.6620,83.330000000000
A,USD,STD,FS,C,011220,2011-12-31,VORNADO REALTY TRUST,VNO,929042109,0000899689,11,12,USA,20446.4870,5806.6560,,11777.3630,6828.3160,,,,,76.860000000000
A,USD,STD,INDL,C,011220,2011-12-31,VORNADO REALTY TRUST,VNO,929042109,0000899689,11,12,USA,20446.4870,5806.6560,704.6210,11777.3630,6828.3160,1132.3310,662.3020,3207.6870,185.0800,76.860000000000
A,USD,STD,FS,C,011220,2012-12-31,VORNADO REALTY TRUST,VNO,929042109,0000899689,11,12,USA,21965.9750,5610.6570,,13117.6790,6850.9350,,,,,80.080000000000
A,USD,STD,INDL,C,011220,2012-12-31,VORNADO REALTY TRUST,VNO,929042109,0000899689,11,12,USA,21965.9750,5610.6570,1143.5750,13117.6790,6850.9350,903.7450,617.2600,2992.5740,186.7350,80.080000000000
A,USD,STD,FS,C,011220,2013-12-31,VORNADO REALTY TRUST,VNO,929042109,0000899689,11,12,USA,20097.2240,5488.0070,,11498.8600,6765.2320,,,,,88.790000000000
A,USD,STD,INDL,C,011220,2013-12-31,VORNADO REALTY TRUST,VNO,929042109,0000899689,11,12,USA,20097.2240,5488.0070,845.7300,11498.8600,6765.2320,613.6040,475.9710,2500.3230,187.2850,88.790000000000
A,USD,STD,FS,C,011220,2014-12-31,VORNADO REALTY TRUST,VNO,929042109,0000899689,11,12,USA,21248.3200,5468.4000,,12421.1580,6745.4260,,,,,117.710000000000
A,USD,STD,INDL,C,011220,2014-12-31,VORNADO REALTY TRUST,VNO,929042109,0000899689,11,12,USA,21248.3200,5468.4000,1384.9890,12421.1580,6745.4260,959.3320,864.8520,2779.6300,187.8870,117.710000000000
A,USD,STD,FS,C,011220,2015-12-31,VORNADO REALTY TRUST,VNO,929042109,0000899689,11,12,USA,21143.2930,5420.6410,,12437.9940,6697.5950,,,,,99.960000000000
A,USD,STD,INDL,C,011220,2015-12-31,VORNADO REALTY TRUST,VNO,929042109,0000899689,11,12,USA,21143.2930,5420.6410,1943.5060,12437.9940,6697.5950,848.6770,760.4340,2590.6960,188.5770,99.960000000000
A,USD,STD,FS,C,011220,2016-12-31,VORNADO REALTY TRUST,VNO,929042109,0000899689,11,12,USA,20814.8470,5860.4640,,11917.9050,6898.5190,,,,,104.370000000000
A,USD,STD,INDL,C,011220,2016-12-31,VORNADO REALTY TRUST,VNO,929042109,0000899689,11,12,USA,20814.8470,5860.4640,1599.3220,11917.9050,6898.5190,722.1240,906.9170,2677.5350,189.1010,104.370000000000
A,USD,STD,FS,C,011220,2017-12-31,VORNADO REALTY TRUST,VNO,929042109,0000899689,11,12,USA,17397.9340,3445.6640,,10949.7820,4793.1660,,,,,78.180000000000
A,USD,STD,INDL,C,011220,2017-12-31,VORNADO REALTY TRUST,VNO,929042109,0000899689,11,12,USA,17397.9340,3445.6640,1914.8120,10949.7820,4793.1660,824.3740,227.4160,2140.3590,189.9840,78.180000000000
A,USD,STD,FS,C,011220,2018-12-31,VORNADO REALTY TRUST,VNO,929042109,0000899689,11,12,USA,17180.7940,3573.9370,,11289.3490,4465.2310,,,,,62.030000000000
A,USD,STD,INDL,C,011220,2018-12-31,VORNADO REALTY TRUST,VNO,929042109,0000899689,11,12,USA,17180.7940,3573.9370,716.9050,11289.3490,4465.2310,678.6470,449.9540,2100.6950,190.5350,62.030000000000
A,USD,STD,FS,C,011220,2019-12-31,VORNADO REALTY TRUST,VNO,929042109,0000899689,11,12,USA,18287.0130,5840.8160,,10087.1200,6732.0300,,,,,66.500000000000
A,USD,STD,INDL,C,011220,2019-12-31,VORNADO REALTY TRUST,VNO,929042109,0000899689,11,12,USA,18287.0130,5840.8160,1607.1310,10087.1200,6732.0300,482.2890,3147.9370,1921.3020,190.9860,66.500000000000
A,USD,STD,FS,C,011220,2020-12-31,VORNADO REALTY TRUST,VNO,929042109,0000899689,11,12,USA,16221.8220,5350.8590,,8667.4000,6533.1980,,,,,37.340000000000
A,USD,STD,INDL,C,011220,2020-12-31,VORNADO REALTY TRUST,VNO,929042109,0000899689,11,12,USA,16221.8220,5350.8590,1730.3690,8667.4000,6533.1980,-199.1330,-297.0050,980.3820,191.3550,37.340000000000
A,USD,STD,FS,C,011220,2021-12-31,VORNADO REALTY TRUST,VNO,929042109,0000899689,11,12,USA,17266.5880,5053.8870,,10062.6670,6236.3460,,,,,41.860000000000
A,USD,STD,INDL,C,011220,2021-12-31,VORNADO REALTY TRUST,VNO,929042109,0000899689,11,12,USA,17266.5880,5053.8870,1930.3510,10062.6670,6236.3460,525.7430,175.9990,1735.4050,191.7240,41.860000000000
A,USD,STD,FS,C,011220,2022-12-31,VORNADO REALTY TRUST,VNO,929042109,0000899689,11,12,USA,16493.3750,4657.2690,,9980.2630,5839.7280,,,,,20.810000000000
A,USD,STD,INDL,C,011220,2022-12-31,VORNADO REALTY TRUST,VNO,929042109,0000899689,11,12,USA,16493.3750,4657.2690,1493.1190,9980.2630,5839.7280,-35.4570,-346.4990,1362.0540,191.8670,20.810000000000
A,USD,STD,FS,C,011220,2023-12-31,VORNADO REALTY TRUST,VNO,929042109,0000899689,11,12,USA,16187.6650,4326.6050,,9843.9310,5509.0640,,,,,28.250000000000
A,USD,STD,INDL,C,011220,2023-12-31,VORNADO REALTY TRUST,VNO,929042109,0000899689,11,12,USA,16187.6650,4326.6050,1261.5840,9843.9310,5509.0640,508.7010,105.4940,1893.1390,190.3910,28.250000000000
A,USD,STD,FS,C,011220,2024-12-31,VORNADO REALTY TRUST,VNO,929042109,0000899689,11,12,USA,15998.6080,3975.8780,,9826.7390,5158.2420,,,,,42.040000000000
A,USD,STD,INDL,C,011220,2024-12-31,VORNADO REALTY TRUST,VNO,929042109,0000899689,11,12,USA,15998.6080,3975.8780,949.6190,9826.7390,5158.2420,539.6130,70.3870,1914.9090,190.8470,42.040000000000
A,USD,STD,FS,C,011220,2025-12-31,VORNADO REALTY TRUST,VNO,929042109,0000899689,11,12,USA,15521.1180,4804.3820,,8716.5950,5986.7270,,,,,33.280000000000
A,USD,STD,INDL,C,011220,2025-12-31,VORNADO REALTY TRUST,VNO,929042109,0000899689,11,12,USA,15521.1180,4804.3820,977.5460,8716.5950,5986.7270,624.1460,904.9550,2006.8480,190.6660,33.280000000000
I,USD,STD,INDL,C,011264,2010-08-31,WALGREENS BOOTS ALLIANCE INC,WBA,931427108,0001618921,14,8,USA,26275.0000,14400.0000,1880.0000,11875.0000,14400.0000,20046.0000,2091.0000,67420.0000,938.6050,26.880000000000
I,USD,STD,INDL,C,011264,2011-08-31,WALGREENS BOOTS ALLIANCE INC,WBA,931427108,0001618921,14,8,USA,27454.0000,14847.0000,1556.0000,12607.0000,14847.0000,21581.0000,2714.0000,72184.0000,889.2940,35.210000000000
I,USD,STD,INDL,C,011264,2012-08-31,WALGREENS BOOTS ALLIANCE INC,WBA,931427108,0001618921,14,8,USA,33462.0000,18236.0000,1297.0000,15226.0000,18236.0000,21508.0000,2127.0000,71633.0000,944.0550,35.760000000000
I,USD,STD,INDL,C,011264,2013-08-31,WALGREENS BOOTS ALLIANCE INC,WBA,931427108,0001618921,14,8,USA,35481.0000,19454.0000,2106.0000,16027.0000,19454.0000,22402.0000,2450.0000,72217.0000,946.5960,48.070000000000
I,USD,STD,INDL,C,011264,2014-08-31,WALGREENS BOOTS ALLIANCE INC,WBA,931427108,0001618921,14,8,USA,37182.0000,20457.0000,2646.0000,16621.0000,20457.0000,22897.0000,1932.0000,76392.0000,950.3870,60.520000000000
I,USD,STD,INDL,C,011264,2015-08-31,WALGREENS BOOTS ALLIANCE INC,WBA,931427108,0001618921,14,8,USA,68782.0000,30861.0000,3220.0000,37482.0000,30861.0000,28666.0000,4220.0000,103444.0000,1089.9100,86.550000000000
I,USD,STD,INDL,C,011264,2016-08-31,WALGREENS BOOTS ALLIANCE INC,WBA,931427108,0001618921,14,8,USA,72688.0000,29880.0000,10024.0000,42407.0000,29880.0000,31592.0000,4173.0000,117351.0000,1082.9870,80.710000000000
I,USD,STD,INDL,C,011264,2017-08-31,WALGREENS BOOTS ALLIANCE INC,WBA,931427108,0001618921,14,8,USA,66009.0000,27466.0000,3504.0000,37735.0000,27466.0000,30905.0000,4078.0000,118214.0000,1023.8490,81.500000000000
I,USD,STD,INDL,C,011264,2018-08-31,WALGREENS BOOTS ALLIANCE INC,WBA,931427108,0001618921,14,8,USA,68124.0000,26007.0000,976.0000,41435.0000,26007.0000,32605.0000,5024.0000,131537.0000,952.1330,68.560000000000
I,USD,STD,INDL,C,011264,2019-08-31,WALGREENS BOOTS ALLIANCE INC,WBA,931427108,0001618921,14,8,USA,67598.0000,23512.0000,1212.0000,43446.0000,23512.0000,32222.0000,3982.0000,136866.0000,895.3880,51.190000000000
I,USD,STD,INDL,C,011264,2020-08-31,WALGREENS BOOTS ALLIANCE INC,WBA,931427108,0001618921,14,8,USA,87174.0000,20637.0000,746.0000,66038.0000,20637.0000,30071.0000,456.0000,139537.0000,865.6040,38.020000000000
I,USD,STD,INDL,C,011264,2021-08-31,WALGREENS BOOTS ALLIANCE INC,WBA,931427108,0001618921,14,8,USA,81285.0000,23419.0000,1270.0000,57144.0000,23419.0000,29528.0000,2542.0000,132509.0000,865.3740,50.750000000000
I,USD,STD,INDL,C,011264,2022-08-31,WALGREENS BOOTS ALLIANCE INC,WBA,931427108,0001618921,14,8,USA,90124.0000,25275.0000,2558.0000,59716.0000,25275.0000,29451.0000,4337.0000,132703.0000,864.6390,35.060000000000
I,USD,STD,INDL,C,011264,2023-08-31,WALGREENS BOOTS ALLIANCE INC,WBA,931427108,0001618921,14,8,USA,96628.0000,20020.0000,739.0000,68139.0000,20020.0000,28371.0000,-3080.0000,139081.0000,863.6740,25.310000000000
I,USD,STD,INDL,C,011264,2024-08-31,WALGREENS BOOTS ALLIANCE INC,WBA,931427108,0001618921,14,8,USA,81037.0000,10445.0000,3109.0000,68858.0000,10445.0000,28060.0000,-8636.0000,147658.0000,864.0000,9.250000000000
A,USD,STD,INDL,C,011465,2010-12-31,WHIRLPOOL CORP,WHR,963320106,0000106640,11,12,USA,15584.0000,4226.0000,1368.0000,11264.0000,4226.0000,3179.0000,619.0000,18366.0000,76.0300,88.830000000000
A,USD,STD,INDL,C,011465,2011-12-31,WHIRLPOOL CORP,WHR,963320106,0000106640,11,12,USA,15181.0000,4181.0000,1109.0000,10901.0000,4181.0000,3011.0000,390.0000,18666.0000,76.4510,47.450000000000
A,USD,STD,INDL,C,011465,2012-12-31,WHIRLPOOL CORP,WHR,963320106,0000106640,11,12,USA,15396.0000,4260.0000,1168.0000,11029.0000,4260.0000,3362.0000,401.0000,18143.0000,78.4070,101.750000000000
A,USD,STD,INDL,C,011465,2013-12-31,WHIRLPOOL CORP,WHR,963320106,0000106640,11,12,USA,15544.0000,4924.0000,1380.0000,10510.0000,4924.0000,3813.0000,827.0000,18769.0000,77.4170,156.860000000000
A,USD,STD,INDL,C,011465,2014-12-31,WHIRLPOOL CORP,WHR,963320106,0000106640,11,12,USA,20002.0000,4885.0000,1026.0000,14206.0000,4885.0000,3922.0000,650.0000,19872.0000,77.9560,193.740000000000
A,USD,STD,INDL,C,011465,2015-12-31,WHIRLPOOL CORP,WHR,963320106,0000106640,11,12,USA,19010.0000,4743.0000,820.0000,13336.0000,4743.0000,4230.0000,783.0000,20891.0000,77.2210,146.870000000000
A,USD,STD,INDL,C,011465,2016-12-31,WHIRLPOOL CORP,WHR,963320106,0000106640,11,12,USA,19153.0000,4773.0000,1130.0000,13425.0000,4773.0000,4266.0000,888.0000,20718.0000,74.4650,181.770000000000
A,USD,STD,INDL,C,011465,2017-12-31,WHIRLPOOL CORP,WHR,963320106,0000106640,11,12,USA,20038.0000,4198.0000,1244.0000,14910.0000,4198.0000,4212.0000,350.0000,21288.0000,70.6460,168.640000000000
A,USD,STD,INDL,C,011465,2018-12-31,WHIRLPOOL CORP,WHR,963320106,0000106640,11,12,USA,18347.0000,2291.0000,1538.0000,15142.0000,2291.0000,4107.0000,-183.0000,21037.0000,63.5280,106.870000000000
A,USD,STD,INDL,C,011465,2019-12-31,WHIRLPOOL CORP,WHR,963320106,0000106640,11,12,USA,18881.0000,3195.0000,1952.0000,14763.0000,3195.0000,3956.0000,1184.0000,20419.0000,62.8940,147.530000000000
A,USD,STD,INDL,C,011465,2020-12-31,WHIRLPOOL CORP,WHR,963320106,0000106640,11,12,USA,20350.0000,3799.0000,2934.0000,15641.0000,3799.0000,4268.0000,1081.0000,19456.0000,62.7930,180.490000000000
A,USD,STD,INDL,C,011465,2021-12-31,WHIRLPOOL CORP,WHR,963320106,0000106640,11,12,USA,20285.0000,4846.0000,3044.0000,15272.0000,4846.0000,4856.0000,1783.0000,21985.0000,59.0000,234.660000000000
A,USD,STD,INDL,C,011465,2022-12-31,WHIRLPOOL CORP,WHR,963320106,0000106640,11,12,USA,17124.0000,2336.0000,1958.0000,14618.0000,2336.0000,3513.0000,-1519.0000,19724.0000,54.0000,141.460000000000
A,USD,STD,INDL,C,011465,2023-12-31,WHIRLPOOL CORP,WHR,963320106,0000106640,11,12,USA,17312.0000,2362.0000,1570.0000,14775.0000,2362.0000,3491.0000,481.0000,19455.0000,55.0000,121.770000000000
A,USD,STD,INDL,C,011465,2024-12-31,WHIRLPOOL CORP,WHR,963320106,0000106640,11,12,USA,16301.0000,2683.0000,1275.0000,13368.0000,2683.0000,2884.0000,-323.0000,16607.0000,55.0000,114.480000000000
A,USD,STD,INDL,C,011465,2025-12-31,WHIRLPOOL CORP,WHR,963320106,0000106640,11,12,USA,16001.0000,2726.0000,669.0000,13286.0000,2726.0000,2698.0000,318.0000,15524.0000,56.0000,72.140000000000
A,USD,STD,INDL,C,011506,2010-12-31,WILLIAMS COS INC,WMB,969457100,0000107263,11,12,USA,24972.0000,7288.0000,795.0000,16353.0000,7288.0000,3938.0000,-1097.0000,9616.0000,585.0000,24.720000000000
A,USD,STD,INDL,C,011506,2011-12-31,WILLIAMS COS INC,WMB,969457100,0000107263,11,12,USA,16502.0000,1793.0000,889.0000,13419.0000,1793.0000,3994.0000,376.0000,7930.0000,591.0000,33.020000000000
A,USD,STD,INDL,C,011506,2012-12-31,WILLIAMS COS INC,WMB,969457100,0000107263,11,12,USA,24327.0000,4752.0000,839.0000,16900.0000,4752.0000,2963.0000,859.0000,7486.0000,681.0000,32.740000000000
A,USD,STD,INDL,C,011506,2013-12-31,WILLIAMS COS INC,WMB,969457100,0000107263,11,12,USA,27142.0000,4864.0000,681.0000,18221.0000,4864.0000,2750.0000,430.0000,6860.0000,683.0000,38.570000000000
A,USD,STD,INDL,C,011506,2014-12-31,WILLIAMS COS INC,WMB,969457100,0000107263,11,12,USA,50563.0000,8777.0000,240.0000,30391.0000,8777.0000,3129.0000,2114.0000,7637.0000,747.0000,44.940000000000
A,USD,STD,INDL,C,011506,2015-12-31,WILLIAMS COS INC,WMB,969457100,0000107263,11,12,USA,49020.0000,6148.0000,100.0000,32795.0000,6148.0000,3938.0000,-571.0000,7360.0000,749.0000,25.700000000000
A,USD,STD,INDL,C,011506,2016-12-31,WILLIAMS COS INC,WMB,969457100,0000107263,11,12,USA,46835.0000,4643.0000,170.0000,32789.0000,4643.0000,4194.0000,-424.0000,7499.0000,750.0000,31.140000000000
A,USD,STD,INDL,C,011506,2017-12-31,WILLIAMS COS INC,WMB,969457100,0000107263,11,12,USA,46352.0000,9656.0000,899.0000,30177.0000,9656.0000,4146.0000,2174.0000,8031.0000,826.0000,30.490000000000
A,USD,STD,INDL,C,011506,2018-12-31,WILLIAMS COS INC,WMB,969457100,0000107263,11,12,USA,45302.0000,14625.0000,168.0000,29305.0000,14660.0000,4335.0000,-155.0000,8686.0000,1210.0000,22.050000000000
A,USD,STD,INDL,C,011506,2019-12-31,WILLIAMS COS INC,WMB,969457100,0000107263,11,12,USA,46040.0000,13328.0000,289.0000,29676.0000,13363.0000,4667.0000,850.0000,8201.0000,1212.0000,23.720000000000
A,USD,STD,INDL,C,011506,2020-12-31,WILLIAMS COS INC,WMB,969457100,0000107263,11,12,USA,44165.0000,11734.0000,142.0000,29582.0000,11769.0000,4780.0000,211.0000,7719.0000,1213.0000,20.050000000000
A,USD,STD,INDL,C,011506,2021-12-31,WILLIAMS COS INC,WMB,969457100,0000107263,11,12,USA,47612.0000,11388.0000,1680.0000,33511.0000,11423.0000,5047.0000,1517.0000,10627.0000,1215.0000,26.040000000000
A,USD,STD,INDL,C,011506,2022-12-31,WILLIAMS COS INC,WMB,969457100,0000107263,11,12,USA,48433.0000,11450.0000,152.0000,34388.0000,11485.0000,5691.0000,2049.0000,10965.0000,1218.0000,32.900000000000
A,USD,STD,INDL,C,011506,2023-12-31,WILLIAMS COS INC,WMB,969457100,0000107263,11,12,USA,52627.0000,12367.0000,2150.0000,37736.0000,12402.0000,6888.0000,3179.0000,10907.0000,1217.0000,34.830000000000
A,USD,STD,INDL,C,011506,2024-12-31,WILLIAMS COS INC,WMB,969457100,0000107263,11,12,USA,54532.0000,12401.0000,60.0000,39692.0000,12436.0000,6206.0000,2225.0000,10503.0000,1219.0000,54.120000000000
A,USD,STD,INDL,C,011506,2025-12-31,WILLIAMS COS INC,WMB,969457100,0000107263,11,12,USA,58573.0000,12772.0000,63.0000,43578.0000,12807.0000,7469.0000,2618.0000,11950.0000,1222.0000,60.110000000000
A,USD,STD,INDL,C,011511,2010-01-31,WILLIAMS-SONOMA INC,WSM,969904101,0000719955,11,1,USA,2079.1690,1211.5950,513.9430,867.5740,1211.5950,1255.0330,77.4420,3102.7040,106.9620,18.980000000000
A,USD,STD,INDL,C,011511,2011-01-31,WILLIAMS-SONOMA INC,WSM,969904101,0000719955,11,1,USA,2131.7620,1258.8630,640.9150,872.8990,1258.8630,1518.4890,200.2270,3504.1580,104.8880,32.200000000000
A,USD,STD,INDL,C,011511,2012-01-31,WILLIAMS-SONOMA INC,WSM,969904101,0000719955,11,1,USA,2060.8380,1255.2620,517.4890,805.5760,1255.2620,1590.4090,236.9310,3720.8950,100.4510,35.860000000000
A,USD,STD,INDL,C,011511,2013-01-31,WILLIAMS-SONOMA INC,WSM,969904101,0000719955,11,1,USA,2187.6790,1309.1380,440.6100,878.5410,1309.1380,1726.9290,256.7300,4042.8700,97.7340,44.000000000000
A,USD,STD,INDL,C,011511,2014-01-31,WILLIAMS-SONOMA INC,WSM,969904101,0000719955,11,1,USA,2336.7340,1256.0020,344.4100,1080.7320,1256.0020,1854.0110,278.9020,4387.8890,94.0490,54.520000000000
A,USD,STD,INDL,C,011511,2015-01-31,WILLIAMS-SONOMA INC,WSM,969904101,0000719955,11,1,USA,2330.2770,1224.7060,222.9270,1105.5710,1224.7060,1962.7770,308.8540,4698.7190,91.8910,78.250000000000
A,USD,STD,INDL,C,011511,2016-01-31,WILLIAMS-SONOMA INC,WSM,969904101,0000719955,11,1,USA,2417.4270,1198.2260,193.6470,1219.2010,1198.2260,2011.9740,310.0680,4976.0900,89.5630,51.660000000000
A,USD,STD,INDL,C,011511,2017-01-31,WILLIAMS-SONOMA INC,WSM,969904101,0000719955,11,1,USA,2476.8790,1248.2200,213.7130,1228.6590,1248.2200,2056.5050,305.3870,5083.8120,87.3250,48.210000000000
A,USD,STD,INDL,C,011511,2018-01-31,WILLIAMS-SONOMA INC,WSM,969904101,0000719955,11,1,USA,2785.7490,1203.5660,390.1360,1582.1830,1203.5660,2115.1380,259.5450,5292.3590,83.7260,51.230000000000
A,USD,STD,INDL,C,011511,2019-01-31,WILLIAMS-SONOMA INC,WSM,969904101,0000719955,11,1,USA,2812.8440,1155.7140,338.9540,1657.1300,1155.7140,2289.8210,333.6840,5671.5930,78.8130,54.430000000000
A,USD,STD,INDL,C,011511,2020-01-31,WILLIAMS-SONOMA INC,WSM,969904101,0000719955,11,1,USA,4054.0420,1235.8600,432.1620,2818.1820,1235.8600,2326.8510,356.0620,5898.0080,77.1370,70.080000000000
A,USD,STD,INDL,C,011511,2021-01-31,WILLIAMS-SONOMA INC,WSM,969904101,0000719955,11,1,USA,4661.4240,1651.1850,1200.3370,3010.2390,1651.1850,2836.3020,680.7140,6783.1890,76.3400,128.920000000000
A,USD,STD,INDL,C,011511,2022-01-31,WILLIAMS-SONOMA INC,WSM,969904101,0000719955,11,1,USA,4625.6200,1664.2070,850.3380,2961.4130,1664.2070,3828.0500,1126.3370,8245.9360,71.9820,160.540000000000
A,USD,STD,INDL,C,011511,2023-01-31,WILLIAMS-SONOMA INC,WSM,969904101,0000719955,11,1,USA,4663.0160,1701.0510,367.3440,2961.9650,1701.0510,3891.8860,1127.9040,8674.4170,66.2260,134.940000000000
A,USD,STD,INDL,C,011511,2024-01-31,WILLIAMS-SONOMA INC,WSM,969904101,0000719955,11,1,USA,5273.5480,2127.8610,1262.0070,3145.6870,2127.8610,3538.3320,949.7620,7750.6520,64.1510,193.390000000000
A,USD,STD,INDL,C,011511,2025-01-31,WILLIAMS-SONOMA INC,WSM,969904101,0000719955,11,1,USA,5301.6070,2142.4190,1212.9770,3159.1880,2142.4190,3763.1290,1125.2510,7711.5410,123.1250,211.370000000000
A,USD,STD,INDL,C,011511,2026-01-31,WILLIAMS-SONOMA INC,WSM,969904101,0000719955,11,1,USA,5411.9120,2082.5590,1019.8010,3329.3530,2082.5590,3834.5000,1088.4370,7806.8160,118.7700,204.650000000000
A,USD,STD,INDL,C,011554,2010-12-31,ALLIANT ENERGY CORP,LNT,018802108,0000352541,14,12,USA,9282.9000,2893.6000,159.3000,6143.5000,3137.4000,859.4000,306.3000,3416.1000,110.8940,36.770000000000
A,USD,STD,INDL,C,011554,2011-12-31,ALLIANT ENERGY CORP,LNT,018802108,0000352541,14,12,USA,9687.9000,3013.0000,11.4000,6468.0000,3218.1000,821.4000,321.9000,3665.3000,111.0190,44.110000000000
A,USD,STD,INDL,C,011554,2012-12-31,ALLIANT ENERGY CORP,LNT,018802108,0000352541,14,12,USA,10785.5000,3134.9000,21.2000,7443.7000,3340.0000,852.1000,335.7000,3094.5000,110.9870,43.910000000000
A,USD,STD,INDL,C,011554,2013-12-31,ALLIANT ENERGY CORP,LNT,018802108,0000352541,14,12,USA,11112.4000,3281.4000,9.8000,7629.2000,3481.4000,904.8000,376.2000,3276.8000,110.9440,51.600000000000
A,USD,STD,INDL,C,011554,2014-12-31,ALLIANT ENERGY CORP,LNT,018802108,0000352541,14,12,USA,12085.9000,3438.7000,56.9000,8445.4000,3638.7000,931.7000,393.3000,3350.3000,110.9360,66.420000000000
A,USD,STD,INDL,C,011554,2015-12-31,ALLIANT ENERGY CORP,LNT,018802108,0000352541,14,12,USA,12495.2000,3724.1000,5.8000,8571.1000,3924.1000,1000.5000,388.4000,3253.6000,113.4590,62.450000000000
A,USD,STD,INDL,C,011554,2016-12-31,ALLIANT ENERGY CORP,LNT,018802108,0000352541,14,12,USA,13373.8000,3862.0000,8.2000,9311.8000,4062.0000,1035.0000,381.7000,3320.0000,227.6740,37.890000000000
A,USD,STD,INDL,C,011554,2017-12-31,ALLIANT ENERGY CORP,LNT,018802108,0000352541,14,12,USA,14187.8000,4182.2000,27.9000,9805.6000,4382.2000,1115.2000,467.5000,3382.2000,231.3490,42.610000000000
A,USD,STD,INDL,C,011554,2018-12-31,ALLIANT ENERGY CORP,LNT,018802108,0000352541,14,12,USA,15426.0000,4585.7000,20.9000,10640.3000,4785.7000,1201.3000,522.3000,3534.5000,236.0630,42.250000000000
A,USD,STD,INDL,C,011554,2019-12-31,ALLIANT ENERGY CORP,LNT,018802108,0000352541,14,12,USA,16700.7000,5205.1000,16.3000,11295.6000,5405.1000,1344.9000,567.4000,3647.7000,245.0230,54.720000000000
A,USD,STD,INDL,C,011554,2020-12-31,ALLIANT ENERGY CORP,LNT,018802108,0000352541,14,12,USA,17710.0000,5688.0000,54.0000,11822.0000,5888.0000,1348.0000,624.0000,3416.0000,249.8680,51.530000000000
A,USD,STD,INDL,C,011554,2021-12-31,ALLIANT ENERGY CORP,LNT,018802108,0000352541,14,12,USA,18553.0000,5990.0000,39.0000,12563.0000,5990.0000,1452.0000,674.0000,3669.0000,250.4750,61.470000000000
A,USD,STD,INDL,C,011554,2022-12-31,ALLIANT ENERGY CORP,LNT,018802108,0000352541,14,12,USA,20163.0000,6276.0000,20.0000,13887.0000,6276.0000,1599.0000,686.0000,4205.0000,251.1350,55.210000000000
A,USD,STD,INDL,C,011554,2023-12-31,ALLIANT ENERGY CORP,LNT,018802108,0000352541,14,12,USA,21237.0000,6777.0000,62.0000,14460.0000,6777.0000,1619.0000,703.0000,4027.0000,255.7180,51.300000000000
A,USD,STD,INDL,C,011554,2024-12-31,ALLIANT ENERGY CORP,LNT,018802108,0000352541,14,12,USA,22714.0000,7004.0000,81.0000,15710.0000,7004.0000,1765.0000,690.0000,3981.0000,256.6900,59.140000000000
A,USD,STD,INDL,C,011554,2025-12-31,ALLIANT ENERGY CORP,LNT,018802108,0000352541,14,12,USA,24991.0000,7334.0000,556.0000,17657.0000,7334.0000,1887.0000,810.0000,4362.0000,257.1370,65.010000000000
I,USD,STD,INDL,C,011584,2010-01-31,FOOT LOCKER INC,FL,344849104,0000850209,11,1,USA,2816.0000,1948.0000,589.0000,868.0000,1948.0000,1332.0000,48.0000,4854.0000,156.5410,11.290000000000
I,USD,STD,INDL,C,011584,2011-01-31,FOOT LOCKER INC,FL,344849104,0000850209,11,1,USA,2896.0000,2025.0000,696.0000,871.0000,2025.0000,1516.0000,169.0000,5049.0000,154.6200,17.860000000000
I,USD,STD,INDL,C,011584,2012-01-31,FOOT LOCKER INC,FL,344849104,0000850209,11,1,USA,3050.0000,2110.0000,851.0000,940.0000,2110.0000,1796.0000,278.0000,5623.0000,151.6190,26.240000000000
I,USD,STD,INDL,C,011584,2013-01-31,FOOT LOCKER INC,FL,344849104,0000850209,11,1,USA,3367.0000,2377.0000,928.0000,990.0000,2377.0000,2034.0000,397.0000,6182.0000,150.0700,34.350000000000
I,USD,STD,INDL,C,011584,2014-01-31,FOOT LOCKER INC,FL,344849104,0000850209,11,1,USA,3487.0000,2496.0000,867.0000,991.0000,2496.0000,2133.0000,429.0000,6505.0000,145.4270,38.600000000000
I,USD,STD,INDL,C,011584,2015-01-31,FOOT LOCKER INC,FL,344849104,0000850209,11,1,USA,3577.0000,2496.0000,967.0000,1081.0000,2496.0000,2374.0000,520.0000,7151.0000,140.8640,53.220000000000
I,USD,STD,INDL,C,011584,2016-01-31,FOOT LOCKER INC,FL,344849104,0000850209,11,1,USA,3775.0000,2553.0000,1021.0000,1222.0000,2553.0000,2505.0000,541.0000,7412.0000,136.9770,67.560000000000
I,USD,STD,INDL,C,011584,2017-01-31,FOOT LOCKER INC,FL,344849104,0000850209,11,1,USA,3840.0000,2710.0000,1046.0000,1130.0000,2710.0000,2636.0000,664.0000,7766.0000,131.4960,68.540000000000
I,USD,STD,INDL,C,011584,2018-01-31,FOOT LOCKER INC,FL,344849104,0000850209,11,1,USA,3961.0000,2519.0000,850.0000,1442.0000,2519.0000,2456.0000,284.0000,7782.0000,119.8290,49.150000000000
I,USD,STD,INDL,C,011584,2019-01-31,FOOT LOCKER INC,FL,344849104,0000850209,11,1,USA,3820.0000,2506.0000,950.0000,1314.0000,2506.0000,2528.0000,541.0000,7939.0000,112.2220,55.890000000000
I,USD,STD,INDL,C,011584,2020-01-31,FOOT LOCKER INC,FL,344849104,0000850209,11,1,USA,6589.0000,2473.0000,913.0000,4116.0000,2473.0000,2543.0000,491.0000,8005.0000,104.1880,37.970000000000
I,USD,STD,INDL,C,011584,2021-01-31,FOOT LOCKER INC,FL,344849104,0000850209,11,1,USA,7043.0000,2771.0000,1688.0000,4267.0000,2771.0000,2183.0000,323.0000,7548.0000,103.6930,43.820000000000
I,USD,STD,INDL,C,011584,2022-01-31,FOOT LOCKER INC,FL,344849104,0000850209,11,1,USA,8135.0000,3239.0000,812.0000,4892.0000,3239.0000,3080.0000,893.0000,8958.0000,97.0210,44.680000000000
I,USD,STD,INDL,C,011584,2023-01-31,FOOT LOCKER INC,FL,344849104,0000850209,11,1,USA,7907.0000,3293.0000,549.0000,4614.0000,3293.0000,2804.0000,342.0000,8759.0000,93.3950,43.510000000000
I,USD,STD,INDL,C,011584,2024-01-31,FOOT LOCKER INC,FL,344849104,0000850209,11,1,USA,6868.0000,2890.0000,301.0000,3978.0000,2890.0000,2273.0000,-330.0000,8168.0000,94.2240,28.160000000000
I,USD,STD,INDL,C,011584,2025-01-31,FOOT LOCKER INC,FL,344849104,0000850209,11,1,USA,6748.0000,2909.0000,405.0000,3839.0000,2909.0000,2333.0000,12.0000,7999.0000,94.9460,20.050000000000
A,USD,STD,INDL,C,011721,2010-09-30,OSHKOSH CORP,OSK,688239201,0000775158,11,9,USA,4708.6000,1326.6000,339.0000,3381.8000,1326.6000,2053.8000,790.0000,9842.4000,90.6620,27.500000000000
A,USD,STD,INDL,C,011721,2011-09-30,OSHKOSH CORP,OSK,688239201,0000775158,11,9,USA,4826.9000,1596.5000,428.5000,3230.3000,1596.5000,1163.3000,273.4000,7584.7000,91.3230,15.740000000000
A,USD,STD,INDL,C,011721,2012-09-30,OSHKOSH CORP,OSK,688239201,0000775158,11,9,USA,4947.8000,1853.5000,540.7000,3094.3000,1853.5000,1056.7000,230.8000,8180.9000,91.5570,27.430000000000
A,USD,STD,INDL,C,011721,2013-09-30,OSHKOSH CORP,OSK,688239201,0000775158,11,9,USA,4765.7000,2107.8000,733.5000,2657.9000,2107.8000,1259.4000,318.0000,7665.1000,86.5340,48.980000000000
A,USD,STD,INDL,C,011721,2014-09-30,OSHKOSH CORP,OSK,688239201,0000775158,11,9,USA,4586.7000,1985.0000,313.8000,2601.7000,1985.0000,1256.9000,309.3000,6817.1000,79.8450,44.150000000000
A,USD,STD,INDL,C,011721,2015-09-30,OSHKOSH CORP,OSK,688239201,0000775158,11,9,USA,4613.0000,1911.1000,42.9000,2701.9000,1911.1000,1100.7000,229.5000,6098.1000,75.4540,36.330000000000
A,USD,STD,INDL,C,011721,2016-09-30,OSHKOSH CORP,OSK,688239201,0000775158,11,9,USA,4513.8000,1976.5000,321.9000,2537.3000,1976.5000,1130.0000,216.4000,6279.2000,73.9250,56.000000000000
A,USD,STD,INDL,C,011721,2017-09-30,OSHKOSH CORP,OSK,688239201,0000775158,11,9,USA,5098.9000,2307.4000,447.0000,2791.5000,2307.4000,1291.7000,285.6000,6829.6000,75.0130,82.540000000000
A,USD,STD,INDL,C,011721,2018-09-30,OSHKOSH CORP,OSK,688239201,0000775158,11,9,USA,5294.2000,2513.5000,455.8000,2780.7000,2513.5000,1435.5000,471.9000,7705.5000,72.3710,71.240000000000
A,USD,STD,INDL,C,011721,2019-09-30,OSHKOSH CORP,OSK,688239201,0000775158,11,9,USA,5566.3000,2599.8000,449.8000,2966.5000,2599.8000,1597.4000,579.4000,8382.0000,67.9870,75.800000000000
A,USD,STD,INDL,C,011721,2020-09-30,OSHKOSH CORP,OSK,688239201,0000775158,11,9,USA,5815.9000,2850.7000,586.4000,2965.2000,2850.7000,1202.5000,324.5000,6856.8000,68.1510,73.500000000000
A,USD,STD,INDL,C,011721,2021-09-30,OSHKOSH CORP,OSK,688239201,0000775158,11,9,USA,6891.6000,3247.8000,1381.7000,3643.8000,3247.8000,1313.0000,472.7000,7737.3000,68.0120,102.370000000000
A,USD,STD,INDL,C,011721,2022-12-31,OSHKOSH CORP,OSK,688239201,0000775158,11,12,USA,7729.0000,3185.7000,807.3000,4543.3000,3185.7000,1139.1000,173.9000,8282.0000,65.4720,88.190000000000
A,USD,STD,INDL,C,011721,2023-12-31,OSHKOSH CORP,OSK,688239201,0000775158,11,12,USA,9129.2000,3705.3000,126.9000,5423.9000,3705.3000,1792.9000,598.0000,9657.9000,65.4740,108.410000000000
A,USD,STD,INDL,C,011721,2024-12-31,OSHKOSH CORP,OSK,688239201,0000775158,11,12,USA,9483.9000,4152.1000,208.8000,5331.8000,4152.1000,2094.6000,681.4000,10755.5000,64.6020,95.070000000000
A,USD,STD,INDL,C,011721,2025-12-31,OSHKOSH CORP,OSK,688239201,0000775158,11,12,USA,10072.4000,4530.5000,481.7000,5541.9000,4530.5000,1964.3000,647.0000,10422.3000,62.5890,125.630000000000
A,USD,STD,INDL,C,011781,2010-12-31,OVINTIV INC,OVV,69047Q102,0001792580,11,12,USA,34020.0000,17327.0000,629.0000,16693.0000,17327.0000,5994.0000,1499.0000,8870.0000,736.3000,29.120000000000
A,USD,STD,INDL,C,011781,2011-12-31,OVINTIV INC,OVV,69047Q102,0001792580,11,12,USA,33918.0000,16324.0000,732.0000,17594.0000,16324.0000,4278.0000,128.0000,8467.0000,736.3000,18.530000000000
A,USD,STD,INDL,C,011781,2012-12-31,OVINTIV INC,OVV,69047Q102,0001792580,11,12,USA,18700.0000,5295.0000,3179.0000,13405.0000,5295.0000,-2014.0000,-2794.0000,5160.0000,736.3000,19.760000000000
A,USD,STD,INDL,C,011781,2013-12-31,OVINTIV INC,OVV,69047Q102,0001792580,11,12,USA,17648.0000,5147.0000,2566.0000,12501.0000,5147.0000,2927.0000,236.0000,5858.0000,740.9000,18.050000000000
A,USD,STD,INDL,C,011781,2014-12-31,OVINTIV INC,OVV,69047Q102,0001792580,11,12,USA,24621.0000,9685.0000,338.0000,14936.0000,9685.0000,4455.0000,3392.0000,8019.0000,741.2000,13.870000000000
A,USD,STD,INDL,C,011781,2015-12-31,OVINTIV INC,OVV,69047Q102,0001792580,11,12,USA,15644.0000,6167.0000,271.0000,9477.0000,6167.0000,-4493.0000,-5165.0000,4422.0000,849.8000,5.090000000000
A,USD,STD,INDL,C,011781,2016-12-31,OVINTIV INC,OVV,69047Q102,0001792580,11,12,USA,14653.0000,6126.0000,834.0000,8527.0000,6126.0000,-662.0000,-944.0000,2918.0000,973.0000,11.740000000000
A,USD,STD,INDL,C,011781,2017-12-31,OVINTIV INC,OVV,69047Q102,0001792580,11,12,USA,15267.0000,6728.0000,719.0000,8539.0000,6728.0000,2192.0000,827.0000,4443.0000,973.1000,13.330000000000
A,USD,STD,INDL,C,011781,2018-12-31,OVINTIV INC,OVV,69047Q102,0001792580,11,12,USA,15344.0000,7447.0000,1058.0000,7897.0000,7447.0000,3155.0000,1069.0000,5939.0000,952.5000,5.780000000000
A,USD,STD,INDL,C,011781,2019-12-31,OVINTIV INC,OVV,69047Q102,0001792580,11,12,USA,21487.0000,9930.0000,190.0000,11557.0000,9930.0000,3139.0000,234.0000,6726.0000,1299.0000,4.690000000000
A,USD,STD,INDL,C,011781,2020-12-31,OVINTIV INC,OVV,69047Q102,0001792580,11,12,USA,14469.0000,3837.0000,10.0000,10632.0000,3837.0000,-3139.0000,-6097.0000,6087.0000,259.8000,14.360000000000
A,USD,STD,INDL,C,011781,2021-12-31,OVINTIV INC,OVV,69047Q102,0001792580,11,12,USA,14055.0000,5074.0000,195.0000,8981.0000,5074.0000,3173.0000,1416.0000,8658.0000,258.0000,33.700000000000
A,USD,STD,INDL,C,011781,2022-12-31,OVINTIV INC,OVV,69047Q102,0001792580,11,12,USA,15056.0000,7689.0000,5.0000,7367.0000,7689.0000,5406.0000,3637.0000,12464.0000,245.7000,50.710000000000
A,USD,STD,INDL,C,011781,2023-12-31,OVINTIV INC,OVV,69047Q102,0001792580,11,12,USA,19987.0000,10370.0000,3.0000,9617.0000,10370.0000,5101.0000,2085.0000,10883.0000,271.7000,43.920000000000
A,USD,STD,INDL,C,011781,2024-12-31,OVINTIV INC,OVV,69047Q102,0001792580,11,12,USA,19254.0000,10331.0000,42.0000,8923.0000,10331.0000,4253.0000,1125.0000,9152.0000,260.4000,40.500000000000
A,USD,STD,INDL,C,011781,2025-12-31,OVINTIV INC,OVV,69047Q102,0001792580,11,12,USA,20390.0000,11195.0000,280.0000,9195.0000,11195.0000,3669.0000,1242.0000,8908.0000,253.3000,39.190000000000
A,USD,STD,FS,C,011856,2010-12-31,TRUIST FINANCIAL CORP,TFC,89832Q109,0000092230,11,12,USA,157081.0000,16436.0000,,140583.0000,16436.0000,,,,,26.290000000000
A,USD,STD,INDL,C,011856,2010-12-31,TRUIST FINANCIAL CORP,TFC,89832Q109,0000092230,11,12,USA,157081.0000,16436.0000,2694.0000,140583.0000,16436.0000,6639.0000,816.0000,11072.0000,694.3810,26.290000000000
A,USD,STD,FS,C,011856,2011-12-31,TRUIST FINANCIAL CORP,TFC,89832Q109,0000092230,11,12,USA,174579.0000,17418.0000,,157099.0000,17418.0000,,,,,25.170000000000
A,USD,STD,INDL,C,011856,2011-12-31,TRUIST FINANCIAL CORP,TFC,89832Q109,0000092230,11,12,USA,174579.0000,17418.0000,4364.0000,157099.0000,17418.0000,7430.0000,1289.0000,9998.0000,697.1430,25.170000000000
A,USD,STD,FS,C,011856,2012-12-31,TRUIST FINANCIAL CORP,TFC,89832Q109,0000092230,11,12,USA,183872.0000,19042.0000,,162649.0000,21158.0000,,,,,29.110000000000
A,USD,STD,INDL,C,011856,2012-12-31,TRUIST FINANCIAL CORP,TFC,89832Q109,0000092230,11,12,USA,183872.0000,19042.0000,3789.0000,162649.0000,21158.0000,8662.0000,1979.0000,10779.0000,699.7280,29.110000000000
A,USD,STD,FS,C,011856,2013-12-31,TRUIST FINANCIAL CORP,TFC,89832Q109,0000092230,11,12,USA,183010.0000,20156.0000,,160201.0000,22759.0000,,,,,37.320000000000
A,USD,STD,INDL,C,011856,2013-12-31,TRUIST FINANCIAL CORP,TFC,89832Q109,0000092230,11,12,USA,183010.0000,20156.0000,2587.0000,160201.0000,22759.0000,8930.0000,1679.0000,10413.0000,706.6200,37.320000000000
A,USD,STD,FS,C,011856,2014-12-31,TRUIST FINANCIAL CORP,TFC,89832Q109,0000092230,11,12,USA,186814.0000,21735.0000,,162388.0000,24338.0000,,,,,38.890000000000
A,USD,STD,INDL,C,011856,2014-12-31,TRUIST FINANCIAL CORP,TFC,89832Q109,0000092230,11,12,USA,186814.0000,21735.0000,2699.0000,162388.0000,24338.0000,8907.0000,2151.0000,9926.0000,720.6980,38.890000000000
A,USD,STD,FS,C,011856,2015-12-31,TRUIST FINANCIAL CORP,TFC,89832Q109,0000092230,11,12,USA,209947.0000,24703.0000,,182607.0000,27306.0000,,,,,37.810000000000
A,USD,STD,INDL,C,011856,2015-12-31,TRUIST FINANCIAL CORP,TFC,89832Q109,0000092230,11,12,USA,209947.0000,24703.0000,4167.0000,182607.0000,27306.0000,9209.0000,2084.0000,10372.0000,780.3370,37.810000000000
A,USD,STD,FS,C,011856,2016-12-31,TRUIST FINANCIAL CORP,TFC,89832Q109,0000092230,11,12,USA,219276.0000,26828.0000,,189350.0000,29881.0000,,,,,47.020000000000
A,USD,STD,INDL,C,011856,2016-12-31,TRUIST FINANCIAL CORP,TFC,89832Q109,0000092230,11,12,USA,219276.0000,26828.0000,4424.0000,189350.0000,29881.0000,10221.0000,2426.0000,11538.0000,809.4750,47.020000000000
A,USD,STD,FS,C,011856,2017-12-31,TRUIST FINANCIAL CORP,TFC,89832Q109,0000092230,11,12,USA,221642.0000,26595.0000,,191947.0000,29648.0000,,,,,49.720000000000
A,USD,STD,INDL,C,011856,2017-12-31,TRUIST FINANCIAL CORP,TFC,89832Q109,0000092230,11,12,USA,221642.0000,26595.0000,3083.0000,191947.0000,29648.0000,10770.0000,2394.0000,12156.0000,782.0060,49.720000000000
A,USD,STD,FS,C,011856,2018-12-31,TRUIST FINANCIAL CORP,TFC,89832Q109,0000092230,11,12,USA,225697.0000,27069.0000,,195519.0000,30122.0000,,,,,43.320000000000
A,USD,STD,INDL,C,011856,2018-12-31,TRUIST FINANCIAL CORP,TFC,89832Q109,0000092230,11,12,USA,225697.0000,27069.0000,3987.0000,195519.0000,30122.0000,10992.0000,3237.0000,12996.0000,763.3260,43.320000000000
A,USD,STD,FS,C,011856,2019-12-31,TRUIST FINANCIAL CORP,TFC,89832Q109,0000092230,11,12,USA,473078.0000,61282.0000,,406520.0000,66384.0000,,,,,56.320000000000
A,USD,STD,INDL,C,011856,2019-12-31,TRUIST FINANCIAL CORP,TFC,89832Q109,0000092230,11,12,USA,473078.0000,61282.0000,20482.0000,406520.0000,66384.0000,11971.0000,3224.0000,14682.0000,1342.1660,56.320000000000
A,USD,STD,FS,C,011856,2020-12-31,TRUIST FINANCIAL CORP,TFC,89832Q109,0000092230,11,12,USA,509228.0000,62759.0000,,438316.0000,70807.0000,,,,,47.930000000000
A,USD,STD,INDL,C,011856,2020-12-31,TRUIST FINANCIAL CORP,TFC,89832Q109,0000092230,11,12,USA,509228.0000,62759.0000,20026.0000,438316.0000,70807.0000,20376.0000,4482.0000,24433.0000,1348.9610,47.930000000000
A,USD,STD,FS,C,011856,2021-12-31,TRUIST FINANCIAL CORP,TFC,89832Q109,0000092230,11,12,USA,541241.0000,62598.0000,,471970.0000,69271.0000,,,,,58.550000000000
A,USD,STD,INDL,C,011856,2021-12-31,TRUIST FINANCIAL CORP,TFC,89832Q109,0000092230,11,12,USA,541241.0000,62598.0000,23755.0000,471970.0000,69271.0000,23072.0000,6440.0000,23027.0000,1327.8180,58.550000000000
A,USD,STD,FS,C,011856,2022-12-31,TRUIST FINANCIAL CORP,TFC,89832Q109,0000092230,11,12,USA,555255.0000,53841.0000,,494718.0000,60514.0000,,,,,43.030000000000
A,USD,STD,INDL,C,011856,2022-12-31,TRUIST FINANCIAL CORP,TFC,89832Q109,0000092230,11,12,USA,555255.0000,53841.0000,23836.0000,494718.0000,60514.0000,22184.0000,6260.0000,25282.0000,1326.8290,43.030000000000
A,USD,STD,FS,C,011856,2023-12-31,TRUIST FINANCIAL CORP,TFC,89832Q109,0000092230,11,12,USA,535349.0000,52428.0000,,476096.0000,59101.0000,,,,,36.920000000000
A,USD,STD,INDL,C,011856,2023-12-31,TRUIST FINANCIAL CORP,TFC,89832Q109,0000092230,11,12,USA,535349.0000,52428.0000,31812.0000,476096.0000,59101.0000,21281.0000,-1091.0000,33246.0000,1333.7430,36.920000000000
A,USD,STD,FS,C,011856,2024-12-31,TRUIST FINANCIAL CORP,TFC,89832Q109,0000092230,11,12,USA,531176.0000,57772.0000,,467497.0000,63679.0000,,,,,43.380000000000
A,USD,STD,INDL,C,011856,2024-12-31,TRUIST FINANCIAL CORP,TFC,89832Q109,0000092230,11,12,USA,531176.0000,57772.0000,41090.0000,467497.0000,63679.0000,11408.0000,4818.0000,24253.0000,1315.9360,43.380000000000
A,USD,STD,FS,C,011856,2025-12-31,TRUIST FINANCIAL CORP,TFC,89832Q109,0000092230,11,12,USA,547538.0000,60273.0000,,482349.0000,65189.0000,,,,,49.210000000000
A,USD,STD,INDL,C,011856,2025-12-31,TRUIST FINANCIAL CORP,TFC,89832Q109,0000092230,11,12,USA,547538.0000,60273.0000,37690.0000,482349.0000,65189.0000,18425.0000,5307.0000,30438.0000,1262.4700,49.210000000000
A,USD,STD,FS,C,012138,2010-12-31,PRICE (T. ROWE) GROUP,TROW,74144T108,0001113169,14,12,USA,3642.0000,3296.5000,,345.5000,3296.5000,,,,,64.540000000000
A,USD,STD,INDL,C,012138,2010-12-31,PRICE (T. ROWE) GROUP,TROW,74144T108,0001113169,14,12,USA,3642.0000,3296.5000,813.1000,345.5000,3296.5000,1099.5000,672.2000,2370.7000,258.7600,64.540000000000
A,USD,STD,FS,C,012138,2011-12-31,PRICE (T. ROWE) GROUP,TROW,74144T108,0001113169,14,12,USA,3770.3000,3420.7000,,349.6000,3420.7000,,,,,56.950000000000
A,USD,STD,INDL,C,012138,2011-12-31,PRICE (T. ROWE) GROUP,TROW,74144T108,0001113169,14,12,USA,3770.3000,3420.7000,897.9000,349.6000,3420.7000,1299.3000,773.2000,2750.2000,253.2720,56.950000000000
A,USD,STD,FS,C,012138,2012-12-31,PRICE (T. ROWE) GROUP,TROW,74144T108,0001113169,14,12,USA,4202.8000,3846.1000,,356.7000,3846.1000,,,,,65.117100000000
A,USD,STD,INDL,C,012138,2012-12-31,PRICE (T. ROWE) GROUP,TROW,74144T108,0001113169,14,12,USA,4202.8000,3846.1000,879.1000,356.7000,3846.1000,1445.6000,883.6000,3024.8000,257.0180,65.117100000000
A,USD,STD,FS,C,012138,2013-12-31,PRICE (T. ROWE) GROUP,TROW,74144T108,0001113169,14,12,USA,5033.1000,4818.1000,,215.0000,4818.1000,,,,,83.770000000000
A,USD,STD,INDL,C,012138,2013-12-31,PRICE (T. ROWE) GROUP,TROW,74144T108,0001113169,14,12,USA,5033.1000,4818.1000,1398.0000,215.0000,4818.1000,1731.9000,1047.7000,3485.7000,262.0730,83.770000000000
A,USD,STD,FS,C,012138,2014-12-31,PRICE (T. ROWE) GROUP,TROW,74144T108,0001113169,14,12,USA,5644.4000,5395.2000,,249.2000,5395.2000,,,,,85.860000000000
A,USD,STD,INDL,C,012138,2014-12-31,PRICE (T. ROWE) GROUP,TROW,74144T108,0001113169,14,12,USA,5644.4000,5395.2000,1506.1000,249.2000,5395.2000,2002.6000,1229.6000,3982.1000,261.1100,85.860000000000
A,USD,STD,FS,C,012138,2015-12-31,PRICE (T. ROWE) GROUP,TROW,74144T108,0001113169,14,12,USA,5106.9000,4762.0000,,344.9000,4762.0000,,,,,71.490000000000
A,USD,STD,INDL,C,012138,2015-12-31,PRICE (T. ROWE) GROUP,TROW,74144T108,0001113169,14,12,USA,5106.9000,4762.0000,1172.3000,344.9000,4762.0000,2025.2000,1223.0000,4200.6000,250.4690,71.490000000000
A,USD,STD,FS,C,012138,2016-12-31,PRICE (T. ROWE) GROUP,TROW,74144T108,0001113169,14,12,USA,6225.0000,5008.6000,,529.2000,5008.6000,,,,,75.260000000000
A,USD,STD,INDL,C,012138,2016-12-31,PRICE (T. ROWE) GROUP,TROW,74144T108,0001113169,14,12,USA,6225.0000,5008.6000,1270.5000,529.2000,5008.6000,1933.0000,1215.0000,4222.9000,244.7840,75.260000000000
A,USD,STD,FS,C,012138,2017-12-31,PRICE (T. ROWE) GROUP,TROW,74144T108,0001113169,14,12,USA,7534.7000,5824.4000,,717.5000,5824.4000,,,,,104.930000000000
A,USD,STD,INDL,C,012138,2017-12-31,PRICE (T. ROWE) GROUP,TROW,74144T108,0001113169,14,12,USA,7534.7000,5824.4000,2005.8000,717.5000,5824.4000,2202.4000,1497.8000,4793.0000,245.1110,104.930000000000
A,USD,STD,FS,C,012138,2018-12-31,PRICE (T. ROWE) GROUP,TROW,74144T108,0001113169,14,12,USA,7689.3000,6124.3000,,824.7000,6124.3000,,,,,92.320000000000
A,USD,STD,INDL,C,012138,2018-12-31,PRICE (T. ROWE) GROUP,TROW,74144T108,0001113169,14,12,USA,7689.3000,6124.3000,1495.3000,824.7000,6124.3000,2514.7000,1837.5000,5372.6000,238.0690,92.320000000000
A,USD,STD,FS,C,012138,2019-12-31,PRICE (T. ROWE) GROUP,TROW,74144T108,0001113169,14,12,USA,9330.4000,7102.1000,,1107.3000,7102.1000,,,,,121.840000000000
A,USD,STD,INDL,C,012138,2019-12-31,PRICE (T. ROWE) GROUP,TROW,74144T108,0001113169,14,12,USA,9330.4000,7102.1000,1858.3000,1107.3000,7102.1000,2577.8000,2131.3000,5617.9000,235.2140,121.840000000000
A,USD,STD,FS,C,012138,2020-12-31,PRICE (T. ROWE) GROUP,TROW,74144T108,0001113169,14,12,USA,10659.0000,7707.0000,,1390.3000,7707.0000,,,,,151.390000000000
A,USD,STD,INDL,C,012138,2020-12-31,PRICE (T. ROWE) GROUP,TROW,74144T108,0001113169,14,12,USA,10659.0000,7707.0000,2256.5000,1390.3000,7707.0000,2935.3000,2372.7000,6206.7000,227.9650,151.390000000000
A,USD,STD,FS,C,012138,2021-12-31,PRICE (T. ROWE) GROUP,TROW,74144T108,0001113169,14,12,USA,12509.0000,9022.7000,,2255.3000,9022.7000,,,,,196.640000000000
A,USD,STD,INDL,C,012138,2021-12-31,PRICE (T. ROWE) GROUP,TROW,74144T108,0001113169,14,12,USA,12509.0000,9022.7000,1624.2000,2255.3000,9022.7000,3946.7000,3082.9000,7671.9000,229.1750,196.640000000000
A,USD,STD,FS,C,012138,2022-12-31,PRICE (T. ROWE) GROUP,TROW,74144T108,0001113169,14,12,USA,11643.3000,8839.5000,,1956.4000,8839.5000,,,,,109.060000000000
A,USD,STD,INDL,C,012138,2022-12-31,PRICE (T. ROWE) GROUP,TROW,74144T108,0001113169,14,12,USA,11643.3000,8839.5000,1874.7000,1956.4000,8839.5000,2722.6000,1557.9000,6488.4000,224.3100,109.060000000000
A,USD,STD,FS,C,012138,2023-12-31,PRICE (T. ROWE) GROUP,TROW,74144T108,0001113169,14,12,USA,12278.8000,9505.1000,,1987.6000,9505.1000,,,,,107.690000000000
A,USD,STD,INDL,C,012138,2023-12-31,PRICE (T. ROWE) GROUP,TROW,74144T108,0001113169,14,12,USA,12278.8000,9505.1000,2143.8000,1987.6000,9505.1000,2292.8000,1788.7000,6460.5000,223.9380,107.690000000000
A,USD,STD,FS,C,012138,2024-12-31,PRICE (T. ROWE) GROUP,TROW,74144T108,0001113169,14,12,USA,13472.0000,10345.4000,,2021.9000,10345.4000,,,,,113.090000000000
A,USD,STD,INDL,C,012138,2024-12-31,PRICE (T. ROWE) GROUP,TROW,74144T108,0001113169,14,12,USA,13472.0000,10345.4000,2712.9000,2021.9000,10345.4000,2730.7000,2100.1000,7093.6000,222.9660,113.090000000000
A,USD,STD,FS,C,012138,2025-12-31,PRICE (T. ROWE) GROUP,TROW,74144T108,0001113169,14,12,USA,14341.8000,10860.1000,,2288.6000,10860.1000,,,,,102.380000000000
A,USD,STD,INDL,C,012138,2025-12-31,PRICE (T. ROWE) GROUP,TROW,74144T108,0001113169,14,12,USA,14341.8000,10860.1000,3417.3000,2288.6000,10860.1000,2883.2000,2087.1000,7314.8000,218.5650,102.380000000000
A,USD,STD,INDL,C,012395,2010-10-31,TOLL BROTHERS INC,TOL,889478103,0000794170,11,10,USA,5171.5550,2555.4530,1297.8330,2612.5420,2555.4530,166.5700,-3.3740,1529.6010,166.4080,17.940000000000
A,USD,STD,INDL,C,012395,2011-10-31,TOLL BROTHERS INC,TOL,889478103,0000794170,11,10,USA,5055.2460,2586.3530,1159.6720,2462.6950,2586.3530,257.2820,39.7950,1551.1970,165.7290,17.440000000000
A,USD,STD,INDL,C,012395,2012-10-31,TOLL BROTHERS INC,TOL,889478103,0000794170,11,10,USA,6181.0440,3121.7000,826.1000,3053.1730,3121.7000,395.9160,487.1460,1990.8710,168.6370,33.010000000000
A,USD,STD,INDL,C,012395,2013-10-31,TOLL BROTHERS INC,TOL,889478103,0000794170,11,10,USA,6827.4590,3332.9870,805.0080,3488.2950,3332.9870,600.6220,170.6060,2812.7990,169.3530,32.880000000000
A,USD,STD,INDL,C,012395,2014-10-31,TOLL BROTHERS INC,TOL,889478103,0000794170,11,10,USA,8416.9020,3854.3760,604.6570,4556.2050,3854.3760,906.5370,340.0320,4282.0470,175.0460,31.950000000000
A,USD,STD,INDL,C,012395,2015-10-31,TOLL BROTHERS INC,TOL,889478103,0000794170,11,10,USA,9206.5150,4222.5570,970.3980,4978.4360,4222.5570,982.9880,363.1670,4494.2200,174.8470,35.970000000000
A,USD,STD,INDL,C,012395,2016-10-31,TOLL BROTHERS INC,TOL,889478103,0000794170,11,10,USA,9736.7890,4229.2920,803.6390,5501.5870,4229.2920,1096.9680,382.0950,5402.0600,161.7830,27.440000000000
A,USD,STD,INDL,C,012395,2017-10-31,TOLL BROTHERS INC,TOL,889478103,0000794170,11,10,USA,9445.2250,4531.1940,761.2340,4908.1350,4531.1940,1323.7010,535.4950,6261.6810,157.2050,46.040000000000
A,USD,STD,INDL,C,012395,2018-10-31,TOLL BROTHERS INC,TOL,889478103,0000794170,11,10,USA,10244.5900,4760.1990,1215.6660,5475.6780,4760.1990,1542.8210,748.1510,7461.0490,146.1630,33.660000000000
A,USD,STD,INDL,C,012395,2019-10-31,TOLL BROTHERS INC,TOL,889478103,0000794170,11,10,USA,10828.1380,5071.8160,1318.8770,5709.4450,5071.8160,1565.4810,590.0070,7439.3220,140.9380,39.770000000000
A,USD,STD,INDL,C,012395,2020-10-31,TOLL BROTHERS INC,TOL,889478103,0000794170,11,10,USA,11065.7330,4875.2350,1395.6560,6138.2570,4875.2350,1524.4870,446.6240,7223.1290,126.5270,42.280000000000
A,USD,STD,INDL,C,012395,2021-10-31,TOLL BROTHERS INC,TOL,889478103,0000794170,11,10,USA,11537.8500,5295.0240,1679.9230,6197.3950,5295.0240,2060.3770,833.6270,8935.9670,120.1170,60.170000000000
A,USD,STD,INDL,C,012395,2022-10-31,TOLL BROTHERS INC,TOL,889478103,0000794170,11,10,USA,12288.7140,6006.0880,1398.5500,6266.8740,6006.0880,2594.9150,1286.5000,10419.0360,109.6250,43.080000000000
A,USD,STD,INDL,C,012395,2023-10-31,TOLL BROTHERS INC,TOL,889478103,0000794170,11,10,USA,12527.0180,6797.1560,1344.3410,5713.8160,6797.1560,2752.1420,1372.0710,10174.8040,103.7910,70.710000000000
A,USD,STD,INDL,C,012395,2024-10-31,TOLL BROTHERS INC,TOL,889478103,0000794170,11,10,USA,13367.9320,7670.9280,1370.4350,5681.2170,7670.9280,3165.7060,1571.1950,11055.1490,99.7880,146.440000000000
A,USD,STD,INDL,C,012395,2025-10-31,TOLL BROTHERS INC,TOL,889478103,0000794170,11,10,USA,14519.8660,8270.6630,1338.9380,6233.8020,8270.6630,2885.5570,1346.4860,11181.0840,94.7970,134.950000000000
A,USD,STD,INDL,C,012689,2010-11-30,KB HOME,KBH,48666K109,0000795266,11,11,USA,3109.7490,631.8780,1023.9070,2477.8710,631.8780,284.9970,-69.3680,1589.9960,76.9700,11.300000000000
A,USD,STD,INDL,C,012689,2011-11-30,KB HOME,KBH,48666K109,0000795266,11,11,USA,2512.5420,442.6570,482.5550,2069.8850,442.6570,187.9120,-178.7680,1315.8660,77.0720,7.350000000000
A,USD,STD,INDL,C,012689,2012-11-30,KB HOME,KBH,48666K109,0000795266,11,11,USA,2561.6980,376.8060,568.0500,2184.8920,376.8060,220.2500,-58.9530,1560.1150,77.2220,14.360000000000
A,USD,STD,INDL,C,012689,2013-11-30,KB HOME,KBH,48666K109,0000795266,11,11,USA,3193.6350,536.0860,574.4290,2657.5490,536.0860,393.8600,39.9630,2097.1300,83.7450,17.530000000000
A,USD,STD,INDL,C,012689,2014-11-30,KB HOME,KBH,48666K109,0000795266,11,11,USA,4757.5500,1595.9100,386.0030,3161.6400,1595.9100,417.7180,918.3490,2400.9490,91.9550,17.570000000000
A,USD,STD,INDL,C,012689,2015-11-30,KB HOME,KBH,48666K109,0000795266,11,11,USA,5015.3710,1690.8340,569.6850,3324.5370,1690.8340,496.0730,84.6430,3032.0300,92.2760,14.090000000000
A,USD,STD,INDL,C,012689,2016-11-30,KB HOME,KBH,48666K109,0000795266,11,11,USA,5131.6240,1723.1450,593.0000,3408.4790,1723.1450,557.1820,105.6150,3594.6460,85.0730,15.840000000000
A,USD,STD,INDL,C,012689,2017-11-30,KB HOME,KBH,48666K109,0000795266,11,11,USA,5041.5150,1926.3110,720.8610,3115.2040,1926.3110,724.8520,180.5950,4368.5290,87.0270,31.360000000000
A,USD,STD,INDL,C,012689,2018-11-30,KB HOME,KBH,48666K109,0000795266,11,11,USA,5073.5710,2087.5000,575.1190,2986.0710,2087.5000,805.6120,170.3650,4547.0020,86.9250,21.110000000000
A,USD,STD,INDL,C,012689,2019-11-30,KB HOME,KBH,48666K109,0000795266,11,11,USA,5015.4820,2383.1220,454.8580,2632.3600,2383.1220,870.9770,268.7750,4552.7470,89.6070,34.580000000000
A,USD,STD,INDL,C,012689,2020-11-30,KB HOME,KBH,48666K109,0000795266,11,11,USA,5356.4420,2665.7690,682.5290,2690.6730,2665.7690,831.1190,296.2430,4183.1740,91.6380,35.200000000000
A,USD,STD,INDL,C,012689,2021-11-30,KB HOME,KBH,48666K109,0000795266,11,11,USA,5835.9180,3019.4750,292.1360,2816.4430,3019.4750,1284.2590,564.7460,5724.9300,88.2210,39.990000000000
A,USD,STD,INDL,C,012689,2022-11-30,KB HOME,KBH,48666K109,0000795266,11,11,USA,6651.9300,3660.7950,330.1980,2991.1350,3660.7950,1722.7520,816.6660,6903.7760,83.9900,31.390000000000
A,USD,STD,INDL,C,012689,2023-11-30,KB HOME,KBH,48666K109,0000795266,11,11,USA,6648.3620,3810.1400,727.3420,2838.2220,3810.1400,1416.7670,590.1770,6410.6290,75.8670,52.100000000000
A,USD,STD,INDL,C,012689,2024-11-30,KB HOME,KBH,48666K109,0000795266,11,11,USA,6936.1690,4060.6160,599.1930,2875.5530,4060.6160,1515.8750,655.0180,6930.0860,72.1570,82.740000000000
A,USD,STD,INDL,C,012689,2025-11-30,KB HOME,KBH,48666K109,0000795266,11,11,USA,6680.2520,3900.8580,230.4430,2779.3940,3900.8580,1214.8570,428.7890,6236.2140,63.1740,64.330000000000
A,USD,STD,INDL,C,012785,2010-12-31,PILGRIM'S PRIDE CORP,PPC,72147K108,0000802481,14,12,USA,3218.8980,1072.6630,168.5840,2140.3020,1072.6630,680.4110,87.1410,6881.6290,214.2820,7.090000000000
A,USD,STD,INDL,C,012785,2011-12-31,PILGRIM'S PRIDE CORP,PPC,72147K108,0000802481,14,12,USA,2879.5450,555.6120,49.4460,2321.1150,555.6120,55.4630,-496.7720,7535.6980,214.2820,5.760000000000
A,USD,STD,INDL,C,012785,2012-12-31,PILGRIM'S PRIDE CORP,PPC,72147K108,0000802481,14,12,USA,2913.8690,906.3710,68.1800,2004.8720,906.3710,573.3480,174.2340,8121.3820,258.9990,7.240000000000
A,USD,STD,INDL,C,012785,2013-12-31,PILGRIM'S PRIDE CORP,PPC,72147K108,0000802481,14,12,USA,3172.4020,1489.8180,605.1080,1679.8000,1489.8180,986.6390,549.5550,8411.1480,259.0290,16.250000000000
A,USD,STD,INDL,C,012785,2014-12-31,PILGRIM'S PRIDE CORP,PPC,72147K108,0000802481,14,12,USA,3119.0630,2193.8950,576.1430,922.2620,2193.8950,1536.0950,711.6480,8583.3650,259.0290,32.790000000000
A,USD,STD,INDL,C,012785,2015-12-31,PILGRIM'S PRIDE CORP,PPC,72147K108,0000802481,14,12,USA,3318.4430,1258.8560,439.6380,2056.6330,1258.8560,1406.4770,645.9140,8180.1040,254.8230,22.090000000000
A,USD,STD,INDL,C,012785,2016-12-31,PILGRIM'S PRIDE CORP,PPC,72147K108,0000802481,14,12,USA,3008.2180,887.3440,125.3070,2111.4710,887.3440,1091.0600,440.5320,7931.1230,249.0460,18.990000000000
A,USD,STD,INDL,C,012785,2017-12-31,PILGRIM'S PRIDE CORP,PPC,72147K108,0000802481,14,12,USA,6248.6520,1846.1560,589.5310,4392.9910,1846.1560,1757.0140,718.0650,10767.8630,248.7530,31.060000000000
A,USD,STD,INDL,C,012785,2018-12-31,PILGRIM'S PRIDE CORP,PPC,72147K108,0000802481,14,12,USA,5931.2020,2009.8000,361.5780,3911.6170,2009.8000,1132.3760,247.9450,10937.7840,248.9650,15.510000000000
A,USD,STD,INDL,C,012785,2019-12-31,PILGRIM'S PRIDE CORP,PPC,72147K108,0000802481,14,12,USA,7102.3640,2525.6630,280.5770,4566.3040,2525.6630,1357.6240,455.9240,11409.2190,249.5720,32.715000000000
A,USD,STD,INDL,C,012785,2020-12-31,PILGRIM'S PRIDE CORP,PPC,72147K108,0000802481,14,12,USA,7474.4970,2563.7610,548.4060,4899.1500,2563.7610,1175.3000,94.7570,12091.9010,243.5120,19.610000000000
A,USD,STD,INDL,C,012785,2021-12-31,PILGRIM'S PRIDE CORP,PPC,72147K108,0000802481,14,12,USA,8913.2050,2577.0800,450.1210,6324.2710,2577.0800,1746.6510,31.0000,14777.4580,243.6760,28.200000000000
A,USD,STD,INDL,C,012785,2022-12-31,PILGRIM'S PRIDE CORP,PPC,72147K108,0000802481,14,12,USA,9255.7690,2840.8140,434.7590,6402.4930,2840.8140,2214.9130,745.9300,17468.3770,236.4690,23.730000000000
A,USD,STD,INDL,C,012785,2023-12-31,PILGRIM'S PRIDE CORP,PPC,72147K108,0000802481,14,12,USA,9810.3610,3331.3720,731.2230,6465.7840,3331.3720,1483.9010,321.5740,17362.2170,236.7900,27.660000000000
A,USD,STD,INDL,C,012785,2024-12-31,PILGRIM'S PRIDE CORP,PPC,72147K108,0000802481,14,12,USA,10650.5760,4239.4060,2053.3780,6397.1800,4239.4060,2754.4640,1086.4380,17878.2910,237.1220,45.390000000000
A,USD,STD,INDL,C,012785,2025-12-31,PILGRIM'S PRIDE CORP,PPC,72147K108,0000802481,14,12,USA,10343.5300,3680.0500,640.2350,6649.7990,3680.0500,2814.3000,1082.3590,18497.5530,237.5470,38.990000000000
A,USD,STD,FS,C,013125,2010-12-31,HEALTHPEAK PROPERTIES INC,DOC,42250P103,0000765880,11,12,USA,13331.9230,7672.1940,,5185.8760,7957.3670,,,,,36.790000000000
A,USD,STD,INDL,C,013125,2010-12-31,HEALTHPEAK PROPERTIES INC,DOC,42250P103,0000765880,11,12,USA,13331.9230,7672.1940,1073.0200,5185.8760,7957.3670,749.5760,330.7090,1259.9040,370.9250,36.790000000000
A,USD,STD,FS,C,013125,2011-12-31,HEALTHPEAK PROPERTIES INC,DOC,42250P103,0000765880,11,12,USA,17408.4750,8748.3090,,8187.8530,9033.4820,,,,,41.430000000000
A,USD,STD,INDL,C,013125,2011-12-31,HEALTHPEAK PROPERTIES INC,DOC,42250P103,0000765880,11,12,USA,17408.4750,8748.3090,75.0590,8187.8530,9033.4820,1179.7300,538.8910,1772.1360,408.6290,41.430000000000
A,USD,STD,FS,C,013125,2012-12-31,HEALTHPEAK PROPERTIES INC,DOC,42250P103,0000765880,11,12,USA,19915.5550,10551.2370,,9161.7780,10551.2370,,,,,45.160000000000
A,USD,STD,INDL,C,013125,2012-12-31,HEALTHPEAK PROPERTIES INC,DOC,42250P103,0000765880,11,12,USA,19915.5550,10551.2370,285.5210,9161.7780,10551.2370,1305.0560,832.5400,1955.1770,453.1910,45.160000000000
A,USD,STD,FS,C,013125,2013-12-31,HEALTHPEAK PROPERTIES INC,DOC,42250P103,0000765880,11,12,USA,20075.8700,10723.3000,,9144.7360,10723.3000,,,,,36.320000000000
A,USD,STD,INDL,C,013125,2013-12-31,HEALTHPEAK PROPERTIES INC,DOC,42250P103,0000765880,11,12,USA,20075.8700,10723.3000,337.7850,9144.7360,10723.3000,1442.7170,970.8370,2164.3110,456.9610,36.320000000000
A,USD,STD,FS,C,013125,2014-12-31,HEALTHPEAK PROPERTIES INC,DOC,42250P103,0000765880,11,12,USA,21369.9400,10735.2970,,10372.8410,10735.2970,,,,,44.030000000000
A,USD,STD,INDL,C,013125,2014-12-31,HEALTHPEAK PROPERTIES INC,DOC,42250P103,0000765880,11,12,USA,21369.9400,10735.2970,232.7860,10372.8410,10735.2970,1471.2510,922.2330,2315.8490,459.7460,44.030000000000
A,USD,STD,FS,C,013125,2015-12-31,HEALTHPEAK PROPERTIES INC,DOC,42250P103,0000765880,11,12,USA,21449.8490,9343.6430,,11703.5320,9343.6430,,,,,38.240000000000
A,USD,STD,INDL,C,013125,2015-12-31,HEALTHPEAK PROPERTIES INC,DOC,42250P103,0000765880,11,12,USA,21449.8490,9343.6430,407.1160,11703.5320,9343.6430,72.6120,-559.2350,2601.6250,465.4880,38.240000000000
A,USD,STD,FS,C,013125,2016-12-31,HEALTHPEAK PROPERTIES INC,DOC,42250P103,0000765880,11,12,USA,15759.2650,5547.5950,,9817.9570,5547.5950,,,,,29.720000000000
A,USD,STD,INDL,C,013125,2016-12-31,HEALTHPEAK PROPERTIES INC,DOC,42250P103,0000765880,11,12,USA,15759.2650,5547.5950,136.9900,9817.9570,5547.5950,834.1470,627.7470,2140.6540,468.0810,29.720000000000
A,USD,STD,FS,C,013125,2017-12-31,HEALTHPEAK PROPERTIES INC,DOC,42250P103,0000765880,11,12,USA,14088.4610,5301.0050,,8493.5230,5301.0050,,,,,26.080000000000
A,USD,STD,INDL,C,013125,2017-12-31,HEALTHPEAK PROPERTIES INC,DOC,42250P103,0000765880,11,12,USA,14088.4610,5301.0050,82.2030,8493.5230,5301.0050,491.9180,414.1690,1859.2790,469.4360,26.080000000000
A,USD,STD,FS,C,013125,2018-12-31,HEALTHPEAK PROPERTIES INC,DOC,42250P103,0000765880,11,12,USA,12718.5530,5944.4390,,6205.9620,5944.4390,,,,,27.930000000000
A,USD,STD,INDL,C,013125,2018-12-31,HEALTHPEAK PROPERTIES INC,DOC,42250P103,0000765880,11,12,USA,12718.5530,5944.4390,139.8460,6205.9620,5944.4390,534.2980,1061.0930,1844.0950,477.4960,27.930000000000
A,USD,STD,FS,C,013125,2019-12-31,HEALTHPEAK PROPERTIES INC,DOC,42250P103,0000765880,11,12,USA,14032.8910,6085.0580,,7365.4170,6085.0580,,,,,34.470000000000
A,USD,STD,INDL,C,013125,2019-12-31,HEALTHPEAK PROPERTIES INC,DOC,42250P103,0000765880,11,12,USA,14032.8910,6085.0580,184.6570,7365.4170,6085.0580,223.4620,45.5300,1988.7580,505.2220,34.470000000000
A,USD,STD,FS,C,013125,2020-12-31,HEALTHPEAK PROPERTIES INC,DOC,42250P103,0000765880,11,12,USA,15920.0890,6788.3450,,8575.5170,6788.3450,,,,,30.230000000000
A,USD,STD,INDL,C,013125,2020-12-31,HEALTHPEAK PROPERTIES INC,DOC,42250P103,0000765880,11,12,USA,15920.0890,6788.3450,111.4320,8575.5170,6788.3450,198.8770,413.5630,1578.2760,538.4050,30.230000000000
A,USD,STD,FS,C,013125,2021-12-31,HEALTHPEAK PROPERTIES INC,DOC,42250P103,0000765880,11,12,USA,15257.5190,6515.4700,,8111.4150,6515.4700,,,,,36.090000000000
A,USD,STD,INDL,C,013125,2021-12-31,HEALTHPEAK PROPERTIES INC,DOC,42250P103,0000765880,11,12,USA,15257.5190,6515.4700,211.7410,8111.4150,6515.4700,421.5590,505.5400,1902.2840,539.0970,36.090000000000
A,USD,STD,FS,C,013125,2022-12-31,HEALTHPEAK PROPERTIES INC,DOC,42250P103,0000765880,11,12,USA,15771.2290,6654.7010,,8482.9520,6654.7010,,,,,25.070000000000
A,USD,STD,INDL,C,013125,2022-12-31,HEALTHPEAK PROPERTIES INC,DOC,42250P103,0000765880,11,12,USA,15771.2290,6654.7010,126.8340,8482.9520,6654.7010,482.5990,500.4490,2063.1630,546.6420,25.070000000000
A,USD,STD,FS,C,013125,2023-12-31,HEALTHPEAK PROPERTIES INC,DOC,42250P103,0000765880,11,12,USA,15698.8500,6350.4460,,8773.9800,6350.4460,,,,,19.800000000000
A,USD,STD,INDL,C,013125,2023-12-31,HEALTHPEAK PROPERTIES INC,DOC,42250P103,0000765880,11,12,USA,15698.8500,6350.4460,169.0230,8773.9800,6350.4460,553.5470,306.0090,2199.9070,547.1560,19.800000000000
A,USD,STD,FS,C,013125,2024-12-31,HEALTHPEAK PROPERTIES INC,DOC,42250P103,0000765880,11,12,USA,19938.2550,8401.2760,,10880.6310,8401.2760,,,,,20.270000000000
A,USD,STD,INDL,C,013125,2024-12-31,HEALTHPEAK PROPERTIES INC,DOC,42250P103,0000765880,11,12,USA,19938.2550,8401.2760,184.3050,10880.6310,8401.2760,543.8900,243.1420,2698.9340,699.4850,20.270000000000
A,USD,STD,FS,C,013125,2025-12-31,HEALTHPEAK PROPERTIES INC,DOC,42250P103,0000765880,11,12,USA,20336.0180,7500.0940,,12033.5670,7500.0940,,,,,16.080000000000
A,USD,STD,INDL,C,013125,2025-12-31,HEALTHPEAK PROPERTIES INC,DOC,42250P103,0000765880,11,12,USA,20336.0180,7500.0940,537.7020,12033.5670,7500.0940,461.4570,71.3470,2648.5280,695.0370,16.080000000000
I,USD,STD,INDL,C,013431,2010-12-31,BERRY CORP,BRY,08579X101,0001705873,14,12,USA,2838.6160,1024.5530,0.3430,1814.0630,1024.5530,412.1020,82.5240,676.5100,53.2240,43.700000000000
I,USD,STD,INDL,C,013431,2011-12-31,BERRY CORP,BRY,08579X101,0001705873,14,12,USA,2734.9520,840.7290,0.3630,1894.2230,840.7290,609.7370,-228.0630,919.5580,53.8660,42.020000000000
I,USD,STD,INDL,C,013431,2012-12-31,BERRY CORP,BRY,08579X101,0001705873,14,12,USA,3325.4020,1014.7910,0.4370,2310.6110,1014.7910,638.3300,171.5390,974.8320,54.1920,33.550000000000
I,USD,STD,INDL,C,013431,2013-12-31,BERRY CORP,BRY,08579X101,0001705873,14,12,USA,,,,,,,,,,47.250000000000
I,USD,STD,INDL,C,013431,2014-12-31,BERRY CORP,BRY,08579X101,0001705873,14,12,USA,,,,,,,,,,
I,USD,STD,INDL,C,013431,2015-12-31,BERRY CORP,BRY,08579X101,0001705873,14,12,USA,,,,,,,,,,
I,USD,STD,INDL,C,013431,2016-12-31,BERRY CORP,BRY,08579X101,0001705873,14,12,USA,2652.0500,502.9630,30.6110,2149.0870,502.9630,-891.6180,-1283.1960,410.9910,,
I,USD,STD,INDL,C,013431,2017-12-31,BERRY CORP,BRY,08579X101,0001705873,14,12,USA,1546.4020,524.3100,68.7380,687.0920,859.3100,148.6310,-524.0320,412.3870,32.9200,8.900000000000
I,USD,STD,INDL,C,013431,2018-12-31,BERRY CORP,BRY,08579X101,0001705873,14,12,USA,1692.2630,1006.4460,68.6800,685.8170,1006.4460,332.0450,147.1020,586.5570,81.2020,8.750000000000
I,USD,STD,INDL,C,013431,2019-12-31,BERRY CORP,BRY,08579X101,0001705873,14,12,USA,1690.1980,972.4480,0.0000,717.7500,972.4480,221.7630,43.5390,559.4050,79.5430,9.430000000000
I,USD,STD,INDL,C,013431,2020-12-31,BERRY CORP,BRY,08579X101,0001705873,14,12,USA,1419.8100,714.0360,80.5570,705.7740,714.0360,-12.0980,-262.8950,523.8330,79.9290,3.680000000000
I,USD,STD,INDL,C,013431,2021-12-31,BERRY CORP,BRY,08579X101,0001705873,14,12,USA,1456.4790,692.6480,15.2830,763.8310,692.6480,200.2070,-15.5420,544.9500,80.0070,8.420000000000
I,USD,STD,INDL,C,013431,2022-12-31,BERRY CORP,BRY,08579X101,0001705873,14,12,USA,1631.0300,800.4850,46.2500,830.5450,800.4850,407.0040,250.1680,918.3410,75.7680,8.000000000000
I,USD,STD,INDL,C,013431,2023-12-31,BERRY CORP,BRY,08579X101,0001705873,14,12,USA,1594.1580,757.9760,4.8350,836.1820,757.9760,375.4250,37.4000,903.4600,75.6670,7.030000000000
I,USD,STD,INDL,C,013431,2024-12-31,BERRY CORP,BRY,08579X101,0001705873,14,12,USA,1517.6860,730.6360,30.0360,787.0500,730.6360,390.2230,19.2510,776.5010,76.9390,4.130000000000
A,USD,STD,INDL,C,013714,2010-12-31,PARAMOUNT SKYDANCE CORP,PSKY,69932A204,0002041610,14,12,USA,26142.6000,9820.6000,480.0000,16322.0000,9820.6000,5074.5000,724.2000,14059.8000,680.2000,19.050000000000
A,USD,STD,INDL,C,013714,2011-12-31,PARAMOUNT SKYDANCE CORP,PSKY,69932A204,0002041610,14,12,USA,26197.0000,9908.0000,660.0000,16289.0000,9908.0000,5878.0000,1305.0000,14245.0000,651.0000,27.140000000000
A,USD,STD,INDL,C,013714,2012-12-31,PARAMOUNT SKYDANCE CORP,PSKY,69932A204,0002041610,14,12,USA,26466.0000,10213.0000,708.0000,16253.0000,10213.0000,6122.0000,1574.0000,14089.0000,630.0000,38.050000000000
A,USD,STD,INDL,C,013714,2013-12-31,PARAMOUNT SKYDANCE CORP,PSKY,69932A204,0002041610,14,12,USA,26387.0000,9966.0000,397.0000,16421.0000,9966.0000,6471.0000,1879.0000,15284.0000,596.0000,63.740000000000
A,USD,STD,INDL,C,013714,2014-12-31,PARAMOUNT SKYDANCE CORP,PSKY,69932A204,0002041610,14,12,USA,24072.0000,6970.0000,428.0000,17102.0000,6970.0000,5717.0000,2959.0000,13806.0000,507.0000,55.340000000000
A,USD,STD,INDL,C,013714,2015-12-31,PARAMOUNT SKYDANCE CORP,PSKY,69932A204,0002041610,14,12,USA,23765.0000,5563.0000,323.0000,18202.0000,5563.0000,5562.0000,1413.0000,13886.0000,463.0000,47.130000000000
A,USD,STD,INDL,C,013714,2016-12-31,PARAMOUNT SKYDANCE CORP,PSKY,69932A204,0002041610,14,12,USA,24238.0000,3689.0000,598.0000,20549.0000,3689.0000,5210.0000,1261.0000,13166.0000,412.0000,63.620000000000
A,USD,STD,INDL,C,013714,2017-12-31,PARAMOUNT SKYDANCE CORP,PSKY,69932A204,0002041610,14,12,USA,20843.0000,1978.0000,285.0000,18865.0000,1978.0000,5254.0000,357.0000,13692.0000,383.0000,59.000000000000
A,USD,STD,INDL,C,013714,2018-12-31,PARAMOUNT SKYDANCE CORP,PSKY,69932A204,0002041610,14,12,USA,21859.0000,2804.0000,322.0000,19055.0000,2804.0000,5488.0000,1960.0000,14514.0000,373.0000,43.720000000000
A,USD,STD,INDL,C,013714,2019-12-31,PARAMOUNT SKYDANCE CORP,PSKY,69932A204,0002041610,14,12,USA,49519.0000,13207.0000,632.0000,35976.0000,13207.0000,11178.0000,3308.0000,27812.0000,615.0000,41.970000000000
A,USD,STD,INDL,C,013714,2020-12-31,PARAMOUNT SKYDANCE CORP,PSKY,69932A204,0002041610,14,12,USA,52663.0000,15371.0000,2984.0000,36410.0000,15371.0000,10293.0000,2422.0000,25285.0000,617.0000,37.260000000000
A,USD,STD,INDL,C,013714,2021-12-31,PARAMOUNT SKYDANCE CORP,PSKY,69932A204,0002041610,14,12,USA,58620.0000,22402.0000,6267.0000,35543.0000,22402.0000,10842.0000,4543.0000,28586.0000,648.0000,30.180000000000
A,USD,STD,INDL,C,013714,2022-12-31,PARAMOUNT SKYDANCE CORP,PSKY,69932A204,0002041610,14,12,USA,58393.0000,23036.0000,2885.0000,34787.0000,23036.0000,10309.0000,1104.0000,30154.0000,650.0000,16.880000000000
A,USD,STD,INDL,C,013714,2023-12-31,PARAMOUNT SKYDANCE CORP,PSKY,69932A204,0002041610,14,12,USA,53543.0000,22526.0000,2460.0000,30493.0000,22526.0000,9635.0000,-608.0000,29652.0000,653.0000,14.790000000000
A,USD,STD,INDL,C,013714,2024-12-31,PARAMOUNT SKYDANCE CORP,PSKY,69932A204,0002041610,14,12,USA,46172.0000,16320.0000,2661.0000,29390.0000,16320.0000,9776.0000,-6190.0000,29213.0000,671.0000,10.460000000000
A,USD,STD,INDL,C,013714,2025-12-31,PARAMOUNT SKYDANCE CORP,PSKY,69932A204,0002041610,14,12,USA,43342.0000,11693.0000,3274.0000,30455.0000,11693.0000,9196.0000,-621.0000,28891.0000,1108.0000,13.400000000000
A,USD,STD,INDL,C,013721,2010-12-31,ZOETIS INC,ZTS,98978V103,0001555280,11,12,USA,5284.0000,3344.0000,63.0000,1940.0000,3344.0000,2295.0000,110.0000,3612.0000,,
A,USD,STD,INDL,C,013721,2011-12-31,ZOETIS INC,ZTS,98978V103,0001555280,11,12,USA,5711.0000,3720.0000,79.0000,1975.0000,3720.0000,2743.0000,245.0000,4259.0000,,
A,USD,STD,INDL,C,013721,2012-12-31,ZOETIS INC,ZTS,98978V103,0001555280,11,12,USA,6262.0000,4026.0000,317.0000,2221.0000,4026.0000,2941.0000,436.0000,4368.0000,,
A,USD,STD,INDL,C,013721,2013-12-31,ZOETIS INC,ZTS,98978V103,0001555280,11,12,USA,6558.0000,940.0000,610.0000,5596.0000,940.0000,3108.0000,504.0000,4584.0000,500.0000,32.690000000000
A,USD,STD,INDL,C,013721,2014-12-31,ZOETIS INC,ZTS,98978V103,0001555280,11,12,USA,6607.0000,1311.0000,882.0000,5270.0000,1311.0000,3276.0000,583.0000,4817.0000,501.3280,43.030000000000
A,USD,STD,INDL,C,013721,2015-12-31,ZOETIS INC,ZTS,98978V103,0001555280,11,12,USA,7913.0000,1068.0000,1154.0000,6822.0000,1068.0000,3253.0000,339.0000,4789.0000,497.4000,47.920000000000
A,USD,STD,INDL,C,013721,2016-12-31,ZOETIS INC,ZTS,98978V103,0001555280,11,12,USA,7649.0000,1487.0000,727.0000,6150.0000,1487.0000,3420.0000,821.0000,4918.0000,492.8550,53.530000000000
A,USD,STD,INDL,C,013721,2017-12-31,ZOETIS INC,ZTS,98978V103,0001555280,11,12,USA,8586.0000,1770.0000,1564.0000,6800.0000,1770.0000,3702.0000,864.0000,5319.0000,486.1300,72.040000000000
A,USD,STD,INDL,C,013721,2018-12-31,ZOETIS INC,ZTS,98978V103,0001555280,11,12,USA,10777.0000,2185.0000,1701.0000,8592.0000,2185.0000,4142.0000,1428.0000,5853.0000,479.5620,85.540000000000
A,USD,STD,INDL,C,013721,2019-12-31,ZOETIS INC,ZTS,98978V103,0001555280,11,12,USA,11545.0000,2708.0000,1934.0000,8837.0000,2708.0000,4620.0000,1500.0000,6276.0000,475.5280,132.350000000000
A,USD,STD,INDL,C,013721,2020-12-31,ZOETIS INC,ZTS,98978V103,0001555280,11,12,USA,13609.0000,3769.0000,3604.0000,9836.0000,3769.0000,4930.0000,1638.0000,6687.0000,475.3180,165.500000000000
A,USD,STD,INDL,C,013721,2021-12-31,ZOETIS INC,ZTS,98978V103,0001555280,11,12,USA,13900.0000,4543.0000,3485.0000,9356.0000,4543.0000,5796.0000,2037.0000,7786.0000,472.5740,244.030000000000
A,USD,STD,INDL,C,013721,2022-12-31,ZOETIS INC,ZTS,98978V103,0001555280,11,12,USA,14925.0000,4405.0000,3581.0000,10522.0000,4405.0000,5953.0000,2114.0000,8084.0000,463.8080,146.550000000000
A,USD,STD,INDL,C,013721,2023-12-31,ZOETIS INC,ZTS,98978V103,0001555280,11,12,USA,14286.0000,4997.0000,2041.0000,9295.0000,4997.0000,6362.0000,2344.0000,8581.0000,458.3670,197.370000000000
A,USD,STD,INDL,C,013721,2024-12-31,ZOETIS INC,ZTS,98978V103,0001555280,11,12,USA,14237.0000,4770.0000,1987.0000,9467.0000,4770.0000,6898.0000,2486.0000,9261.0000,448.4730,162.930000000000
A,USD,STD,INDL,C,013721,2025-12-31,ZOETIS INC,ZTS,98978V103,0001555280,11,12,USA,15467.0000,3331.0000,2312.0000,12136.0000,3331.0000,7168.0000,2673.0000,9469.0000,424.9280,125.820000000000
A,USD,STD,INDL,C,014282,2010-12-31,AMPHENOL CORP,APH,032095101,0000820313,11,12,USA,4015.8570,2320.8550,624.2290,1673.1420,2320.8550,1261.0740,496.4050,3554.1010,175.5510,52.780000000000
A,USD,STD,INDL,C,014282,2011-12-31,AMPHENOL CORP,APH,032095101,0000820313,11,12,USA,4445.2250,2171.7690,648.9340,2260.4390,2171.7690,1363.0990,524.1910,3939.7860,163.1220,45.390000000000
A,USD,STD,INDL,C,014282,2012-12-31,AMPHENOL CORP,APH,032095101,0000820313,11,12,USA,5215.4630,2429.9590,942.5030,2773.2810,2429.9590,1464.9910,555.3170,4292.0650,159.8580,64.700000000000
A,USD,STD,INDL,C,014282,2013-12-31,AMPHENOL CORP,APH,032095101,0000820313,11,12,USA,6168.0280,2859.5090,1192.1620,3287.9560,2859.5090,1587.3160,635.6720,4614.6690,158.2060,89.180000000000
A,USD,STD,INDL,C,014282,2014-12-31,AMPHENOL CORP,APH,032095101,0000820313,11,12,USA,7027.0000,2907.4000,1329.6000,4089.1000,2907.4000,1861.9000,709.1000,5345.5000,309.8850,53.810000000000
A,USD,STD,INDL,C,014282,2015-12-31,AMPHENOL CORP,APH,032095101,0000820313,11,12,USA,7458.4000,3238.5000,1760.4000,4180.0000,3238.5000,1951.1000,763.5000,5568.7000,308.0000,52.230000000000
A,USD,STD,INDL,C,014282,2016-12-31,AMPHENOL CORP,APH,032095101,0000820313,11,12,USA,8498.7000,3674.9000,1173.2000,4775.6000,3674.9000,2257.0000,822.9000,6286.4000,308.3000,67.200000000000
A,USD,STD,INDL,C,014282,2017-12-31,AMPHENOL CORP,APH,032095101,0000820313,11,12,USA,10003.9000,3989.8000,1753.7000,5960.5000,3989.8000,2531.5000,650.5000,7011.3000,305.7000,87.800000000000
A,USD,STD,INDL,C,014282,2018-12-31,AMPHENOL CORP,APH,032095101,0000820313,11,12,USA,10044.9000,4017.0000,1291.7000,5980.7000,4017.0000,2949.4000,1205.0000,8202.0000,298.5000,81.020000000000
A,USD,STD,INDL,C,014282,2019-12-31,AMPHENOL CORP,APH,032095101,0000820313,11,12,USA,10815.5000,4530.3000,908.6000,6219.3000,4530.3000,2907.6000,1155.0000,8225.4000,297.9000,108.230000000000
A,USD,STD,INDL,C,014282,2020-12-31,AMPHENOL CORP,APH,032095101,0000820313,11,12,USA,12327.3000,5384.9000,1738.1000,6875.4000,5384.9000,2966.4000,1203.4000,8598.9000,299.3000,130.770000000000
A,USD,STD,INDL,C,014282,2021-12-31,AMPHENOL CORP,APH,032095101,0000820313,11,12,USA,14678.4000,6302.0000,1241.4000,8299.3000,6302.0000,3791.1000,1590.8000,10876.3000,599.1000,87.460000000000
A,USD,STD,INDL,C,014282,2022-12-31,AMPHENOL CORP,APH,032095101,0000820313,11,12,USA,15326.2000,7015.6000,1434.2000,8232.1000,7015.6000,4403.3000,1902.3000,12623.0000,594.8000,76.140000000000
A,USD,STD,INDL,C,014282,2023-12-31,AMPHENOL CORP,APH,032095101,0000820313,11,12,USA,16526.4000,8346.5000,1660.2000,8099.9000,8346.5000,4471.4000,1928.0000,12554.7000,598.9000,99.130000000000
A,USD,STD,INDL,C,014282,2024-12-31,AMPHENOL CORP,APH,032095101,0000820313,11,12,USA,21440.2000,9792.0000,3335.4000,11584.1000,9792.0000,5648.2000,2424.0000,15222.7000,1209.3000,69.450000000000
A,USD,STD,INDL,C,014282,2025-12-31,AMPHENOL CORP,APH,032095101,0000820313,11,12,USA,36236.9000,13413.1000,11434.2000,22727.2000,13413.1000,9399.4000,4270.3000,23094.7000,1226.6000,135.140000000000
I,USD,STD,INDL,C,014359,2010-12-31,PIONEER NATURAL RESOURCES CO,PXD,723787107,0001038357,11,12,USA,9679.1020,4120.5830,111.1600,5453.0770,4120.5830,1248.8380,605.2080,1803.2570,115.3080,86.820000000000
I,USD,STD,INDL,C,014359,2011-12-31,PIONEER NATURAL RESOURCES CO,PXD,723787107,0001038357,11,12,USA,11524.1610,5488.7940,537.4840,5873.0230,5488.7940,1279.1380,826.7930,2294.0630,121.8560,89.480000000000
I,USD,STD,INDL,C,014359,2012-12-31,PIONEER NATURAL RESOURCES CO,PXD,723787107,0001038357,11,12,USA,13069.0300,5689.3540,229.3960,7201.7220,5689.3540,1344.6190,191.4160,2811.6600,123.3560,106.590000000000
I,USD,STD,INDL,C,014359,2013-12-31,PIONEER NATURAL RESOURCES CO,PXD,723787107,0001038357,11,12,USA,12292.7880,6601.5840,392.6460,5678.0300,6601.5840,705.2940,-838.4140,3489.5180,142.6280,184.070000000000
I,USD,STD,INDL,C,014359,2014-12-31,PIONEER NATURAL RESOURCES CO,PXD,723787107,0001038357,11,12,USA,14926.0000,8581.0000,1025.0000,6337.0000,8581.0000,2620.0000,930.0000,4325.0000,149.0000,148.850000000000
I,USD,STD,INDL,C,014359,2015-12-31,PIONEER NATURAL RESOURCES CO,PXD,723787107,0001038357,11,12,USA,15154.0000,8368.0000,1391.0000,6779.0000,8368.0000,21.0000,-273.0000,3142.0000,149.3800,125.380000000000
I,USD,STD,INDL,C,014359,2016-12-31,PIONEER NATURAL RESOURCES CO,PXD,723787107,0001038357,11,12,USA,16459.0000,10404.0000,2559.0000,6048.0000,10404.0000,1400.0000,-556.0000,3951.0000,169.7240,180.070000000000
I,USD,STD,INDL,C,014359,2017-12-31,PIONEER NATURAL RESOURCES CO,PXD,723787107,0001038357,11,12,USA,17003.0000,11274.0000,2114.0000,5724.0000,11274.0000,2152.0000,833.0000,5294.0000,170.1890,172.850000000000
I,USD,STD,INDL,C,014359,2018-12-31,PIONEER NATURAL RESOURCES CO,PXD,723787107,0001038357,11,12,USA,17903.0000,12111.0000,1268.0000,5792.0000,12111.0000,4000.0000,978.0000,9379.0000,169.4990,131.520000000000
I,USD,STD,INDL,C,014359,2019-12-31,PIONEER NATURAL RESOURCES CO,PXD,723787107,0001038357,11,12,USA,19067.0000,12119.0000,705.0000,6948.0000,12119.0000,3889.0000,756.0000,9671.0000,165.5470,151.370000000000
I,USD,STD,INDL,C,014359,2020-12-31,PIONEER NATURAL RESOURCES CO,PXD,723787107,0001038357,11,12,USA,19229.0000,11569.0000,1501.0000,7660.0000,11569.0000,2429.0000,-200.0000,7024.0000,164.4770,113.890000000000
I,USD,STD,INDL,C,014359,2021-12-31,PIONEER NATURAL RESOURCES CO,PXD,723787107,0001038357,11,12,USA,36811.0000,22837.0000,3942.0000,13974.0000,22837.0000,9353.0000,2118.0000,17870.0000,242.7780,181.880000000000
I,USD,STD,INDL,C,014359,2022-12-31,PIONEER NATURAL RESOURCES CO,PXD,723787107,0001038357,11,12,USA,35740.0000,22541.0000,1032.0000,13199.0000,22541.0000,13193.0000,7845.0000,24384.0000,236.0360,228.390000000000
I,USD,STD,INDL,C,014359,2023-12-31,PIONEER NATURAL RESOURCES CO,PXD,723787107,0001038357,11,12,USA,36613.0000,23171.0000,240.0000,13442.0000,23171.0000,9903.0000,4894.0000,19374.0000,233.6230,224.880000000000
A,USD,STD,INDL,C,014934,2010-12-31,DEVON ENERGY CORP,DVN,25179M103,0001090012,11,12,USA,32927.0000,19253.0000,3011.0000,13674.0000,19253.0000,6514.0000,4550.0000,9940.0000,431.5000,78.510000000000
A,USD,STD,INDL,C,014934,2011-12-31,DEVON ENERGY CORP,DVN,25179M103,0001090012,11,12,USA,41117.0000,21430.0000,7058.0000,19687.0000,21430.0000,7463.0000,4704.0000,11454.0000,404.1000,62.000000000000
A,USD,STD,INDL,C,014934,2012-12-31,DEVON ENERGY CORP,DVN,25179M103,0001090012,11,12,USA,43326.0000,21278.0000,6980.0000,22048.0000,21278.0000,3744.0000,-206.0000,9502.0000,406.0000,52.040000000000
A,USD,STD,INDL,C,014934,2013-12-31,DEVON ENERGY CORP,DVN,25179M103,0001090012,11,12,USA,42877.0000,20499.0000,6066.0000,22378.0000,20499.0000,4139.0000,-20.0000,10397.0000,406.0000,61.870000000000
A,USD,STD,INDL,C,014934,2014-12-31,DEVON ENERGY CORP,DVN,25179M103,0001090012,11,12,USA,50637.0000,21539.0000,1480.0000,24296.0000,21539.0000,9872.0000,1607.0000,19566.0000,409.0000,61.210000000000
A,USD,STD,INDL,C,014934,2015-12-31,DEVON ENERGY CORP,DVN,25179M103,0001090012,11,12,USA,29532.0000,7049.0000,2310.0000,18543.0000,7049.0000,-15036.0000,-14454.0000,13145.0000,418.0000,32.000000000000
A,USD,STD,INDL,C,014934,2016-12-31,DEVON ENERGY CORP,DVN,25179M103,0001090012,11,12,USA,25913.0000,5927.0000,1959.0000,15538.0000,5927.0000,-1147.0000,-3302.0000,10304.0000,523.0000,45.670000000000
A,USD,STD,INDL,C,014934,2017-12-31,DEVON ENERGY CORP,DVN,25179M103,0001090012,11,12,USA,30241.0000,9254.0000,2673.0000,16137.0000,9254.0000,4396.0000,898.0000,13949.0000,525.0000,41.400000000000
A,USD,STD,INDL,C,014934,2018-12-31,DEVON ENERGY CORP,DVN,25179M103,0001090012,11,12,USA,19566.0000,9186.0000,2446.0000,10380.0000,9186.0000,4037.0000,3064.0000,10734.0000,450.0000,22.540000000000
A,USD,STD,INDL,C,014934,2019-12-31,DEVON ENERGY CORP,DVN,25179M103,0001090012,11,12,USA,13717.0000,5802.0000,1464.0000,7797.0000,5802.0000,2211.0000,-355.0000,6220.0000,382.0000,25.970000000000
A,USD,STD,INDL,C,014934,2020-12-31,DEVON ENERGY CORP,DVN,25179M103,0001090012,11,12,USA,9912.0000,2885.0000,2237.0000,6893.0000,2885.0000,-972.0000,-2680.0000,4828.0000,382.0000,15.810000000000
A,USD,STD,INDL,C,014934,2021-12-31,DEVON ENERGY CORP,DVN,25179M103,0001090012,11,12,USA,21025.0000,9262.0000,2271.0000,11626.0000,9262.0000,5837.0000,2813.0000,12206.0000,663.0000,44.050000000000
A,USD,STD,INDL,C,014934,2022-12-31,DEVON ENERGY CORP,DVN,25179M103,0001090012,11,12,USA,23721.0000,11167.0000,1454.0000,12425.0000,11167.0000,10592.0000,6015.0000,19169.0000,653.0000,61.510000000000
A,USD,STD,INDL,C,014934,2023-12-31,DEVON ENERGY CORP,DVN,25179M103,0001090012,11,12,USA,24490.0000,12061.0000,875.0000,12273.0000,12061.0000,7921.0000,3747.0000,15258.0000,635.7000,45.300000000000
A,USD,STD,INDL,C,014934,2024-12-31,DEVON ENERGY CORP,DVN,25179M103,0001090012,11,12,USA,30489.0000,14496.0000,846.0000,15785.0000,14496.0000,7965.0000,2891.0000,15940.0000,651.0000,32.730000000000
A,USD,STD,INDL,C,014934,2025-12-31,DEVON ENERGY CORP,DVN,25179M103,0001090012,11,12,USA,31599.0000,15528.0000,1434.0000,16071.0000,15528.0000,7986.0000,2642.0000,17188.0000,622.0000,36.630000000000
I,USD,STD,INDL,C,015060,2010-12-31,CALLON PETROLEUM CO/DE,CPE,13123X508,0000928022,11,12,USA,218.3260,15.8100,17.4360,202.5160,15.8100,72.1700,8.3860,89.8820,28.9840,5.920000000000
I,USD,STD,INDL,C,015060,2011-12-31,CALLON PETROLEUM CO/DE,CPE,13123X508,0000928022,11,12,USA,367.4600,198.9550,43.7950,168.5050,198.9550,107.2970,104.1490,127.6440,39.3980,4.970000000000
I,USD,STD,INDL,C,015060,2012-12-31,CALLON PETROLEUM CO/DE,CPE,13123X508,0000928022,11,12,USA,378.1730,205.9710,1.1390,172.2020,205.9710,83.0020,2.7470,110.7330,39.8010,4.700000000000
I,USD,STD,INDL,C,015060,2013-12-31,CALLON PETROLEUM CO/DE,CPE,13123X508,0000928022,11,12,USA,423.9530,279.0780,3.0120,144.8590,279.0940,76.9500,4.3040,102.5690,40.3450,6.530000000000
I,USD,STD,INDL,C,015060,2014-12-31,CALLON PETROLEUM CO/DE,CPE,13123X508,0000928022,11,12,USA,876.7700,433.7190,0.9680,443.0350,433.7350,119.8490,37.7660,151.8620,55.2250,5.450000000000
I,USD,STD,INDL,C,015060,2015-12-31,CALLON PETROLEUM CO/DE,CPE,13123X508,0000928022,11,12,USA,788.5940,362.7420,1.2240,425.8360,362.7580,-107.7790,-240.1390,137.5120,80.0870,8.340000000000
I,USD,STD,INDL,C,015060,2016-12-31,CALLON PETROLEUM CO/DE,CPE,13123X508,0000928022,11,12,USA,2267.5870,1733.3870,652.9930,534.1850,1733.4020,51.1670,-91.8130,200.8510,201.0410,15.370000000000
I,USD,STD,INDL,C,015060,2017-12-31,CALLON PETROLEUM CO/DE,CPE,13123X508,0000928022,11,12,USA,2693.2960,1855.9510,27.9950,837.3300,1855.9660,291.2550,120.4240,366.4740,201.8360,12.150000000000
I,USD,STD,INDL,C,015060,2018-12-31,CALLON PETROLEUM CO/DE,CPE,13123X508,0000928022,11,12,USA,3979.1730,2445.1930,16.0510,1533.9650,2445.2080,477.6060,300.3600,587.6240,227.5830,6.490000000000
I,USD,STD,INDL,C,015060,2019-12-31,CALLON PETROLEUM CO/DE,CPE,13123X508,0000928022,11,12,USA,7194.8380,3223.3080,13.3410,3971.5300,3223.3080,532.9940,67.9280,671.5720,396.6000,4.830000000000
I,USD,STD,INDL,C,015060,2020-12-31,CALLON PETROLEUM CO/DE,CPE,13123X508,0000928022,11,12,USA,4362.8680,711.0020,20.2360,3651.8660,711.0020,-1910.5520,-2533.6210,1033.1470,39.7590,13.160000000000
I,USD,STD,INDL,C,015060,2021-12-31,CALLON PETROLEUM CO/DE,CPE,13123X508,0000928022,11,12,USA,5547.5030,1865.7680,9.8820,3681.7350,1865.7680,1456.3050,365.1510,2045.0300,61.3710,47.250000000000
I,USD,STD,INDL,C,015060,2022-12-31,CALLON PETROLEUM CO/DE,CPE,13123X508,0000928022,11,12,USA,6146.0810,3085.4220,3.3950,3060.6590,3085.4220,2205.2110,1209.8160,3230.9640,61.6220,37.090000000000
I,USD,STD,INDL,C,015060,2023-12-31,CALLON PETROLEUM CO/DE,CPE,13123X508,0000928022,11,12,USA,6711.4760,3991.3610,3.3250,2720.1150,3991.3610,1011.7480,401.2010,2342.9840,66.4750,32.400000000000
I,USD,STD,INDL,C,016116,2010-12-31,CYRUSONE INC,CONE,23283R100,0001553023,14,12,USA,862.3000,317.8000,4.9000,544.5000,317.8000,80.0000,3.5000,127.5000,,
I,USD,STD,INDL,C,016116,2011-12-31,CYRUSONE INC,CONE,23283R100,0001553023,14,12,USA,954.7000,311.5000,0.6000,643.2000,311.5000,65.7000,1.5000,181.7000,,
I,USD,STD,INDL,C,016116,2012-12-31,CYRUSONE INC,CONE,23283R100,0001553023,14,12,USA,1210.9000,500.1000,22.8000,710.8000,500.1000,57.1000,-20.3000,220.8000,,
I,USD,STD,INDL,C,016116,2013-12-31,CYRUSONE INC,CONE,23283R100,0001553023,14,12,USA,1506.8000,322.0000,148.8000,729.2000,322.0000,72.3000,-25.5000,263.5000,21.9920,22.330000000000
I,USD,STD,INDL,C,016116,2014-12-31,CYRUSONE INC,CONE,23283R100,0001553023,14,12,USA,1586.5000,460.7000,36.5000,869.5000,460.7000,88.4000,-7.8000,330.9000,38.6520,27.550000000000
I,USD,STD,INDL,C,016116,2015-12-31,CYRUSONE INC,CONE,23283R100,0001553023,14,12,USA,2195.6000,821.6000,15.8000,1374.0000,821.6000,95.6000,-15.4000,399.3000,72.5560,37.450000000000
I,USD,STD,INDL,C,016116,2016-12-31,CYRUSONE INC,CONE,23283R100,0001553023,14,12,USA,2852.4000,1162.0000,14.6000,1690.4000,1162.0000,152.4000,19.9000,529.1000,83.5360,44.730000000000
I,USD,STD,INDL,C,016116,2017-12-31,CYRUSONE INC,CONE,23283R100,0001553023,14,12,USA,4312.1000,1713.9000,151.9000,2598.2000,1713.9000,118.5000,-83.5000,672.0000,96.1380,59.530000000000
I,USD,STD,INDL,C,016116,2018-12-31,CYRUSONE INC,CONE,23283R100,0001553023,14,12,USA,5592.5000,2226.0000,64.4000,3366.5000,2226.0000,194.9000,1.2000,821.4000,108.3290,52.880000000000
I,USD,STD,INDL,C,016116,2019-12-31,CYRUSONE INC,CONE,23283R100,0001553023,14,12,USA,6142.0000,2434.6000,77.7000,3707.4000,2434.6000,179.5000,41.4000,981.3000,114.8090,65.430000000000
I,USD,STD,INDL,C,016116,2020-12-31,CYRUSONE INC,CONE,23283R100,0001553023,14,12,USA,6897.4000,2558.2000,272.9000,4339.2000,2558.2000,161.4000,41.4000,1033.5000,120.4430,73.150000000000
I,USD,STD,INDL,C,016116,2021-12-31,CYRUSONE INC,CONE,23283R100,0001553023,14,12,USA,7452.0000,2923.7000,347.6000,4528.3000,2923.7000,175.4000,25.3000,1205.7000,129.5550,89.720000000000
A,USD,STD,INDL,C,016477,2010-12-31,LEAR CORP,LEA,521865204,0000842162,11,12,USA,6621.1000,2460.2000,1654.1000,4052.3000,2460.2000,1288.9000,438.3000,11954.6000,52.5880,98.710000000000
A,USD,STD,INDL,C,016477,2011-12-31,LEAR CORP,LEA,521865204,0000842162,11,12,USA,7010.9000,2436.4000,1754.3000,4449.8000,2436.4000,1489.1000,540.7000,14156.5000,100.6870,39.800000000000
A,USD,STD,INDL,C,016477,2012-12-31,LEAR CORP,LEA,521865204,0000842162,11,12,USA,8194.1000,3487.1000,1402.2000,4581.9000,3487.1000,1468.9000,1282.8000,14567.0000,95.9420,46.840000000000
A,USD,STD,INDL,C,016477,2013-12-31,LEAR CORP,LEA,521865204,0000842162,11,12,USA,8330.9000,3045.9000,1137.7000,5181.4000,3045.9000,1603.4000,431.4000,16234.0000,80.7510,80.970000000000
A,USD,STD,INDL,C,016477,2014-12-31,LEAR CORP,LEA,521865204,0000842162,11,12,USA,9150.2000,2958.8000,1344.1000,6120.9000,2958.8000,1856.8000,672.4000,17727.3000,78.0220,98.080000000000
A,USD,STD,INDL,C,016477,2015-12-31,LEAR CORP,LEA,521865204,0000842162,11,12,USA,9405.8000,2927.4000,1219.6000,6388.1000,2927.4000,2183.5000,745.5000,18211.4000,74.4640,122.830000000000
A,USD,STD,INDL,C,016477,2016-12-31,LEAR CORP,LEA,521865204,0000842162,11,12,USA,9900.6000,3057.2000,1301.8000,6707.7000,3057.2000,2502.9000,975.1000,18557.6000,69.4320,132.370000000000
A,USD,STD,INDL,C,016477,2017-12-31,LEAR CORP,LEA,521865204,0000842162,11,12,USA,11945.9000,4150.5000,1503.6000,7499.9000,4150.5000,2743.4000,1313.4000,20467.0000,66.8740,176.660000000000
A,USD,STD,INDL,C,016477,2018-12-31,LEAR CORP,LEA,521865204,0000842162,11,12,USA,11600.7000,4200.7000,1506.7000,7082.0000,4200.7000,2815.0000,1149.8000,21148.5000,62.9400,122.860000000000
A,USD,STD,INDL,C,016477,2019-12-31,LEAR CORP,LEA,521865204,0000842162,11,12,USA,12680.7000,4349.7000,1520.7000,8061.2000,4349.7000,2358.9000,753.6000,19810.3000,60.4350,137.200000000000
A,USD,STD,INDL,C,016477,2020-12-31,LEAR CORP,LEA,521865204,0000842162,11,12,USA,13198.6000,4467.3000,1321.1000,8583.7000,4467.3000,1705.2000,158.5000,17045.5000,60.0510,159.030000000000
A,USD,STD,INDL,C,016477,2021-12-31,LEAR CORP,LEA,521865204,0000842162,11,12,USA,13352.4000,4643.4000,1323.2000,8544.0000,4643.4000,1999.6000,373.9000,19263.1000,59.6260,182.950000000000
A,USD,STD,INDL,C,016477,2022-12-31,LEAR CORP,LEA,521865204,0000842162,11,12,USA,13763.0000,4678.8000,1118.8000,8932.7000,4678.8000,2066.2000,327.7000,20891.5000,59.0780,124.020000000000
A,USD,STD,INDL,C,016477,2023-12-31,LEAR CORP,LEA,521865204,0000842162,11,12,USA,14695.5000,4918.8000,1201.7000,9634.9000,4918.8000,2409.0000,572.5000,23466.9000,56.9790,141.210000000000
A,USD,STD,INDL,C,016477,2024-12-31,LEAR CORP,LEA,521865204,0000842162,11,12,USA,14027.5000,4451.7000,1060.3000,9426.5000,4451.7000,2394.3000,506.6000,23306.0000,53.5780,94.700000000000
A,USD,STD,INDL,C,016477,2025-12-31,LEAR CORP,LEA,521865204,0000842162,11,12,USA,14843.1000,5035.1000,1044.0000,9642.1000,5035.1000,2335.9000,436.8000,23259.1000,50.6470,114.600000000000
A,USD,STD,INDL,C,016653,2011-12-31,TAYLOR MORRISON HOME CORP,TMHC,87724P106,0001562476,11,12,USA,1671.0670,619.1440,284.3220,1042.5020,619.1440,279.7330,71.4870,1370.1870,623.6200,
A,USD,STD,INDL,C,016653,2012-12-31,TAYLOR MORRISON HOME CORP,TMHC,87724P106,0001562476,11,12,USA,2756.8130,1196.6850,314.2500,1533.4800,1196.6850,311.0460,430.8200,1435.7210,762.1730,
A,USD,STD,INDL,C,016653,2013-12-31,TAYLOR MORRISON HOME CORP,TMHC,87724P106,0001562476,11,12,USA,3438.5580,415.8160,413.9950,1893.6570,415.8160,505.2890,45.4200,2323.2370,32.8580,22.450000000000
A,USD,STD,INDL,C,016653,2014-12-31,TAYLOR MORRISON HOME CORP,TMHC,87724P106,0001562476,11,12,USA,4133.1130,478.3960,235.5270,2355.9520,478.3960,566.2460,71.4690,2708.4320,33.0610,18.890000000000
A,USD,STD,INDL,C,016653,2015-12-31,TAYLOR MORRISON HOME CORP,TMHC,87724P106,0001562476,11,12,USA,4137.2900,519.9170,127.4680,2164.6130,519.9170,567.9150,61.0490,2976.8200,32.2240,16.000000000000
A,USD,STD,INDL,C,016653,2016-12-31,TAYLOR MORRISON HOME CORP,TMHC,87724P106,0001562476,11,12,USA,4220.9260,551.8090,301.8120,2060.7240,551.8090,680.2790,52.6160,3550.0290,30.4870,19.260000000000
A,USD,STD,INDL,C,016653,2017-12-31,TAYLOR MORRISON HOME CORP,TMHC,87724P106,0001562476,11,12,USA,4325.8930,1596.1170,575.5030,1979.3480,1596.1170,738.9290,91.2200,3885.2900,82.4000,24.470000000000
A,USD,STD,INDL,C,016653,2018-12-31,TAYLOR MORRISON HOME CORP,TMHC,87724P106,0001562476,11,12,USA,5264.4410,2415.1920,331.8590,2845.7060,2415.1920,777.5260,206.3640,4227.3930,112.9660,15.900000000000
A,USD,STD,INDL,C,016653,2019-12-31,TAYLOR MORRISON HOME CORP,TMHC,87724P106,0001562476,11,12,USA,5245.6860,2537.7060,328.5720,2699.9740,2537.7060,867.4360,254.6520,4762.0590,105.8510,21.860000000000
A,USD,STD,INDL,C,016653,2020-12-31,TAYLOR MORRISON HOME CORP,TMHC,87724P106,0001562476,11,12,USA,7737.9950,3504.5410,534.1090,4144.2450,3504.5410,1044.2190,243.4390,6129.3200,129.4770,25.650000000000
A,USD,STD,INDL,C,016653,2021-12-31,TAYLOR MORRISON HOME CORP,TMHC,87724P106,0001562476,11,12,USA,8727.7770,3925.8530,836.3400,4756.7950,3925.8530,1547.8810,663.0260,7501.2650,121.8340,34.960000000000
A,USD,STD,INDL,C,016653,2022-12-31,TAYLOR MORRISON HOME CORP,TMHC,87724P106,0001562476,11,12,USA,8470.7240,4630.3260,726.6350,3823.8650,4630.3260,2092.3660,1052.8000,8224.9170,107.9950,30.350000000000
A,USD,STD,INDL,C,016653,2023-12-31,TAYLOR MORRISON HOME CORP,TMHC,87724P106,0001562476,11,12,USA,8672.0870,5314.9410,807.0990,3339.8010,5314.9410,1783.0730,768.9290,7417.8310,106.9180,53.350000000000
A,USD,STD,INDL,C,016653,2024-12-31,TAYLOR MORRISON HOME CORP,TMHC,87724P106,0001562476,11,12,USA,9297.1310,5866.5350,487.1660,3418.9510,5866.5350,1984.2120,883.3090,8168.1360,102.2420,61.210000000000
A,USD,STD,INDL,C,016653,2025-12-31,TAYLOR MORRISON HOME CORP,TMHC,87724P106,0001562476,11,12,USA,9837.7970,6293.3220,851.2310,3528.5080,6293.3220,1870.2080,782.5000,8121.4800,96.5370,58.870000000000
A,USD,STD,INDL,C,017639,2011-12-31,AMERICAN HOMES 4 RENT,AMH,02665T306,0001562401,11,12,USA,3.5230,3.4740,0.0000,0.0490,3.4740,,,,,
A,USD,STD,INDL,C,017639,2012-12-31,AMERICAN HOMES 4 RENT,AMH,02665T306,0001562401,11,12,USA,921.4580,904.6740,408.1660,16.2940,904.6740,-1.1610,-10.2360,4.5400,38.6650,
A,USD,STD,INDL,C,017639,2013-12-31,AMERICAN HOMES 4 RENT,AMH,02665T306,0001562401,11,12,USA,4224.1440,2934.8530,175.4190,573.4850,2934.9440,-3.4870,-32.3110,139.0320,185.5040,16.200000000000
A,USD,STD,INDL,C,017639,2014-12-31,AMERICAN HOMES 4 RENT,AMH,02665T306,0001562401,11,12,USA,6227.3510,3449.9300,185.9850,2057.7570,3450.1010,44.9850,-48.0570,398.8740,211.4740,17.030000000000
A,USD,STD,INDL,C,017639,2015-12-31,AMERICAN HOMES 4 RENT,AMH,02665T306,0001562401,11,12,USA,6807.7860,3259.1740,168.9680,2872.5530,3259.3450,91.8030,-62.3010,630.5760,207.8710,16.660000000000
A,USD,STD,INDL,C,017639,2016-12-31,AMERICAN HOMES 4 RENT,AMH,02665T306,0001562401,11,12,USA,8107.2100,4192.5660,250.2410,3169.5900,4192.9360,181.7600,6.6950,878.8890,243.3760,20.980000000000
A,USD,STD,INDL,C,017639,2017-12-31,AMERICAN HOMES 4 RENT,AMH,02665T306,0001562401,11,12,USA,8608.7680,5149.2450,182.8230,2732.9440,5149.6290,233.3180,80.9990,960.3990,286.7500,21.840000000000
A,USD,STD,INDL,C,017639,2018-12-31,AMERICAN HOMES 4 RENT,AMH,02665T306,0001562401,11,12,USA,9001.4810,5251.6110,175.2140,3027.7390,5251.9650,259.4270,108.2730,1072.8550,296.6500,19.850000000000
A,USD,STD,INDL,C,017639,2019-12-31,AMERICAN HOMES 4 RENT,AMH,02665T306,0001562401,11,12,USA,9100.1090,5335.0720,164.1190,3081.3190,5335.4260,290.6900,141.0390,1139.8780,300.7430,26.210000000000
A,USD,STD,FS,C,017639,2020-12-31,AMERICAN HOMES 4 RENT,AMH,02665T306,0001562401,11,12,USA,9593.6250,5788.7400,,3121.1950,5789.0940,,,,,30.000000000000
A,USD,STD,INDL,C,017639,2020-12-31,AMERICAN HOMES 4 RENT,AMH,02665T306,0001562401,11,12,USA,9593.6250,5788.7400,265.0770,3121.1950,5789.0940,318.2880,140.3740,1182.8360,316.6560,30.000000000000
A,USD,STD,FS,C,017639,2021-12-31,AMERICAN HOMES 4 RENT,AMH,02665T306,0001562401,11,12,USA,10962.4330,6059.4170,,4224.0040,6059.5710,,,,,43.610000000000
A,USD,STD,INDL,C,017639,2021-12-31,AMERICAN HOMES 4 RENT,AMH,02665T306,0001562401,11,12,USA,10962.4330,6059.4170,191.7670,4224.0040,6059.5710,355.1640,189.0920,1303.8820,337.9980,43.610000000000
A,USD,STD,FS,C,017639,2022-12-31,AMERICAN HOMES 4 RENT,AMH,02665T306,0001562401,11,12,USA,12175.0590,6495.8950,,5000.4010,6495.9870,,,,,30.140000000000
A,USD,STD,INDL,C,017639,2022-12-31,AMERICAN HOMES 4 RENT,AMH,02665T306,0001562401,11,12,USA,12175.0590,6495.8950,217.9600,5000.4010,6495.9870,412.6140,273.1380,1490.5340,353.5170,30.140000000000
A,USD,STD,FS,C,017639,2023-12-31,AMERICAN HOMES 4 RENT,AMH,02665T306,0001562401,11,12,USA,12688.1900,6967.4320,,5035.3070,6967.5240,,,,,35.960000000000
A,USD,STD,INDL,C,017639,2023-12-31,AMERICAN HOMES 4 RENT,AMH,02665T306,0001562401,11,12,USA,12688.1900,6967.4320,221.8610,5035.3070,6967.5240,461.6330,380.1680,1623.6050,364.9320,35.960000000000
A,USD,STD,FS,C,017639,2024-12-31,AMERICAN HOMES 4 RENT,AMH,02665T306,0001562401,11,12,USA,13381.1510,7159.9240,,5532.5210,7160.0160,,,,,37.420000000000
A,USD,STD,INDL,C,017639,2024-12-31,AMERICAN HOMES 4 RENT,AMH,02665T306,0001562401,11,12,USA,13381.1510,7159.9240,350.2160,5532.5210,7160.0160,515.8830,412.4260,1728.6970,369.6230,37.420000000000
A,USD,STD,FS,C,017639,2025-12-31,AMERICAN HOMES 4 RENT,AMH,02665T306,0001562401,11,12,USA,13242.1200,7033.6560,,5532.6140,7033.7480,,,,,32.100000000000
A,USD,STD,INDL,C,017639,2025-12-31,AMERICAN HOMES 4 RENT,AMH,02665T306,0001562401,11,12,USA,13242.1200,7033.6560,230.6900,5532.6140,7033.7480,569.4310,452.9740,1850.2340,366.6570,32.100000000000
A,USD,STD,INDL,C,017934,2011-12-31,SPROUTS FARMERS MARKET,SFM,85208M102,0001575515,14,12,USA,761.6460,267.4530,14.5420,494.1930,267.4530,333.4530,-27.4450,1105.8790,110.0000,
A,USD,STD,INDL,C,017934,2012-12-31,SPROUTS FARMERS MARKET,SFM,85208M102,0001575515,14,12,USA,1103.2360,386.7550,67.2110,716.4810,386.7550,566.3190,19.5000,1794.8230,125.9570,
A,USD,STD,INDL,C,017934,2013-12-31,SPROUTS FARMERS MARKET,SFM,85208M102,0001575515,14,12,USA,1172.4040,513.7710,77.6520,658.6330,513.7710,774.0810,51.3260,2437.9110,147.6170,38.430000000000
A,USD,STD,INDL,C,017934,2014-12-31,SPROUTS FARMERS MARKET,SFM,85208M102,0001575515,14,12,USA,1369.0730,685.3890,130.5130,683.6840,685.3890,947.1300,107.6920,2967.4240,151.8330,33.980000000000
A,USD,STD,INDL,C,017934,2015-12-31,SPROUTS FARMERS MARKET,SFM,85208M102,0001575515,14,12,USA,1426.3640,822.9920,136.0690,603.3720,822.9920,1122.1980,128.9910,3593.0310,152.5780,26.590000000000
A,USD,STD,INDL,C,017934,2016-12-31,SPROUTS FARMERS MARKET,SFM,85208M102,0001575515,14,12,USA,1439.8930,672.9090,12.4650,766.9840,672.9090,1263.9070,124.3060,4046.3850,140.2560,18.920000000000
A,USD,STD,INDL,C,017934,2017-12-31,SPROUTS FARMERS MARKET,SFM,85208M102,0001575515,14,12,USA,1581.6030,650.6940,19.4790,930.9090,650.6940,1448.1280,158.4400,4664.6120,132.8240,24.350000000000
A,USD,STD,INDL,C,017934,2018-12-31,SPROUTS FARMERS MARKET,SFM,85208M102,0001575515,14,12,USA,1675.6140,589.1960,2.2480,1086.4180,589.1960,1751.1320,158.5360,5207.3360,124.9760,23.510000000000
A,USD,STD,INDL,C,017934,2019-12-31,SPROUTS FARMERS MARKET,SFM,85208M102,0001575515,14,12,USA,2722.9830,581.9520,86.7840,2141.0310,581.9520,1895.8070,149.6290,5634.8350,117.5440,19.350000000000
A,USD,STD,INDL,C,017934,2020-12-31,SPROUTS FARMERS MARKET,SFM,85208M102,0001575515,14,12,USA,2806.4040,881.2930,171.4410,1925.1110,881.2930,2380.3650,287.4500,6468.7590,117.9530,20.100000000000
A,USD,STD,INDL,C,017934,2021-12-31,SPROUTS FARMERS MARKET,SFM,85208M102,0001575515,14,12,USA,2923.1150,959.8760,247.0040,1963.2390,959.8760,2211.0540,244.1570,6099.8690,111.1140,29.680000000000
A,USD,STD,INDL,C,017934,2022-12-31,SPROUTS FARMERS MARKET,SFM,85208M102,0001575515,14,12,USA,3070.3800,1046.4620,295.1920,2023.9180,1046.4620,2350.7340,261.1640,6404.2230,105.0730,32.370000000000
A,USD,STD,INDL,C,017934,2023-12-31,SPROUTS FARMERS MARKET,SFM,85208M102,0001575515,14,12,USA,3327.4280,1148.5470,203.8700,2178.8810,1148.5470,2526.5480,258.8560,6837.3840,101.2120,48.110000000000
A,USD,STD,INDL,C,017934,2024-12-31,SPROUTS FARMERS MARKET,SFM,85208M102,0001575515,14,12,USA,3640.6990,1321.8930,267.2130,2318.8060,1321.8930,2947.9430,380.6010,7719.2900,99.2550,127.070000000000
A,USD,STD,INDL,C,017934,2025-12-31,SPROUTS FARMERS MARKET,SFM,85208M102,0001575515,14,12,USA,4158.6490,1403.0740,260.8940,2755.5750,1403.0740,3423.1200,523.6700,8806.1590,95.9260,79.670000000000
A,USD,STD,INDL,C,018004,2012-12-31,CENTURY COMMUNITIES INC,CCS,156504300,0001576940,11,12,USA,90.6730,22.0600,7.8970,66.1120,22.0600,20.7780,6.1380,96.0300,,
A,USD,STD,INDL,C,018004,2013-12-31,CENTURY COMMUNITIES INC,CCS,156504300,0001576940,11,12,USA,312.6390,271.5560,109.9980,41.0830,271.5560,42.4190,12.3790,171.1330,17.2580,
A,USD,STD,INDL,C,018004,2014-12-31,CENTURY COMMUNITIES INC,CCS,156504300,0001576940,11,12,USA,675.9790,365.2050,33.9800,310.7740,365.2050,80.8380,20.0220,362.3920,20.8760,17.280000000000
A,USD,STD,INDL,C,018004,2015-12-31,CENTURY COMMUNITIES INC,CCS,156504300,0001576940,11,12,USA,917.7410,409.4790,29.6470,508.2620,409.4790,151.5670,39.8900,734.4890,21.3040,17.710000000000
A,USD,STD,INDL,C,018004,2016-12-31,CENTURY COMMUNITIES INC,CCS,156504300,0001576940,11,12,USA,1007.5280,473.6360,50.9990,533.8920,473.6360,199.6760,49.5400,994.4400,21.6210,21.000000000000
A,USD,STD,INDL,C,018004,2017-12-31,CENTURY COMMUNITIES INC,CCS,156504300,0001576940,11,12,USA,1735.0220,735.2330,131.4360,999.7890,735.2330,262.2330,50.2950,1423.7990,29.5030,31.100000000000
A,USD,STD,INDL,C,018004,2018-12-31,CENTURY COMMUNITIES INC,CCS,156504300,0001576940,11,12,USA,2254.2550,859.3590,60.7850,1394.8960,859.3590,393.9350,96.4550,2147.4130,30.1550,17.260000000000
A,USD,STD,INDL,C,018004,2019-12-31,CENTURY COMMUNITIES INC,CCS,156504300,0001576940,11,12,USA,2499.9670,1061.6990,93.8290,1438.2680,1061.6990,469.0540,112.9940,2535.9110,33.0670,27.350000000000
A,USD,STD,INDL,C,018004,2020-12-31,CENTURY COMMUNITIES INC,CCS,156504300,0001576940,11,12,USA,2845.0930,1280.7050,421.2300,1564.3880,1280.7050,630.3020,206.1570,3161.1920,33.3510,43.780000000000
A,USD,STD,INDL,C,018004,2021-12-31,CENTURY COMMUNITIES INC,CCS,156504300,0001576940,11,12,USA,3496.8760,1764.5080,374.5380,1732.3680,1764.5080,1061.3440,498.5040,4216.3140,33.7610,81.790000000000
A,USD,STD,INDL,C,018004,2022-12-31,CENTURY COMMUNITIES INC,CCS,156504300,0001576940,11,12,USA,3773.7670,2150.2150,365.0610,1623.5520,2150.2150,1138.7210,525.1260,4505.9160,31.7730,50.010000000000
A,USD,STD,INDL,C,018004,2023-12-31,CENTURY COMMUNITIES INC,CCS,156504300,0001576940,11,12,USA,4139.3620,2386.9360,343.8480,1752.4260,2386.9360,816.8390,259.2240,3692.1850,31.7750,91.140000000000
A,USD,STD,INDL,C,018004,2024-12-31,CENTURY COMMUNITIES INC,CCS,156504300,0001576940,11,12,USA,4532.4720,2620.8560,178.3270,1911.6160,2620.8560,987.7160,333.8160,4398.2880,30.9610,73.360000000000
A,USD,STD,INDL,C,018004,2025-12-31,CENTURY COMMUNITIES INC,CCS,156504300,0001576940,11,12,USA,4459.8950,2591.7320,188.1250,1868.1630,2591.7320,748.8930,147.5970,4117.8160,29.0510,59.350000000000
A,USD,STD,INDL,C,018036,2011-12-31,VISTANCE NETWORKS INC,VISN,20337X109,0001517228,14,12,USA,5153.1890,1365.0890,317.1020,3788.1000,1365.0890,1020.5520,-392.3620,3275.4620,154.6880,
A,USD,STD,INDL,C,018036,2012-12-31,VISTANCE NETWORKS INC,VISN,20337X109,0001517228,14,12,USA,4793.2640,1182.2820,264.3750,3610.9820,1182.2820,1139.0810,5.3530,3321.8850,154.8790,
A,USD,STD,INDL,C,018036,2013-12-31,VISTANCE NETWORKS INC,VISN,20337X109,0001517228,14,12,USA,4734.0550,1088.0160,346.3200,3646.0390,1088.0160,1258.2400,19.3960,3480.1170,185.8620,18.930000000000
A,USD,STD,INDL,C,018036,2014-12-31,VISTANCE NETWORKS INC,VISN,20337X109,0001517228,14,12,USA,4955.8850,1307.6190,729.3210,3648.2660,1307.6190,1446.0690,236.7720,3829.6140,187.8310,22.830000000000
A,USD,STD,INDL,C,018036,2015-12-31,VISTANCE NETWORKS INC,VISN,20337X109,0001517228,14,12,USA,7502.6310,1222.7200,562.8840,6279.9110,1222.7200,1488.1200,-70.8750,3807.8280,191.3690,25.890000000000
A,USD,STD,INDL,C,018036,2016-12-31,VISTANCE NETWORKS INC,VISN,20337X109,0001517228,14,12,USA,7141.9860,1394.0840,428.2280,5747.9020,1394.0840,2114.0890,222.8380,4923.6210,193.8370,37.200000000000
A,USD,STD,INDL,C,018036,2017-12-31,VISTANCE NETWORKS INC,VISN,20337X109,0001517228,14,12,USA,7041.6660,1647.8260,453.9770,5393.8400,1647.8260,1853.5940,193.7640,4560.5820,190.9060,37.830000000000
A,USD,STD,INDL,C,018036,2018-12-31,VISTANCE NETWORKS INC,VISN,20337X109,0001517228,14,12,USA,6630.5400,1756.7680,458.1950,4873.7720,1756.7680,1763.8840,140.2170,4568.5070,192.3760,16.390000000000
A,USD,STD,INDL,C,018036,2019-12-31,VISTANCE NETWORKS INC,VISN,20337X109,0001517228,14,12,USA,14431.6000,836.3000,598.2000,12595.3000,1836.3000,2821.6000,-929.5000,8345.1000,194.5640,14.190000000000
A,USD,STD,INDL,C,018036,2020-12-31,VISTANCE NETWORKS INC,VISN,20337X109,0001517228,14,12,USA,13576.8000,355.0000,521.9000,12180.0000,1396.8000,2922.4000,-573.4000,8435.9000,200.0950,13.400000000000
A,USD,STD,INDL,C,018036,2021-12-31,VISTANCE NETWORKS INC,VISN,20337X109,0001517228,14,12,USA,13259.5000,-156.6000,360.3000,12360.0000,899.5000,2852.7000,-462.6000,8586.7000,204.5670,11.040000000000
A,USD,STD,INDL,C,018036,2022-12-31,VISTANCE NETWORKS INC,VISN,20337X109,0001517228,14,12,USA,11685.4000,-1546.0000,398.1000,12131.1000,-445.7000,2959.8000,-1286.9000,9228.1000,208.3710,7.350000000000
A,USD,STD,INDL,C,018036,2023-12-31,VISTANCE NETWORKS INC,VISN,20337X109,0001517228,14,12,USA,9371.9000,-2968.8000,543.8000,11178.6000,-1806.7000,2380.1000,-1450.9000,5789.2000,212.1090,2.820000000000
A,USD,STD,INDL,C,018036,2024-12-31,VISTANCE NETWORKS INC,VISN,20337X109,0001517228,14,12,USA,8747.5000,-3456.1000,564.9000,10976.3000,-2228.8000,1658.8000,-315.5000,4205.8000,215.8870,5.210000000000
A,USD,STD,INDL,C,018036,2025-12-31,VISTANCE NETWORKS INC,VISN,20337X109,0001517228,14,12,USA,9371.0000,-1004.1000,754.4000,9096.4000,274.6000,977.1000,2283.7000,1931.6000,223.2600,18.130000000000
A,USD,STD,INDL,C,018465,2012-12-31,ANTERO RESOURCES CORP,AR,03674X106,0001433270,11,12,USA,3618.7930,1673.7370,18.9890,1945.0560,1673.7370,326.9810,-285.0690,444.5280,,
A,USD,STD,INDL,C,018465,2013-12-31,ANTERO RESOURCES CORP,AR,03674X106,0001433270,11,12,USA,6613.5810,3598.6600,17.4870,3014.9210,3598.6600,1034.7860,-18.9300,1313.1340,262.0500,63.440000000000
A,USD,STD,INDL,C,018465,2014-12-31,ANTERO RESOURCES CORP,AR,03674X106,0001433270,11,12,USA,11573.4950,4383.7930,245.9790,6099.6650,4383.7930,1998.5250,673.5870,2680.6320,262.0720,40.580000000000
A,USD,STD,INDL,C,018465,2015-12-31,ANTERO RESOURCES CORP,AR,03674X106,0001433270,11,12,USA,14155.2240,5934.3920,23.4730,6868.5460,5934.3920,2882.0990,941.3640,3954.8580,277.0360,21.800000000000
A,USD,STD,INDL,C,018465,2016-12-31,ANTERO RESOURCES CORP,AR,03674X106,0001433270,11,12,USA,14255.5500,6262.6250,31.6100,6526.9720,6262.6250,148.0310,-848.8160,1646.8900,314.8770,23.650000000000
A,USD,STD,INDL,C,018465,2017-12-31,ANTERO RESOURCES CORP,AR,03674X106,0001433270,11,12,USA,15261.4900,8149.1810,28.4410,6385.3540,8149.1810,2010.0760,615.0700,3655.5740,316.3790,19.000000000000
A,USD,STD,INDL,C,018465,2018-12-31,ANTERO RESOURCES CORP,AR,03674X106,0001433270,11,12,USA,15519.4640,7665.8080,0.0000,7031.9870,7665.8080,1851.5860,-397.5170,4139.6260,308.5940,9.390000000000
A,USD,STD,INDL,C,018465,2019-12-31,ANTERO RESOURCES CORP,AR,03674X106,0001433270,11,12,USA,15197.5690,6970.7430,0.0000,8226.8260,6970.7430,1441.3670,-340.1290,4408.6900,295.9410,2.850000000000
A,USD,STD,INDL,C,018465,2020-12-31,ANTERO RESOURCES CORP,AR,03674X106,0001433270,11,12,USA,13150.8450,5767.7050,0.0000,7060.5740,5767.7050,285.8170,-1267.8970,3491.6990,268.6720,5.450000000000
A,USD,STD,INDL,C,018465,2021-12-31,ANTERO RESOURCES CORP,AR,03674X106,0001433270,11,12,USA,13896.5280,5757.1600,0.0000,7830.4360,5757.1600,1013.8570,-186.8990,4619.4320,313.9300,17.500000000000
A,USD,STD,INDL,C,018465,2022-12-31,ANTERO RESOURCES CORP,AR,03674X106,0001433270,11,12,USA,14118.0390,6754.5580,0.0000,7100.8850,6754.5580,3614.7510,1898.7710,7138.4360,297.3590,30.990000000000
A,USD,STD,INDL,C,018465,2023-12-31,ANTERO RESOURCES CORP,AR,03674X106,0001433270,11,12,USA,13619.4140,6981.4040,0.0000,6405.3120,6981.4040,1477.3530,242.9190,4681.9720,303.5440,22.680000000000
A,USD,STD,INDL,C,018465,2024-12-31,ANTERO RESOURCES CORP,AR,03674X106,0001433270,11,12,USA,13010.0500,7021.6500,0.0000,5793.5170,7021.6500,1051.3960,57.2260,4325.5960,311.1650,35.050000000000
A,USD,STD,INDL,C,018465,2025-12-31,ANTERO RESOURCES CORP,AR,03674X106,0001433270,11,12,USA,13245.4070,7550.8270,210.0000,5529.7580,7550.8270,1929.9320,634.4180,5275.8230,308.5100,34.460000000000
A,USD,STD,INDL,C,018468,2011-12-31,PLAINS GP HOLDINGS LP,PAGP,72651A207,0001581990,14,12,USA,15414.0000,,27.0000,9620.0000,0.0000,1833.0000,2.0000,34275.0000,,
A,USD,STD,INDL,C,018468,2012-12-31,PLAINS GP HOLDINGS LP,PAGP,72651A207,0001581990,14,12,USA,19259.0000,,25.0000,12291.0000,0.0000,2240.0000,3.0000,37797.0000,,
A,USD,STD,INDL,C,018468,2013-12-31,PLAINS GP HOLDINGS LP,PAGP,72651A207,0001581990,14,12,USA,21453.0000,,43.0000,13174.0000,1035.0000,2451.0000,15.0000,42249.0000,133.8340,26.770000000000
A,USD,STD,INDL,C,018468,2014-12-31,PLAINS GP HOLDINGS LP,PAGP,72651A207,0001581990,14,12,USA,23983.0000,,404.0000,14602.0000,1657.0000,2501.0000,70.0000,43464.0000,206.9330,25.680000000000
A,USD,STD,INDL,C,018468,2015-12-31,PLAINS GP HOLDINGS LP,PAGP,72651A207,0001581990,14,12,USA,24142.0000,,30.0000,14908.0000,1762.0000,2052.0000,118.0000,23152.0000,229.2790,9.450000000000
A,USD,STD,INDL,C,018468,2016-12-31,PLAINS GP HOLDINGS LP,PAGP,72651A207,0001581990,14,12,USA,26103.0000,,50.0000,15396.0000,1737.0000,1787.0000,94.0000,20182.0000,101.2070,34.680000000000
A,USD,STD,INDL,C,018468,2017-12-31,PLAINS GP HOLDINGS LP,PAGP,72651A207,0001581990,14,12,USA,26753.0000,,40.0000,14395.0000,1695.0000,1978.0000,-731.0000,26223.0000,156.1110,21.950000000000
A,USD,STD,INDL,C,018468,2018-12-31,PLAINS GP HOLDINGS LP,PAGP,72651A207,0001581990,14,12,USA,26830.0000,,69.0000,13511.0000,1846.0000,2999.0000,334.0000,34055.0000,159.4860,20.100000000000
A,USD,STD,INDL,C,018468,2019-12-31,PLAINS GP HOLDINGS LP,PAGP,72651A207,0001581990,14,12,USA,29969.0000,,84.0000,15484.0000,2155.0000,2924.0000,331.0000,33669.0000,182.1390,18.950000000000
A,USD,STD,INDL,C,018468,2020-12-31,PLAINS GP HOLDINGS LP,PAGP,72651A207,0001581990,14,12,USA,25951.0000,,63.0000,14761.0000,1464.0000,1783.0000,-568.0000,23290.0000,194.0510,8.450000000000
A,USD,STD,INDL,C,018468,2021-12-31,PLAINS GP HOLDINGS LP,PAGP,72651A207,0001581990,14,12,USA,29978.0000,,456.0000,15801.0000,1533.0000,2524.0000,60.0000,42078.0000,194.1930,10.140000000000
A,USD,STD,INDL,C,018468,2022-12-31,PLAINS GP HOLDINGS LP,PAGP,72651A207,0001581990,14,12,USA,29207.0000,,404.0000,14569.0000,1524.0000,2946.0000,168.0000,57342.0000,194.4080,12.440000000000
A,USD,STD,INDL,C,018468,2023-12-31,PLAINS GP HOLDINGS LP,PAGP,72651A207,0001581990,14,12,USA,28597.0000,,453.0000,13625.0000,1548.0000,2766.0000,198.0000,48712.0000,196.4170,15.950000000000
A,USD,STD,INDL,C,018468,2024-12-31,PLAINS GP HOLDINGS LP,PAGP,72651A207,0001581990,14,12,USA,27756.0000,,349.0000,13440.0000,1351.0000,3090.0000,103.0000,50073.0000,197.4660,18.380000000000
A,USD,STD,INDL,C,018468,2025-12-31,PLAINS GP HOLDINGS LP,PAGP,72651A207,0001581990,14,12,USA,31276.0000,,329.0000,17060.0000,1345.0000,2675.0000,260.0000,44262.0000,197.9040,19.140000000000
I,USD,STD,INDL,C,018573,2011-12-31,QTS REALTY TRUST INC,QTS,74736A103,0001577368,11,12,USA,521.0560,39.8650,8.7820,481.1910,39.8650,43.7810,-0.9090,130.4670,,
I,USD,STD,INDL,C,018573,2012-12-31,QTS REALTY TRUST INC,QTS,74736A103,0001577368,11,12,USA,685.4430,121.6790,8.3780,563.7640,121.6790,55.7500,-9.7670,145.8200,,
I,USD,STD,INDL,C,018573,2013-12-31,QTS REALTY TRUST INC,QTS,74736A103,0001577368,11,12,USA,831.3560,314.9670,5.2100,431.6520,314.9670,65.3050,3.0020,177.9050,28.8640,24.780000000000
I,USD,STD,INDL,C,018573,2014-12-31,QTS REALTY TRUST INC,QTS,74736A103,0001577368,11,12,USA,1106.5590,302.7080,10.7880,726.3740,302.7080,82.8810,15.0720,217.7970,29.4080,33.840000000000
I,USD,STD,INDL,C,018573,2015-12-31,QTS REALTY TRUST INC,QTS,74736A103,0001577368,11,12,USA,1757.5090,617.9550,8.8040,1037.6430,617.9550,115.0500,20.3260,311.0850,41.2260,45.110000000000
I,USD,STD,INDL,C,018573,2016-12-31,QTS REALTY TRUST INC,QTS,74736A103,0001577368,11,12,USA,2086.4700,834.4680,9.5800,1133.6600,834.4680,132.2520,21.5250,402.3660,47.8310,49.650000000000
I,USD,STD,INDL,C,018573,2017-12-31,QTS REALTY TRUST INC,QTS,74736A103,0001577368,11,12,USA,2415.0560,877.4140,8.2430,1424.4000,877.4140,140.4850,1.2820,446.5770,50.7020,54.160000000000
I,USD,STD,INDL,C,018573,2018-12-31,QTS REALTY TRUST INC,QTS,74736A103,0001577368,11,12,USA,2861.9690,786.5090,11.7590,1565.2820,1193.9860,140.3540,-4.4600,450.6740,51.1230,37.050000000000
I,USD,STD,INDL,C,018573,2019-12-31,QTS REALTY TRUST INC,QTS,74736A103,0001577368,11,12,USA,3223.5330,930.3820,15.6530,1779.0820,1337.8170,140.6000,31.2910,479.4560,58.2280,54.270000000000
I,USD,STD,INDL,C,018573,2020-12-31,QTS REALTY TRUST INC,QTS,74736A103,0001577368,11,12,USA,3898.5720,1068.7390,22.7750,2313.8740,1476.1740,152.9200,15.9060,537.3260,64.5800,61.880000000000
A,USD,STD,INDL,C,018675,2012-01-31,BURLINGTON STORES INC,BURL,122017106,0001579298,11,1,USA,2501.1430,-995.8900,70.4640,2612.0880,-110.9450,1519.7970,-6.2720,3887.5310,45.9420,
A,USD,STD,INDL,C,018675,2013-01-31,BURLINGTON STORES INC,BURL,122017106,0001579298,11,1,USA,2478.0820,-1109.4580,78.1360,2558.3510,-80.2690,1617.1940,25.3010,4165.5040,46.6520,
A,USD,STD,INDL,C,018675,2014-01-31,BURLINGTON STORES INC,BURL,122017106,0001579298,11,1,USA,2621.0920,-150.4680,165.0840,2771.5600,-150.4680,1756.1350,16.1500,4461.9870,73.6870,25.580000000000
A,USD,STD,INDL,C,018675,2015-01-31,BURLINGTON STORES INC,BURL,122017106,0001579298,11,1,USA,2624.5690,-65.9510,53.1490,2690.5200,-65.9510,1938.2350,65.9550,4849.6340,75.2550,49.890000000000
A,USD,STD,INDL,C,018675,2016-01-31,BURLINGTON STORES INC,BURL,122017106,0001579298,11,1,USA,2580.1470,-99.0220,48.7150,2679.1690,-99.0220,2069.5030,150.4820,5129.8430,72.0710,53.730000000000
A,USD,STD,INDL,C,018675,2017-01-31,BURLINGTON STORES INC,BURL,122017106,0001579298,11,1,USA,2574.4830,-49.8120,109.3970,2624.2950,-49.8120,2295.5190,215.8730,5590.9500,70.1810,83.700000000000
A,USD,STD,INDL,C,018675,2018-01-31,BURLINGTON STORES INC,BURL,122017106,0001579298,11,1,USA,2812.8290,86.7740,161.0860,2726.0550,86.7740,2554.6070,384.8520,6110.0430,67.8720,121.710000000000
A,USD,STD,INDL,C,018675,2019-01-31,BURLINGTON STORES INC,BURL,122017106,0001579298,11,1,USA,3079.1720,322.7100,134.1560,2756.4620,322.7100,2803.7760,414.7450,6668.4790,67.1450,171.710000000000
A,USD,STD,INDL,C,018675,2020-01-31,BURLINGTON STORES INC,BURL,122017106,0001579298,11,1,USA,5593.8590,528.1490,409.6560,5065.7100,528.1490,3060.6380,465.1160,7286.3980,65.9300,217.470000000000
A,USD,STD,INDL,C,018675,2021-01-31,BURLINGTON STORES INC,BURL,122017106,0001579298,11,1,USA,6781.0920,464.7540,1386.8580,6316.3380,464.7540,2483.5660,-216.4990,5763.9800,66.3860,248.900000000000
A,USD,STD,INDL,C,018675,2022-01-31,BURLINGTON STORES INC,BURL,122017106,0001579298,11,1,USA,7089.5130,760.4170,1097.6730,6329.0960,760.4170,3886.1010,408.8390,9322.2560,66.4920,236.930000000000
A,USD,STD,INDL,C,018675,2023-01-31,BURLINGTON STORES INC,BURL,122017106,0001579298,11,1,USA,7269.5970,794.9050,879.2050,6474.6920,794.9050,3530.8890,230.1230,8702.6040,65.0200,229.830000000000
A,USD,STD,INDL,C,018675,2024-01-31,BURLINGTON STORES INC,BURL,122017106,0001579298,11,1,USA,7706.8400,996.9320,925.3590,6709.9080,996.9320,4143.4070,339.6490,9727.4670,63.9640,191.150000000000
A,USD,STD,INDL,C,018675,2025-01-31,BURLINGTON STORES INC,BURL,122017106,0001579298,11,1,USA,8770.4130,1370.4960,994.6980,7399.9170,1370.4960,4609.5510,503.6390,10634.8230,63.2840,283.930000000000
A,USD,STD,INDL,C,018675,2026-01-31,BURLINGTON STORES INC,BURL,122017106,0001579298,11,1,USA,9919.0570,1807.2590,1232.5250,8111.7980,1807.2590,5079.9880,610.1530,11566.9100,62.9270,295.860000000000
I,USD,STD,INDL,C,018872,2011-12-31,TWITTER INC,TWTR,90184L102,0001418091,11,12,USA,720.6750,-201.8380,549.5390,87.3910,633.2840,69.8020,-128.3020,106.3130,118.9670,
I,USD,STD,INDL,C,018872,2012-12-31,TWITTER INC,TWTR,90184L102,0001418091,11,12,USA,831.5680,-248.1720,424.8560,207.2040,624.3640,260.6710,-79.3990,316.9330,125.5970,
I,USD,STD,INDL,C,018872,2013-12-31,TWITTER INC,TWTR,90184L102,0001418091,11,12,USA,3366.2400,2950.0060,2238.9540,416.2340,2950.0060,507.4200,-645.3230,664.8900,569.9220,63.650000000000
I,USD,STD,INDL,C,018872,2014-12-31,TWITTER INC,TWTR,90184L102,0001418091,11,12,USA,5583.0820,3626.4030,3624.4780,1956.6790,3626.4030,1154.5680,-577.8200,1403.0020,642.3850,35.870000000000
I,USD,STD,INDL,C,018872,2015-12-31,TWITTER INC,TWTR,90184L102,0001418091,11,12,USA,6442.4390,4368.0470,3498.3480,2074.3920,4368.0470,1786.5360,-521.0310,2218.0320,694.1320,23.140000000000
I,USD,STD,INDL,C,018872,2016-12-31,TWITTER INC,TWTR,90184L102,0001418091,11,12,USA,6870.3650,4604.9350,3783.9790,2265.4300,4604.9350,2015.4120,-456.8730,2529.6190,721.5720,16.300000000000
I,USD,STD,INDL,C,018872,2017-12-31,TWITTER INC,TWTR,90184L102,0001418091,11,12,USA,7412.4770,5047.2180,4411.4020,2365.2590,5047.2180,1960.8990,-108.0630,2443.2990,746.9020,24.010000000000
I,USD,STD,INDL,C,018872,2018-12-31,TWITTER INC,TWTR,90184L102,0001418091,11,12,USA,10162.5720,6805.5940,6211.0990,3356.9780,6805.5940,2500.7430,1205.5960,3042.3590,764.2570,28.740000000000
I,USD,STD,INDL,C,018872,2019-12-31,TWITTER INC,TWTR,90184L102,0001418091,11,12,USA,12703.3890,8704.3860,6640.9140,3999.0030,8704.3860,2787.2040,1465.6590,3459.3290,779.6190,32.050000000000
I,USD,STD,INDL,C,018872,2020-12-31,TWITTER INC,TWTR,90184L102,0001418091,11,12,USA,13379.0900,7970.0820,7474.5890,5409.0080,7970.0820,2845.1380,-1135.6260,3716.3490,796.0000,54.150000000000
I,USD,STD,INDL,C,018872,2021-12-31,TWITTER INC,TWTR,90184L102,0001418091,11,12,USA,14059.5160,7307.1990,6401.8220,6752.3170,7307.1990,3811.6080,-221.4090,5077.4820,799.3840,43.220000000000
I,USD,STD,INDL,C,019471,2011-12-31,REVANCE THERAPEUTICS INC,RVNC,761330109,0001479290,14,12,USA,39.9280,-155.4820,29.6960,99.9770,-60.0490,-25.7550,-44.8630,0.5570,0.1990,
I,USD,STD,INDL,C,019471,2012-12-31,REVANCE THERAPEUTICS INC,RVNC,761330109,0001479290,14,12,USA,13.4230,-216.7270,4.1580,134.7170,-121.2940,-36.0090,-58.2590,0.7170,0.2040,
I,USD,STD,INDL,C,019471,2013-12-31,REVANCE THERAPEUTICS INC,RVNC,761330109,0001479290,14,12,USA,22.6450,-157.5490,3.9890,56.2120,-33.5670,-36.3440,-52.4480,0.6170,0.2610,
I,USD,STD,INDL,C,019471,2014-12-31,REVANCE THERAPEUTICS INC,RVNC,761330109,0001479290,14,12,USA,192.4690,176.3690,171.1070,16.1000,176.3690,-49.9990,-62.9170,0.3830,23.7740,16.940000000000
I,USD,STD,INDL,C,019471,2015-12-31,REVANCE THERAPEUTICS INC,RVNC,761330109,0001479290,14,12,USA,275.8220,253.2520,252.3380,22.5700,253.2520,-70.3220,-73.4760,0.3000,28.2880,34.160000000000
I,USD,STD,INDL,C,019471,2016-12-31,REVANCE THERAPEUTICS INC,RVNC,761330109,0001479290,14,12,USA,204.3600,177.0710,185.5280,27.2890,177.0710,-75.7110,-89.2700,0.3000,28.6490,20.700000000000
I,USD,STD,INDL,C,019471,2017-12-31,REVANCE THERAPEUTICS INC,RVNC,761330109,0001479290,14,12,USA,295.6990,268.8450,282.8960,26.8540,268.8450,-116.0290,-120.5870,0.2620,36.5160,35.750000000000
I,USD,STD,INDL,C,019471,2018-12-31,REVANCE THERAPEUTICS INC,RVNC,761330109,0001479290,14,12,USA,226.3480,145.6220,175.8120,80.7260,145.6220,-140.9080,-142.5680,3.7290,36.9750,20.130000000000
I,USD,STD,INDL,C,019471,2019-12-31,REVANCE THERAPEUTICS INC,RVNC,761330109,0001479290,14,12,USA,340.2870,225.4900,290.1150,114.7970,225.4900,-161.5500,-159.4290,0.4130,52.3750,16.230000000000
I,USD,STD,INDL,C,019471,2020-12-31,REVANCE THERAPEUTICS INC,RVNC,761330109,0001479290,14,12,USA,720.2200,374.2900,436.5050,345.9300,374.2900,-247.8280,-282.0890,15.3250,69.1790,28.340000000000
I,USD,STD,INDL,C,019471,2021-12-31,REVANCE THERAPEUTICS INC,RVNC,761330109,0001479290,14,12,USA,531.1630,68.4710,225.0710,462.6920,68.4710,-254.8230,-281.3100,77.7980,71.5840,16.320000000000
I,USD,STD,INDL,C,019471,2022-12-31,REVANCE THERAPEUTICS INC,RVNC,761330109,0001479290,14,12,USA,581.9000,12.6000,340.7070,569.3000,12.6000,86.3120,-356.4220,132.5650,82.3860,18.460000000000
I,USD,STD,INDL,C,019471,2023-12-31,REVANCE THERAPEUTICS INC,RVNC,761330109,0001479290,14,12,USA,478.4540,-151.6040,254.4650,630.0580,-151.6040,159.6770,-323.9860,234.0400,87.9630,8.790000000000
I,USD,STD,INDL,C,020228,2012-06-30,CATALENT INC,CTLT,148806102,0001596783,11,6,USA,3139.0000,-350.7000,139.0000,3489.7000,-350.7000,688.3000,-40.4000,1694.8000,74.7560,
I,USD,STD,INDL,C,020228,2013-06-30,CATALENT INC,CTLT,148806102,0001596783,11,6,USA,3056.8000,-410.7000,106.4000,3467.1000,-410.7000,720.8000,-46.7000,1800.3000,74.7960,
I,USD,STD,INDL,C,020228,2014-06-30,CATALENT INC,CTLT,148806102,0001596783,11,6,USA,3090.2000,-371.2000,74.4000,3457.5000,-371.2000,741.5000,16.2000,1827.7000,74.8210,
I,USD,STD,INDL,C,020228,2015-06-30,CATALENT INC,CTLT,148806102,0001596783,11,6,USA,3145.4000,634.0000,151.3000,2505.6000,634.0000,694.7000,212.2000,1830.8000,124.3190,29.330000000000
I,USD,STD,INDL,C,020228,2016-06-30,CATALENT INC,CTLT,148806102,0001596783,11,6,USA,3091.1000,635.9000,131.6000,2455.2000,635.9000,669.8000,111.5000,1848.1000,124.7120,22.990000000000
I,USD,STD,INDL,C,020228,2017-06-30,CATALENT INC,CTLT,148806102,0001596783,11,6,USA,3454.3000,723.5000,306.9000,2730.8000,723.5000,738.3000,109.8000,2075.4000,125.0500,35.100000000000
I,USD,STD,INDL,C,020228,2018-06-30,CATALENT INC,CTLT,148806102,0001596783,11,6,USA,4531.1000,1086.7000,410.2000,3444.4000,1086.7000,856.2000,83.6000,2463.4000,133.4240,41.890000000000
I,USD,STD,INDL,C,020228,2019-06-30,CATALENT INC,CTLT,148806102,0001596783,11,6,USA,6184.0000,1681.6000,345.4000,3895.8000,2288.2000,1033.7000,137.4000,2518.0000,145.7380,54.210000000000
I,USD,STD,INDL,C,020228,2020-06-30,CATALENT INC,CTLT,148806102,0001596783,11,6,USA,7776.5000,2898.8000,953.2000,4271.1000,3505.4000,1237.0000,220.7000,3094.3000,162.7880,73.300000000000
I,USD,STD,INDL,C,020228,2021-06-30,CATALENT INC,CTLT,148806102,0001596783,11,6,USA,9112.0000,3915.0000,967.0000,4838.0000,4274.0000,1673.0000,585.0000,3998.0000,170.5490,108.120000000000
I,USD,STD,INDL,C,020228,2022-06-30,CATALENT INC,CTLT,148806102,0001596783,11,6,USA,10508.0000,4775.0000,538.0000,5733.0000,4775.0000,1999.0000,499.0000,4802.0000,179.3020,107.290000000000
I,USD,STD,INDL,C,020228,2023-06-30,CATALENT INC,CTLT,148806102,0001596783,11,6,USA,10777.0000,4611.0000,280.0000,6166.0000,4611.0000,1462.0000,-256.0000,4263.0000,180.2730,43.360000000000
I,USD,STD,INDL,C,020228,2024-06-30,CATALENT INC,CTLT,148806102,0001596783,11,6,USA,9753.0000,3604.0000,289.0000,6149.0000,3604.0000,1442.0000,-1043.0000,4381.0000,180.9980,56.230000000000
I,USD,STD,INDL,C,020298,2012-12-31,PARSLEY ENERGY INC,PE,701877102,0001594466,11,12,USA,181.2390,6.0170,13.6730,175.2220,6.0170,30.6210,12.8990,37.6790,,
I,USD,STD,INDL,C,020298,2013-12-31,PARSLEY ENERGY INC,PE,701877102,0001594466,11,12,USA,742.5560,30.8740,19.3930,634.5240,108.0320,96.1320,27.5100,121.0180,,
I,USD,STD,INDL,C,020298,2014-12-31,PARSLEY ENERGY INC,PE,701877102,0001594466,11,12,USA,2051.0790,706.9200,50.5500,1058.5900,707.2410,191.4480,23.4290,301.7570,93.9020,15.960000000000
I,USD,STD,INDL,C,020298,2015-12-31,PARSLEY ENERGY INC,PE,701877102,0001594466,11,12,USA,2514.1920,1264.1710,344.2230,927.5510,1264.4920,178.5510,-50.4840,266.0570,136.6230,18.450000000000
I,USD,STD,INDL,C,020298,2016-12-31,PARSLEY ENERGY INC,PE,701877102,0001594466,11,12,USA,3938.7820,2089.3580,136.6690,1508.4760,2089.6380,365.2480,-74.1820,457.7730,179.5910,35.240000000000
I,USD,STD,INDL,C,020298,2017-12-31,PARSLEY ENERGY INC,PE,701877102,0001594466,11,12,USA,8793.1980,4711.6730,703.4720,2912.4920,4712.2950,795.6660,106.7740,967.0440,252.2600,29.440000000000
I,USD,STD,INDL,C,020298,2018-12-31,PARSLEY ENERGY INC,PE,701877102,0001594466,11,12,USA,9391.3630,5567.6920,163.2160,3071.6280,5568.0580,1521.3610,369.1270,1826.4310,280.2050,15.980000000000
I,USD,STD,INDL,C,020298,2019-12-31,PARSLEY ENERGY INC,PE,701877102,0001594466,11,12,USA,9856.2140,5757.0780,20.7390,3333.5660,5757.4330,1606.7190,175.2120,1958.8140,281.2410,18.910000000000
A,USD,STD,FS,C,020430,2014-12-31,SLM CORP,SLM,78442P106,0001032033,14,12,USA,12972.2430,1264.9580,,11142.2850,1829.9580,,,,,10.190000000000
A,USD,STD,INDL,C,020430,2014-12-31,SLM CORP,SLM,78442P106,0001032033,14,12,USA,12972.2430,1264.9580,2359.7800,11142.2850,1829.9580,382.1990,194.2190,835.5740,423.4390,10.190000000000
A,USD,STD,FS,C,020430,2015-12-31,SLM CORP,SLM,78442P106,0001032033,14,12,USA,15214.0980,1531.3230,,13117.7750,2096.3230,,,,,6.520000000000
A,USD,STD,INDL,C,020430,2015-12-31,SLM CORP,SLM,78442P106,0001032033,14,12,USA,15214.0980,1531.3230,2444.1990,13117.7750,2096.3230,458.8320,274.2840,1008.4110,426.3030,6.520000000000
A,USD,STD,FS,C,020430,2016-12-31,SLM CORP,SLM,78442P106,0001032033,14,12,USA,18533.0030,1782.0580,,16185.9450,2347.0580,,,,,11.020000000000
A,USD,STD,INDL,C,020430,2016-12-31,SLM CORP,SLM,78442P106,0001032033,14,12,USA,18533.0030,1782.0580,1972.5100,16185.9450,2347.0580,453.3920,250.3270,1137.0200,428.9040,11.020000000000
A,USD,STD,FS,C,020430,2017-12-31,SLM CORP,SLM,78442P106,0001032033,14,12,USA,21779.5840,2074.2560,,19305.3280,2474.2560,,,,,11.300000000000
A,USD,STD,INDL,C,020430,2017-12-31,SLM CORP,SLM,78442P106,0001032033,14,12,USA,21779.5840,2074.2560,1636.1750,19305.3280,2474.2560,619.2940,288.9340,1466.1990,432.3760,11.300000000000
A,USD,STD,FS,C,020430,2018-12-31,SLM CORP,SLM,78442P106,0001032033,14,12,USA,26638.1730,2572.6560,,23665.5170,2972.6560,,,,,8.310000000000
A,USD,STD,INDL,C,020430,2018-12-31,SLM CORP,SLM,78442P106,0001032033,14,12,USA,26638.1730,2572.6560,2681.8950,23665.5170,2972.6560,706.1840,487.4760,1883.5440,435.6810,8.310000000000
A,USD,STD,FS,C,020430,2019-12-31,SLM CORP,SLM,78442P106,0001032033,14,12,USA,32686.4790,2911.8360,,29374.6430,3311.8360,,,,,8.910000000000
A,USD,STD,INDL,C,020430,2019-12-31,SLM CORP,SLM,78442P106,0001032033,14,12,USA,32686.4790,2911.8360,5720.7600,29374.6430,3311.8360,900.5550,578.2760,2362.1340,421.0930,8.910000000000
A,USD,STD,FS,C,020430,2020-12-31,SLM CORP,SLM,78442P106,0001032033,14,12,USA,30770.4230,2311.7650,,28207.5880,2562.8350,,,,,12.390000000000
A,USD,STD,INDL,C,020430,2020-12-31,SLM CORP,SLM,78442P106,0001032033,14,12,USA,30770.4230,2311.7650,5081.8170,28207.5880,2562.8350,1282.8850,880.6900,2292.2340,375.2880,12.390000000000
A,USD,STD,FS,C,020430,2021-12-31,SLM CORP,SLM,78442P106,0001032033,14,12,USA,29221.8990,1898.6410,,27072.1880,2149.7110,,,,,19.670000000000
A,USD,STD,INDL,C,020430,2021-12-31,SLM CORP,SLM,78442P106,0001032033,14,12,USA,29221.8990,1898.6410,5433.1350,27072.1880,2149.7110,1717.1260,1160.5130,2412.1490,278.9570,19.670000000000
A,USD,STD,FS,C,020430,2022-12-31,SLM CORP,SLM,78442P106,0001032033,14,12,USA,28811.0290,1475.9000,,27084.0590,1726.9700,,,,,16.600000000000
A,USD,STD,INDL,C,020430,2022-12-31,SLM CORP,SLM,78442P106,0001032033,14,12,USA,28811.0290,1475.9000,4987.8170,27084.0590,1726.9700,832.7250,469.0140,2366.2230,240.6750,16.600000000000
A,USD,STD,FS,C,020430,2023-12-31,SLM CORP,SLM,78442P106,0001032033,14,12,USA,29169.4680,1629.7270,,27288.6710,1880.7970,,,,,19.120000000000
A,USD,STD,INDL,C,020430,2023-12-31,SLM CORP,SLM,78442P106,0001032033,14,12,USA,29169.4680,1629.7270,5040.7500,27288.6710,1880.7970,1089.4480,581.3910,2843.4190,220.3440,19.120000000000
A,USD,STD,FS,C,020430,2024-12-31,SLM CORP,SLM,78442P106,0001032033,14,12,USA,30072.1100,1908.8500,,27912.1900,2159.9200,,,,,27.580000000000
A,USD,STD,INDL,C,020430,2024-12-31,SLM CORP,SLM,78442P106,0001032033,14,12,USA,30072.1100,1908.8500,5226.1700,27912.1900,2159.9200,1078.4250,608.3250,2987.3140,210.3820,27.580000000000
A,USD,STD,FS,C,020430,2025-12-31,SLM CORP,SLM,78442P106,0001032033,14,12,USA,29746.2950,2200.2880,,27294.9370,2451.3580,,,,,27.060000000000
A,USD,STD,INDL,C,020430,2025-12-31,SLM CORP,SLM,78442P106,0001032033,14,12,USA,29746.2950,2200.2880,5008.4620,27294.9370,2451.3580,1328.9200,744.8470,3109.8240,199.2680,27.060000000000
A,USD,STD,INDL,C,020548,2010-12-31,COTERRA ENERGY INC,CTRA,127097103,0000858470,11,12,USA,4005.0310,1872.7000,55.9490,2132.3310,1872.7000,609.1300,103.3860,844.0350,104.0080,37.850000000000
A,USD,STD,INDL,C,020548,2011-12-31,COTERRA ENERGY INC,CTRA,127097103,0000858470,11,12,USA,4331.4930,2104.7680,32.1450,2226.7250,2104.7680,727.7230,122.4080,979.8640,104.3080,75.900000000000
A,USD,STD,INDL,C,020548,2012-12-31,COTERRA ENERGY INC,CTRA,127097103,0000858470,11,12,USA,4616.3130,2131.4470,30.7360,2484.8660,2131.4470,865.6180,131.7300,1204.5460,210.0250,49.740000000000
A,USD,STD,INDL,C,020548,2013-12-31,COTERRA ENERGY INC,CTRA,127097103,0000858470,11,12,USA,4981.0800,2204.6020,51.4940,2776.4780,2204.6020,1302.9520,279.7730,1746.2780,416.3970,38.760000000000
A,USD,STD,INDL,C,020548,2014-12-31,COTERRA ENERGY INC,CTRA,127097103,0000858470,11,12,USA,5437.7160,2142.7330,20.9540,3294.9830,2142.7330,830.0820,104.4680,2173.0110,413.0230,29.610000000000
A,USD,STD,INDL,C,020548,2015-12-31,COTERRA ENERGY INC,CTRA,127097103,0000858470,11,12,USA,5261.8990,2009.1880,0.5140,3252.7110,2009.1880,618.4720,-113.8910,1357.1500,413.8760,17.690000000000
A,USD,STD,INDL,C,020548,2016-12-31,COTERRA ENERGY INC,CTRA,127097103,0000858470,11,12,USA,5122.5690,2567.6670,498.5420,2554.9020,2567.6670,142.8120,-417.1240,1155.6770,465.1500,23.360000000000
A,USD,STD,INDL,C,020548,2017-12-31,COTERRA ENERGY INC,CTRA,127097103,0000858470,11,12,USA,4727.3440,2523.9050,480.0470,2203.4390,2523.9050,648.9200,100.3930,1764.2190,460.6110,28.600000000000
A,USD,STD,INDL,C,020548,2018-12-31,COTERRA ENERGY INC,CTRA,127097103,0000858470,11,12,USA,4198.8290,2088.1590,2.2870,2110.6700,2088.1590,1414.9310,557.0430,2188.1480,422.6850,22.350000000000
A,USD,STD,INDL,C,020548,2019-12-31,COTERRA ENERGY INC,CTRA,127097103,0000858470,11,12,USA,4487.2450,2151.4870,213.7830,2335.7580,2151.4870,1397.5890,681.0700,2066.2770,397.9250,17.410000000000
A,USD,STD,INDL,C,020548,2020-12-31,COTERRA ENERGY INC,CTRA,127097103,0000858470,11,12,USA,4523.5320,2215.7070,151.6910,2307.8250,2215.7070,807.7390,200.5290,1466.6240,398.8720,16.280000000000
A,USD,STD,INDL,C,020548,2021-12-31,COTERRA ENERGY INC,CTRA,127097103,0000858470,11,12,USA,19900.0000,11738.0000,1046.0000,8112.0000,11788.0000,2547.0000,1158.0000,3449.0000,813.5300,19.000000000000
A,USD,STD,INDL,C,020548,2022-12-31,COTERRA ENERGY INC,CTRA,127097103,0000858470,11,12,USA,20154.0000,12659.0000,683.0000,7484.0000,12670.0000,7270.0000,4065.0000,9051.0000,768.2450,24.570000000000
A,USD,STD,INDL,C,020548,2023-12-31,COTERRA ENERGY INC,CTRA,127097103,0000858470,11,12,USA,20415.0000,13039.0000,965.0000,7368.0000,13047.0000,4094.0000,1625.0000,5914.0000,751.0000,25.520000000000
A,USD,STD,INDL,C,020548,2024-12-31,COTERRA ENERGY INC,CTRA,127097103,0000858470,11,12,USA,21625.0000,13122.0000,2277.0000,8495.0000,13130.0000,3553.0000,1121.0000,5458.0000,735.0000,25.540000000000
A,USD,STD,INDL,C,020548,2025-12-31,COTERRA ENERGY INC,CTRA,127097103,0000858470,11,12,USA,24241.0000,14838.0000,119.0000,9395.0000,14846.0000,5167.0000,1717.0000,7645.0000,760.0000,26.320000000000
A,USD,STD,INDL,C,020904,2010-09-30,HOLOGIC INC,HOLX,436440101,0000859737,14,9,USA,5625.8340,2698.5490,516.5670,2927.2850,2698.5490,1099.8980,-62.8130,1679.5520,259.2690,16.010000000000
A,USD,STD,INDL,C,020904,2011-09-30,HOLOGIC INC,HOLX,436440101,0000859737,14,9,USA,6008.7800,2936.8950,712.8690,3071.8850,2936.8950,1172.8810,157.1500,1789.3490,262.2400,15.210000000000
A,USD,STD,INDL,C,020904,2012-09-30,HOLOGIC INC,HOLX,436440101,0000859737,14,9,USA,10477.1080,2961.0310,566.1260,7516.0770,2961.0310,1318.7400,-73.6340,2014.2580,265.4160,20.220000000000
A,USD,STD,INDL,C,020904,2013-09-30,HOLOGIC INC,HOLX,436440101,0000859737,14,9,USA,9000.8230,1941.5130,829.4040,7059.3100,1941.5130,1599.2490,-1172.8380,2511.9830,271.8170,20.650000000000
A,USD,STD,INDL,C,020904,2014-09-30,HOLOGIC INC,HOLX,436440101,0000859737,14,9,USA,8414.7000,2063.0000,741.6000,6351.7000,2063.0000,1659.5000,17.3000,2530.7000,277.9720,24.330000000000
A,USD,STD,INDL,C,020904,2015-09-30,HOLOGIC INC,HOLX,436440101,0000859737,14,9,USA,7670.1000,2079.2000,492.7000,5590.9000,2079.2000,1790.3000,131.6000,2705.0000,282.4950,39.130000000000
A,USD,STD,INDL,C,020904,2016-09-30,HOLOGIC INC,HOLX,436440101,0000859737,14,9,USA,7317.0000,2142.7000,548.4000,5174.3000,2142.7000,1939.0000,330.8000,2832.7000,277.7260,38.830000000000
A,USD,STD,INDL,C,020904,2017-09-30,HOLOGIC INC,HOLX,436440101,0000859737,14,9,USA,7979.6000,2784.7000,540.6000,5194.9000,2784.7000,2048.3000,755.5000,3058.8000,275.2930,36.690000000000
A,USD,STD,INDL,C,020904,2018-09-30,HOLOGIC INC,HOLX,436440101,0000859737,14,9,USA,7230.9000,2428.8000,666.7000,4802.1000,2428.8000,2119.4000,-111.3000,3217.9000,270.0880,40.980000000000
A,USD,STD,INDL,C,020904,2019-09-30,HOLOGIC INC,HOLX,436440101,0000859737,14,9,USA,6442.1000,2115.7000,601.8000,4326.4000,2115.7000,2167.7000,-203.6000,3367.3000,267.6850,50.490000000000
A,USD,STD,INDL,C,020904,2020-09-30,HOLOGIC INC,HOLX,436440101,0000859737,14,9,USA,7195.8000,2705.2000,701.0000,4488.5000,2705.2000,2599.5000,1115.2000,3776.4000,257.4980,66.470000000000
A,USD,STD,INDL,C,020904,2021-09-30,HOLOGIC INC,HOLX,436440101,0000859737,14,9,USA,8919.9000,4218.6000,1170.3000,4701.3000,4218.6000,4169.4000,1871.5000,5632.3000,253.6530,73.810000000000
A,USD,STD,INDL,C,020904,2022-09-30,HOLOGIC INC,HOLX,436440101,0000859737,14,9,USA,9071.2000,4876.2000,2339.5000,4195.0000,4876.2000,3399.9000,1302.0000,4862.8000,247.1320,64.520000000000
A,USD,STD,INDL,C,020904,2023-09-30,HOLOGIC INC,HOLX,436440101,0000859737,14,9,USA,9139.3000,5016.9000,2722.5000,4122.4000,5016.9000,2546.2000,456.0000,4030.4000,241.7090,69.400000000000
A,USD,STD,INDL,C,020904,2024-09-30,HOLOGIC INC,HOLX,436440101,0000859737,14,9,USA,9156.0000,5130.0000,2333.6000,4026.0000,5130.0000,2551.1000,789.5000,4030.3000,231.7250,81.460000000000
A,USD,STD,INDL,C,020904,2025-09-30,HOLOGIC INC,HOLX,436440101,0000859737,14,9,USA,9014.9000,5047.9000,2202.7000,3967.0000,5047.9000,2610.0000,565.7000,4100.5000,222.5640,67.490000000000
A,USD,STD,FS,C,021825,2012-12-31,CITIZENS FINANCIAL GROUP INC,CFG,174610105,0000759944,11,12,USA,127053.0000,24129.0000,,102924.0000,24129.0000,,,,,
A,USD,STD,INDL,C,021825,2012-12-31,CITIZENS FINANCIAL GROUP INC,CFG,174610105,0000759944,11,12,USA,127053.0000,24129.0000,4289.0000,102924.0000,24129.0000,4406.0000,643.0000,5438.0000,559.9980,
A,USD,STD,FS,C,021825,2013-12-31,CITIZENS FINANCIAL GROUP INC,CFG,174610105,0000759944,11,12,USA,122154.0000,19196.0000,,102958.0000,19196.0000,,,,,
A,USD,STD,INDL,C,021825,2013-12-31,CITIZENS FINANCIAL GROUP INC,CFG,174610105,0000759944,11,12,USA,122154.0000,19196.0000,2990.0000,102958.0000,19196.0000,4211.0000,-3426.0000,5133.0000,559.9980,
A,USD,STD,FS,C,021825,2014-12-31,CITIZENS FINANCIAL GROUP INC,CFG,174610105,0000759944,11,12,USA,132857.0000,19268.0000,,113589.0000,19268.0000,,,,,24.860000000000
A,USD,STD,INDL,C,021825,2014-12-31,CITIZENS FINANCIAL GROUP INC,CFG,174610105,0000759944,11,12,USA,132857.0000,19268.0000,3646.0000,113589.0000,19268.0000,4372.0000,865.0000,5054.0000,545.8850,24.860000000000
A,USD,STD,FS,C,021825,2015-12-31,CITIZENS FINANCIAL GROUP INC,CFG,174610105,0000759944,11,12,USA,138208.0000,19399.0000,,118562.0000,19646.0000,,,,,26.190000000000
A,USD,STD,INDL,C,021825,2015-12-31,CITIZENS FINANCIAL GROUP INC,CFG,174610105,0000759944,11,12,USA,138208.0000,19399.0000,3441.0000,118562.0000,19646.0000,4522.0000,840.0000,5276.0000,527.7740,26.190000000000
A,USD,STD,FS,C,021825,2016-12-31,CITIZENS FINANCIAL GROUP INC,CFG,174610105,0000759944,11,12,USA,149520.0000,19500.0000,,129773.0000,19747.0000,,,,,35.630000000000
A,USD,STD,INDL,C,021825,2016-12-31,CITIZENS FINANCIAL GROUP INC,CFG,174610105,0000759944,11,12,USA,149520.0000,19500.0000,4143.0000,129773.0000,19747.0000,4886.0000,1045.0000,5763.0000,511.9550,35.630000000000
A,USD,STD,FS,C,021825,2017-12-31,CITIZENS FINANCIAL GROUP INC,CFG,174610105,0000759944,11,12,USA,152336.0000,20023.0000,,132066.0000,20270.0000,,,,,41.980000000000
A,USD,STD,INDL,C,021825,2017-12-31,CITIZENS FINANCIAL GROUP INC,CFG,174610105,0000759944,11,12,USA,152336.0000,20023.0000,3224.0000,132066.0000,20270.0000,5386.0000,1652.0000,6454.0000,490.8130,41.980000000000
A,USD,STD,FS,C,021825,2018-12-31,CITIZENS FINANCIAL GROUP INC,CFG,174610105,0000759944,11,12,USA,160518.0000,19977.0000,,139701.0000,20817.0000,,,,,29.730000000000
A,USD,STD,INDL,C,021825,2018-12-31,CITIZENS FINANCIAL GROUP INC,CFG,174610105,0000759944,11,12,USA,160518.0000,19977.0000,4222.0000,139701.0000,20817.0000,5807.0000,1721.0000,7359.0000,466.0080,29.730000000000
A,USD,STD,FS,C,021825,2019-12-31,CITIZENS FINANCIAL GROUP INC,CFG,174610105,0000759944,11,12,USA,165733.0000,20631.0000,,143532.0000,22201.0000,,,,,40.610000000000
A,USD,STD,INDL,C,021825,2019-12-31,CITIZENS FINANCIAL GROUP INC,CFG,174610105,0000759944,11,12,USA,165733.0000,20631.0000,3683.0000,143532.0000,22201.0000,6098.0000,1791.0000,8066.0000,433.1210,40.610000000000
A,USD,STD,FS,C,021825,2020-12-31,CITIZENS FINANCIAL GROUP INC,CFG,174610105,0000759944,11,12,USA,183349.0000,20708.0000,,160676.0000,22673.0000,,,,,35.760000000000
A,USD,STD,INDL,C,021825,2020-12-31,CITIZENS FINANCIAL GROUP INC,CFG,174610105,0000759944,11,12,USA,183349.0000,20708.0000,13039.0000,160676.0000,22673.0000,5289.0000,1057.0000,7676.0000,427.2100,35.760000000000
A,USD,STD,FS,C,021825,2021-12-31,CITIZENS FINANCIAL GROUP INC,CFG,174610105,0000759944,11,12,USA,188409.0000,21406.0000,,164989.0000,23420.0000,,,,,47.250000000000
A,USD,STD,INDL,C,021825,2021-12-31,CITIZENS FINANCIAL GROUP INC,CFG,174610105,0000759944,11,12,USA,188409.0000,21406.0000,9474.0000,164989.0000,23420.0000,7058.0000,2319.0000,6986.0000,422.1370,47.250000000000
A,USD,STD,FS,C,021825,2022-12-31,CITIZENS FINANCIAL GROUP INC,CFG,174610105,0000759944,11,12,USA,226733.0000,21676.0000,,203043.0000,23690.0000,,,,,39.370000000000
A,USD,STD,INDL,C,021825,2022-12-31,CITIZENS FINANCIAL GROUP INC,CFG,174610105,0000759944,11,12,USA,226733.0000,21676.0000,10850.0000,203043.0000,23690.0000,7547.0000,2073.0000,9069.0000,492.2820,39.370000000000
A,USD,STD,FS,C,021825,2023-12-31,CITIZENS FINANCIAL GROUP INC,CFG,174610105,0000759944,11,12,USA,221964.0000,22328.0000,,197622.0000,24342.0000,,,,,33.140000000000
A,USD,STD,INDL,C,021825,2023-12-31,CITIZENS FINANCIAL GROUP INC,CFG,174610105,0000759944,11,12,USA,221964.0000,22328.0000,12033.0000,197622.0000,24342.0000,7537.0000,1608.0000,12187.0000,466.4180,33.140000000000
A,USD,STD,FS,C,021825,2024-12-31,CITIZENS FINANCIAL GROUP INC,CFG,174610105,0000759944,11,12,USA,217521.0000,22141.0000,,193267.0000,24254.0000,,,,,43.760000000000
A,USD,STD,INDL,C,021825,2024-12-31,CITIZENS FINANCIAL GROUP INC,CFG,174610105,0000759944,11,12,USA,217521.0000,22141.0000,11236.0000,193267.0000,24254.0000,7107.0000,1509.0000,12347.0000,440.5430,43.760000000000
A,USD,STD,FS,C,021825,2025-12-31,CITIZENS FINANCIAL GROUP INC,CFG,174610105,0000759944,11,12,USA,226351.0000,24206.0000,,200034.0000,26317.0000,,,,,58.410000000000
A,USD,STD,INDL,C,021825,2025-12-31,CITIZENS FINANCIAL GROUP INC,CFG,174610105,0000759944,11,12,USA,226351.0000,24206.0000,13688.0000,200034.0000,26317.0000,7639.0000,1831.0000,12057.0000,429.2420,58.410000000000
A,USD,STD,INDL,C,022741,2012-12-31,CHEMOURS CO,CC,163851108,0001627223,11,12,USA,5317.0000,3227.0000,0.0000,2088.0000,3227.0000,2619.0000,1057.0000,7365.0000,,
A,USD,STD,INDL,C,022741,2013-12-31,CHEMOURS CO,CC,163851108,0001627223,11,12,USA,5621.0000,3276.0000,0.0000,2342.0000,3276.0000,1800.0000,423.0000,6859.0000,,
A,USD,STD,INDL,C,022741,2014-12-31,CHEMOURS CO,CC,163851108,0001627223,11,12,USA,5978.0000,3669.0000,0.0000,2305.0000,3669.0000,1619.0000,400.0000,6432.0000,,
A,USD,STD,INDL,C,022741,2015-12-31,CHEMOURS CO,CC,163851108,0001627223,11,12,USA,6298.0000,126.0000,366.0000,6168.0000,126.0000,1223.0000,-90.0000,5717.0000,181.0700,5.360000000000
A,USD,STD,INDL,C,022741,2016-12-31,CHEMOURS CO,CC,163851108,0001627223,11,12,USA,6060.0000,100.0000,902.0000,5956.0000,100.0000,1399.0000,7.0000,5400.0000,182.6010,22.090000000000
A,USD,STD,INDL,C,022741,2017-12-31,CHEMOURS CO,CC,163851108,0001627223,11,12,USA,7293.0000,860.0000,1556.0000,6428.0000,860.0000,2027.0000,746.0000,6183.0000,182.9570,50.060000000000
A,USD,STD,INDL,C,022741,2018-12-31,CHEMOURS CO,CC,163851108,0001627223,11,12,USA,7362.0000,1014.0000,1201.0000,6342.0000,1014.0000,2253.0000,995.0000,6638.0000,170.7800,28.220000000000
A,USD,STD,INDL,C,022741,2019-12-31,CHEMOURS CO,CC,163851108,0001627223,11,12,USA,7258.0000,689.0000,943.0000,6563.0000,689.0000,1524.0000,-52.0000,5526.0000,163.5740,18.090000000000
A,USD,STD,INDL,C,022741,2020-12-31,CHEMOURS CO,CC,163851108,0001627223,11,12,USA,7082.0000,813.0000,1105.0000,6267.0000,813.0000,1387.0000,219.0000,4969.0000,164.9210,24.790000000000
A,USD,STD,INDL,C,022741,2021-12-31,CHEMOURS CO,CC,163851108,0001627223,11,12,USA,7550.0000,1081.0000,1451.0000,6468.0000,1081.0000,1692.0000,608.0000,6345.0000,161.0470,33.560000000000
A,USD,STD,INDL,C,022741,2022-12-31,CHEMOURS CO,CC,163851108,0001627223,11,12,USA,7640.0000,1107.0000,1102.0000,6533.0000,1107.0000,1907.0000,578.0000,6794.0000,148.5040,30.620000000000
A,USD,STD,INDL,C,022741,2023-12-31,CHEMOURS CO,CC,163851108,0001627223,11,12,USA,8251.0000,737.0000,1807.0000,7512.0000,737.0000,1613.0000,-238.0000,6027.0000,148.5870,31.540000000000
A,USD,STD,INDL,C,022741,2024-12-31,CHEMOURS CO,CC,163851108,0001627223,11,12,USA,7515.0000,604.0000,713.0000,6910.0000,604.0000,1453.0000,86.0000,5782.0000,149.4280,16.900000000000
A,USD,STD,INDL,C,022741,2025-12-31,CHEMOURS CO,CC,163851108,0001627223,11,12,USA,7382.0000,250.0000,672.0000,7131.0000,250.0000,1227.0000,-386.0000,5808.0000,149.8940,11.790000000000
I,USD,STD,INDL,C,023296,2013-12-31,ENVIVA INC,EVVAQ,29415B103,0001592057,19,12,USA,400.0030,268.2990,6.6420,128.5920,268.2990,27.1670,-5.4390,179.8870,,
I,USD,STD,INDL,C,023296,2014-12-31,ENVIVA INC,EVVAQ,29415B103,0001592057,19,12,USA,384.4890,271.4950,12.2320,109.9610,271.4950,39.0780,0.2640,290.1360,,
I,USD,STD,INDL,C,023296,2015-12-31,ENVIVA INC,EVVAQ,29415B103,0001592057,19,12,USA,574.5470,323.1610,2.1750,248.3950,323.1610,93.0100,23.1740,457.3740,24.7550,18.150000000000
I,USD,STD,INDL,C,023296,2016-12-31,ENVIVA INC,EVVAQ,29415B103,0001592057,19,12,USA,726.1680,312.1730,0.4660,416.6510,312.1730,105.3670,21.3770,462.5760,26.2330,26.800000000000
I,USD,STD,INDL,C,023296,2017-12-31,ENVIVA INC,EVVAQ,29415B103,0001592057,19,12,USA,760.1110,210.3690,0.5240,549.7420,210.3690,124.9050,17.5130,543.2210,26.3250,27.650000000000
I,USD,STD,INDL,C,023296,2018-12-31,ENVIVA INC,EVVAQ,29415B103,0001592057,19,12,USA,748.7700,146.7160,2.4600,602.0540,146.7160,94.3960,6.9520,574.0410,26.4780,27.750000000000
I,USD,STD,INDL,C,023296,2019-12-31,ENVIVA INC,EVVAQ,29415B103,0001592057,19,12,USA,994.8180,280.7680,9.0530,762.2420,280.7680,142.9030,-2.9430,684.3930,33.4570,37.310000000000
I,USD,STD,INDL,C,023296,2020-12-31,ENVIVA INC,EVVAQ,29415B103,0001592057,19,12,USA,1429.6120,324.2190,10.0040,1153.5850,324.2190,198.5000,17.0800,875.0790,39.7960,45.420000000000
I,USD,STD,INDL,C,023296,2021-12-31,ENVIVA INC,EVVAQ,29415B103,0001592057,19,12,USA,1924.1470,318.3580,18.5180,1653.4830,318.3580,205.4720,-122.0690,1041.6780,61.1380,70.420000000000
I,USD,STD,INDL,C,023296,2022-12-31,ENVIVA INC,EVVAQ,29415B103,0001592057,19,12,USA,2551.4400,334.5110,3.4170,2264.6840,334.5110,211.4650,-168.3070,1094.2760,66.9660,52.970000000000
I,USD,STD,INDL,C,023296,2023-12-31,ENVIVA INC,EVVAQ,29415B103,0001592057,19,12,USA,2530.8090,-112.9270,304.2260,2691.3070,-112.9270,-38.2080,-685.9940,1177.8530,74.5540,0.995800000000
A,USD,STD,INDL,C,024249,2013-12-31,TELADOC HEALTH INC,TDOC,87918A105,0001477449,11,12,USA,27.3860,-55.4520,3.2120,8.3310,19.0550,15.7200,-6.0190,19.9060,1.3030,
A,USD,STD,INDL,C,024249,2014-12-31,TELADOC HEALTH INC,TDOC,87918A105,0001477449,11,12,USA,92.0070,-67.5350,46.4360,38.7760,53.2310,33.5990,-17.0370,43.5280,2.0380,
A,USD,STD,INDL,C,024249,2015-12-31,TELADOC HEALTH INC,TDOC,87918A105,0001477449,11,12,USA,229.7370,178.5640,137.3480,51.1730,178.5640,56.3430,-58.0200,77.3840,38.5250,17.960000000000
A,USD,STD,INDL,C,024249,2016-12-31,TELADOC HEALTH INC,TDOC,87918A105,0001477449,11,12,USA,303.6700,230.8700,65.8080,72.8000,230.8700,91.1860,-74.2160,123.1570,46.2020,16.500000000000
A,USD,STD,INDL,C,024249,2017-12-31,TELADOC HEALTH INC,TDOC,87918A105,0001477449,11,12,USA,824.3910,558.9030,122.3060,265.4880,558.9030,171.6560,-106.7820,233.2790,61.5340,34.850000000000
A,USD,STD,INDL,C,024249,2018-12-31,TELADOC HEALTH INC,TDOC,87918A105,0001477449,11,12,USA,1528.8760,1013.1190,478.5340,515.7570,1013.1190,289.1720,-97.0840,417.9070,70.5160,49.570000000000
A,USD,STD,INDL,C,024249,2019-12-31,TELADOC HEALTH INC,TDOC,87918A105,0001477449,11,12,USA,1602.8270,1014.0250,517.0640,588.8020,1014.0250,368.8420,-98.8640,553.3070,72.7620,83.720000000000
A,USD,STD,INDL,C,024249,2020-12-31,TELADOC HEALTH INC,TDOC,87918A105,0001477449,11,12,USA,17755.2810,15883.8040,786.5690,1871.4770,15883.8040,704.8300,-485.1360,1093.9620,150.2810,199.960000000000
A,USD,STD,INDL,C,024249,2021-12-31,TELADOC HEALTH INC,TDOC,87918A105,0001477449,11,12,USA,17734.6080,16045.7570,896.0170,1688.8510,16045.7570,1385.7820,-428.7930,2032.7070,160.4690,91.820000000000
A,USD,STD,INDL,C,024249,2022-12-31,TELADOC HEALTH INC,TDOC,87918A105,0001477449,11,12,USA,4345.3550,2307.7450,918.1820,2037.6100,2307.7450,1665.7120,-13659.5310,2406.8400,162.8400,23.650000000000
A,USD,STD,INDL,C,024249,2023-12-31,TELADOC HEALTH INC,TDOC,87918A105,0001477449,11,12,USA,4392.3690,2326.0730,1123.6750,2066.2960,2326.0730,1844.9860,-220.3680,2602.4150,166.6580,21.550000000000
A,USD,STD,INDL,C,024249,2024-12-31,TELADOC HEALTH INC,TDOC,87918A105,0001477449,11,12,USA,3516.5240,1491.0790,1298.3270,2025.4450,1491.0790,1818.3040,-1001.2450,2569.5740,173.4050,9.090000000000
A,USD,STD,INDL,C,024249,2025-12-31,TELADOC HEALTH INC,TDOC,87918A105,0001477449,11,12,USA,2858.3000,1385.7060,781.0840,1472.5940,1385.7060,1758.3840,-200.3220,2529.9770,178.3150,7.000000000000
A,USD,STD,INDL,C,024616,2013-12-31,PAYPAL HOLDINGS INC,PYPL,70450Y103,0001633917,14,12,USA,19160.0000,7390.0000,1925.0000,11770.0000,7390.0000,3942.0000,955.0000,6727.0000,,
A,USD,STD,INDL,C,024616,2014-12-31,PAYPAL HOLDINGS INC,PYPL,70450Y103,0001633917,14,12,USA,21917.0000,8248.0000,2230.0000,13669.0000,8248.0000,4800.0000,419.0000,8025.0000,,
A,USD,STD,INDL,C,024616,2015-12-31,PAYPAL HOLDINGS INC,PYPL,70450Y103,0001633917,14,12,USA,28881.0000,13759.0000,3411.0000,15122.0000,13759.0000,5418.0000,1228.0000,9248.0000,1224.0000,36.200000000000
A,USD,STD,INDL,C,024616,2016-12-31,PAYPAL HOLDINGS INC,PYPL,70450Y103,0001633917,14,12,USA,33103.0000,14712.0000,4975.0000,18391.0000,14712.0000,6229.0000,1401.0000,10842.0000,1207.0000,39.470000000000
A,USD,STD,INDL,C,024616,2017-12-31,PAYPAL HOLDINGS INC,PYPL,70450Y103,0001633917,14,12,USA,40774.0000,15994.0000,5695.0000,24780.0000,15994.0000,7272.0000,1795.0000,13055.0000,1200.0000,73.620000000000
A,USD,STD,INDL,C,024616,2018-12-31,PAYPAL HOLDINGS INC,PYPL,70450Y103,0001633917,14,12,USA,43332.0000,15386.0000,9109.0000,27946.0000,15386.0000,8388.0000,2057.0000,15451.0000,1174.0000,84.090000000000
A,USD,STD,INDL,C,024616,2019-12-31,PAYPAL HOLDINGS INC,PYPL,70450Y103,0001633917,14,12,USA,51333.0000,16885.0000,10761.0000,34404.0000,16885.0000,10279.0000,2459.0000,17772.0000,1173.0000,108.170000000000
A,USD,STD,INDL,C,024616,2020-12-31,PAYPAL HOLDINGS INC,PYPL,70450Y103,0001633917,14,12,USA,70379.0000,20019.0000,13423.0000,50316.0000,20019.0000,12931.0000,4202.0000,21454.0000,1172.0000,234.200000000000
A,USD,STD,INDL,C,024616,2021-12-31,PAYPAL HOLDINGS INC,PYPL,70450Y103,0001633917,14,12,USA,75803.0000,21727.0000,9505.0000,54076.0000,21727.0000,14246.0000,4169.0000,25371.0000,1168.0000,188.580000000000
A,USD,STD,INDL,C,024616,2022-12-31,PAYPAL HOLDINGS INC,PYPL,70450Y103,0001633917,14,12,USA,78717.0000,20274.0000,10892.0000,58443.0000,20274.0000,14542.0000,2419.0000,27518.0000,1136.0000,71.220000000000
A,USD,STD,INDL,C,024616,2023-12-31,PAYPAL HOLDINGS INC,PYPL,70450Y103,0001633917,14,12,USA,82166.0000,21051.0000,14140.0000,61115.0000,21051.0000,14539.0000,4246.0000,29771.0000,1072.0000,61.410000000000
A,USD,STD,INDL,C,024616,2024-12-31,PAYPAL HOLDINGS INC,PYPL,70450Y103,0001633917,14,12,USA,81611.0000,20417.0000,10917.0000,61194.0000,20417.0000,15364.0000,4147.0000,31797.0000,993.0000,85.350000000000
A,USD,STD,INDL,C,024616,2025-12-31,PAYPAL HOLDINGS INC,PYPL,70450Y103,0001633917,14,12,USA,80173.0000,20256.0000,10578.0000,59917.0000,20256.0000,16444.0000,5233.0000,33172.0000,920.0000,58.380000000000
A,USD,STD,INDL,C,024724,2015-12-31,LIBERTY LATIN AMERICA LTD,LILAK,G9001E128,0001712184,14,12,BMU,3267.5000,206.4000,274.5000,2997.8000,206.4000,682.0000,43.9000,1217.3000,43.9270,41.370000000000
A,USD,STD,INDL,C,024724,2016-12-31,LIBERTY LATIN AMERICA LTD,LILAK,G9001E128,0001712184,14,12,BMU,14192.1000,4252.6000,552.6000,8458.7000,4252.6000,1607.9000,-255.5000,2723.8000,173.0950,21.960000000000
A,USD,STD,INDL,C,024724,2017-12-31,LIBERTY LATIN AMERICA LTD,LILAK,G9001E128,0001712184,14,12,BMU,13616.9000,3329.6000,529.9000,8926.3000,3329.6000,2041.3000,-778.1000,3590.0000,171.2130,20.150000000000
A,USD,STD,INDL,C,024724,2018-12-31,LIBERTY LATIN AMERICA LTD,LILAK,G9001E128,0001712184,14,12,BMU,13446.6000,3112.6000,631.0000,9323.2000,3112.6000,2173.0000,-345.2000,3705.7000,180.9640,14.570000000000
A,USD,STD,INDL,C,024724,2019-12-31,LIBERTY LATIN AMERICA LTD,LILAK,G9001E128,0001712184,14,12,BMU,14937.5000,3109.8000,1183.8000,10957.6000,3109.8000,2287.2000,-80.1000,3867.0000,181.9120,19.460000000000
A,USD,STD,INDL,C,024724,2020-12-31,LIBERTY LATIN AMERICA LTD,LILAK,G9001E128,0001712184,14,12,BMU,15230.0000,2714.7000,894.2000,11786.3000,2714.7000,1387.2000,-687.2000,3764.6000,232.0550,11.090000000000
A,USD,STD,INDL,C,024724,2021-12-31,LIBERTY LATIN AMERICA LTD,LILAK,G9001E128,0001712184,14,12,BMU,15386.0000,2236.0000,956.7000,12472.6000,2236.0000,1710.9000,-440.1000,4799.0000,229.6840,11.400000000000
A,USD,STD,INDL,C,024724,2022-12-31,LIBERTY LATIN AMERICA LTD,LILAK,G9001E128,0001712184,14,12,BMU,13575.2000,1917.4000,781.0000,11009.1000,1917.4000,1624.0000,-175.6000,4815.1000,216.1000,7.600000000000
A,USD,STD,INDL,C,024724,2023-12-31,LIBERTY LATIN AMERICA LTD,LILAK,G9001E128,0001712184,14,12,BMU,13594.6000,1763.5000,988.6000,11284.9000,1763.5000,1612.9000,-73.6000,4511.1000,204.7000,7.340000000000
A,USD,STD,INDL,C,024724,2024-12-31,LIBERTY LATIN AMERICA LTD,LILAK,G9001E128,0001712184,14,12,BMU,12800.0000,1121.0000,654.3000,11174.0000,1121.0000,1509.7000,-657.0000,4456.9000,196.7000,6.340000000000
A,USD,STD,INDL,C,024724,2025-12-31,LIBERTY LATIN AMERICA LTD,LILAK,G9001E128,0001712184,14,12,BMU,12225.9000,555.6000,783.9000,11162.4000,555.6000,1631.3000,-611.2000,4442.2000,200.0000,7.460000000000
A,USD,STD,INDL,C,024905,2013-12-31,SUNRUN INC,RUN,86771W105,0001469367,14,12,USA,1325.3680,164.9790,105.7610,992.9920,164.9830,54.6520,-1.2010,54.7400,10.4120,
A,USD,STD,INDL,C,024905,2014-12-31,SUNRUN INC,RUN,86771W105,0001469367,14,12,USA,1935.6320,324.8590,154.6880,1383.0650,324.8640,84.2570,-70.8520,198.5570,24.2490,
A,USD,STD,INDL,C,024905,2015-12-31,SUNRUN INC,RUN,86771W105,0001469367,14,12,USA,2738.1460,554.0690,213.0670,1931.4470,554.0690,105.9710,-28.2460,304.6060,101.2820,11.770000000000
A,USD,STD,INDL,C,024905,2016-12-31,SUNRUN INC,RUN,86771W105,0001469367,14,12,USA,3572.8180,672.9610,218.2460,2510.7250,672.9610,168.8590,91.6870,453.8980,104.3210,5.310000000000
A,USD,STD,INDL,C,024905,2017-12-31,SUNRUN INC,RUN,86771W105,0001469367,14,12,USA,3927.8740,811.9980,241.7900,2638.0630,811.9980,221.5140,124.5250,529.6990,107.3500,5.900000000000
A,USD,STD,INDL,C,024905,2018-12-31,SUNRUN INC,RUN,86771W105,0001469367,14,12,USA,4749.7870,948.7070,304.2510,3340.7030,948.7070,384.6580,26.6570,759.9810,113.1490,10.890000000000
A,USD,STD,INDL,C,024905,2019-12-31,SUNRUN INC,RUN,86771W105,0001469367,14,12,USA,5806.3410,964.7310,363.0810,4168.3440,964.7310,403.2490,26.3350,858.5780,118.4510,13.810000000000
A,USD,STD,INDL,C,024905,2020-12-31,SUNRUN INC,RUN,86771W105,0001469367,14,12,USA,14382.9430,6077.9110,708.0600,7093.5720,6077.9110,424.5650,-173.3940,922.1910,201.4060,69.380000000000
A,USD,STD,INDL,C,024905,2021-12-31,SUNRUN INC,RUN,86771W105,0001469367,14,12,USA,16483.2520,6254.7360,850.2830,8910.6650,6254.7360,635.4820,-79.4230,1609.9540,208.1760,34.300000000000
A,USD,STD,INDL,C,024905,2022-12-31,SUNRUN INC,RUN,86771W105,0001469367,14,12,USA,19268.8050,6708.1220,952.8750,11089.7880,6708.1220,752.6120,173.3770,2321.4220,214.1840,24.020000000000
A,USD,STD,INDL,C,024905,2023-12-31,SUNRUN INC,RUN,86771W105,0001469367,14,12,USA,20450.2370,5230.2280,987.6900,13536.2240,5230.2280,695.5610,-1604.4970,2259.8130,219.3920,19.630000000000
A,USD,STD,INDL,C,024905,2024-12-31,SUNRUN INC,RUN,86771W105,0001469367,14,12,USA,19897.8840,2554.2070,947.2680,15733.6740,2554.2070,957.2540,-2846.1670,2037.7190,225.6620,9.250000000000
A,USD,STD,INDL,C,024905,2025-12-31,SUNRUN INC,RUN,86771W105,0001469367,14,12,USA,22610.5960,3132.4840,1236.8400,17626.6220,3132.4840,1613.2980,449.9470,2956.9970,233.6120,18.400000000000
A,USD,STD,INDL,C,025389,2010-12-31,GRAPHIC PACKAGING HOLDING CO,GPK,388689101,0001408075,11,12,USA,4484.6000,747.0000,138.7000,3737.6000,747.0000,881.9000,10.7000,4095.0000,343.6990,3.890000000000
A,USD,STD,INDL,C,025389,2011-12-31,GRAPHIC PACKAGING HOLDING CO,GPK,388689101,0001408075,11,12,USA,4649.7000,1167.9000,271.8000,3468.2000,1167.9000,915.9000,276.9000,4206.3000,389.4750,4.260000000000
A,USD,STD,INDL,C,025389,2012-12-31,GRAPHIC PACKAGING HOLDING CO,GPK,388689101,0001408075,11,12,USA,4620.8000,974.0000,51.5000,3637.7000,974.0000,986.4000,122.6000,4337.1000,344.5340,6.460000000000
A,USD,STD,INDL,C,025389,2013-12-31,GRAPHIC PACKAGING HOLDING CO,GPK,388689101,0001408075,11,12,USA,4559.3000,1062.3000,52.2000,3485.7000,1062.3000,1003.0000,146.6000,4478.1000,324.7470,9.600000000000
A,USD,STD,INDL,C,025389,2014-12-31,GRAPHIC PACKAGING HOLDING CO,GPK,388689101,0001408075,11,12,USA,4331.3000,1012.3000,81.6000,3319.0000,1012.3000,1057.2000,89.7000,4240.5000,327.0450,13.620000000000
A,USD,STD,INDL,C,025389,2015-12-31,GRAPHIC PACKAGING HOLDING CO,GPK,388689101,0001408075,11,12,USA,4256.1000,1101.7000,54.9000,3154.4000,1101.7000,1069.6000,230.1000,4160.2000,324.6890,12.830000000000
A,USD,STD,INDL,C,025389,2016-12-31,GRAPHIC PACKAGING HOLDING CO,GPK,388689101,0001408075,11,12,USA,4603.4000,1056.5000,59.1000,3546.9000,1056.5000,1094.5000,228.0000,4298.1000,313.5340,12.480000000000
A,USD,STD,INDL,C,025389,2017-12-31,GRAPHIC PACKAGING HOLDING CO,GPK,388689101,0001408075,11,12,USA,4863.0000,1291.9000,67.4000,3571.1000,1291.9000,1050.9000,300.2000,4403.7000,309.7160,15.450000000000
A,USD,STD,INDL,C,025389,2018-12-31,GRAPHIC PACKAGING HOLDING CO,GPK,388689101,0001408075,11,12,USA,7059.2000,1579.5000,70.5000,4764.9000,1579.5000,1422.7000,221.1000,6023.0000,299.8920,10.640000000000
A,USD,STD,INDL,C,025389,2019-12-31,GRAPHIC PACKAGING HOLDING CO,GPK,388689101,0001408075,11,12,USA,7289.9000,1570.2000,152.9000,4927.6000,1570.2000,1540.6000,206.8000,6160.1000,290.2470,16.650000000000
A,USD,STD,INDL,C,025389,2020-12-31,GRAPHIC PACKAGING HOLDING CO,GPK,388689101,0001408075,11,12,USA,7804.6000,1424.3000,179.0000,5964.3000,1424.3000,1576.6000,167.3000,6559.9000,267.7260,16.940000000000
A,USD,STD,INDL,C,025389,2021-12-31,GRAPHIC PACKAGING HOLDING CO,GPK,388689101,0001408075,11,12,USA,10457.0000,1891.0000,172.0000,8564.0000,1891.0000,1572.0000,204.0000,7156.0000,307.1040,19.500000000000
A,USD,STD,INDL,C,025389,2022-12-31,GRAPHIC PACKAGING HOLDING CO,GPK,388689101,0001408075,11,12,USA,10328.0000,2149.0000,150.0000,8178.0000,2149.0000,2383.0000,522.0000,9440.0000,307.1160,22.250000000000
A,USD,STD,INDL,C,025389,2023-12-31,GRAPHIC PACKAGING HOLDING CO,GPK,388689101,0001408075,11,12,USA,11175.0000,2781.0000,162.0000,8393.0000,2781.0000,2743.0000,723.0000,9428.0000,306.0590,24.650000000000
A,USD,STD,INDL,C,025389,2024-12-31,GRAPHIC PACKAGING HOLDING CO,GPK,388689101,0001408075,11,12,USA,11144.0000,3012.0000,157.0000,8131.0000,3012.0000,2519.0000,658.0000,8807.0000,300.1630,27.160000000000
A,USD,STD,INDL,C,025389,2025-12-31,GRAPHIC PACKAGING HOLDING CO,GPK,388689101,0001408075,11,12,USA,11775.0000,3336.0000,261.0000,8438.0000,3336.0000,2138.0000,444.0000,8617.0000,295.1280,15.060000000000
A,USD,STD,INDL,C,025922,2010-12-31,KADANT INC,KAI,48282T104,0000886346,11,12,USA,336.7720,205.8400,61.8050,129.4710,205.8400,125.6530,18.5070,270.0290,12.2550,23.570000000000
A,USD,STD,INDL,C,025922,2011-12-31,KADANT INC,KAI,48282T104,0000886346,11,12,USA,358.3980,222.4800,47.6500,134.7680,222.4800,153.1490,33.5750,335.4600,11.6400,22.610000000000
A,USD,STD,INDL,C,025922,2012-12-31,KADANT INC,KAI,48282T104,0000886346,11,12,USA,358.9480,248.5830,54.5530,108.9810,248.5830,154.1860,31.6230,331.7510,11.1310,26.510000000000
A,USD,STD,INDL,C,025922,2013-12-31,KADANT INC,KAI,48282T104,0000886346,11,12,USA,442.1680,269.4960,50.2000,171.7470,269.4960,167.4790,23.4190,344.4990,11.0990,40.520000000000
A,USD,STD,INDL,C,025922,2014-12-31,KADANT INC,KAI,48282T104,0000886346,11,12,USA,413.7470,264.2910,45.7930,148.2880,264.2910,189.5620,28.6590,402.1270,10.8640,42.690000000000
A,USD,STD,INDL,C,025922,2015-12-31,KADANT INC,KAI,48282T104,0000886346,11,12,USA,415.4980,266.6090,66.9360,147.5530,266.6090,190.9460,34.3890,390.1070,10.7730,40.610000000000
A,USD,STD,INDL,C,025922,2016-12-31,KADANT INC,KAI,48282T104,0000886346,11,12,USA,470.6910,282.6290,73.5690,186.4120,282.6290,202.7150,32.0770,414.1260,10.9370,61.200000000000
A,USD,STD,INDL,C,025922,2017-12-31,KADANT INC,KAI,48282T104,0000886346,11,12,USA,761.0940,330.9910,76.8460,428.5900,330.9910,250.4090,31.0920,515.0330,11.0100,100.400000000000
A,USD,STD,INDL,C,025922,2018-12-31,KADANT INC,KAI,48282T104,0000886346,11,12,USA,725.7490,372.9680,46.1170,351.1780,372.9680,301.8490,60.4130,633.7860,11.1100,81.460000000000
A,USD,STD,INDL,C,025922,2019-12-31,KADANT INC,KAI,48282T104,0000886346,11,12,USA,939.3870,425.6950,68.2730,512.3080,425.6950,305.9960,52.0680,704.6440,11.4090,105.340000000000
A,USD,STD,INDL,C,025922,2020-12-31,KADANT INC,KAI,48282T104,0000886346,11,12,USA,927.5710,495.3590,66.6400,430.6660,495.3590,289.5150,55.1960,635.0280,11.5420,140.980000000000
A,USD,STD,INDL,C,025922,2021-12-31,KADANT INC,KAI,48282T104,0000886346,11,12,USA,1132.2120,563.9360,94.1610,566.5960,563.9360,350.7980,84.0430,786.5790,11.6210,230.480000000000
A,USD,STD,INDL,C,025922,2022-12-31,KADANT INC,KAI,48282T104,0000886346,11,12,USA,1149.8810,653.8490,79.7250,494.3100,653.8490,424.4910,120.9280,904.7390,11.6740,177.630000000000
A,USD,STD,INDL,C,025922,2023-12-31,KADANT INC,KAI,48282T104,0000886346,11,12,USA,1175.6650,773.7020,106.4530,399.4250,773.7020,449.6030,116.0690,957.6720,11.7080,280.310000000000
A,USD,STD,INDL,C,025922,2024-12-31,KADANT INC,KAI,48282T104,0000886346,11,12,USA,1430.3450,847.1270,95.9460,572.2170,847.1270,486.6950,111.5980,1053.3840,11.7460,344.990000000000
A,USD,STD,INDL,C,025922,2025-12-31,KADANT INC,KAI,48282T104,0000886346,11,12,USA,1712.1780,979.8090,122.6810,721.1110,979.8090,498.6520,101.9690,1052.2480,11.7890,285.020000000000
A,USD,STD,INDL,C,025964,2010-12-31,CHART INDUSTRIES INC,GTLS,16115Q308,0000892553,11,12,USA,954.8390,499.1640,165.1120,453.4650,499.1640,182.8060,20.1600,555.4550,28.8320,33.780000000000
A,USD,STD,INDL,C,025964,2011-12-31,CHART INDUSTRIES INC,GTLS,16115Q308,0000892553,11,12,USA,1174.4750,611.0390,256.8610,560.9240,611.0390,262.0460,44.0760,794.5850,29.6130,54.070000000000
A,USD,STD,INDL,C,025964,2012-12-31,CHART INDUSTRIES INC,GTLS,16115Q308,0000892553,11,12,USA,1327.8410,696.4780,141.4980,628.0580,696.4780,330.0960,71.2950,1014.1520,30.0420,66.689100000000
A,USD,STD,INDL,C,025964,2013-12-31,CHART INDUSTRIES INC,GTLS,16115Q308,0000892553,11,12,USA,1461.6300,754.7850,137.3450,643.0470,811.3480,375.5200,83.1760,1177.4380,30.3790,95.640000000000
A,USD,STD,INDL,C,025964,2014-12-31,CHART INDUSTRIES INC,GTLS,16115Q308,0000892553,11,12,USA,1462.0630,879.8790,103.6560,574.9830,879.8790,378.0820,81.8640,1192.9520,30.4820,34.200000000000
A,USD,STD,INDL,C,025964,2015-12-31,CHART INDUSTRIES INC,GTLS,16115Q308,0000892553,11,12,USA,1201.9760,670.5920,123.7080,526.2400,670.5920,319.8350,-202.9600,1040.1600,30.5460,17.960000000000
A,USD,STD,INDL,C,025964,2016-12-31,CHART INDUSTRIES INC,GTLS,16115Q308,0000892553,11,12,USA,1233.0820,697.2650,281.9590,534.4050,697.2650,295.4210,28.2370,859.1540,30.6130,36.020000000000
A,USD,STD,INDL,C,025964,2017-12-31,CHART INDUSTRIES INC,GTLS,16115Q308,0000892553,11,12,USA,1724.7000,802.2000,128.0000,919.5000,802.2000,304.2000,28.0000,988.8000,30.8050,46.860000000000
A,USD,STD,INDL,C,025964,2018-12-31,CHART INDUSTRIES INC,GTLS,16115Q308,0000892553,11,12,USA,1897.7000,884.5000,118.1000,1008.7000,884.5000,331.2000,88.0000,1084.3000,31.3640,65.030000000000
A,USD,STD,INDL,C,025964,2019-12-31,CHART INDUSTRIES INC,GTLS,16115Q308,0000892553,11,12,USA,2481.4000,1227.6000,119.0000,1249.0000,1227.6000,397.2000,46.4000,1299.1000,35.8000,67.490000000000
A,USD,STD,INDL,C,025964,2020-12-31,CHART INDUSTRIES INC,GTLS,16115Q308,0000892553,11,12,USA,2570.5000,1572.7000,126.1000,991.2000,1572.7000,376.6000,308.1000,1177.1000,35.4250,117.790000000000
A,USD,STD,INDL,C,025964,2021-12-31,CHART INDUSTRIES INC,GTLS,16115Q308,0000892553,11,12,USA,3043.8000,1616.6000,122.4000,1418.6000,1616.6000,368.5000,59.1000,1317.7000,35.7880,159.490000000000
A,USD,STD,INDL,C,025964,2022-12-31,CHART INDUSTRIES INC,GTLS,16115Q308,0000892553,11,12,USA,5901.9000,2675.5000,2605.3000,3217.6000,2675.5000,446.9000,24.0000,1612.4000,41.8020,115.230000000000
A,USD,STD,INDL,C,025964,2023-12-31,CHART INDUSTRIES INC,GTLS,16115Q308,0000892553,11,12,USA,9102.4000,2786.5000,201.1000,6163.4000,2786.5000,1133.2000,47.3000,3352.5000,41.9930,136.330000000000
A,USD,STD,INDL,C,025964,2024-12-31,CHART INDUSTRIES INC,GTLS,16115Q308,0000892553,11,12,USA,9123.9000,2828.8000,310.5000,6128.7000,2828.8000,1486.5000,218.5000,4160.3000,44.8960,190.840000000000
A,USD,STD,INDL,C,025964,2025-12-31,CHART INDUSTRIES INC,GTLS,16115Q308,0000892553,11,12,USA,9806.4000,3230.3000,369.8000,6430.7000,3230.3000,1524.8000,40.7000,4264.0000,47.7970,206.230000000000
A,USD,STD,INDL,C,026156,2013-10-31,HEWLETT PACKARD ENTERPRISE,HPE,42824C109,0001645590,11,10,USA,68775.0000,37988.0000,2182.0000,30400.0000,37988.0000,18909.0000,2051.0000,57371.0000,,
A,USD,STD,INDL,C,026156,2014-10-31,HEWLETT PACKARD ENTERPRISE,HPE,42824C109,0001645590,11,10,USA,65071.0000,36776.0000,2319.0000,27899.0000,36776.0000,18875.0000,1648.0000,55123.0000,,
A,USD,STD,INDL,C,026156,2015-10-31,HEWLETT PACKARD ENTERPRISE,HPE,42824C109,0001645590,11,10,USA,81270.0000,33535.0000,9842.0000,47352.0000,33535.0000,18034.0000,2461.0000,52107.0000,,14.720000000000
A,USD,STD,INDL,C,026156,2016-10-31,HEWLETT PACKARD ENTERPRISE,HPE,42824C109,0001645590,11,10,USA,79679.0000,31448.0000,12987.0000,48161.0000,31448.0000,17636.0000,3161.0000,50123.0000,1666.3320,22.470000000000
A,USD,STD,INDL,C,026156,2017-10-31,HEWLETT PACKARD ENTERPRISE,HPE,42824C109,0001645590,11,10,USA,61406.0000,23466.0000,9579.0000,37901.0000,23466.0000,10898.0000,344.0000,28871.0000,1595.1610,13.920000000000
A,USD,STD,INDL,C,026156,2018-10-31,HEWLETT PACKARD ENTERPRISE,HPE,42824C109,0001645590,11,10,USA,55493.0000,21239.0000,4880.0000,34219.0000,21239.0000,11574.0000,1908.0000,30852.0000,1423.3030,15.250000000000
A,USD,STD,INDL,C,026156,2019-10-31,HEWLETT PACKARD ENTERPRISE,HPE,42824C109,0001645590,11,10,USA,51803.0000,17098.0000,4076.0000,34654.0000,17098.0000,11768.0000,1049.0000,29135.0000,1294.3690,16.410000000000
A,USD,STD,INDL,C,026156,2020-10-31,HEWLETT PACKARD ENTERPRISE,HPE,42824C109,0001645590,11,10,USA,54015.0000,16049.0000,4621.0000,37919.0000,16049.0000,10742.0000,-322.0000,26982.0000,1287.0100,8.640000000000
A,USD,STD,INDL,C,026156,2021-10-31,HEWLETT PACKARD ENTERPRISE,HPE,42824C109,0001645590,11,10,USA,57699.0000,19971.0000,4332.0000,37682.0000,19971.0000,11619.0000,3427.0000,27784.0000,1294.6340,14.650000000000
A,USD,STD,INDL,C,026156,2022-10-31,HEWLETT PACKARD ENTERPRISE,HPE,42824C109,0001645590,11,10,USA,57123.0000,19864.0000,4763.0000,37214.0000,19864.0000,11804.0000,868.0000,28496.0000,1281.0370,14.270000000000
A,USD,STD,INDL,C,026156,2023-10-31,HEWLETT PACKARD ENTERPRISE,HPE,42824C109,0001645590,11,10,USA,57153.0000,21182.0000,4581.0000,35915.0000,21182.0000,12567.0000,2025.0000,29135.0000,1282.6300,15.380000000000
A,USD,STD,INDL,C,026156,2024-10-31,HEWLETT PACKARD ENTERPRISE,HPE,42824C109,0001645590,11,10,USA,71262.0000,24816.0000,15105.0000,46382.0000,24816.0000,12141.0000,2579.0000,30127.0000,1297.2580,19.490000000000
A,USD,STD,INDL,C,026156,2025-10-31,HEWLETT PACKARD ENTERPRISE,HPE,42824C109,0001645590,11,10,USA,75906.0000,24688.0000,5859.0000,51152.0000,24688.0000,12982.0000,57.0000,34296.0000,1318.2920,24.420000000000
A,USD,STD,INDL,C,027014,2014-09-30,ATKORE INC,ATKR,047649108,0001666138,11,9,USA,1185.4190,176.4690,33.3600,1008.9500,176.4690,264.9470,-73.9480,1702.8380,62.3810,
A,USD,STD,INDL,C,027014,2015-09-30,ATKORE INC,ATKR,047649108,0001666138,11,9,USA,1113.7990,156.2770,80.5980,957.5220,156.2770,314.5000,-4.9550,1729.1680,62.1920,
A,USD,STD,INDL,C,027014,2016-09-30,ATKORE INC,ATKR,047649108,0001666138,11,9,USA,1164.5680,257.2460,200.2790,907.3220,257.2460,401.4610,58.7960,1523.3840,62.4580,18.740000000000
A,USD,STD,INDL,C,027014,2017-09-30,ATKORE INC,ATKR,047649108,0001666138,11,9,USA,1215.0920,360.8710,45.7180,854.2210,360.8710,394.9520,84.6390,1503.9340,63.3050,19.510000000000
A,USD,STD,INDL,C,027014,2018-09-30,ATKORE INC,ATKR,047649108,0001666138,11,9,USA,1324.0600,122.0590,126.6620,1202.0010,122.0590,472.8700,136.6450,1835.1390,47.0800,26.530000000000
A,USD,STD,INDL,C,027014,2019-09-30,ATKORE INC,ATKR,047649108,0001666138,11,9,USA,1436.9950,232.9360,123.4150,1204.0590,232.9360,536.6710,139.0510,1916.5380,46.9550,30.350000000000
A,USD,STD,INDL,C,027014,2020-09-30,ATKORE INC,ATKR,047649108,0001666138,11,9,USA,1558.5250,378.4100,284.4710,1180.1150,378.4100,533.5220,152.3020,1765.4210,47.4070,22.730000000000
A,USD,STD,INDL,C,027014,2021-09-30,ATKORE INC,ATKR,047649108,0001666138,11,9,USA,2210.0990,864.7360,576.2890,1345.3630,864.7360,1170.5260,587.8570,2928.0140,45.9970,86.920000000000
A,USD,STD,INDL,C,027014,2022-09-30,ATKORE INC,ATKR,047649108,0001666138,11,9,USA,2598.9960,1249.7870,388.7510,1349.2090,1249.7870,1688.2650,913.4340,3913.9490,41.3510,77.810000000000
A,USD,STD,INDL,C,027014,2023-09-30,ATKORE INC,ATKR,047649108,0001666138,11,9,USA,2935.0090,1468.1190,388.1140,1466.8900,1468.1190,1397.2210,689.8990,3518.7610,37.3180,149.190000000000
A,USD,STD,INDL,C,027014,2024-09-30,ATKORE INC,ATKR,047649108,0001666138,11,9,USA,3021.4030,1539.9000,351.3850,1481.5030,1539.9000,1143.3460,472.8720,3202.0530,34.8590,84.740000000000
A,USD,STD,INDL,C,027014,2025-09-30,ATKORE INC,ATKR,047649108,0001666138,11,9,USA,2851.9220,1398.3410,506.6990,1453.5810,1398.3410,758.7010,-15.1750,2850.3780,33.6650,62.740000000000
A,USD,STD,INDL,C,027199,2010-12-31,VAALCO ENERGY INC,EGY,91851C201,0000894627,11,12,USA,238.4000,191.5250,96.1660,42.1570,191.5250,112.3600,37.3400,134.4720,56.8170,7.160000000000
A,USD,STD,INDL,C,027199,2011-12-31,VAALCO ENERGY INC,EGY,91851C201,0000894627,11,12,USA,275.0150,229.1240,138.4530,41.9480,229.1240,178.7300,34.1450,210.4360,57.1190,6.040000000000
A,USD,STD,INDL,C,027199,2012-12-31,VAALCO ENERGY INC,EGY,91851C201,0000894627,11,12,USA,267.9560,212.5250,132.0570,55.4310,212.5250,160.9430,0.6310,195.2870,57.8780,8.650000000000
A,USD,STD,INDL,C,027199,2013-12-31,VAALCO ENERGY INC,EGY,91851C201,0000894627,11,12,USA,308.1670,250.8740,142.8950,57.2930,250.8740,132.6620,43.0720,169.2770,56.8500,6.890000000000
A,USD,STD,INDL,C,027199,2014-12-31,VAALCO ENERGY INC,EGY,91851C201,0000894627,11,12,USA,248.8490,180.4630,70.6350,68.3860,180.4630,-2.3680,-77.5500,127.6910,57.8010,4.560000000000
A,USD,STD,INDL,C,027199,2015-12-31,VAALCO ENERGY INC,EGY,91851C201,0000894627,11,12,USA,123.9580,26.0760,26.4050,97.8820,26.0760,-40.9730,-158.6560,80.4450,58.5270,1.600000000000
A,USD,STD,INDL,C,027199,2016-12-31,VAALCO ENERGY INC,EGY,91851C201,0000894627,11,12,USA,81.0320,-0.3580,21.2150,81.3900,-0.3580,22.1100,-26.5500,59.7840,58.5540,1.040000000000
A,USD,STD,INDL,C,027199,2017-12-31,VAALCO ENERGY INC,EGY,91851C201,0000894627,11,12,USA,79.6330,10.2890,20.5110,69.3440,10.2890,37.3280,9.6510,77.0250,58.8630,0.697100000000
A,USD,STD,INDL,C,027199,2018-12-31,VAALCO ENERGY INC,EGY,91851C201,0000894627,11,12,USA,166.3120,109.8270,34.1640,56.4850,109.8270,64.5280,98.2320,104.9430,59.5960,1.470000000000
A,USD,STD,INDL,C,027199,2019-12-31,VAALCO ENERGY INC,EGY,91851C201,0000894627,11,12,USA,211.5370,109.7200,46.8280,101.8170,109.7200,46.8320,2.5630,84.5210,58.0250,2.220000000000
A,USD,STD,INDL,C,027199,2020-12-31,VAALCO ENERGY INC,EGY,91851C201,0000894627,11,12,USA,141.2320,61.4580,47.9390,79.7740,61.4580,0.8360,-48.1810,67.1760,57.5310,1.770000000000
A,USD,STD,INDL,C,027199,2021-12-31,VAALCO ENERGY INC,EGY,91851C201,0000894627,11,12,USA,263.0900,144.2970,48.7540,118.7930,144.2970,120.7200,81.8360,199.0750,58.6230,3.210000000000
A,USD,STD,INDL,C,027199,2022-12-31,VAALCO ENERGY INC,EGY,91851C201,0000894627,11,12,USA,855.6410,466.1050,37.4270,389.5360,466.1050,234.5980,51.8900,354.3260,107.8530,4.560000000000
A,USD,STD,INDL,C,027199,2023-12-31,VAALCO ENERGY INC,EGY,91851C201,0000894627,11,12,USA,823.2160,478.7820,121.1150,344.4340,478.7820,301.9090,60.3540,455.0660,104.3460,4.490000000000
A,USD,STD,INDL,C,027199,2024-12-31,VAALCO ENERGY INC,EGY,91851C201,0000894627,11,12,USA,954.9500,501.5830,82.7930,453.3670,501.5830,315.4880,58.4900,478.9880,103.7430,4.370000000000
A,USD,STD,INDL,C,027199,2025-12-31,VAALCO ENERGY INC,EGY,91851C201,0000894627,11,12,USA,913.3750,443.4970,58.9000,469.8780,443.4970,201.0950,-41.3910,359.2720,104.2580,3.640000000000
A,USD,STD,INDL,C,027394,2014-12-31,PARK HOTELS & RESORTS,PK,700517105,0001617406,11,12,USA,9714.0000,2617.0000,74.0000,7121.0000,2617.0000,524.0000,176.0000,2530.0000,,
A,USD,STD,INDL,C,027394,2015-12-31,PARK HOTELS & RESORTS,PK,700517105,0001617406,11,12,USA,9787.0000,2821.0000,144.0000,6990.0000,2821.0000,562.0000,292.0000,2711.0000,,
A,USD,STD,INDL,C,027394,2016-12-31,PARK HOTELS & RESORTS,PK,700517105,0001617406,11,12,USA,9834.0000,3872.0000,350.0000,6011.0000,3872.0000,508.0000,133.0000,2732.0000,,29.900000000000
A,USD,STD,INDL,C,027394,2017-12-31,PARK HOTELS & RESORTS,PK,700517105,0001617406,11,12,USA,9714.0000,6011.0000,379.0000,3752.0000,6011.0000,559.0000,2625.0000,2833.0000,214.8450,28.750000000000
A,USD,STD,INDL,C,027394,2018-12-31,PARK HOTELS & RESORTS,PK,700517105,0001617406,11,12,USA,9363.0000,5632.0000,425.0000,3777.0000,5632.0000,464.0000,472.0000,2736.0000,201.1980,25.980000000000
A,USD,STD,INDL,C,027394,2019-12-31,PARK HOTELS & RESORTS,PK,700517105,0001617406,11,12,USA,11290.0000,6496.0000,386.0000,4839.0000,6496.0000,471.0000,306.0000,2794.0000,239.3870,25.870000000000
A,USD,STD,FS,C,027394,2020-12-31,PARK HOTELS & RESORTS,PK,700517105,0001617406,11,12,USA,10587.0000,4893.0000,,5744.0000,4893.0000,,,,,17.150000000000
A,USD,STD,INDL,C,027394,2020-12-31,PARK HOTELS & RESORTS,PK,700517105,0001617406,11,12,USA,10587.0000,4893.0000,981.0000,5744.0000,4893.0000,-515.0000,-1440.0000,832.0000,235.9160,17.150000000000
A,USD,STD,FS,C,027394,2021-12-31,PARK HOTELS & RESORTS,PK,700517105,0001617406,11,12,USA,9743.0000,4452.0000,,5340.0000,4452.0000,,,,,18.880000000000
A,USD,STD,INDL,C,027394,2021-12-31,PARK HOTELS & RESORTS,PK,700517105,0001617406,11,12,USA,9743.0000,4452.0000,763.0000,5340.0000,4452.0000,-114.0000,-459.0000,1356.0000,236.4840,18.880000000000
A,USD,STD,FS,C,027394,2022-12-31,PARK HOTELS & RESORTS,PK,700517105,0001617406,11,12,USA,9731.0000,4339.0000,,5440.0000,4339.0000,,,,,11.790000000000
A,USD,STD,INDL,C,027394,2022-12-31,PARK HOTELS & RESORTS,PK,700517105,0001617406,11,12,USA,9731.0000,4339.0000,939.0000,5440.0000,4339.0000,379.0000,162.0000,2529.0000,224.0620,11.790000000000
A,USD,STD,FS,C,027394,2023-12-31,PARK HOTELS & RESORTS,PK,700517105,0001617406,11,12,USA,9419.0000,3814.0000,,5651.0000,3814.0000,,,,,15.300000000000
A,USD,STD,INDL,C,027394,2023-12-31,PARK HOTELS & RESORTS,PK,700517105,0001617406,11,12,USA,9419.0000,3814.0000,750.0000,5651.0000,3814.0000,221.0000,97.0000,2747.0000,209.9880,15.300000000000
A,USD,STD,FS,C,027394,2024-12-31,PARK HOTELS & RESORTS,PK,700517105,0001617406,11,12,USA,9161.0000,3645.0000,,5567.0000,3645.0000,,,,,14.070000000000
A,USD,STD,INDL,C,027394,2024-12-31,PARK HOTELS & RESORTS,PK,700517105,0001617406,11,12,USA,9161.0000,3645.0000,440.0000,5567.0000,3645.0000,444.0000,212.0000,2651.0000,202.5530,14.070000000000
A,USD,STD,FS,C,027394,2025-12-31,PARK HOTELS & RESORTS,PK,700517105,0001617406,11,12,USA,7700.0000,3131.0000,,4624.0000,3131.0000,,,,,10.460000000000
A,USD,STD,INDL,C,027394,2025-12-31,PARK HOTELS & RESORTS,PK,700517105,0001617406,11,12,USA,7700.0000,3131.0000,264.0000,4624.0000,3131.0000,-7.0000,-283.0000,2555.0000,199.9010,10.460000000000
A,USD,STD,INDL,C,027574,2014-12-31,TPI COMPOSITES INC,TPICQ,87266J104,0001455684,19,12,USA,277.9600,-187.0930,44.3630,275.7040,2.2560,22.0930,-6.6480,320.7470,4.2380,
A,USD,STD,INDL,C,027574,2015-12-31,TPI COMPOSITES INC,TPICQ,87266J104,0001455684,19,12,USA,334.1400,-191.1970,47.6770,326.5070,7.6330,53.1610,7.6820,585.8520,4.2380,
A,USD,STD,INDL,C,027574,2016-12-31,TPI COMPOSITES INC,TPICQ,87266J104,0001455684,19,12,USA,437.2060,106.5070,121.3250,330.6990,106.5070,89.9020,13.8420,754.8770,33.7370,16.040000000000
A,USD,STD,INDL,C,027574,2017-12-31,TPI COMPOSITES INC,TPICQ,87266J104,0001455684,19,12,USA,573.5340,160.6170,151.9620,412.9170,160.6170,133.5870,43.6900,930.2810,34.0210,20.460000000000
A,USD,STD,INDL,C,027574,2018-12-31,TPI COMPOSITES INC,TPICQ,87266J104,0001455684,19,12,USA,604.8550,220.9570,88.9010,383.8980,220.9570,99.2700,5.2790,1029.6240,34.6780,24.580000000000
A,USD,STD,INDL,C,027574,2019-12-31,TPI COMPOSITES INC,TPICQ,87266J104,0001455684,19,12,USA,826.6770,205.0500,71.2740,621.6270,205.0500,114.5480,-15.7080,1436.5000,35.1810,18.510000000000
A,USD,STD,INDL,C,027574,2020-12-31,TPI COMPOSITES INC,TPICQ,87266J104,0001455684,19,12,USA,956.2570,201.0350,130.1960,755.2220,201.0350,112.6990,-19.0270,1670.1370,36.5640,52.780000000000
A,USD,STD,INDL,C,027574,2021-12-31,TPI COMPOSITES INC,TPICQ,87266J104,0001455684,19,12,USA,1007.7010,121.9520,252.2180,634.7750,372.9260,17.4200,-159.5480,1732.5830,37.1800,14.960000000000
A,USD,STD,INDL,C,027574,2022-12-31,TPI COMPOSITES INC,TPICQ,87266J104,0001455684,19,12,USA,962.1760,50.4870,143.4000,601.8120,360.3640,52.1450,-65.3050,1522.7410,42.0440,10.140000000000
A,USD,STD,INDL,C,027574,2023-12-31,TPI COMPOSITES INC,TPICQ,87266J104,0001455684,19,12,USA,804.0800,-122.3040,171.8970,926.3840,-122.3040,-50.5480,-201.7790,1455.1830,46.4710,4.140000000000
A,USD,STD,INDL,C,027574,2024-12-31,TPI COMPOSITES INC,TPICQ,87266J104,0001455684,19,12,USA,692.4640,-373.2360,206.1570,1065.7000,-373.2360,-23.9990,-240.7070,1331.1310,47.6090,1.890000000000
A,USD,STD,FS,C,027780,2010-12-31,SITE CENTERS CORP,SITC,82981J851,0000894315,11,12,USA,7768.0900,2541.6020,,4633.4030,3096.6020,,,,,14.090000000000
A,USD,STD,INDL,C,027780,2010-12-31,SITE CENTERS CORP,SITC,82981J851,0000894315,11,12,USA,7768.0900,2541.6020,23.7010,4633.4030,3096.6020,238.0370,-209.3580,816.0150,255.5560,14.090000000000
A,USD,STD,FS,C,027780,2011-12-31,SITE CENTERS CORP,SITC,82981J851,0000894315,11,12,USA,7469.4250,2670.6840,,4391.5330,3045.6840,,,,,12.170000000000
A,USD,STD,INDL,C,027780,2011-12-31,SITE CENTERS CORP,SITC,82981J851,0000894315,11,12,USA,7469.4250,2670.6840,72.1890,4391.5330,3045.6840,246.0240,-15.8540,794.5840,276.2810,12.170000000000
A,USD,STD,FS,C,027780,2012-12-31,SITE CENTERS CORP,SITC,82981J851,0000894315,11,12,USA,8055.8370,2937.1380,,4689.3770,3342.1380,,,,,15.660000000000
A,USD,STD,INDL,C,027780,2012-12-31,SITE CENTERS CORP,SITC,82981J851,0000894315,11,12,USA,8055.8370,2937.1380,54.8320,4689.3770,3342.1380,264.0110,-25.8220,851.4240,314.2610,15.660000000000
A,USD,STD,FS,C,027780,2013-12-31,SITE CENTERS CORP,SITC,82981J851,0000894315,11,12,USA,9693.0730,3499.6610,,5765.1940,3904.6610,,,,,15.370000000000
A,USD,STD,INDL,C,027780,2013-12-31,SITE CENTERS CORP,SITC,82981J851,0000894315,11,12,USA,9693.0730,3499.6610,120.1400,5765.1940,3904.6610,298.6880,-10.1750,919.1460,358.3490,15.370000000000
A,USD,STD,FS,C,027780,2014-12-31,SITE CENTERS CORP,SITC,82981J851,0000894315,11,12,USA,9541.8950,3420.2480,,5744.3670,3770.2480,,,,,18.360000000000
A,USD,STD,INDL,C,027780,2014-12-31,SITE CENTERS CORP,SITC,82981J851,0000894315,11,12,USA,9541.8950,3420.2480,32.3120,5744.3670,3770.2480,297.6290,117.2820,1012.5910,359.7540,18.360000000000
A,USD,STD,FS,C,027780,2015-12-31,SITE CENTERS CORP,SITC,82981J851,0000894315,11,12,USA,9097.0880,3105.1850,,5633.6190,3455.1850,,,,,16.840000000000
A,USD,STD,INDL,C,027780,2015-12-31,SITE CENTERS CORP,SITC,82981J851,0000894315,11,12,USA,9097.0880,3105.1850,32.5200,5633.6190,3455.1850,73.1040,-72.1680,1054.1490,364.3470,16.840000000000
A,USD,STD,FS,C,027780,2016-12-31,SITE CENTERS CORP,SITC,82981J851,0000894315,11,12,USA,8197.5180,2887.5150,,4951.5060,3237.5150,,,,,15.270000000000
A,USD,STD,INDL,C,027780,2016-12-31,SITE CENTERS CORP,SITC,82981J851,0000894315,11,12,USA,8197.5180,2887.5150,39.2250,4951.5060,3237.5150,279.2850,60.0120,1058.5580,365.3500,15.270000000000
A,USD,STD,FS,C,027780,2017-12-31,SITE CENTERS CORP,SITC,82981J851,0000894315,11,12,USA,7170.0730,2365.9320,,4272.6350,2890.9320,,,,,8.960000000000
A,USD,STD,INDL,C,027780,2017-12-31,SITE CENTERS CORP,SITC,82981J851,0000894315,11,12,USA,7170.0730,2365.9320,94.7240,4272.6350,2890.9320,11.5230,-241.6850,950.2890,367.9000,8.960000000000
A,USD,STD,FS,C,027780,2018-12-31,SITE CENTERS CORP,SITC,82981J851,0000894315,11,12,USA,4206.3310,1545.0740,,2133.3290,2070.0740,,,,,11.070000000000
A,USD,STD,INDL,C,027780,2018-12-31,SITE CENTERS CORP,SITC,82981J851,0000894315,11,12,USA,4206.3310,1545.0740,13.6500,2133.3290,2070.0740,216.1680,114.4340,736.8780,181.3390,11.070000000000
A,USD,STD,FS,C,027780,2019-12-31,SITE CENTERS CORP,SITC,82981J851,0000894315,11,12,USA,4093.6220,1653.4140,,2112.1440,1978.4140,,,,,14.020000000000
A,USD,STD,INDL,C,027780,2019-12-31,SITE CENTERS CORP,SITC,82981J851,0000894315,11,12,USA,4093.6220,1653.4140,19.1330,2112.1440,1978.4140,227.8860,100.6990,536.6310,193.4980,14.020000000000
A,USD,STD,FS,C,027780,2020-12-31,SITE CENTERS CORP,SITC,82981J851,0000894315,11,12,USA,4108.2840,1616.5080,,2163.4610,1941.5080,,,,,10.120000000000
A,USD,STD,INDL,C,027780,2020-12-31,SITE CENTERS CORP,SITC,82981J851,0000894315,11,12,USA,4108.2840,1616.5080,74.4140,2163.4610,1941.5080,158.3740,35.7210,473.7370,193.0970,10.120000000000
A,USD,STD,FS,C,027780,2021-12-31,SITE CENTERS CORP,SITC,82981J851,0000894315,11,12,USA,3967.0510,1861.8580,,1924.3990,2036.8580,,,,,15.830000000000
A,USD,STD,INDL,C,027780,2021-12-31,SITE CENTERS CORP,SITC,82981J851,0000894315,11,12,USA,3967.0510,1861.8580,43.2520,1924.3990,2036.8580,232.7860,124.9350,580.1610,210.9990,15.830000000000
A,USD,STD,FS,C,027780,2022-12-31,SITE CENTERS CORP,SITC,82981J851,0000894315,11,12,USA,4045.0170,1911.8280,,1952.3950,2086.8280,,,,,13.660000000000
A,USD,STD,INDL,C,027780,2022-12-31,SITE CENTERS CORP,SITC,82981J851,0000894315,11,12,USA,4045.0170,1911.8280,21.2140,1952.3950,2086.8280,203.3630,168.7190,580.2450,210.5840,13.660000000000
A,USD,STD,FS,C,027780,2023-12-31,SITE CENTERS CORP,SITC,82981J851,0000894315,11,12,USA,4061.3510,2000.5430,,1885.8080,2175.5430,,,,,13.630000000000
A,USD,STD,INDL,C,027780,2023-12-31,SITE CENTERS CORP,SITC,82981J851,0000894315,11,12,USA,4061.3510,2000.5430,569.0310,1885.8080,2175.5430,172.6260,265.7030,552.8520,209.0330,13.630000000000
A,USD,STD,FS,C,027780,2024-12-31,SITE CENTERS CORP,SITC,82981J851,0000894315,11,12,USA,933.6020,516.7440,,416.8580,516.7440,,,,,15.290000000000
A,USD,STD,INDL,C,027780,2024-12-31,SITE CENTERS CORP,SITC,82981J851,0000894315,11,12,USA,933.6020,516.7440,67.6660,416.8580,516.7440,44.8000,531.8240,309.1690,52.1850,15.290000000000
A,USD,STD,INDL,C,028070,2014-12-31,ADVANSIX INC,ASIX,00773T101,0001673985,11,12,USA,823.0480,416.7550,0.0000,406.2930,416.7550,216.4090,83.8580,1790.3720,,
A,USD,STD,INDL,C,028070,2015-12-31,ADVANSIX INC,ASIX,00773T101,0001673985,11,12,USA,840.9860,479.0700,0.0000,361.9160,479.0700,185.4610,63.7760,1329.4090,,
A,USD,STD,INDL,C,028070,2016-12-31,ADVANSIX INC,ASIX,00773T101,0001673985,11,12,USA,904.9570,215.3620,14.1990,689.5950,215.3620,131.4340,34.1470,1191.5240,30.4830,22.140000000000
A,USD,STD,INDL,C,028070,2017-12-31,ADVANSIX INC,ASIX,00773T101,0001673985,11,12,USA,1050.2740,376.3250,55.4320,673.9490,376.3250,272.6080,146.6990,1475.1940,30.4830,42.070000000000
A,USD,STD,INDL,C,028070,2018-12-31,ADVANSIX INC,ASIX,00773T101,0001673985,11,12,USA,1034.6260,420.3380,9.8080,614.2880,420.3380,254.2160,66.2440,1524.9840,29.3450,24.340000000000
A,USD,STD,INDL,C,028070,2019-12-31,ADVANSIX INC,ASIX,00773T101,0001673985,11,12,USA,1235.9690,400.8780,7.0500,835.0910,400.8780,211.6160,41.3470,1301.0930,27.9150,19.960000000000
A,USD,STD,INDL,C,028070,2020-12-31,ADVANSIX INC,ASIX,00773T101,0001673985,11,12,USA,1263.4070,444.1230,10.6060,819.2840,444.1230,190.9880,46.0770,1157.9170,28.0330,19.990000000000
A,USD,STD,INDL,C,028070,2021-12-31,ADVANSIX INC,ASIX,00773T101,0001673985,11,12,USA,1311.9990,601.1900,15.1000,710.8090,601.1900,332.8270,139.7910,1684.6250,28.1400,47.250000000000
A,USD,STD,INDL,C,028070,2022-12-31,ADVANSIX INC,ASIX,00773T101,0001673985,11,12,USA,1495.3310,738.1800,30.9850,757.1510,738.1800,381.2660,171.8860,1945.6400,27.4470,38.020000000000
A,USD,STD,INDL,C,028070,2023-12-31,ADVANSIX INC,ASIX,00773T101,0001673985,11,12,USA,1496.0200,739.2370,29.7680,756.7830,739.2370,235.6160,54.6230,1533.5990,26.7500,29.960000000000
A,USD,STD,INDL,C,028070,2024-12-31,ADVANSIX INC,ASIX,00773T101,0001673985,11,12,USA,1594.9200,774.6500,19.5640,820.2700,774.6500,226.6860,44.1490,1517.5570,26.7370,28.490000000000
A,USD,STD,INDL,C,028070,2025-12-31,ADVANSIX INC,ASIX,00773T101,0001673985,11,12,USA,1706.1480,815.2160,19.7660,890.9320,815.2160,216.3170,49.2860,1522.2330,26.8640,17.300000000000
A,USD,STD,INDL,C,028192,2015-12-31,HOWMET AEROSPACE INC,HWM,443201108,0000004281,11,12,USA,36477.0000,11988.0000,1362.0000,22346.0000,12046.0000,3081.0000,-322.0000,12413.0000,1229.1090,
A,USD,STD,INDL,C,028192,2016-12-31,HOWMET AEROSPACE INC,HWM,443201108,0000004281,11,12,USA,20038.0000,5057.0000,1863.0000,14897.0000,5115.0000,3180.0000,-941.0000,12394.0000,438.5200,18.540000000000
A,USD,STD,INDL,C,028192,2017-12-31,HOWMET AEROSPACE INC,HWM,443201108,0000004281,11,12,USA,18718.0000,4855.0000,2154.0000,13794.0000,4910.0000,2603.0000,-74.0000,12960.0000,481.4170,27.250000000000
A,USD,STD,INDL,C,028192,2018-12-31,HOWMET AEROSPACE INC,HWM,443201108,0000004281,11,12,USA,18693.0000,5518.0000,2283.0000,13108.0000,5573.0000,2655.0000,642.0000,14052.0000,483.2710,16.860000000000
A,USD,STD,INDL,C,028192,2019-12-31,HOWMET AEROSPACE INC,HWM,443201108,0000004281,11,12,USA,17578.0000,4552.0000,1703.0000,12957.0000,4607.0000,2993.0000,470.0000,14192.0000,432.8550,30.770000000000
A,USD,STD,INDL,C,028192,2020-12-31,HOWMET AEROSPACE INC,HWM,443201108,0000004281,11,12,USA,11443.0000,3522.0000,1611.0000,7866.0000,3577.0000,1387.0000,261.0000,5259.0000,432.9060,28.540000000000
A,USD,STD,INDL,C,028192,2021-12-31,HOWMET AEROSPACE INC,HWM,443201108,0000004281,11,12,USA,10219.0000,3453.0000,722.0000,6711.0000,3508.0000,1372.0000,258.0000,4972.0000,421.6920,31.830000000000
A,USD,STD,INDL,C,028192,2022-12-31,HOWMET AEROSPACE INC,HWM,443201108,0000004281,11,12,USA,10255.0000,3546.0000,792.0000,6654.0000,3601.0000,1596.0000,469.0000,5663.0000,412.1550,39.410000000000
A,USD,STD,INDL,C,028192,2023-12-31,HOWMET AEROSPACE INC,HWM,443201108,0000004281,11,12,USA,10428.0000,3982.0000,610.0000,6391.0000,4037.0000,1863.0000,765.0000,6640.0000,409.9140,54.120000000000
A,USD,STD,INDL,C,028192,2024-12-31,HOWMET AEROSPACE INC,HWM,443201108,0000004281,11,12,USA,10519.0000,4499.0000,565.0000,5965.0000,4554.0000,2293.0000,1155.0000,7430.0000,405.4310,109.370000000000
A,USD,STD,INDL,C,028192,2025-12-31,HOWMET AEROSPACE INC,HWM,443201108,0000004281,11,12,USA,11179.0000,5353.0000,743.0000,5826.0000,5353.0000,2820.0000,1508.0000,8252.0000,401.6210,205.020000000000
A,USD,STD,INDL,C,028408,2010-12-31,GENTHERM INC,THRM,37253A103,0000903129,14,12,USA,79.4220,57.5370,36.3450,21.8850,57.5370,34.1070,9.9500,112.4030,22.0370,10.880000000000
A,USD,STD,INDL,C,028408,2011-12-31,GENTHERM INC,THRM,37253A103,0000903129,14,12,USA,377.8070,63.5210,23.8390,219.9940,113.6190,118.0990,10.3440,369.5880,23.5160,14.260000000000
A,USD,STD,INDL,C,028408,2012-12-31,GENTHERM INC,THRM,37253A103,0000903129,14,12,USA,439.1970,161.8150,58.1520,201.5650,184.2840,173.6430,17.8720,554.9790,29.8180,13.300100000000
A,USD,STD,INDL,C,028408,2013-12-31,GENTHERM INC,THRM,37253A103,0000903129,14,12,USA,481.9230,232.0940,54.8850,249.8290,232.0940,207.1420,33.8200,662.0820,34.9290,26.810000000000
A,USD,STD,INDL,C,028408,2014-12-31,GENTHERM INC,THRM,37253A103,0000903129,14,12,USA,557.8920,294.2190,85.7000,263.6730,294.2190,273.5530,70.1190,811.3000,35.6970,36.620000000000
A,USD,STD,INDL,C,028408,2015-12-31,GENTHERM INC,THRM,37253A103,0000903129,14,12,USA,646.7980,384.2910,144.4790,262.5070,384.2910,305.4900,95.3930,856.4450,36.3220,47.400000000000
A,USD,STD,INDL,C,028408,2016-12-31,GENTHERM INC,THRM,37253A103,0000903129,14,12,USA,843.0300,460.4050,177.1870,382.6250,460.4050,336.5580,76.5980,917.6000,36.5340,33.850000000000
A,USD,STD,INDL,C,028408,2017-12-31,GENTHERM INC,THRM,37253A103,0000903129,14,12,USA,883.4050,553.8740,103.1720,329.5310,553.8740,357.7820,35.2270,987.6830,36.7610,31.750000000000
A,USD,STD,INDL,C,028408,2018-12-31,GENTHERM INC,THRM,37253A103,0000903129,14,12,USA,803.0470,479.6990,39.6200,323.3480,479.6990,344.9250,41.8990,1038.2590,33.8570,39.980000000000
A,USD,STD,INDL,C,028408,2019-12-31,GENTHERM INC,THRM,37253A103,0000903129,14,12,USA,727.3860,472.6500,52.9480,254.7360,472.6500,332.0420,37.5060,971.6840,32.6740,44.390000000000
A,USD,STD,INDL,C,028408,2020-12-31,GENTHERM INC,THRM,37253A103,0000903129,14,12,USA,1022.8390,586.3310,268.3450,436.5080,586.3310,308.3670,59.6900,913.0980,32.9210,65.220000000000
A,USD,STD,INDL,C,028408,2021-12-31,GENTHERM INC,THRM,37253A103,0000903129,14,12,USA,935.3430,653.8060,190.6060,281.5370,653.8060,342.0740,93.4340,1046.1500,33.0080,86.900000000000
A,USD,STD,INDL,C,028408,2022-12-31,GENTHERM INC,THRM,37253A103,0000903129,14,12,USA,1239.3000,672.2730,153.8910,567.0270,672.2730,325.7760,24.4410,1204.6560,33.2020,65.290000000000
A,USD,STD,INDL,C,028408,2023-12-31,GENTHERM INC,THRM,37253A103,0000903129,14,12,USA,1234.3710,644.7220,149.6730,589.6490,644.7220,408.1640,40.3430,1469.0760,31.5420,52.360000000000
A,USD,STD,INDL,C,028408,2024-12-31,GENTHERM INC,THRM,37253A103,0000903129,14,12,USA,1247.5560,616.9470,134.1340,630.6090,616.9470,414.3990,64.9470,1451.5700,30.7890,39.925000000000
A,USD,STD,INDL,C,028408,2025-12-31,GENTHERM INC,THRM,37253A103,0000903129,14,12,USA,1396.4290,720.3230,160.8330,676.1060,720.3230,415.1030,18.2850,1498.6020,30.5260,36.370000000000
A,USD,STD,INDL,C,028719,2014-12-31,CONDUENT INC,CNDT,206787103,0001677703,14,12,USA,10954.0000,5411.0000,181.0000,5543.0000,5411.0000,1513.0000,-81.0000,6938.0000,,
A,USD,STD,INDL,C,028719,2015-12-31,CONDUENT INC,CNDT,206787103,0001677703,14,12,USA,9058.0000,5162.0000,156.0000,3896.0000,5162.0000,1438.0000,-414.0000,6778.0000,,
A,USD,STD,INDL,C,028719,2016-12-31,CONDUENT INC,CNDT,206787103,0001677703,14,12,USA,7709.0000,3288.0000,412.0000,4279.0000,3430.0000,1404.0000,-983.0000,6491.0000,202.8750,14.900000000000
A,USD,STD,INDL,C,028719,2017-12-31,CONDUENT INC,CNDT,206787103,0001677703,14,12,USA,7548.0000,3529.0000,667.0000,3877.0000,3671.0000,1299.0000,181.0000,6022.0000,210.4400,16.160000000000
A,USD,STD,INDL,C,028719,2018-12-31,CONDUENT INC,CNDT,206787103,0001677703,14,12,USA,6680.0000,3222.0000,765.0000,3316.0000,3364.0000,1211.0000,-416.0000,5393.0000,211.3060,10.630000000000
A,USD,STD,INDL,C,028719,2019-12-31,CONDUENT INC,CNDT,206787103,0001677703,14,12,USA,4514.0000,1300.0000,505.0000,3072.0000,1442.0000,973.0000,-1934.0000,4467.0000,211.5110,6.200000000000
A,USD,STD,INDL,C,028719,2020-12-31,CONDUENT INC,CNDT,206787103,0001677703,14,12,USA,4256.0000,1190.0000,458.0000,2924.0000,1332.0000,954.0000,-118.0000,4163.0000,212.0740,4.800000000000
A,USD,STD,INDL,C,028719,2021-12-31,CONDUENT INC,CNDT,206787103,0001677703,14,12,USA,4036.0000,1132.0000,420.0000,2762.0000,1274.0000,1002.0000,-28.0000,4140.0000,215.3810,5.340000000000
A,USD,STD,INDL,C,028719,2022-12-31,CONDUENT INC,CNDT,206787103,0001677703,14,12,USA,3571.0000,917.0000,598.0000,2512.0000,1059.0000,840.0000,-182.0000,3858.0000,218.3480,4.050000000000
A,USD,STD,INDL,C,028719,2023-12-31,CONDUENT INC,CNDT,206787103,0001677703,14,12,USA,3162.0000,629.0000,519.0000,2387.0000,771.0000,817.0000,-296.0000,3722.0000,211.5090,3.650000000000
A,USD,STD,INDL,C,028719,2024-12-31,CONDUENT INC,CNDT,206787103,0001677703,14,12,USA,2599.0000,839.0000,377.0000,1614.0000,981.0000,626.0000,426.0000,3356.0000,161.8290,4.040000000000
A,USD,STD,INDL,C,028719,2025-12-31,CONDUENT INC,CNDT,206787103,0001677703,14,12,USA,2397.0000,685.0000,243.0000,1570.0000,827.0000,552.0000,-170.0000,3042.0000,154.7090,1.920000000000
A,USD,STD,INDL,C,028790,2015-05-31,LAMB WESTON HOLDINGS INC,LW,513272104,0001679273,11,5,USA,2077.2000,1357.5000,30.6000,678.1000,1357.5000,683.7000,268.3000,2925.0000,,
A,USD,STD,INDL,C,028790,2016-05-31,LAMB WESTON HOLDINGS INC,LW,513272104,0001679273,11,5,USA,2158.3000,1400.6000,36.4000,710.3000,1400.6000,763.3000,285.3000,2993.8000,,
A,USD,STD,INDL,C,028790,2017-05-31,LAMB WESTON HOLDINGS INC,LW,513272104,0001679273,11,5,USA,2485.6000,-647.2000,57.1000,3082.1000,-647.2000,893.1000,326.9000,3168.0000,146.0750,46.410000000000
A,USD,STD,INDL,C,028790,2018-05-31,LAMB WESTON HOLDINGS INC,LW,513272104,0001679273,11,5,USA,2752.6000,-334.8000,55.6000,3031.8000,-334.8000,1018.2000,416.8000,3423.7000,146.3320,63.750000000000
A,USD,STD,INDL,C,028790,2019-05-31,LAMB WESTON HOLDINGS INC,LW,513272104,0001679273,11,5,USA,3048.1000,-4.6000,12.2000,3052.7000,-4.6000,1163.0000,478.6000,3758.3000,146.0690,59.250000000000
A,USD,STD,INDL,C,028790,2020-05-31,LAMB WESTON HOLDINGS INC,LW,513272104,0001679273,11,5,USA,4662.3000,240.0000,1364.0000,4422.3000,240.0000,1121.6000,365.9000,3794.0000,146.0390,60.060000000000
A,USD,STD,INDL,C,028790,2021-05-31,LAMB WESTON HOLDINGS INC,LW,513272104,0001679273,11,5,USA,4209.4000,480.6000,783.5000,3728.8000,480.6000,1032.3000,317.8000,3672.5000,146.1920,82.490000000000
A,USD,STD,INDL,C,028790,2022-05-31,LAMB WESTON HOLDINGS INC,LW,513272104,0001679273,11,5,USA,4139.8000,360.5000,525.0000,3779.3000,360.5000,1007.1000,200.9000,4098.9000,144.0710,67.580000000000
A,USD,STD,INDL,C,028790,2023-05-31,LAMB WESTON HOLDINGS INC,LW,513272104,0001679273,11,5,USA,6519.8000,1411.3000,304.8000,5108.5000,1411.3000,1662.3000,1008.9000,5350.6000,145.6660,111.200000000000
A,USD,STD,INDL,C,028790,2024-05-31,LAMB WESTON HOLDINGS INC,LW,513272104,0001679273,11,5,USA,7367.0000,1787.8000,71.4000,5579.2000,1787.8000,2094.5000,725.5000,6467.6000,143.6670,88.290000000000
A,USD,STD,INDL,C,028790,2025-05-31,LAMB WESTON HOLDINGS INC,LW,513272104,0001679273,11,5,USA,7392.6000,1737.7000,70.7000,5654.9000,1737.7000,1828.6000,357.2000,6460.3000,139.2380,55.780000000000
A,USD,STD,INDL,C,028877,2010-09-30,KEURIG DR PEPPER INC,KDP,49271V100,0001418135,14,9,USA,1370.5740,699.2450,4.7560,671.3290,699.2450,470.2150,79.5060,1356.7750,132.8240,31.190000000000
A,USD,STD,INDL,C,028877,2011-09-30,KEURIG DR PEPPER INC,KDP,49271V100,0001418135,14,9,USA,3197.8870,1912.2150,40.5120,1264.6380,1912.2150,1018.2610,199.5010,2650.8990,154.4660,92.940000000000
A,USD,STD,INDL,C,028877,2012-09-30,KEURIG DR PEPPER INC,KDP,49271V100,0001418135,14,9,USA,3615.7890,2261.2280,71.1730,1344.6570,2261.2280,1451.0460,362.6280,3859.1980,152.6810,23.740200000000
A,USD,STD,INDL,C,028877,2013-09-30,KEURIG DR PEPPER INC,KDP,49271V100,0001418135,14,9,USA,3761.5480,2635.5700,260.6520,1114.9330,2635.5700,1848.5790,483.2320,4358.1000,150.2660,75.330000000000
A,USD,STD,INDL,C,028877,2014-09-30,KEURIG DR PEPPER INC,KDP,49271V100,0001418135,14,9,USA,4797.3070,3458.6810,861.5920,1326.1860,3458.6810,2073.4990,596.5180,4707.6800,162.3180,130.130000000000
A,USD,STD,INDL,C,028877,2015-09-30,KEURIG DR PEPPER INC,KDP,49271V100,0001418135,14,9,USA,4001.5770,2709.3580,89.7940,1287.6650,2709.3580,1897.1620,498.2750,4520.0310,153.2090,52.140000000000
A,USD,STD,INDL,C,028877,2016-09-30,KEURIG DR PEPPER INC,KDP,49271V100,0001418135,14,9,USA,,,,,,,,,,91.670000000000
A,USD,STD,INDL,C,028877,2017-09-30,KEURIG DR PEPPER INC,KDP,49271V100,0001418135,14,9,USA,,,,,,,,,,
A,USD,STD,INDL,C,028877,2018-12-31,KEURIG DR PEPPER INC,KDP,49271V100,0001418135,14,12,USA,48918.0000,22533.0000,129.0000,26385.0000,22533.0000,4142.0000,586.0000,7446.0000,1405.9450,25.640000000000
A,USD,STD,INDL,C,028877,2019-12-31,KEURIG DR PEPPER INC,KDP,49271V100,0001418135,14,12,USA,49518.0000,23257.0000,101.0000,26261.0000,23257.0000,6547.0000,1254.0000,11120.0000,1406.8520,28.950000000000
A,USD,STD,INDL,C,028877,2020-12-31,KEURIG DR PEPPER INC,KDP,49271V100,0001418135,14,12,USA,49779.0000,23829.0000,255.0000,25949.0000,23829.0000,6753.0000,1325.0000,11618.0000,1407.2610,32.000000000000
A,USD,STD,INDL,C,028877,2021-12-31,KEURIG DR PEPPER INC,KDP,49271V100,0001418135,14,12,USA,50598.0000,24972.0000,568.0000,25626.0000,24972.0000,7236.0000,2146.0000,12683.0000,1418.1190,36.860000000000
A,USD,STD,INDL,C,028877,2022-12-31,KEURIG DR PEPPER INC,KDP,49271V100,0001418135,14,12,USA,51837.0000,25126.0000,535.0000,26712.0000,25126.0000,7561.0000,1436.0000,14057.0000,1408.3940,35.660000000000
A,USD,STD,INDL,C,028877,2023-12-31,KEURIG DR PEPPER INC,KDP,49271V100,0001418135,14,12,USA,52130.0000,25676.0000,267.0000,26454.0000,25676.0000,8311.0000,2181.0000,14814.0000,1390.4460,33.320000000000
A,USD,STD,INDL,C,028877,2024-12-31,KEURIG DR PEPPER INC,KDP,49271V100,0001418135,14,12,USA,53430.0000,24243.0000,590.0000,29187.0000,24243.0000,8782.0000,1441.0000,15351.0000,1356.6650,32.120000000000
A,USD,STD,INDL,C,028877,2025-12-31,KEURIG DR PEPPER INC,KDP,49271V100,0001418135,14,12,USA,55459.0000,25516.0000,1044.0000,29943.0000,25516.0000,9267.0000,2079.0000,16603.0000,1358.6640,28.010000000000
A,USD,STD,INDL,C,028930,2010-12-31,MARRIOTT INTL INC,MAR,571903202,0001048286,14,12,USA,8983.0000,1585.0000,560.0000,7398.0000,1585.0000,976.0000,458.0000,11691.0000,366.9000,41.540000000000
A,USD,STD,INDL,C,028930,2011-12-31,MARRIOTT INTL INC,MAR,571903202,0001048286,14,12,USA,5910.0000,-781.0000,102.0000,6691.0000,-781.0000,1064.0000,198.0000,12317.0000,333.0000,29.170000000000
A,USD,STD,INDL,C,028930,2012-12-31,MARRIOTT INTL INC,MAR,571903202,0001048286,14,12,USA,6342.0000,-1285.0000,88.0000,7627.0000,-1285.0000,1079.0000,571.0000,11814.0000,310.9000,37.270000000000
A,USD,STD,INDL,C,028930,2013-12-31,MARRIOTT INTL INC,MAR,571903202,0001048286,14,12,USA,6794.0000,-1415.0000,126.0000,8209.0000,-1415.0000,1163.0000,626.0000,12784.0000,298.0000,49.351000000000
A,USD,STD,INDL,C,028930,2014-12-31,MARRIOTT INTL INC,MAR,571903202,0001048286,14,12,USA,6865.0000,-2200.0000,104.0000,9065.0000,-2200.0000,1358.0000,753.0000,13796.0000,279.9000,78.030000000000
A,USD,STD,INDL,C,028930,2015-12-31,MARRIOTT INTL INC,MAR,571903202,0001048286,14,12,USA,6082.0000,-3590.0000,96.0000,9672.0000,-3590.0000,1557.0000,859.0000,14486.0000,256.3000,67.040000000000
A,USD,STD,INDL,C,028930,2016-12-31,MARRIOTT INTL INC,MAR,571903202,0001048286,14,12,USA,24140.0000,5357.0000,858.0000,18783.0000,5357.0000,1998.0000,780.0000,17072.0000,386.1000,82.680000000000
A,USD,STD,INDL,C,028930,2017-12-31,MARRIOTT INTL INC,MAR,571903202,0001048286,14,12,USA,23948.0000,3731.0000,383.0000,20217.0000,3731.0000,2936.0000,1372.0000,22891.0000,359.1000,135.730000000000
A,USD,STD,INDL,C,028930,2018-12-31,MARRIOTT INTL INC,MAR,571903202,0001048286,14,12,USA,23696.0000,2225.0000,316.0000,21471.0000,2225.0000,2894.0000,1907.0000,20758.0000,339.1000,108.560000000000
A,USD,STD,INDL,C,028930,2019-12-31,MARRIOTT INTL INC,MAR,571903202,0001048286,14,12,USA,25051.0000,703.0000,225.0000,24348.0000,703.0000,2400.0000,1273.0000,20972.0000,324.0000,151.430000000000
A,USD,STD,INDL,C,028930,2020-12-31,MARRIOTT INTL INC,MAR,571903202,0001048286,14,12,USA,24701.0000,430.0000,877.0000,24271.0000,430.0000,1257.0000,-267.0000,10635.0000,324.4000,131.920000000000
A,USD,STD,INDL,C,028930,2021-12-31,MARRIOTT INTL INC,MAR,571903202,0001048286,14,12,USA,25553.0000,1414.0000,1393.0000,24139.0000,1414.0000,2032.0000,1099.0000,13829.0000,326.3000,165.240000000000
A,USD,STD,INDL,C,028930,2022-12-31,MARRIOTT INTL INC,MAR,571903202,0001048286,14,12,USA,24815.0000,568.0000,507.0000,24247.0000,568.0000,3785.0000,2358.0000,20773.0000,310.6000,148.890000000000
A,USD,STD,INDL,C,028930,2023-12-31,MARRIOTT INTL INC,MAR,571903202,0001048286,14,12,USA,25674.0000,-682.0000,338.0000,26356.0000,-682.0000,4299.0000,3083.0000,23713.0000,290.5400,225.510000000000
A,USD,STD,INDL,C,028930,2024-12-31,MARRIOTT INTL INC,MAR,571903202,0001048286,14,12,USA,26182.0000,-2992.0000,396.0000,29174.0000,-2992.0000,4227.0000,2375.0000,25100.0000,276.6720,278.940000000000
A,USD,STD,INDL,C,028930,2025-12-31,MARRIOTT INTL INC,MAR,571903202,0001048286,14,12,USA,27540.0000,-3771.0000,358.0000,31311.0000,-3771.0000,4635.0000,2601.0000,26201.0000,265.8650,310.240000000000
A,USD,STD,FS,C,029099,2010-12-31,REGENCY CENTERS CORP,REG,758849103,0000910606,14,12,USA,3973.6480,1426.4350,,2212.9880,1701.4350,,,,,42.240000000000
A,USD,STD,INDL,C,029099,2010-12-31,REGENCY CENTERS CORP,REG,758849103,0000910606,14,12,USA,3973.6480,1426.4350,22.4600,2212.9880,1701.4350,193.0840,12.0140,476.3300,81.8870,42.240000000000
A,USD,STD,FS,C,029099,2011-12-31,REGENCY CENTERS CORP,REG,758849103,0000910606,14,12,USA,3987.0710,1533.3550,,2117.4170,1808.3550,,,,,37.620000000000
A,USD,STD,INDL,C,029099,2011-12-31,REGENCY CENTERS CORP,REG,758849103,0000910606,14,12,USA,3987.0710,1533.3550,17.4520,2117.4170,1808.3550,231.4970,51.3700,512.5020,89.5830,37.620000000000
A,USD,STD,FS,C,029099,2012-12-31,REGENCY CENTERS CORP,REG,758849103,0000910606,14,12,USA,3853.4580,1405.7650,,2107.5470,1730.7650,,,,,47.120000000000
A,USD,STD,INDL,C,029099,2012-12-31,REGENCY CENTERS CORP,REG,758849103,0000910606,14,12,USA,3853.4580,1405.7650,28.8210,2107.5470,1730.7650,190.0850,25.8670,522.4020,90.0590,47.120000000000
A,USD,STD,FS,C,029099,2013-12-31,REGENCY CENTERS CORP,REG,758849103,0000910606,14,12,USA,3913.5160,1518.3540,,2052.3820,1843.3540,,,,,46.300000000000
A,USD,STD,INDL,C,029099,2013-12-31,REGENCY CENTERS CORP,REG,758849103,0000910606,14,12,USA,3913.5160,1518.3540,116.8850,2052.3820,1843.3540,252.9150,149.8040,522.3680,91.9600,46.300000000000
A,USD,STD,FS,C,029099,2014-12-31,REGENCY CENTERS CORP,REG,758849103,0000910606,14,12,USA,4197.1700,1581.5920,,2260.6880,1906.5920,,,,,63.780000000000
A,USD,STD,INDL,C,029099,2014-12-31,REGENCY CENTERS CORP,REG,758849103,0000910606,14,12,USA,4197.1700,1581.5920,149.9230,2260.6880,1906.5920,276.0150,187.3900,570.3780,93.6830,63.780000000000
A,USD,STD,FS,C,029099,2015-12-31,REGENCY CENTERS CORP,REG,758849103,0000910606,14,12,USA,4191.0740,1729.1090,,2108.4540,2054.1090,,,,,68.120000000000
A,USD,STD,INDL,C,029099,2015-12-31,REGENCY CENTERS CORP,REG,758849103,0000910606,14,12,USA,4191.0740,1729.1090,69.7160,2108.4540,2054.1090,294.3630,150.0560,593.8610,96.7950,68.120000000000
A,USD,STD,FS,C,029099,2016-12-31,REGENCY CENTERS CORP,REG,758849103,0000910606,14,12,USA,4488.9060,2266.3010,,1864.4040,2591.3010,,,,,68.950000000000
A,USD,STD,INDL,C,029099,2016-12-31,REGENCY CENTERS CORP,REG,758849103,0000910606,14,12,USA,4488.9060,2266.3010,46.4670,1864.4040,2591.3010,330.0440,164.9220,672.0690,104.1490,68.950000000000
A,USD,STD,FS,C,029099,2017-12-31,REGENCY CENTERS CORP,REG,758849103,0000910606,14,12,USA,11145.7170,6692.0520,,4412.6630,6692.0520,,,,,69.180000000000
A,USD,STD,INDL,C,029099,2017-12-31,REGENCY CENTERS CORP,REG,758849103,0000910606,14,12,USA,11145.7170,6692.0520,81.0430,4412.6630,6692.0520,433.1440,176.0770,1029.4780,170.9980,69.180000000000
A,USD,STD,FS,C,029099,2018-12-31,REGENCY CENTERS CORP,REG,758849103,0000910606,14,12,USA,10944.6630,6397.9700,,4494.4950,6397.9700,,,,,58.680000000000
A,USD,STD,INDL,C,029099,2018-12-31,REGENCY CENTERS CORP,REG,758849103,0000910606,14,12,USA,10944.6630,6397.9700,76.5410,4494.4950,6397.9700,464.7610,249.1270,1165.1790,167.5140,58.680000000000
A,USD,STD,FS,C,029099,2019-12-31,REGENCY CENTERS CORP,REG,758849103,0000910606,14,12,USA,11132.2530,6213.3480,,4842.2920,6213.3480,,,,,63.090000000000
A,USD,STD,INDL,C,029099,2019-12-31,REGENCY CENTERS CORP,REG,758849103,0000910606,14,12,USA,11132.2530,6213.3480,152.4110,4842.2920,6213.3480,456.6040,239.4300,1195.1630,167.1310,63.090000000000
A,USD,STD,FS,C,029099,2020-12-31,REGENCY CENTERS CORP,REG,758849103,0000910606,14,12,USA,10936.9040,5984.9120,,4878.7570,5984.9120,,,,,45.590000000000
A,USD,STD,INDL,C,029099,2020-12-31,REGENCY CENTERS CORP,REG,758849103,0000910606,14,12,USA,10936.9040,5984.9120,419.4140,4878.7570,5984.9120,361.4340,44.8890,1051.9440,169.2200,45.590000000000
A,USD,STD,FS,C,029099,2021-12-31,REGENCY CENTERS CORP,REG,758849103,0000910606,14,12,USA,10792.5630,6037.3710,,4682.6310,6037.3710,,,,,75.350000000000
A,USD,STD,INDL,C,029099,2021-12-31,REGENCY CENTERS CORP,REG,758849103,0000910606,14,12,USA,10792.5630,6037.3710,139.4910,4682.6310,6037.3710,494.6610,361.4110,1213.8710,170.7850,75.350000000000
A,USD,STD,FS,C,029099,2022-12-31,REGENCY CENTERS CORP,REG,758849103,0000910606,14,12,USA,10860.2200,6096.9850,,4682.1810,6096.9850,,,,,62.500000000000
A,USD,STD,INDL,C,029099,2022-12-31,REGENCY CENTERS CORP,REG,758849103,0000910606,14,12,USA,10860.2200,6096.9850,104.9390,4682.1810,6096.9850,612.9480,482.8650,1284.7930,170.6590,62.500000000000
A,USD,STD,FS,C,029099,2023-12-31,REGENCY CENTERS CORP,REG,758849103,0000910606,14,12,USA,12426.9130,6807.6870,,5234.9780,7032.6870,,,,,67.000000000000
A,USD,STD,INDL,C,029099,2023-12-31,REGENCY CENTERS CORP,REG,758849103,0000910606,14,12,USA,12426.9130,6807.6870,123.2060,5234.9780,7032.6870,623.9770,364.5570,1374.9720,184.1330,67.000000000000
A,USD,STD,FS,C,029099,2024-12-31,REGENCY CENTERS CORP,REG,758849103,0000910606,14,12,USA,12391.9610,6499.1460,,5491.6540,6724.1460,,,,,73.930000000000
A,USD,STD,INDL,C,029099,2024-12-31,REGENCY CENTERS CORP,REG,758849103,0000910606,14,12,USA,12391.9610,6499.1460,61.8840,5491.6540,6724.1460,669.5350,400.3880,1513.8300,180.8820,73.930000000000
A,USD,STD,FS,C,029099,2025-12-31,REGENCY CENTERS CORP,REG,758849103,0000910606,14,12,USA,13001.2830,6681.8900,,5819.6770,6906.8900,,,,,69.030000000000
A,USD,STD,INDL,C,029099,2025-12-31,REGENCY CENTERS CORP,REG,758849103,0000910606,14,12,USA,13001.2830,6681.8900,120.6610,5819.6770,6906.8900,819.8210,527.4600,1694.7150,182.4080,69.030000000000
A,USD,STD,INDL,C,029127,2010-12-31,INCYTE CORP,INCY,45337C102,0000879169,14,12,USA,489.5810,-88.6440,443.1530,578.2250,-88.6440,14.7700,-31.8460,169.8780,123.2800,16.560000000000
A,USD,STD,INDL,C,029127,2011-12-31,INCYTE CORP,INCY,45337C102,0000879169,14,12,USA,328.9620,-227.0770,296.8880,556.0390,-227.0770,-140.2710,-186.5400,94.4550,126.4720,15.010000000000
A,USD,STD,INDL,C,029127,2012-12-31,INCYTE CORP,INCY,45337C102,0000879169,14,12,USA,330.4190,-174.9570,228.4180,505.3760,-174.9570,4.0480,-44.3200,297.0590,133.4620,16.610000000000
A,USD,STD,INDL,C,029127,2013-12-31,INCYTE CORP,INCY,45337C102,0000879169,14,12,USA,629.5680,-193.1080,509.5040,822.6760,-193.1080,-12.9020,-83.1470,354.9470,162.9850,50.630000000000
A,USD,STD,INDL,C,029127,2014-12-31,INCYTE CORP,INCY,45337C102,0000879169,14,12,USA,830.0690,-81.6280,600.7630,911.6970,-81.6280,0.2960,-48.4810,511.4950,170.8770,73.110000000000
A,USD,STD,INDL,C,029127,2015-12-31,INCYTE CORP,INCY,45337C102,0000879169,14,12,USA,1007.4400,171.1550,708.2990,836.2850,171.1550,61.9510,6.5310,753.7510,186.6500,108.450000000000
A,USD,STD,INDL,C,029127,2016-12-31,INCYTE CORP,INCY,45337C102,0000879169,14,12,USA,1638.5970,419.4670,808.5620,1219.1300,419.4670,1047.0320,104.2220,1105.7190,188.8490,100.270000000000
A,USD,STD,INDL,C,029127,2017-12-31,INCYTE CORP,INCY,45337C102,0000879169,14,12,USA,2302.5820,1630.6290,1169.6450,671.9530,1630.6290,1462.0370,-313.1420,1536.2160,211.2630,94.710000000000
A,USD,STD,INDL,C,029127,2018-12-31,INCYTE CORP,INCY,45337C102,0000879169,14,12,USA,2645.7620,1925.9670,1438.3230,719.7950,1925.9670,1772.9600,109.4930,1881.8830,213.2750,63.590000000000
A,USD,STD,INDL,C,029127,2019-12-31,INCYTE CORP,INCY,45337C102,0000879169,14,12,USA,3426.7500,2598.4060,2117.5540,828.3440,2598.4060,2098.1100,446.9060,2158.7590,216.1780,87.320000000000
A,USD,STD,INDL,C,029127,2020-12-31,INCYTE CORP,INCY,45337C102,0000879169,14,12,USA,3560.9180,2611.2680,1801.3770,949.6500,2611.2680,2543.6730,-295.6970,2666.7020,219.4890,86.980000000000
A,USD,STD,INDL,C,029127,2021-12-31,INCYTE CORP,INCY,45337C102,0000879169,14,12,USA,4933.3520,3770.0040,2348.1920,1163.3480,3770.0040,2856.0570,948.5810,2986.2670,221.0840,73.400000000000
A,USD,STD,INDL,C,029127,2022-12-31,INCYTE CORP,INCY,45337C102,0000879169,14,12,USA,5840.9840,4370.1190,3238.9650,1470.8650,4370.1190,3247.4650,340.6600,3394.6350,222.7470,80.320000000000
A,USD,STD,INDL,C,029127,2023-12-31,INCYTE CORP,INCY,45337C102,0000879169,14,12,USA,6782.1070,5189.8370,3656.0430,1592.2700,5189.8370,3521.2140,597.5990,3695.6490,224.2870,62.790000000000
A,USD,STD,INDL,C,029127,2024-12-31,INCYTE CORP,INCY,45337C102,0000879169,14,12,USA,5444.3220,3447.6280,2158.0920,1996.6940,3447.6280,4019.4220,32.6150,4241.2170,193.4340,69.070000000000
A,USD,STD,INDL,C,029127,2025-12-31,INCYTE CORP,INCY,45337C102,0000879169,14,12,USA,6957.9730,5167.4780,3580.6040,1790.4950,5167.4780,4862.3980,1286.6500,5141.2420,198.4600,98.770000000000
I,USD,STD,INDL,C,029217,2010-08-31,RADIUS RECYCLING INC,RDUS,806882106,0000912603,14,8,USA,1343.4180,975.3260,30.3420,363.7860,975.3260,344.9850,66.7500,2301.2400,27.4210,44.240000000000
I,USD,STD,INDL,C,029217,2011-08-31,RADIUS RECYCLING INC,RDUS,806882106,0000912603,14,8,USA,1890.1690,1094.7120,49.4620,769.8800,1094.7120,461.2330,118.3550,3459.1940,27.3010,45.540000000000
I,USD,STD,INDL,C,029217,2012-08-31,RADIUS RECYCLING INC,RDUS,806882106,0000912603,14,8,USA,1763.5730,1080.5830,89.8630,655.6290,1080.5830,343.4780,27.4040,3340.9380,26.3320,27.620000000000
I,USD,STD,INDL,C,029217,2013-08-31,RADIUS RECYCLING INC,RDUS,806882106,0000912603,14,8,USA,1405.5120,776.5580,13.4810,624.3130,776.5580,289.5900,-281.4420,2621.9110,26.5640,25.250000000000
I,USD,STD,INDL,C,029217,2014-08-31,RADIUS RECYCLING INC,RDUS,806882106,0000912603,14,8,USA,1355.2100,770.7840,25.6720,579.2330,770.7840,297.9690,5.9240,2543.5830,26.6900,27.690000000000
I,USD,STD,INDL,C,029217,2015-08-31,RADIUS RECYCLING INC,RDUS,806882106,0000912603,14,8,USA,962.2990,534.5350,22.7550,423.7480,534.5350,239.7210,-197.0090,1915.3990,26.7800,17.310000000000
I,USD,STD,INDL,C,029217,2016-08-31,RADIUS RECYCLING INC,RDUS,806882106,0000912603,14,8,USA,891.4290,497.7210,26.8190,389.9970,497.7210,231.1850,-19.4090,1352.5430,26.7880,18.780000000000
I,USD,STD,INDL,C,029217,2017-08-31,RADIUS RECYCLING INC,RDUS,806882106,0000912603,14,8,USA,933.7550,533.5860,7.2870,396.2620,533.5860,272.9230,44.5110,1687.5910,27.0590,26.900000000000
I,USD,STD,INDL,C,029217,2018-08-31,RADIUS RECYCLING INC,RDUS,806882106,0000912603,14,8,USA,1104.8170,666.0780,4.7230,434.7070,666.0780,403.9020,156.4510,2364.7150,26.7020,26.350000000000
I,USD,STD,INDL,C,029217,2019-08-31,RADIUS RECYCLING INC,RDUS,806882106,0000912603,14,8,USA,1160.7460,696.9640,12.3770,459.4500,696.9640,327.5820,56.3450,2132.7810,26.6640,22.140000000000
I,USD,STD,INDL,C,029217,2020-08-31,RADIUS RECYCLING INC,RDUS,806882106,0000912603,14,8,USA,1229.9270,676.7070,17.8870,549.4910,676.7070,266.7910,-4.1450,1712.3430,27.0990,19.740000000000
I,USD,STD,INDL,C,029217,2021-08-31,RADIUS RECYCLING INC,RDUS,806882106,0000912603,14,8,USA,1494.3630,835.7640,27.8180,654.5840,835.7640,512.1930,165.1120,2758.5510,27.5320,47.310000000000
I,USD,STD,INDL,C,029217,2022-08-31,RADIUS RECYCLING INC,RDUS,806882106,0000912603,14,8,USA,1826.5970,953.9790,43.8030,868.1230,953.9790,531.1230,168.8000,3485.8150,26.9470,33.040000000000
I,USD,STD,INDL,C,029217,2023-08-31,RADIUS RECYCLING INC,RDUS,806882106,0000912603,14,8,USA,1715.9490,908.1800,6.0320,804.2900,908.1800,336.4710,-25.7910,2882.2240,27.5120,33.200000000000
I,USD,STD,INDL,C,029217,2024-08-31,RADIUS RECYCLING INC,RDUS,806882106,0000912603,14,8,USA,1533.7690,623.1120,5.5520,908.0290,623.1120,260.1010,-266.4110,2738.6920,28.0390,15.140000000000
A,USD,STD,INDL,C,029736,2010-12-31,TRACTOR SUPPLY CO,TSCO,892356106,0000916365,14,12,USA,1463.4740,933.2420,273.2520,530.2320,933.2420,1203.6650,167.9720,3638.3360,72.7760,48.490000000000
A,USD,STD,INDL,C,029736,2011-12-31,TRACTOR SUPPLY CO,TSCO,892356106,0000916365,14,12,USA,1594.8320,1008.2900,198.8350,586.5420,1008.2900,1406.8720,222.7400,4232.7430,71.2650,70.150000000000
A,USD,STD,INDL,C,029736,2012-12-31,TRACTOR SUPPLY CO,TSCO,892356106,0000916365,14,12,USA,1706.8080,1024.9740,147.0300,681.8340,1024.9740,1566.0540,276.4570,4664.1200,69.5040,88.360000000000
A,USD,STD,INDL,C,029736,2013-12-31,TRACTOR SUPPLY CO,TSCO,892356106,0000916365,14,12,USA,1903.3910,1246.8940,142.7430,656.4970,1246.8940,1753.6090,328.2340,5164.7840,139.6540,77.580000000000
A,USD,STD,INDL,C,029736,2014-12-31,TRACTOR SUPPLY CO,TSCO,892356106,0000916365,14,12,USA,2034.5710,1293.5610,51.1340,741.0100,1293.5610,1950.4150,370.8850,5711.7150,136.3820,78.820000000000
A,USD,STD,INDL,C,029736,2015-12-31,TRACTOR SUPPLY CO,TSCO,892356106,0000916365,14,12,USA,2370.8260,1393.2940,63.8130,977.5320,1393.2940,2143.1740,410.3950,6226.5070,134.2240,85.500000000000
A,USD,STD,INDL,C,029736,2016-12-31,TRACTOR SUPPLY CO,TSCO,892356106,0000916365,14,12,USA,2674.9420,1453.2180,53.9160,1221.7240,1453.2180,2325.2020,437.1200,6779.5790,130.7950,75.810000000000
A,USD,STD,INDL,C,029736,2017-12-31,TRACTOR SUPPLY CO,TSCO,892356106,0000916365,14,12,USA,2868.7690,1418.6730,109.1480,1450.0960,1418.6730,2491.9650,422.5990,7256.3820,125.3030,74.750000000000
A,USD,STD,INDL,C,029736,2018-12-31,TRACTOR SUPPLY CO,TSCO,892356106,0000916365,14,12,USA,3085.2620,1561.8200,86.2990,1523.4420,1561.8200,2702.5280,532.3570,7911.0460,121.8280,83.440000000000
A,USD,STD,INDL,C,029736,2019-12-31,TRACTOR SUPPLY CO,TSCO,892356106,0000916365,14,12,USA,5289.2680,1567.1230,84.2410,3722.1450,1567.1230,2871.7700,562.3540,8351.9310,118.1650,93.440000000000
A,USD,STD,INDL,C,029736,2020-12-31,TRACTOR SUPPLY CO,TSCO,892356106,0000916365,14,12,USA,7049.1160,1923.8400,1341.7560,5125.2760,1923.8400,3761.5490,748.9580,10620.3520,116.2460,140.580000000000
A,USD,STD,INDL,C,029736,2021-12-31,TRACTOR SUPPLY CO,TSCO,892356106,0000916365,14,12,USA,7767.4670,2002.6650,878.0300,5764.8020,2002.6650,4477.1530,997.1140,12731.1050,113.1250,238.600000000000
A,USD,STD,INDL,C,029736,2022-12-31,TRACTOR SUPPLY CO,TSCO,892356106,0000916365,14,12,USA,8489.9900,2042.4160,202.5020,6447.5740,2042.4160,4972.2040,1088.7120,14204.7170,110.2510,224.970000000000
A,USD,STD,INDL,C,029736,2023-12-31,TRACTOR SUPPLY CO,TSCO,892356106,0000916365,14,12,USA,9188.1510,2149.7620,397.0710,7038.3890,2149.7620,5228.2190,1107.2260,14555.7410,107.9760,215.030000000000
A,USD,STD,INDL,C,029736,2024-12-31,TRACTOR SUPPLY CO,TSCO,892356106,0000916365,14,12,USA,9805.4850,2270.3340,251.4910,7535.1510,2270.3340,5396.5570,1101.2400,14883.2310,532.1910,53.060000000000
A,USD,STD,INDL,C,029736,2025-12-31,TRACTOR SUPPLY CO,TSCO,892356106,0000916365,14,12,USA,10933.6790,2581.2930,194.1090,8352.3860,2581.2930,5654.5080,1096.0870,15524.0460,527.0170,50.010000000000
A,USD,STD,INDL,C,029751,2010-12-31,ALBEMARLE CORP,ALB,012653101,0000915913,11,12,USA,3068.0810,1416.0740,529.6500,1592.3350,1416.0740,841.5000,323.7200,2362.7640,91.5940,55.780000000000
A,USD,STD,INDL,C,029751,2011-12-31,ALBEMARLE CORP,ALB,012653101,0000915913,11,12,USA,3203.8240,1591.2770,469.4160,1524.9970,1591.2770,1075.6710,436.2800,2869.0050,88.8410,51.510000000000
A,USD,STD,INDL,C,029751,2012-12-31,ALBEMARLE CORP,ALB,012653101,0000915913,11,12,USA,3437.2910,1833.5980,477.6960,1505.2830,1833.5980,1009.0150,311.5360,2745.4200,88.8990,62.120000000000
A,USD,STD,INDL,C,029751,2013-12-31,ALBEMARLE CORP,ALB,012653101,0000915913,11,12,USA,3584.7970,1627.3610,477.2390,1842.0210,1627.3610,968.7750,413.1710,2616.4160,80.0530,63.390000000000
A,USD,STD,INDL,C,029751,2014-12-31,ALBEMARLE CORP,ALB,012653101,0000915913,11,12,USA,5223.1030,1359.4650,2489.7680,3734.4680,1359.4650,874.4200,133.3160,2445.5480,78.0310,60.130000000000
A,USD,STD,INDL,C,029751,2015-12-31,ALBEMARLE CORP,ALB,012653101,0000915913,11,12,USA,9615.0140,3254.3920,213.7340,6213.7010,3254.3920,1530.8080,334.9060,3651.3350,112.2190,56.010000000000
A,USD,STD,INDL,C,029751,2016-12-31,ALBEMARLE CORP,ALB,012653101,0000915913,11,12,USA,8161.2070,3795.0620,2269.7560,4218.6030,3795.0620,1168.3760,643.6750,2677.2030,112.5240,86.080000000000
A,USD,STD,INDL,C,029751,2017-12-31,ALBEMARLE CORP,ALB,012653101,0000915913,11,12,USA,7750.7720,3674.5490,1137.3030,3933.0760,3674.5490,1359.0290,54.8500,3071.9760,110.5470,127.890000000000
A,USD,STD,INDL,C,029751,2018-12-31,ALBEMARLE CORP,ALB,012653101,0000915913,11,12,USA,7581.6740,3585.3210,555.3200,3822.5660,3585.3210,1422.4540,693.5620,3374.9500,105.6160,77.070000000000
A,USD,STD,INDL,C,029751,2019-12-31,ALBEMARLE CORP,ALB,012653101,0000915913,11,12,USA,9860.8630,3932.2500,613.1100,5767.2830,3932.2500,1472.9620,533.2280,3589.4270,106.0400,73.040000000000
A,USD,STD,INDL,C,029751,2020-12-31,ALBEMARLE CORP,ALB,012653101,0000915913,11,12,USA,10450.9460,4268.2270,746.7240,5982.3520,4268.2270,1228.8370,375.7640,3128.9090,106.8420,147.520000000000
A,USD,STD,INDL,C,029751,2021-12-31,ALBEMARLE CORP,ALB,012653101,0000915913,11,12,USA,10974.1180,5625.2660,439.2720,5168.5110,5625.2660,1262.4710,123.6720,3327.9570,117.0150,233.770000000000
A,USD,STD,INDL,C,029751,2022-12-31,ALBEMARLE CORP,ALB,012653101,0000915913,11,12,USA,15456.5220,7982.6270,1499.1420,7265.6750,7982.6270,3378.6280,2689.8160,7320.1040,117.1680,216.860000000000
A,USD,STD,INDL,C,029751,2023-12-31,ALBEMARLE CORP,ALB,012653101,0000915913,11,12,USA,18270.6520,9412.1800,889.9000,8605.5530,9412.1800,1615.8530,1573.4760,9617.2030,117.3560,144.480000000000
A,USD,STD,INDL,C,029751,2024-12-31,ALBEMARLE CORP,ALB,012653101,0000915913,11,12,USA,16609.6490,7726.4120,1192.2300,6409.9610,9961.5170,654.9770,-1179.4490,5377.5260,117.5600,86.080000000000
A,USD,STD,INDL,C,029751,2025-12-31,ALBEMARLE CORP,ALB,012653101,0000915913,11,12,USA,16374.2110,7298.2600,1618.0010,6592.7500,9533.3650,1332.1970,-510.6280,5142.7330,117.7160,141.440000000000
A,USD,STD,FS,C,029868,2010-12-31,MACERICH CO,MAC,554382101,0000912242,11,12,USA,7645.0100,2890.2790,,4445.6480,2890.2790,,,,,47.370000000000
A,USD,STD,INDL,C,029868,2010-12-31,MACERICH CO,MAC,554382101,0000912242,11,12,USA,7645.0100,2890.2790,517.0790,4445.6480,2890.2790,228.0880,25.1900,838.0880,130.4520,47.370000000000
A,USD,STD,FS,C,029868,2011-12-31,MACERICH CO,MAC,554382101,0000912242,11,12,USA,7938.5490,2813.3370,,4773.8980,2813.3370,,,,,50.600000000000
A,USD,STD,INDL,C,029868,2011-12-31,MACERICH CO,MAC,554382101,0000912242,11,12,USA,7938.5490,2813.3370,135.8760,4773.8980,2813.3370,451.2730,156.8660,1085.9270,132.1530,50.600000000000
A,USD,STD,FS,C,029868,2012-12-31,MACERICH CO,MAC,554382101,0000912242,11,12,USA,9311.2090,3077.5290,,5894.9580,3077.5290,,,,,58.300000000000
A,USD,STD,INDL,C,029868,2012-12-31,MACERICH CO,MAC,554382101,0000912242,11,12,USA,9311.2090,3077.5290,144.4510,5894.9580,3077.5290,285.3870,337.4260,960.6040,137.5070,58.300000000000
A,USD,STD,FS,C,029868,2013-12-31,MACERICH CO,MAC,554382101,0000912242,11,12,USA,9075.2500,3358.7490,,5356.5330,3358.7490,,,,,58.890000000000
A,USD,STD,INDL,C,029868,2013-12-31,MACERICH CO,MAC,554382101,0000912242,11,12,USA,9075.2500,3358.7490,86.5580,5356.5330,3358.7490,407.7700,420.0900,1197.0550,140.7340,58.890000000000
A,USD,STD,FS,C,029868,2014-12-31,MACERICH CO,MAC,554382101,0000912242,11,12,USA,13121.7780,5640.1200,,7081.9290,5640.1200,,,,,83.410000000000
A,USD,STD,INDL,C,029868,2014-12-31,MACERICH CO,MAC,554382101,0000912242,11,12,USA,13121.7780,5640.1200,98.4370,7081.9290,5640.1200,335.7380,1499.0420,1165.8730,158.2020,83.410000000000
A,USD,STD,FS,C,029868,2015-12-31,MACERICH CO,MAC,554382101,0000912242,11,12,USA,11258.5760,4715.4140,,6187.3370,4715.4140,,,,,80.690000000000
A,USD,STD,INDL,C,029868,2015-12-31,MACERICH CO,MAC,554382101,0000912242,11,12,USA,11258.5760,4715.4140,127.8990,6187.3370,4715.4140,384.8820,487.5620,1333.3130,154.4050,80.690000000000
A,USD,STD,FS,C,029868,2016-12-31,MACERICH CO,MAC,554382101,0000912242,11,12,USA,9958.1480,4105.8870,,5530.9800,4105.8870,,,,,70.840000000000
A,USD,STD,INDL,C,029868,2016-12-31,MACERICH CO,MAC,554382101,0000912242,11,12,USA,9958.1480,4105.8870,143.9970,5530.9800,4105.8870,330.3960,516.9950,1098.2120,143.9850,70.840000000000
A,USD,STD,FS,C,029868,2017-12-31,MACERICH CO,MAC,554382101,0000912242,11,12,USA,9605.8620,3681.5780,,5637.8630,3681.5780,,,,,65.680000000000
A,USD,STD,INDL,C,029868,2017-12-31,MACERICH CO,MAC,554382101,0000912242,11,12,USA,9605.8620,3681.5780,143.1050,5637.8630,3681.5780,334.8370,146.1300,1079.2080,140.9940,65.680000000000
A,USD,STD,FS,C,029868,2018-12-31,MACERICH CO,MAC,554382101,0000912242,11,12,USA,9026.8080,2950.2320,,5838.3760,2950.2320,,,,,43.280000000000
A,USD,STD,INDL,C,029868,2018-12-31,MACERICH CO,MAC,554382101,0000912242,11,12,USA,9026.8080,2950.2320,149.3010,5838.3760,2950.2320,336.3840,60.0200,1032.1240,141.2220,43.280000000000
A,USD,STD,FS,C,029868,2019-12-31,MACERICH CO,MAC,554382101,0000912242,11,12,USA,8853.5710,2632.2620,,6022.6010,2632.2620,,,,,26.920000000000
A,USD,STD,INDL,C,029868,2019-12-31,MACERICH CO,MAC,554382101,0000912242,11,12,USA,8853.5710,2632.2620,114.2160,6022.6010,2632.2620,277.2910,96.8200,975.9700,141.4080,26.920000000000
A,USD,STD,FS,C,029868,2020-12-31,MACERICH CO,MAC,554382101,0000912242,11,12,USA,9184.0050,2257.0490,,6738.7450,2257.0490,,,,,10.670000000000
A,USD,STD,INDL,C,029868,2020-12-31,MACERICH CO,MAC,554382101,0000912242,11,12,USA,9184.0050,2257.0490,482.6590,6738.7450,2257.0490,91.3900,-230.2030,758.9880,149.7710,10.670000000000
A,USD,STD,FS,C,029868,2021-12-31,MACERICH CO,MAC,554382101,0000912242,11,12,USA,8345.6550,3046.8670,,5169.5060,3046.8670,,,,,17.280000000000
A,USD,STD,INDL,C,029868,2021-12-31,MACERICH CO,MAC,554382101,0000912242,11,12,USA,8345.6550,3046.8670,166.9710,5169.5060,3046.8670,171.1130,14.2630,863.1260,214.7970,17.280000000000
A,USD,STD,FS,C,029868,2022-12-31,MACERICH CO,MAC,554382101,0000912242,11,12,USA,8094.1390,2865.7730,,5144.7900,2865.7730,,,,,11.260000000000
A,USD,STD,INDL,C,029868,2022-12-31,MACERICH CO,MAC,554382101,0000912242,11,12,USA,8094.1390,2865.7730,181.1390,5144.7900,2865.7730,156.8980,-66.0680,853.9080,215.2410,11.260000000000
A,USD,STD,FS,C,029868,2023-12-31,MACERICH CO,MAC,554382101,0000912242,11,12,USA,7513.5120,2447.0200,,4985.9110,2447.0200,,,,,15.430000000000
A,USD,STD,INDL,C,029868,2023-12-31,MACERICH CO,MAC,554382101,0000912242,11,12,USA,7513.5120,2447.0200,190.2940,4985.9110,2447.0200,-103.6150,-274.0650,727.1310,215.9770,15.430000000000
A,USD,STD,FS,C,029868,2024-12-31,MACERICH CO,MAC,554382101,0000912242,11,12,USA,8567.0390,2756.4870,,5724.6140,2756.4870,,,,,19.920000000000
A,USD,STD,INDL,C,029868,2024-12-31,MACERICH CO,MAC,554382101,0000912242,11,12,USA,8567.0390,2756.4870,177.4790,5724.6140,2756.4870,-338.5700,-194.1200,720.8520,252.9250,19.920000000000
A,USD,STD,FS,C,029868,2025-12-31,MACERICH CO,MAC,554382101,0000912242,11,12,USA,8368.6850,2448.8710,,5841.6150,2448.8710,,,,,18.460000000000
A,USD,STD,INDL,C,029868,2025-12-31,MACERICH CO,MAC,554382101,0000912242,11,12,USA,8368.6850,2448.8710,372.9630,5841.6150,2448.8710,83.7990,-197.1490,1049.9290,256.9910,18.460000000000
A,USD,STD,FS,C,029875,2010-12-31,AVALONBAY COMMUNITIES INC,AVB,053484101,0000915912,11,12,USA,7821.4880,3310.6180,,4491.6350,3310.6180,,,,,112.550000000000
A,USD,STD,INDL,C,029875,2010-12-31,AVALONBAY COMMUNITIES INC,AVB,053484101,0000915912,11,12,USA,7821.4880,3310.6180,479.7690,4491.6350,3310.6180,303.6920,175.3310,896.0280,85.8990,112.550000000000
A,USD,STD,FS,C,029875,2011-12-31,AVALONBAY COMMUNITIES INC,AVB,053484101,0000915912,11,12,USA,8482.3900,4394.7410,,4073.4350,4394.7410,,,,,130.600000000000
A,USD,STD,INDL,C,029875,2011-12-31,AVALONBAY COMMUNITIES INC,AVB,053484101,0000915912,11,12,USA,8482.3900,4394.7410,690.3290,4073.4350,4394.7410,351.7120,441.6220,973.8310,95.1760,130.600000000000
A,USD,STD,FS,C,029875,2012-12-31,AVALONBAY COMMUNITIES INC,AVB,053484101,0000915912,11,12,USA,11160.0780,6837.2150,,4312.2580,6837.2150,,,,,135.590000000000
A,USD,STD,INDL,C,029875,2012-12-31,AVALONBAY COMMUNITIES INC,AVB,053484101,0000915912,11,12,USA,11160.0780,6837.2150,2783.6510,4312.2580,6837.2150,423.9310,423.8690,1059.5740,114.4030,135.590000000000
A,USD,STD,FS,C,029875,2013-12-31,AVALONBAY COMMUNITIES INC,AVB,053484101,0000915912,11,12,USA,15328.1430,8596.1320,,6711.0960,8596.1320,,,,,118.230000000000
A,USD,STD,INDL,C,029875,2013-12-31,AVALONBAY COMMUNITIES INC,AVB,053484101,0000915912,11,12,USA,15328.1430,8596.1320,380.0220,6711.0960,8596.1320,420.0760,353.1410,1491.3100,129.4170,118.230000000000
A,USD,STD,FS,C,029875,2014-12-31,AVALONBAY COMMUNITIES INC,AVB,053484101,0000915912,11,12,USA,16176.7230,9046.4050,,7117.5530,9046.4050,,,,,163.390000000000
A,USD,STD,INDL,C,029875,2014-12-31,AVALONBAY COMMUNITIES INC,AVB,053484101,0000915912,11,12,USA,16176.7230,9046.4050,605.0850,7117.5530,9046.4050,801.8390,683.5670,1833.8270,132.0500,163.390000000000
A,USD,STD,FS,C,029875,2015-12-31,AVALONBAY COMMUNITIES INC,AVB,053484101,0000915912,11,12,USA,16931.3050,9840.5260,,7080.7820,9840.5260,,,,,184.130000000000
A,USD,STD,INDL,C,029875,2015-12-31,AVALONBAY COMMUNITIES INC,AVB,053484101,0000915912,11,12,USA,16931.3050,9840.5260,505.3280,7080.7820,9840.5260,805.8770,742.0380,1926.0460,137.0020,184.130000000000
A,USD,STD,FS,C,029875,2016-12-31,AVALONBAY COMMUNITIES INC,AVB,053484101,0000915912,11,12,USA,17867.2710,10171.4160,,7688.0890,10171.4160,,,,,177.150000000000
A,USD,STD,INDL,C,029875,2016-12-31,AVALONBAY COMMUNITIES INC,AVB,053484101,0000915912,11,12,USA,17867.2710,10171.4160,329.9770,7688.0890,10171.4160,870.4360,1034.0020,2089.9110,137.3310,177.150000000000
A,USD,STD,FS,C,029875,2017-12-31,AVALONBAY COMMUNITIES INC,AVB,053484101,0000915912,11,12,USA,18414.8210,10388.0460,,8020.7190,10388.0460,,,,,178.410000000000
A,USD,STD,INDL,C,029875,2017-12-31,AVALONBAY COMMUNITIES INC,AVB,053484101,0000915912,11,12,USA,18414.8210,10388.0460,201.9060,8020.7190,10388.0460,907.0560,876.9210,2225.8770,138.0940,178.410000000000
A,USD,STD,FS,C,029875,2018-12-31,AVALONBAY COMMUNITIES INC,AVB,053484101,0000915912,11,12,USA,18380.2000,10632.6060,,7744.3500,10632.6060,,,,,174.050000000000
A,USD,STD,INDL,C,029875,2018-12-31,AVALONBAY COMMUNITIES INC,AVB,053484101,0000915912,11,12,USA,18380.2000,10632.6060,217.8640,7744.3500,10632.6060,897.2540,974.5250,2299.7790,138.5080,174.050000000000
A,USD,STD,FS,C,029875,2019-12-31,AVALONBAY COMMUNITIES INC,AVB,053484101,0000915912,11,12,USA,19121.0510,10989.5490,,8127.6010,10989.5490,,,,,209.700000000000
A,USD,STD,INDL,C,029875,2019-12-31,AVALONBAY COMMUNITIES INC,AVB,053484101,0000915912,11,12,USA,19121.0510,10989.5490,127.6140,8127.6010,10989.5490,902.1530,785.9740,2331.8370,140.6440,209.700000000000
A,USD,STD,FS,C,029875,2020-12-31,AVALONBAY COMMUNITIES INC,AVB,053484101,0000915912,11,12,USA,19199.1440,10751.5830,,8444.2930,10751.5830,,,,,160.430000000000
A,USD,STD,INDL,C,029875,2020-12-31,AVALONBAY COMMUNITIES INC,AVB,053484101,0000915912,11,12,USA,19199.1440,10751.5830,313.5320,8444.2930,10751.5830,776.8650,827.6300,2307.2980,139.5270,160.430000000000
A,USD,STD,FS,C,029875,2021-12-31,AVALONBAY COMMUNITIES INC,AVB,053484101,0000915912,11,12,USA,19902.0160,10932.5270,,8965.5550,10932.5270,,,,,252.590000000000
A,USD,STD,INDL,C,029875,2021-12-31,AVALONBAY COMMUNITIES INC,AVB,053484101,0000915912,11,12,USA,19902.0160,10932.5270,543.7880,8965.5550,10932.5270,717.7780,1004.2990,2333.4350,139.7520,252.590000000000
A,USD,STD,FS,C,029875,2022-12-31,AVALONBAY COMMUNITIES INC,AVB,053484101,0000915912,11,12,USA,20457.7640,11253.4760,,9201.5260,11253.4760,,,,,161.520000000000
A,USD,STD,INDL,C,029875,2022-12-31,AVALONBAY COMMUNITIES INC,AVB,053484101,0000915912,11,12,USA,20457.7640,11253.4760,734.2450,9201.5260,11253.4760,912.7480,1136.7750,2646.8400,139.9170,161.520000000000
A,USD,STD,FS,C,029875,2023-12-31,AVALONBAY COMMUNITIES INC,AVB,053484101,0000915912,11,12,USA,20678.2140,11783.2410,,8893.4230,11783.2410,,,,,187.220000000000
A,USD,STD,INDL,C,029875,2023-12-31,AVALONBAY COMMUNITIES INC,AVB,053484101,0000915912,11,12,USA,20678.2140,11783.2410,530.9600,8893.4230,11783.2410,976.2660,928.8250,2781.3630,142.0250,187.220000000000
A,USD,STD,FS,C,029875,2024-12-31,AVALONBAY COMMUNITIES INC,AVB,053484101,0000915912,11,12,USA,21000.7370,11941.0920,,9059.6450,11941.0920,,,,,219.970000000000
A,USD,STD,INDL,C,029875,2024-12-31,AVALONBAY COMMUNITIES INC,AVB,053484101,0000915912,11,12,USA,21000.7370,11941.0920,267.0760,9059.6450,11941.0920,1063.2850,1081.9940,2964.4390,142.2540,219.970000000000
A,USD,STD,FS,C,029875,2025-12-31,AVALONBAY COMMUNITIES INC,AVB,053484101,0000915912,11,12,USA,22192.1370,11611.3400,,10357.8200,11611.3400,,,,,181.310000000000
A,USD,STD,INDL,C,029875,2025-12-31,AVALONBAY COMMUNITIES INC,AVB,053484101,0000915912,11,12,USA,22192.1370,11611.3400,353.0830,10357.8200,11611.3400,1074.1890,1051.3010,3107.8920,140.0810,181.310000000000
A,USD,STD,INDL,C,030091,2015-12-31,SNAP INC,SNAP,83304A106,0001564408,11,12,USA,938.9360,764.1410,640.8100,174.7910,764.1450,-108.3710,-372.8930,58.6630,491.5860,
A,USD,STD,INDL,C,030091,2016-12-31,SNAP INC,SNAP,83304A106,0001564408,11,12,USA,1722.7920,1518.9090,987.3680,203.8780,1518.9140,-18.0630,-514.6430,404.4820,536.3710,
A,USD,STD,INDL,C,030091,2017-12-31,SNAP INC,SNAP,83304A106,0001564408,11,12,USA,3421.5660,2992.3270,2043.0390,429.2390,2992.3270,122.7090,-3445.0660,824.9490,1222.2020,14.610000000000
A,USD,STD,INDL,C,030091,2018-12-31,SNAP INC,SNAP,83304A106,0001564408,11,12,USA,2714.1060,2310.9990,1279.0630,403.1070,2310.9990,407.8630,-1255.9110,1180.4460,1317.7600,5.510000000000
A,USD,STD,INDL,C,030091,2019-12-31,SNAP INC,SNAP,83304A106,0001564408,11,12,USA,4011.9240,2259.9130,2112.8050,1752.0110,2259.9130,840.9670,-1033.6600,1715.5340,1415.7960,16.330000000000
A,USD,STD,INDL,C,030091,2020-12-31,SNAP INC,SNAP,83304A106,0001564408,11,12,USA,5024.2380,2329.9760,2537.5400,2694.2620,2329.9760,1346.3260,-944.8390,2506.6260,1503.3330,50.070000000000
A,USD,STD,INDL,C,030091,2021-12-31,SNAP INC,SNAP,83304A106,0001564408,11,12,USA,7536.3060,3790.1680,3692.8850,3746.1380,3790.1680,2386.5130,-487.9550,4117.0480,1619.2830,47.030000000000
A,USD,STD,INDL,C,030091,2022-12-31,SNAP INC,SNAP,83304A106,0001564408,11,12,USA,8029.5380,2580.6980,3939.1240,5448.8400,2580.6980,2831.3250,-1429.6530,4601.8470,1574.0860,8.950000000000
A,USD,STD,INDL,C,030091,2023-12-31,SNAP INC,SNAP,83304A106,0001564408,11,12,USA,7967.7580,2414.1120,3544.0800,5553.6460,2414.1120,2504.7490,-1322.4850,4606.1150,1645.4960,16.930000000000
A,USD,STD,INDL,C,030091,2024-12-31,SNAP INC,SNAP,83304A106,0001564408,11,12,USA,7936.3480,2450.7610,3376.2790,5485.5870,2450.7610,2894.3920,-697.8560,5361.3980,1690.6450,10.770000000000
A,USD,STD,INDL,C,030091,2025-12-31,SNAP INC,SNAP,83304A106,0001564408,11,12,USA,7677.8020,2281.4950,2940.5720,5396.3070,2281.4950,3267.6310,-460.4890,5931.4470,1711.5530,8.070000000000
A,USD,STD,INDL,C,030170,2010-03-31,FLEX LTD,FLEX,Y2573F102,0000866374,14,3,SGP,10642.5520,1984.5670,1927.5560,8657.9850,1984.5670,1659.4610,18.5940,24110.7330,813.4290,7.840000000000
A,USD,STD,INDL,C,030170,2011-03-31,FLEX LTD,FLEX,Y2573F102,0000866374,14,3,SGP,11633.1520,2294.6960,1748.4710,9338.4560,2294.6960,1982.2260,596.2190,28679.9250,756.9940,7.470000000000
A,USD,STD,INDL,C,030170,2012-03-31,FLEX LTD,FLEX,Y2573F102,0000866374,14,3,SGP,11033.8040,2283.9790,1518.3290,8749.8250,2283.9790,1929.5410,488.7650,29387.6560,683.7400,7.220000000000
A,USD,STD,INDL,C,030170,2013-03-31,FLEX LTD,FLEX,Y2573F102,0000866374,14,3,SGP,10591.5550,2246.7580,1587.0870,8344.7970,2246.7580,1794.3500,277.0510,23569.4750,638.9200,6.760000000000
A,USD,STD,INDL,C,030170,2014-03-31,FLEX LTD,FLEX,Y2573F102,0000866374,14,3,SGP,12500.1500,2163.0500,1593.7280,10298.4710,2163.0500,1914.5080,365.5940,26108.6070,591.4270,9.240000000000
A,USD,STD,INDL,C,030170,2015-03-31,FLEX LTD,FLEX,Y2573F102,0000866374,14,3,SGP,11665.6240,2360.8140,1628.4080,9269.3740,2360.8140,2030.0650,600.8010,26147.9160,563.3230,12.675000000000
A,USD,STD,INDL,C,030170,2016-03-31,FLEX LTD,FLEX,Y2573F102,0000866374,14,3,SGP,12384.9810,2570.8720,1607.5700,9779.4510,2570.8720,2033.7900,444.0810,24418.8850,544.8240,12.060000000000
A,USD,STD,INDL,C,030170,2017-03-31,FLEX LTD,FLEX,Y2573F102,0000866374,14,3,SGP,12593.3630,2644.5330,1830.6750,9915.0870,2644.5330,2099.6250,319.5640,23862.9340,531.2950,16.800000000000
A,USD,STD,INDL,C,030170,2018-03-31,FLEX LTD,FLEX,Y2573F102,0000866374,14,3,SGP,13715.8550,3018.5730,1472.4240,10697.2820,3018.5730,2097.1590,428.5340,25441.1310,528.0780,16.330000000000
A,USD,STD,INDL,C,030170,2019-03-31,FLEX LTD,FLEX,Y2573F102,0000866374,14,3,SGP,13499.3670,2972.3600,1696.6250,10527.0070,2972.3600,2065.3160,93.3990,26210.5110,516.5480,10.000000000000
A,USD,STD,INDL,C,030170,2020-03-31,FLEX LTD,FLEX,Y2573F102,0000866374,14,3,SGP,13689.6170,2831.1530,1922.6860,10858.4640,2831.1530,1973.4880,87.5790,24209.8700,497.4260,8.375000000000
A,USD,STD,INDL,C,030170,2021-03-31,FLEX LTD,FLEX,Y2573F102,0000866374,14,3,SGP,15836.0000,3436.0000,2637.0000,12400.0000,3436.0000,2197.0000,613.0000,24124.0000,492.5680,18.310000000000
A,USD,STD,INDL,C,030170,2022-03-31,FLEX LTD,FLEX,Y2573F102,0000866374,14,3,SGP,19325.0000,4129.0000,2964.0000,15118.0000,4129.0000,2356.0000,936.0000,26041.0000,460.5600,18.550000000000
A,USD,STD,INDL,C,030170,2023-03-31,FLEX LTD,FLEX,Y2573F102,0000866374,14,3,SGP,21395.0000,5351.0000,3294.0000,15689.0000,5351.0000,2702.0000,793.0000,30346.0000,450.1230,23.010000000000
A,USD,STD,INDL,C,030170,2024-03-31,FLEX LTD,FLEX,Y2573F102,0000866374,14,3,SGP,18257.0000,5325.0000,2474.0000,12932.0000,5325.0000,2448.0000,1006.0000,26415.0000,408.1020,28.610000000000
A,USD,STD,INDL,C,030170,2025-03-31,FLEX LTD,FLEX,Y2573F102,0000866374,14,3,SGP,18381.0000,5002.0000,2289.0000,13379.0000,5002.0000,2668.0000,838.0000,25813.0000,377.8170,33.080000000000
A,USD,STD,FS,C,030293,2010-12-31,ESSEX PROPERTY TRUST,ESS,297178105,0000920522,11,12,USA,3732.8870,1124.9460,,2373.5240,1154.2950,,,,,114.220000000000
A,USD,STD,INDL,C,030293,2010-12-31,ESSEX PROPERTY TRUST,ESS,297178105,0000920522,11,12,USA,3732.8870,1124.9460,35.6940,2373.5240,1154.2950,164.3390,35.9340,441.8580,31.3250,114.220000000000
A,USD,STD,FS,C,030293,2011-12-31,ESSEX PROPERTY TRUST,ESS,297178105,0000920522,11,12,USA,4036.9640,1363.7770,,2478.8870,1441.8760,,,,,140.510000000000
A,USD,STD,INDL,C,030293,2011-12-31,ESSEX PROPERTY TRUST,ESS,297178105,0000920522,11,12,USA,4036.9640,1363.7770,35.4630,2478.8870,1441.8760,179.4170,47.0700,492.2300,33.8880,140.510000000000
A,USD,STD,FS,C,030293,2012-12-31,ESSEX PROPERTY TRUST,ESS,297178105,0000920522,11,12,USA,4847.2230,1691.0540,,2962.7580,1769.1530,,,,,146.650000000000
A,USD,STD,INDL,C,030293,2012-12-31,ESSEX PROPERTY TRUST,ESS,297178105,0000920522,11,12,USA,4847.2230,1691.0540,42.1260,2962.7580,1769.1530,247.8100,125.2840,599.0030,36.4430,146.650000000000
A,USD,STD,FS,C,030293,2013-12-31,ESSEX PROPERTY TRUST,ESS,297178105,0000920522,11,12,USA,5186.8390,1810.8690,,3184.2520,1888.9680,,,,,143.510000000000
A,USD,STD,INDL,C,030293,2013-12-31,ESSEX PROPERTY TRUST,ESS,297178105,0000920522,11,12,USA,5186.8390,1810.8690,53.7660,3184.2520,1888.9680,286.0880,156.2830,681.2010,37.4210,143.510000000000
A,USD,STD,FS,C,030293,2014-12-31,ESSEX PROPERTY TRUST,ESS,297178105,0000920522,11,12,USA,11562.8740,5948.9220,,5403.5500,6022.6720,,,,,206.600000000000
A,USD,STD,INDL,C,030293,2014-12-31,ESSEX PROPERTY TRUST,ESS,297178105,0000920522,11,12,USA,11562.8740,5948.9220,95.4200,5403.5500,6022.6720,351.0750,122.1500,1021.0090,63.6830,206.600000000000
A,USD,STD,FS,C,030293,2015-12-31,ESSEX PROPERTY TRUST,ESS,297178105,0000920522,11,12,USA,12005.0910,6163.9830,,5622.6160,6237.7330,,,,,239.410000000000
A,USD,STD,INDL,C,030293,2015-12-31,ESSEX PROPERTY TRUST,ESS,297178105,0000920522,11,12,USA,12005.0910,6163.9830,123.0550,5622.6160,6237.7330,412.4560,232.1200,1229.3870,65.3790,239.410000000000
A,USD,STD,FS,C,030293,2016-12-31,ESSEX PROPERTY TRUST,ESS,297178105,0000920522,11,12,USA,12217.4080,6192.1780,,5880.4870,6192.1780,,,,,232.500000000000
A,USD,STD,INDL,C,030293,2016-12-31,ESSEX PROPERTY TRUST,ESS,297178105,0000920522,11,12,USA,12217.4080,6192.1780,170.3020,5880.4870,6192.1780,534.8050,414.9790,1365.4140,65.5280,232.500000000000
A,USD,STD,FS,C,030293,2017-12-31,ESSEX PROPERTY TRUST,ESS,297178105,0000920522,11,12,USA,12495.7060,6277.4060,,6059.6750,6277.4060,,,,,241.370000000000
A,USD,STD,INDL,C,030293,2017-12-31,ESSEX PROPERTY TRUST,ESS,297178105,0000920522,11,12,USA,12495.7060,6277.4060,61.1260,6059.6750,6277.4060,597.0250,433.0590,1471.4480,66.0540,241.370000000000
A,USD,STD,FS,C,030293,2018-12-31,ESSEX PROPERTY TRUST,ESS,297178105,0000920522,11,12,USA,12383.5960,6267.0730,,5954.2770,6267.0730,,,,,245.210000000000
A,USD,STD,INDL,C,030293,2018-12-31,ESSEX PROPERTY TRUST,ESS,297178105,0000920522,11,12,USA,12383.5960,6267.0730,151.3950,5954.2770,6267.0730,615.9150,390.1530,1512.1950,65.8900,245.210000000000
A,USD,STD,FS,C,030293,2019-12-31,ESSEX PROPERTY TRUST,ESS,297178105,0000920522,11,12,USA,12705.4050,6220.4270,,6264.4910,6220.4270,,,,,300.860000000000
A,USD,STD,INDL,C,030293,2019-12-31,ESSEX PROPERTY TRUST,ESS,297178105,0000920522,11,12,USA,12705.4050,6220.4270,81.0940,6264.4910,6220.4270,697.1400,439.2860,1618.5890,66.0920,300.860000000000
A,USD,STD,FS,C,030293,2020-12-31,ESSEX PROPERTY TRUST,ESS,297178105,0000920522,11,12,USA,12936.1770,6000.4100,,6720.7460,6000.4100,,,,,237.420000000000
A,USD,STD,INDL,C,030293,2020-12-31,ESSEX PROPERTY TRUST,ESS,297178105,0000920522,11,12,USA,12936.1770,6000.4100,84.0410,6720.7460,6000.4100,600.9640,568.8700,1603.2590,64.9990,237.420000000000
A,USD,STD,FS,C,030293,2021-12-31,ESSEX PROPERTY TRUST,ESS,297178105,0000920522,11,12,USA,12997.8730,5993.6030,,6786.6990,5993.6030,,,,,352.230000000000
A,USD,STD,INDL,C,030293,2021-12-31,ESSEX PROPERTY TRUST,ESS,297178105,0000920522,11,12,USA,12997.8730,5993.6030,58.6380,6786.6990,5993.6030,649.5080,488.5540,1651.0210,65.2480,352.230000000000
A,USD,STD,FS,C,030293,2022-12-31,ESSEX PROPERTY TRUST,ESS,297178105,0000920522,11,12,USA,12372.9050,5716.3720,,6450.6390,5716.3720,,,,,211.920000000000
A,USD,STD,INDL,C,030293,2022-12-31,ESSEX PROPERTY TRUST,ESS,297178105,0000920522,11,12,USA,12372.9050,5716.3720,42.6810,6450.6390,5716.3720,566.5120,408.3150,1613.8040,64.6050,211.920000000000
A,USD,STD,FS,C,030293,2023-12-31,ESSEX PROPERTY TRUST,ESS,297178105,0000920522,11,12,USA,12361.4270,5422.7460,,6735.2440,5422.7460,,,,,247.940000000000
A,USD,STD,INDL,C,030293,2023-12-31,ESSEX PROPERTY TRUST,ESS,297178105,0000920522,11,12,USA,12361.4270,5422.7460,400.3340,6735.2440,5422.7460,636.6050,405.8250,1716.3940,64.2030,247.940000000000
A,USD,STD,FS,C,030293,2024-12-31,ESSEX PROPERTY TRUST,ESS,297178105,0000920522,11,12,USA,12927.3590,5537.0460,,7176.1200,5537.0460,,,,,285.440000000000
A,USD,STD,INDL,C,030293,2024-12-31,ESSEX PROPERTY TRUST,ESS,297178105,0000920522,11,12,USA,12927.3590,5537.0460,75.8460,7176.1200,5537.0460,711.8490,741.5220,1859.8130,64.2800,285.440000000000
A,USD,STD,FS,C,030293,2025-12-31,ESSEX PROPERTY TRUST,ESS,297178105,0000920522,11,12,USA,13159.0090,5541.3720,,7422.1140,5541.3720,,,,,261.680000000000
A,USD,STD,INDL,C,030293,2025-12-31,ESSEX PROPERTY TRUST,ESS,297178105,0000920522,11,12,USA,13159.0090,5541.3720,85.5860,7422.1140,5541.3720,726.4250,669.6660,1942.0050,64.4420,261.680000000000
A,USD,STD,INDL,C,030397,2015-12-31,WARRIOR MET COAL INC,HCC,93627C101,0001691303,11,12,USA,802.1370,-820.8610,79.7620,1622.9980,-820.8610,-107.9640,-310.5810,544.7330,,
A,USD,STD,INDL,C,030397,2016-12-31,WARRIOR MET COAL INC,HCC,93627C101,0001691303,11,12,USA,947.6310,752.9670,167.5460,194.6640,752.9670,56.9180,-111.4890,369.0170,3.7740,
A,USD,STD,INDL,C,030397,2017-12-31,WARRIOR MET COAL INC,HCC,93627C101,0001691303,11,12,USA,993.3150,413.0230,52.9710,580.2920,413.0230,549.9740,455.0460,1169.0920,53.2840,25.150000000000
A,USD,STD,INDL,C,030397,2018-12-31,WARRIOR MET COAL INC,HCC,93627C101,0001691303,11,12,USA,1395.0400,712.6120,223.0780,682.4280,712.6120,655.8090,696.7870,1378.0070,51.6230,24.110000000000
A,USD,STD,INDL,C,030397,2019-12-31,WARRIOR MET COAL INC,HCC,93627C101,0001691303,11,12,USA,1344.2640,765.5820,208.0580,578.6820,765.5820,520.9050,301.6990,1268.3090,51.0720,21.130000000000
A,USD,STD,INDL,C,030397,2020-12-31,WARRIOR MET COAL INC,HCC,93627C101,0001691303,11,12,USA,1393.9360,725.2410,220.4200,668.6950,725.2410,126.8360,-35.7610,782.7380,51.1860,21.320000000000
A,USD,STD,INDL,C,030397,2021-12-31,WARRIOR MET COAL INC,HCC,93627C101,0001691303,11,12,USA,1464.2110,871.9830,404.3440,592.2280,871.9830,479.2720,150.8810,1059.2160,51.4380,25.710000000000
A,USD,STD,INDL,C,030397,2022-12-31,WARRIOR MET COAL INC,HCC,93627C101,0001691303,11,12,USA,2028.0950,1447.5150,838.0880,580.5800,1447.5150,1003.0270,641.2980,1738.7380,51.6540,34.640000000000
A,USD,STD,INDL,C,030397,2023-12-31,WARRIOR MET COAL INC,HCC,93627C101,0001691303,11,12,USA,2357.0580,1874.4460,747.2270,482.6120,1874.4460,733.0450,478.6290,1676.6250,52.0190,60.970000000000
A,USD,STD,INDL,C,030397,2024-12-31,WARRIOR MET COAL INC,HCC,93627C101,0001691303,11,12,USA,2591.5160,2090.8170,506.1690,500.6990,2090.8170,477.7330,250.6030,1525.2200,52.3120,54.240000000000
A,USD,STD,INDL,C,030397,2025-12-31,WARRIOR MET COAL INC,HCC,93627C101,0001691303,11,12,USA,2783.7990,2141.3850,353.2150,642.4140,2141.3850,305.1520,56.9980,1310.0430,52.5700,88.170000000000
A,USD,STD,INDL,C,030463,2010-08-31,GREENBRIER COS INC (THE),GBX,393657101,0000923120,11,8,USA,1072.8880,285.9380,101.3890,775.4810,285.9380,146.0790,4.2770,762.8500,21.8750,11.670000000000
A,USD,STD,INDL,C,030463,2011-08-31,GREENBRIER COS INC (THE),GBX,393657101,0000923120,11,8,USA,1301.6550,361.5730,52.3350,925.7540,361.5730,177.8240,6.4660,1243.2900,25.1860,17.380000000000
A,USD,STD,INDL,C,030463,2012-08-31,GREENBRIER COS INC (THE),GBX,393657101,0000923120,11,8,USA,1384.5440,431.7770,59.8480,930.8990,431.7770,256.7910,58.7080,1807.7160,27.1430,14.450000000000
A,USD,STD,INDL,C,030463,2013-08-31,GREENBRIER COS INC (THE),GBX,393657101,0000923120,11,8,USA,1289.7410,428.2020,106.2420,832.9140,428.2020,247.8200,-11.0480,1756.4180,28.0840,22.570000000000
A,USD,STD,INDL,C,030463,2014-08-31,GREENBRIER COS INC (THE),GBX,393657101,0000923120,11,8,USA,1517.1680,511.3900,205.0560,943.4470,511.3900,362.6420,111.9190,2203.9620,27.3640,71.520000000000
A,USD,STD,INDL,C,030463,2015-08-31,GREENBRIER COS INC (THE),GBX,393657101,0000923120,11,8,USA,1790.5120,732.8380,181.7990,927.0230,732.8380,581.8530,192.8320,2605.2780,28.9070,41.700000000000
A,USD,STD,INDL,C,030463,2016-08-31,GREENBRIER COS INC (THE),GBX,393657101,0000923120,11,8,USA,1837.8900,874.3110,246.9580,821.0630,874.3110,613.5370,183.2130,2679.5240,28.2050,33.890000000000
A,USD,STD,INDL,C,030463,2017-08-31,GREENBRIER COS INC (THE),GBX,393657101,0000923120,11,8,USA,2397.7050,1018.1300,620.3580,1182.6640,1018.1300,483.6990,116.0670,2169.1640,28.5030,42.900000000000
A,USD,STD,INDL,C,030463,2018-08-31,GREENBRIER COS INC (THE),GBX,393657101,0000923120,11,8,USA,2465.4640,1250.1010,539.4740,1051.4810,1250.1010,480.0550,151.7810,2519.4640,32.1910,58.000000000000
A,USD,STD,INDL,C,030463,2019-08-31,GREENBRIER COS INC (THE),GBX,393657101,0000923120,11,8,USA,2990.6370,1276.7300,338.4870,1517.3760,1276.7300,448.3860,71.0760,3033.5910,32.4880,23.290000000000
A,USD,STD,INDL,C,030463,2020-08-31,GREENBRIER COS INC (THE),GBX,393657101,0000923120,11,8,USA,3173.8340,1293.0430,842.0870,1669.6620,1293.0430,466.8310,48.9670,2792.1890,32.7010,27.190000000000
A,USD,STD,INDL,C,030463,2021-08-31,GREENBRIER COS INC (THE),GBX,393657101,0000923120,11,8,USA,3390.6680,1307.7480,671.3960,1884.5330,1307.7480,332.3240,32.4770,1747.9810,32.3970,44.100000000000
A,USD,STD,INDL,C,030463,2022-08-31,GREENBRIER COS INC (THE),GBX,393657101,0000923120,11,8,USA,3851.5000,1276.9000,559.1000,2394.7000,1276.9000,408.0000,46.9000,2977.7000,32.6030,28.510000000000
A,USD,STD,INDL,C,030463,2023-08-31,GREENBRIER COS INC (THE),GBX,393657101,0000923120,11,8,USA,3978.4000,1254.6000,302.7000,2512.6000,1254.6000,547.4000,62.5000,3944.0000,30.8800,42.560000000000
A,USD,STD,INDL,C,030463,2024-08-31,GREENBRIER COS INC (THE),GBX,393657101,0000923120,11,8,USA,4254.5000,1376.1000,368.6000,2676.2000,1376.1000,674.1000,160.1000,3544.7000,31.1350,48.450000000000
A,USD,STD,INDL,C,030463,2025-08-31,GREENBRIER COS INC (THE),GBX,393657101,0000923120,11,8,USA,4360.6000,1532.5000,326.4000,2627.1000,1532.5000,729.0000,204.1000,3240.2000,30.8730,46.630000000000
A,USD,STD,INDL,C,030651,2010-12-31,DARLING INGREDIENTS INC,DAR,237266101,0000916540,11,12,USA,1382.2580,464.2960,19.5750,917.9620,464.2960,193.2610,44.2430,724.9090,92.5600,13.280000000000
A,USD,STD,INDL,C,030651,2011-12-31,DARLING INGREDIENTS INC,DAR,237266101,0000916540,11,12,USA,1417.0300,920.3750,39.3010,496.6550,920.3750,529.6500,169.4180,1797.2490,117.0480,13.290000000000
A,USD,STD,INDL,C,030651,2012-12-31,DARLING INGREDIENTS INC,DAR,237266101,0000916540,11,12,USA,1552.4160,1062.4360,103.6100,489.9800,1062.4360,468.8250,130.7700,1701.4290,117.8150,16.040000000000
A,USD,STD,INDL,C,030651,2013-12-31,DARLING INGREDIENTS INC,DAR,237266101,0000916540,11,12,USA,3244.1330,2020.9520,871.2110,1223.1810,2020.9520,462.4490,108.9670,1723.5500,164.2670,20.880000000000
A,USD,STD,INDL,C,030651,2014-12-31,DARLING INGREDIENTS INC,DAR,237266101,0000916540,11,12,USA,5170.7130,1952.9900,109.1270,3119.5790,1952.9900,883.0750,64.2150,3956.4430,164.7130,18.160000000000
A,USD,STD,INDL,C,030651,2015-12-31,DARLING INGREDIENTS INC,DAR,237266101,0000916540,11,12,USA,4789.6020,1870.7090,157.2150,2814.9920,1870.7090,743.4210,78.5310,3397.4460,164.7350,10.520000000000
A,USD,STD,INDL,C,030651,2016-12-31,DARLING INGREDIENTS INC,DAR,237266101,0000916540,11,12,USA,4698.0170,1972.9940,114.8570,2621.7950,1972.9940,756.3810,102.3130,3398.1150,164.6130,12.910000000000
A,USD,STD,INDL,C,030651,2017-12-31,DARLING INGREDIENTS INC,DAR,237266101,0000916540,11,12,USA,4958.2250,2244.9330,106.9160,2630.5280,2244.9330,786.4000,128.4680,3662.2510,164.6530,18.130000000000
A,USD,STD,INDL,C,030651,2018-12-31,DARLING INGREDIENTS INC,DAR,237266101,0000916540,11,12,USA,4889.3540,2273.0480,107.3690,2553.5330,2273.0480,740.6430,101.4960,3387.7260,164.6610,19.240000000000
A,USD,STD,INDL,C,030651,2019-12-31,DARLING INGREDIENTS INC,DAR,237266101,0000916540,11,12,USA,5345.2580,2565.8190,73.0450,2701.9080,2565.8190,774.8200,312.6000,3363.9050,163.7750,28.080000000000
A,USD,STD,INDL,C,030651,2020-12-31,DARLING INGREDIENTS INC,DAR,237266101,0000916540,11,12,USA,5613.3310,2891.9090,81.7200,2659.1220,2891.9090,883.1080,296.8190,3571.9230,162.2000,57.680000000000
A,USD,STD,INDL,C,030651,2021-12-31,DARLING INGREDIENTS INC,DAR,237266101,0000916540,11,12,USA,6133.7280,3280.9600,69.0720,2785.9430,3280.9600,1241.9840,650.9140,4741.3690,160.7920,69.290000000000
A,USD,STD,INDL,C,030651,2022-12-31,DARLING INGREDIENTS INC,DAR,237266101,0000916540,11,12,USA,9202.3700,3809.0230,127.3310,5305.8800,3809.0230,1529.5950,737.6900,6532.2040,159.9700,62.590000000000
A,USD,STD,INDL,C,030651,2023-12-31,DARLING INGREDIENTS INC,DAR,237266101,0000916540,11,12,USA,11061.0840,4605.4310,126.7940,6367.3930,4605.4310,1645.0200,647.7260,6788.0800,159.5340,49.840000000000
A,USD,STD,INDL,C,030651,2024-12-31,DARLING INGREDIENTS INC,DAR,237266101,0000916540,11,12,USA,10070.4730,4377.8100,113.5520,5606.1810,4377.8100,1277.8380,278.8800,5715.1750,158.8970,33.690000000000
A,USD,STD,INDL,C,030651,2025-12-31,DARLING INGREDIENTS INC,DAR,237266101,0000916540,11,12,USA,10298.7820,4736.9110,105.3570,5489.2670,4736.9110,1473.4580,62.8040,6135.8770,158.1930,36.000000000000
A,USD,STD,INDL,C,031109,2015-12-31,ANTERO MIDSTREAM CORP,AM,03676B102,0001623925,11,12,USA,1.0410,0.5580,0.0720,0.4830,0.5580,0.0000,0.7810,0.0000,186.1700,
A,USD,STD,INDL,C,031109,2016-12-31,ANTERO MIDSTREAM CORP,AM,03676B102,0001623925,11,12,USA,17.3690,10.2690,9.6090,7.1000,10.2690,-0.8150,9.7110,0.0000,186.1700,
A,USD,STD,INDL,C,031109,2017-12-31,ANTERO MIDSTREAM CORP,AM,03676B102,0001623925,11,12,USA,29.7590,15.6080,5.9870,14.1510,15.6080,-41.1340,2.3250,0.0000,186.1820,19.720000000000
A,USD,STD,INDL,C,031109,2018-12-31,ANTERO MIDSTREAM CORP,AM,03676B102,0001623925,11,12,USA,47.7050,30.8610,2.8220,16.8440,30.8610,-43.8510,66.6080,0.0000,186.2190,11.180000000000
A,USD,STD,INDL,C,031109,2019-12-31,ANTERO MIDSTREAM CORP,AM,03676B102,0001623925,11,12,USA,6282.8780,3143.4140,1.2350,3139.4640,3143.4140,484.6570,-355.1140,792.5880,484.0420,7.590000000000
A,USD,STD,INDL,C,031109,2020-12-31,ANTERO MIDSTREAM CORP,AM,03676B102,0001623925,11,12,USA,5610.9120,2418.2860,0.6400,3192.6260,2418.2860,683.1200,-122.5270,900.7190,476.6390,7.710000000000
A,USD,STD,INDL,C,031109,2021-12-31,ANTERO MIDSTREAM CORP,AM,03676B102,0001623925,11,12,USA,5544.0010,2286.6980,0.0000,3257.3030,2286.6980,677.2440,331.6170,898.2020,477.4950,9.680000000000
A,USD,STD,INDL,C,031109,2022-12-31,ANTERO MIDSTREAM CORP,AM,03676B102,0001623925,11,12,USA,5791.3200,2192.3180,0.0000,3599.0020,2192.3180,677.6060,326.2420,919.9850,478.4970,10.790000000000
A,USD,STD,INDL,C,031109,2023-12-31,ANTERO MIDSTREAM CORP,AM,03676B102,0001623925,11,12,USA,5737.6180,2151.7310,0.0660,3585.8870,2151.7310,757.5380,371.7860,1041.7710,479.7130,12.530000000000
A,USD,STD,INDL,C,031109,2024-12-31,ANTERO MIDSTREAM CORP,AM,03676B102,0001623925,11,12,USA,5761.7480,2115.1710,0.0000,3646.5770,2115.1710,802.1310,400.8920,1106.1930,479.4220,15.090000000000
A,USD,STD,INDL,C,031109,2025-12-31,ANTERO MIDSTREAM CORP,AM,03676B102,0001623925,11,12,USA,5884.1160,1972.0410,262.9350,3912.0750,1972.0410,868.3900,413.1630,1188.4260,474.0600,17.790000000000
A,USD,STD,INDL,C,031384,2015-12-31,SEACOR MARINE HLDGS INC,SMHI,78413P101,0001690334,11,12,USA,1208.1500,681.9000,179.7480,518.2960,681.9000,92.8960,-27.2490,368.8680,17.6710,
A,USD,STD,INDL,C,031384,2016-12-31,SEACOR MARINE HLDGS INC,SMHI,78413P101,0001690334,11,12,USA,1015.1190,544.6110,158.9100,464.9640,544.6110,48.7110,-132.0470,215.6360,17.6710,
A,USD,STD,INDL,C,031384,2017-12-31,SEACOR MARINE HLDGS INC,SMHI,78413P101,0001690334,11,12,USA,1008.5040,508.1910,112.5510,485.3380,508.1910,14.1840,-32.9010,173.7830,17.6750,11.700000000000
A,USD,STD,INDL,C,031384,2018-12-31,SEACOR MARINE HLDGS INC,SMHI,78413P101,0001690334,11,12,USA,1102.9350,525.5310,96.8520,548.0000,525.5310,67.0430,-77.6080,253.6090,20.4390,11.760000000000
A,USD,STD,INDL,C,031384,2019-12-31,SEACOR MARINE HLDGS INC,SMHI,78413P101,0001690334,11,12,USA,1009.1930,457.4920,87.0470,530.2690,457.4920,65.3270,-92.8370,201.4920,21.8820,13.790000000000
A,USD,STD,INDL,C,031384,2020-12-31,SEACOR MARINE HLDGS INC,SMHI,78413P101,0001690334,11,12,USA,1017.6630,401.5170,36.0180,615.8270,401.5170,43.1670,-78.9150,141.8370,23.4310,2.710000000000
A,USD,STD,INDL,C,031384,2021-12-31,SEACOR MARINE HLDGS INC,SMHI,78413P101,0001690334,11,12,USA,912.5020,446.2210,41.2200,465.9610,446.2210,37.4500,33.1360,170.9410,25.9920,3.400000000000
A,USD,STD,INDL,C,031384,2022-12-31,SEACOR MARINE HLDGS INC,SMHI,78413P101,0001690334,11,12,USA,815.6300,378.8250,43.0450,436.4840,378.8250,41.4710,-71.6500,217.3250,26.7020,9.160000000000
A,USD,STD,INDL,C,031384,2023-12-31,SEACOR MARINE HLDGS INC,SMHI,78413P101,0001690334,11,12,USA,780.3360,373.9030,84.1310,406.1120,373.9030,117.1130,-9.3140,279.5110,27.1850,12.590000000000
A,USD,STD,INDL,C,031384,2024-12-31,SEACOR MARINE HLDGS INC,SMHI,78413P101,0001690334,11,12,USA,727.1110,298.0010,76.1400,428.7890,298.0010,72.4310,-78.1240,271.3610,27.6690,6.560000000000
A,USD,STD,INDL,C,031384,2025-12-31,SEACOR MARINE HLDGS INC,SMHI,78413P101,0001690334,11,12,USA,660.6010,264.3510,93.1160,395.9290,264.3510,44.8570,-27.8440,227.8320,26.9520,6.020000000000
I,CAD,STD,INDL,C,031553,2015-12-31,KINDER MORGAN CANADA LIMITED,KMLGF,494549702,0001714973,19,12,CAN,3485.1620,1250.9870,73.6880,2234.1750,1250.9870,425.7820,-22.9100,645.8890,,
I,CAD,STD,INDL,C,031553,2016-12-31,KINDER MORGAN CANADA LIMITED,KMLGF,494549702,0001714973,19,12,CAN,3739.3880,1435.9560,160.2770,2303.4320,1435.9560,432.5160,201.7520,676.0900,,
I,CAD,STD,INDL,C,031553,2017-12-31,KINDER MORGAN CANADA LIMITED,KMLGF,494549702,0001714973,19,12,CAN,4452.7000,928.7000,239.5000,815.1000,1465.9000,423.7000,34.5000,677.7000,103.3670,17.010000000000
I,CAD,STD,INDL,C,031553,2018-12-31,KINDER MORGAN CANADA LIMITED,KMLGF,494549702,0001714973,19,12,CAN,5369.6000,112.3000,4338.6000,4477.1000,649.5000,223.1000,444.6000,383.8000,104.8350,15.930000000000
A,USD,STD,INDL,C,032154,2015-12-31,JBG SMITH PPTYS,JBGS,46590V100,0001689796,11,12,USA,3575.8780,2058.9760,80.4460,1516.3870,2058.9760,146.9080,49.6280,468.8810,,
A,USD,STD,INDL,C,032154,2016-12-31,JBG SMITH PPTYS,JBGS,46590V100,0001689796,11,12,USA,3660.6400,2121.6890,32.2630,1538.6560,2121.6890,171.7300,61.9740,480.5640,,
A,USD,STD,INDL,C,032154,2017-12-31,JBG SMITH PPTYS,JBGS,46590V100,0001689796,11,12,USA,6071.8070,2970.6080,338.5570,2487.8640,2970.6080,201.5100,-71.7530,540.6580,117.9550,34.730000000000
A,USD,STD,INDL,C,032154,2018-12-31,JBG SMITH PPTYS,JBGS,46590V100,0001689796,11,12,USA,5997.2850,2987.1480,399.5320,2451.7930,2987.1480,268.1880,39.9240,698.7590,120.9370,34.810000000000
A,USD,STD,INDL,C,032154,2019-12-31,JBG SMITH PPTYS,JBGS,46590V100,0001689796,11,12,USA,5986.2510,3386.4760,142.5160,1986.8160,3386.4760,252.0650,65.5710,651.7600,134.1480,39.890000000000
A,USD,STD,INDL,C,032154,2020-12-31,JBG SMITH PPTYS,JBGS,46590V100,0001689796,11,12,USA,6079.5470,3206.0390,263.3360,2342.5930,3206.0390,133.1910,-62.3030,581.7620,131.7780,31.270000000000
A,USD,STD,FS,C,032154,2021-12-31,JBG SMITH PPTYS,JBGS,46590V100,0001689796,11,12,USA,6386.2060,2915.9100,,2925.0640,2915.9100,,,,,28.710000000000
A,USD,STD,INDL,C,032154,2021-12-31,JBG SMITH PPTYS,JBGS,46590V100,0001689796,11,12,USA,6386.2060,2915.9100,302.0950,2925.0640,2915.9100,153.7020,-79.2570,636.6100,127.3780,28.710000000000
A,USD,STD,FS,C,032154,2022-12-31,JBG SMITH PPTYS,JBGS,46590V100,0001689796,11,12,USA,5903.4380,2681.8870,,2708.0160,2681.8870,,,,,18.980000000000
A,USD,STD,INDL,C,032154,2022-12-31,JBG SMITH PPTYS,JBGS,46590V100,0001689796,11,12,USA,5903.4380,2681.8870,274.0730,2708.0160,2681.8870,181.0700,85.3710,607.0120,114.0130,18.980000000000
A,USD,STD,FS,C,032154,2023-12-31,JBG SMITH PPTYS,JBGS,46590V100,0001689796,11,12,USA,5518.5150,2222.8760,,2825.9290,2222.8760,,,,,17.010000000000
A,USD,STD,INDL,C,032154,2023-12-31,JBG SMITH PPTYS,JBGS,46590V100,0001689796,11,12,USA,5518.5150,2222.8760,200.4410,2825.9290,2222.8760,87.3870,-79.9780,589.5250,94.3090,17.010000000000
A,USD,STD,FS,C,032154,2024-12-31,JBG SMITH PPTYS,JBGS,46590V100,0001689796,11,12,USA,5020.5400,1809.0580,,2787.8500,1809.0580,,,,,15.370000000000
A,USD,STD,INDL,C,032154,2024-12-31,JBG SMITH PPTYS,JBGS,46590V100,0001689796,11,12,USA,5020.5400,1809.0580,183.1920,2787.8500,1809.0580,88.9660,-143.5260,551.7880,84.5000,15.370000000000
A,USD,STD,FS,C,032154,2025-12-31,JBG SMITH PPTYS,JBGS,46590V100,0001689796,11,12,USA,4388.1910,1157.4540,,2719.2590,1157.5900,,,,,17.010000000000
A,USD,STD,INDL,C,032154,2025-12-31,JBG SMITH PPTYS,JBGS,46590V100,0001689796,11,12,USA,4388.1910,1157.4540,103.2900,2719.2590,1157.5900,51.9010,-139.0630,498.3890,59.5270,17.010000000000
I,USD,STD,INDL,C,032469,2013-12-31,SWITCH INC,SWCH,87105L104,0001710583,11,12,USA,,,,,,,,,,
I,USD,STD,INDL,C,032469,2014-12-31,SWITCH INC,SWCH,87105L104,0001710583,11,12,USA,,,,,,,,,,
I,USD,STD,INDL,C,032469,2015-12-31,SWITCH INC,SWCH,87105L104,0001710583,11,12,USA,647.5780,284.6940,14.1920,362.8840,284.6940,180.1650,73.4720,265.8700,197.3010,
I,USD,STD,INDL,C,032469,2016-12-31,SWITCH INC,SWCH,87105L104,0001710583,11,12,USA,921.0150,278.3630,22.7130,642.6520,278.3630,215.5700,31.3680,318.3520,198.8670,
I,USD,STD,INDL,C,032469,2017-12-31,SWITCH INC,SWCH,87105L104,0001710583,11,12,USA,1434.7590,108.6770,264.6660,692.6260,108.8940,267.3000,-15.2080,378.2750,35.9380,18.190000000000
I,USD,STD,INDL,C,032469,2018-12-31,SWITCH INC,SWCH,87105L104,0001710583,11,12,USA,1460.0300,143.0180,81.5600,751.6780,143.2100,288.0090,4.0520,405.8600,55.2180,7.000000000000
I,USD,STD,INDL,C,032469,2019-12-31,SWITCH INC,SWCH,87105L104,0001710583,11,12,USA,1773.7430,207.3000,24.7210,1146.0980,207.4510,337.7490,8.9170,462.3100,89.7680,14.820000000000
I,USD,STD,INDL,C,032469,2020-12-31,SWITCH INC,SWCH,87105L104,0001710583,11,12,USA,2114.4560,266.3360,90.7190,1503.4890,266.4580,371.4070,15.5390,511.5470,119.0090,16.370000000000
I,USD,STD,INDL,C,032469,2021-12-31,SWITCH INC,SWCH,87105L104,0001710583,11,12,USA,2918.6180,329.5390,50.2150,2299.9770,329.6370,420.9600,5.4120,592.0450,145.1870,28.640000000000
I,USD,STD,INDL,C,033596,2016-12-31,CHARAH SOLUTIONS,CHRA,15957P303,0001730346,19,12,USA,188.8340,20.6600,1.0010,167.4880,20.6600,77.4410,20.9310,265.0680,0.1880,
I,USD,STD,INDL,C,033596,2017-12-31,CHARAH SOLUTIONS,CHRA,15957P303,0001730346,19,12,USA,377.6510,47.7210,32.2640,329.3320,47.7210,110.6420,12.7880,430.3690,148.9570,
I,USD,STD,INDL,C,033596,2018-12-31,CHARAH SOLUTIONS,CHRA,15957P303,0001730346,19,12,USA,458.9010,92.5850,6.9000,365.5110,92.5850,140.0360,-8.9020,740.4620,29.0830,8.350000000000
I,USD,STD,INDL,C,033596,2019-12-31,CHARAH SOLUTIONS,CHRA,15957P303,0001730346,19,12,USA,355.7560,52.4810,6.1280,302.4830,52.4810,63.8130,-42.0580,554.8680,29.6240,2.440000000000
I,USD,STD,INDL,C,033596,2020-12-31,CHARAH SOLUTIONS,CHRA,15957P303,0001730346,19,12,USA,280.9600,19.9060,29.2110,233.2210,47.3290,41.9380,-55.8630,232.3770,30.0770,2.870000000000
I,USD,STD,INDL,C,033596,2021-12-31,CHARAH SOLUTIONS,CHRA,15957P303,0001730346,19,12,USA,344.1070,20.5350,59.1740,287.7780,56.0670,52.5220,-5.8140,293.2190,33.4080,4.730000000000
I,USD,STD,INDL,C,033596,2022-12-31,CHARAH SOLUTIONS,CHRA,15957P303,0001730346,19,12,USA,338.5430,-111.2520,61.6590,378.2520,-39.7090,17.9170,-127.8430,291.0550,3.3800,5.400000000000
A,USD,STD,INDL,C,033668,2016-12-31,BLOOM ENERGY CORP,BE,093712107,0001664703,11,12,USA,1204.0470,-1959.9410,176.4440,1463.1590,-494.1000,-60.3890,-279.6580,208.5400,10.1320,
A,USD,STD,INDL,C,033668,2017-12-31,BLOOM ENERGY CORP,BE,093712107,0001664703,11,12,USA,1220.9870,-2180.0040,175.0310,1721.6240,-714.1630,28.0610,-262.5990,375.9960,10.3530,
A,USD,STD,INDL,C,033668,2018-12-31,BLOOM ENERGY CORP,BE,093712107,0001664703,11,12,USA,1389.6680,-91.6610,353.7350,1298.9580,-91.6610,169.9290,-241.7530,742.0380,109.4210,9.980000000000
A,USD,STD,INDL,C,033668,2019-12-31,BLOOM ENERGY CORP,BE,093712107,0001664703,11,12,USA,1322.5910,-259.5940,233.6270,1490.4510,-259.5940,282.2730,-306.8680,796.4790,121.0370,7.470000000000
A,USD,STD,INDL,C,033668,2020-12-31,BLOOM ENERGY CORP,BE,093712107,0001664703,11,12,USA,1454.3870,78.8240,299.4170,1312.9910,78.8240,218.0720,-157.5530,794.2470,168.0030,28.660000000000
A,USD,STD,INDL,C,033668,2021-12-31,BLOOM ENERGY CORP,BE,093712107,0001664703,11,12,USA,1725.5710,-44.3260,488.5750,1518.5460,164.2260,251.0350,-164.4450,972.1760,176.4600,21.930000000000
A,USD,STD,INDL,C,033668,2022-12-31,BLOOM ENERGY CORP,BE,093712107,0001664703,11,12,USA,1946.6270,340.7770,400.0130,1567.8110,340.7770,318.7260,-301.4080,1199.1250,205.6650,19.120000000000
A,USD,STD,INDL,C,033668,2023-12-31,BLOOM ENERGY CORP,BE,093712107,0001664703,11,12,USA,2413.6770,502.0780,711.4140,1893.0070,502.0780,382.2230,-302.1160,1333.4700,224.7180,14.800000000000
A,USD,STD,INDL,C,033668,2024-12-31,BLOOM ENERGY CORP,BE,093712107,0001664703,11,12,USA,2657.3540,562.4710,913.4730,2072.1380,562.4710,457.2930,-29.2270,1473.8560,229.1420,22.210000000000
A,USD,STD,INDL,C,033668,2025-12-31,BLOOM ENERGY CORP,BE,093712107,0001664703,11,12,USA,4396.7110,768.6410,2456.0810,3603.7480,768.6410,638.2160,-88.4340,2023.9940,280.0450,86.890000000000
A,USD,STD,INDL,C,033809,2016-12-31,CUSHMAN & WAKEFIELD,CWK,G2717C106,0001628369,11,12,BMU,5681.9000,590.0000,427.8000,5091.9000,590.0000,1139.0000,-449.1000,6215.7000,143.1000,
A,USD,STD,INDL,C,033809,2017-12-31,CUSHMAN & WAKEFIELD,CWK,G2717C106,0001628369,11,12,BMU,5797.9000,503.9000,467.9000,5294.0000,503.9000,1284.3000,-220.5000,6923.9000,145.1000,
A,USD,STD,INDL,C,033809,2018-12-31,CUSHMAN & WAKEFIELD,CWK,G2717C106,0001628369,11,12,BMU,6546.0000,1360.1000,965.4000,5185.9000,1360.1000,1577.5000,-185.8000,8219.9000,216.6000,14.470000000000
A,USD,STD,INDL,C,033809,2019-12-31,CUSHMAN & WAKEFIELD,CWK,G2717C106,0001628369,11,12,BMU,7163.4000,1301.3000,872.3000,5862.1000,1301.3000,1769.3000,0.2000,8751.0000,219.8850,20.440000000000
A,USD,STD,INDL,C,033809,2020-12-31,CUSHMAN & WAKEFIELD,CWK,G2717C106,0001628369,11,12,BMU,7337.9000,1094.7000,1164.1000,6242.3000,1094.7000,1388.4000,-220.5000,7843.7000,222.0000,14.830000000000
A,USD,STD,FS,C,033809,2021-12-31,CUSHMAN & WAKEFIELD,CWK,G2717C106,0001628369,11,12,BMU,7890.4000,1447.8000,,6441.8000,1447.8000,,,,,22.240000000000
A,USD,STD,INDL,C,033809,2021-12-31,CUSHMAN & WAKEFIELD,CWK,G2717C106,0001628369,11,12,BMU,7890.4000,1447.8000,890.3000,6441.8000,1447.8000,1940.3000,250.0000,9388.7000,223.7090,22.240000000000
A,USD,STD,FS,C,033809,2022-12-31,CUSHMAN & WAKEFIELD,CWK,G2717C106,0001628369,11,12,BMU,7949.3000,1661.3000,,6287.2000,1661.3000,,,,,12.460000000000
A,USD,STD,INDL,C,033809,2022-12-31,CUSHMAN & WAKEFIELD,CWK,G2717C106,0001628369,11,12,BMU,7949.3000,1661.3000,719.0000,6287.2000,1661.3000,1952.2000,196.4000,10105.7000,225.7810,12.460000000000
A,USD,STD,FS,C,033809,2023-12-31,CUSHMAN & WAKEFIELD,CWK,G2717C106,0001628369,11,12,BMU,7774.0000,1677.4000,,6096.0000,1677.4000,,,,,10.800000000000
A,USD,STD,INDL,C,033809,2023-12-31,CUSHMAN & WAKEFIELD,CWK,G2717C106,0001628369,11,12,BMU,7774.0000,1677.4000,801.2000,6096.0000,1677.4000,1652.1000,-35.4000,9493.7000,227.2820,10.800000000000
A,USD,STD,FS,C,033809,2024-12-31,CUSHMAN & WAKEFIELD,CWK,G2717C106,0001628369,11,12,BMU,7549.2000,1754.9000,,5793.8000,1754.9000,,,,,13.080000000000
A,USD,STD,INDL,C,033809,2024-12-31,CUSHMAN & WAKEFIELD,CWK,G2717C106,0001628369,11,12,BMU,7549.2000,1754.9000,814.6000,5793.8000,1754.9000,1726.3000,131.3000,9446.5000,229.6970,13.080000000000
A,USD,STD,FS,C,033809,2025-12-31,CUSHMAN & WAKEFIELD,CWK,G2717C106,0001628369,11,12,BMU,7676.6000,1955.3000,,5720.8000,1955.3000,,,,,16.190000000000
A,USD,STD,INDL,C,033809,2025-12-31,CUSHMAN & WAKEFIELD,CWK,G2717C106,0001628369,11,12,BMU,7676.6000,1955.3000,803.5000,5720.8000,1955.3000,1880.0000,88.2000,10288.2000,231.7000,16.190000000000
I,USD,STD,INDL,C,034048,2016-12-31,RIO TINTO LITHIUM,ALTM,G0508H110,0001977303,11,12,JEY,372.1000,310.7000,4.0000,61.4000,310.7000,102.5000,47.1000,264.1000,,
I,USD,STD,INDL,C,034048,2017-12-31,RIO TINTO LITHIUM,ALTM,G0508H110,0001977303,11,12,JEY,496.2000,385.4000,1.2000,110.8000,385.4000,163.7000,42.2000,347.4000,,
I,USD,STD,INDL,C,034048,2018-12-31,RIO TINTO LITHIUM,ALTM,G0508H110,0001977303,11,12,JEY,660.0000,487.9000,28.3000,172.1000,487.9000,220.7000,126.1000,442.5000,146.0000,13.800000000000
I,USD,STD,INDL,C,034048,2019-12-31,RIO TINTO LITHIUM,ALTM,G0508H110,0001977303,11,12,JEY,859.6000,544.0000,16.8000,315.6000,544.0000,141.9000,50.2000,388.4000,145.9820,8.550000000000
I,USD,STD,INDL,C,034048,2020-12-31,RIO TINTO LITHIUM,ALTM,G0508H110,0001977303,11,12,JEY,936.8000,565.8000,11.6000,371.0000,565.8000,68.6000,-18.9000,288.2000,146.3620,18.840000000000
I,USD,STD,INDL,C,034048,2021-12-31,RIO TINTO LITHIUM,ALTM,G0508H110,0001977303,11,12,JEY,1202.5000,795.4000,113.0000,407.1000,795.4000,121.8000,0.6000,420.4000,161.6900,24.380000000000
I,USD,STD,INDL,C,034048,2022-12-31,RIO TINTO LITHIUM,ALTM,G0508H110,0001977303,11,12,JEY,2074.2000,1443.0000,189.0000,631.2000,1443.0000,429.9000,273.5000,813.2000,179.5490,19.870000000000
I,USD,STD,INDL,C,034048,2023-12-31,RIO TINTO LITHIUM,ALTM,G0508H110,0001977303,11,12,JEY,3230.1000,1784.2000,237.6000,946.3000,1784.2000,569.8000,330.1000,882.5000,179.8820,17.980000000000
I,USD,STD,INDL,C,034048,2024-12-31,RIO TINTO LITHIUM,ALTM,G0508H110,0001977303,11,12,JEY,10190.1000,6261.9000,93.2000,3009.3000,6261.9000,440.8000,103.2000,1007.8000,1076.2590,5.130000000000
I,USD,STD,INDL,C,034337,2013-12-31,EQUITRANS MID CORP,ETRN,294600101,0001747009,11,12,USA,,,,,,,,,,
I,USD,STD,INDL,C,034337,2014-12-31,EQUITRANS MID CORP,ETRN,294600101,0001747009,11,12,USA,,,,,,,,,,
I,USD,STD,INDL,C,034337,2015-12-31,EQUITRANS MID CORP,ETRN,294600101,0001747009,11,12,USA,,,,,,,,,,
I,USD,STD,INDL,C,034337,2016-12-31,EQUITRANS MID CORP,ETRN,294600101,0001747009,11,12,USA,4392.1550,-66.3000,966.2700,1199.4890,-66.3000,587.5050,65.1530,732.2720,,
I,USD,STD,INDL,C,034337,2017-12-31,EQUITRANS MID CORP,ETRN,294600101,0001747009,11,12,USA,8328.7960,1143.7690,121.0040,2090.0320,1143.7690,730.3880,-27.1560,895.5580,,
I,USD,STD,INDL,C,034337,2018-12-31,EQUITRANS MID CORP,ETRN,294600101,0001747009,11,12,USA,10523.8350,457.7930,294.1720,5264.2020,457.7930,1207.8370,218.3980,1495.0980,254.2710,20.020000000000
I,USD,STD,INDL,C,034337,2019-12-31,EQUITRANS MID CORP,ETRN,294600101,0001747009,11,12,USA,12041.7090,672.7160,88.3220,6759.6290,672.7160,1351.9600,-203.7430,1630.2420,254.7450,13.360000000000
I,USD,STD,INDL,C,034337,2020-12-31,EQUITRANS MID CORP,ETRN,294600101,0001747009,11,12,USA,12725.8520,3210.1070,208.0230,8362.7380,3891.9490,1226.7470,423.1320,1510.8250,432.4700,8.040000000000
I,USD,STD,INDL,C,034337,2021-12-31,EQUITRANS MID CORP,ETRN,294600101,0001747009,11,12,USA,10920.7640,1527.5310,134.6610,8228.1960,2209.3730,1024.9640,-1380.4780,1317.0370,432.5220,10.340000000000
I,USD,STD,INDL,C,034337,2022-12-31,EQUITRANS MID CORP,ETRN,294600101,0001747009,11,12,USA,10445.5850,919.2050,67.8980,8365.1390,1601.0470,1082.6630,-269.3420,1357.7470,432.7810,6.700000000000
I,USD,STD,INDL,C,034337,2023-12-31,EQUITRANS MID CORP,ETRN,294600101,0001747009,11,12,USA,11709.4260,1043.6710,258.8770,9521.3090,1725.5130,1017.0270,445.2290,1365.1290,433.5050,10.180000000000
A,USD,STD,INDL,C,034443,2016-12-31,DOW INC,DOW,260557103,0001751788,11,12,USA,79511.0000,25987.0000,6607.0000,52282.0000,25987.0000,13040.0000,4318.0000,48158.0000,1211.1330,
A,USD,STD,INDL,C,034443,2017-12-31,DOW INC,DOW,260557103,0001751788,11,12,USA,79940.0000,25823.0000,6192.0000,52931.0000,25823.0000,13621.0000,466.0000,55508.0000,,
A,USD,STD,INDL,C,034443,2018-12-31,DOW INC,DOW,260557103,0001751788,11,12,USA,77378.0000,26831.0000,2809.0000,49409.0000,26831.0000,15108.0000,4499.0000,60278.0000,,
A,USD,STD,INDL,C,034443,2019-12-31,DOW INC,DOW,260557103,0001751788,11,12,USA,60524.0000,13541.0000,2401.0000,46430.0000,13541.0000,8584.0000,-1359.0000,42951.0000,741.4990,54.730000000000
A,USD,STD,INDL,C,034443,2020-12-31,DOW INC,DOW,260557103,0001751788,11,12,USA,61470.0000,12435.0000,5153.0000,48465.0000,12435.0000,7383.0000,1225.0000,38542.0000,743.1900,55.500000000000
A,USD,STD,INDL,C,034443,2021-12-31,DOW INC,DOW,260557103,0001751788,11,12,USA,62990.0000,18165.0000,3278.0000,44251.0000,18165.0000,13127.0000,6311.0000,54968.0000,735.2150,56.720000000000
A,USD,STD,INDL,C,034443,2022-12-31,DOW INC,DOW,260557103,0001751788,11,12,USA,60603.0000,20718.0000,4879.0000,39356.0000,20718.0000,10833.0000,4582.0000,56902.0000,704.8800,50.390000000000
A,USD,STD,INDL,C,034443,2023-12-31,DOW INC,DOW,260557103,0001751788,11,12,USA,57967.0000,18607.0000,4348.0000,38859.0000,18607.0000,7300.0000,589.0000,44622.0000,702.2930,54.840000000000
A,USD,STD,INDL,C,034443,2024-12-31,DOW INC,DOW,260557103,0001751788,11,12,USA,57312.0000,17355.0000,2263.0000,39461.0000,17355.0000,6928.0000,1116.0000,42964.0000,703.6130,40.130000000000
A,USD,STD,INDL,C,034443,2025-12-31,DOW INC,DOW,260557103,0001751788,11,12,USA,58538.0000,16008.0000,3952.0000,41016.0000,16008.0000,5285.0000,-2623.0000,39968.0000,717.2220,23.380000000000
I,USD,STD,INDL,C,035374,2018-01-31,MEDALLIA INC,MDLA,584021109,0001540184,11,1,USA,265.1820,34.9850,60.0870,230.1250,35.0570,177.4130,-70.3610,261.1950,24.6410,
I,USD,STD,INDL,C,035374,2019-01-31,MEDALLIA INC,MDLA,584021109,0001540184,11,1,USA,280.1840,-6.6300,44.8760,286.7420,-6.5580,211.5970,-82.2340,313.6420,29.7590,
I,USD,STD,INDL,C,035374,2020-01-31,MEDALLIA INC,MDLA,584021109,0001540184,11,1,USA,731.6490,397.7960,343.6990,333.8530,397.7960,272.8850,-112.3330,402.4630,132.3460,28.220000000000
I,USD,STD,INDL,C,035374,2021-01-31,MEDALLIA INC,MDLA,584021109,0001540184,11,1,USA,1401.6490,508.2410,682.3890,893.4080,508.2410,335.5840,-148.6560,477.2210,154.9960,41.500000000000
I,USD,STD,INDL,C,035395,2017-12-31,SUNNOVA ENRGY INTL INC,NOVAQ,86745K104,0001772695,19,12,USA,1328.7880,370.1400,60.9180,919.0140,371.1840,70.8360,-91.0850,76.8560,20.1450,
I,USD,STD,INDL,C,035395,2018-12-31,SUNNOVA ENRGY INTL INC,NOVAQ,86745K104,0001772695,19,12,USA,1665.0850,499.7670,57.8960,1078.2860,501.1190,94.4290,-74.2460,104.3820,20.1450,
I,USD,STD,INDL,C,035395,2019-12-31,SUNNOVA ENRGY INTL INC,NOVAQ,86745K104,0001772695,19,12,USA,2487.0670,645.9350,93.9590,1668.8270,645.9350,120.6170,-144.3510,131.5560,83.9810,11.160000000000
I,USD,STD,INDL,C,035395,2020-12-31,SUNNOVA ENRGY INTL INC,NOVAQ,86745K104,0001772695,19,12,USA,3587.5820,951.7310,282.8790,2306.9010,951.7310,140.0090,-252.2840,160.8200,100.4120,45.130000000000
I,USD,STD,INDL,C,035395,2021-12-31,SUNNOVA ENRGY INTL INC,NOVAQ,86745K104,0001772695,19,12,USA,5504.2340,1189.4950,323.3140,3882.6210,1189.4950,225.0030,-138.1280,241.7520,113.3870,27.920000000000
I,USD,STD,INDL,C,035395,2022-12-31,SUNNOVA ENRGY INTL INC,NOVAQ,86745K104,0001772695,19,12,USA,8336.8920,1273.0760,411.9900,6449.4420,1273.0760,323.7720,-161.6420,557.6900,114.9390,18.010000000000
I,USD,STD,INDL,C,035395,2023-12-31,SUNNOVA ENRGY INTL INC,NOVAQ,86745K104,0001772695,19,12,USA,11340.9710,1526.8900,275.0200,9212.0590,1526.8900,363.0090,-417.9610,720.6530,122.4670,15.250000000000
I,USD,STD,INDL,C,035395,2024-12-31,SUNNOVA ENRGY INTL INC,NOVAQ,86745K104,0001772695,19,12,USA,13353.6990,1831.6440,289.4320,10668.6060,1831.6440,507.0580,-367.8930,839.9220,125.0680,3.430000000000
A,USD,STD,INDL,C,035497,2017-12-31,ENVISTA HOLDINGS CORP,NVST,29415F104,0001757073,11,12,USA,5992.8000,4990.5000,0.0000,998.2000,4990.5000,1748.9000,301.1000,2810.9000,,
A,USD,STD,INDL,C,035497,2018-12-31,ENVISTA HOLDINGS CORP,NVST,29415F104,0001757073,11,12,USA,5841.6000,4823.1000,0.0000,1015.2000,4823.1000,1739.6000,230.7000,2844.5000,,
A,USD,STD,INDL,C,035497,2019-12-31,ENVISTA HOLDINGS CORP,NVST,29415F104,0001757073,11,12,USA,6158.3000,3540.2000,211.2000,2615.5000,3540.2000,1644.6000,217.6000,2751.6000,158.7000,29.640000000000
A,USD,STD,INDL,C,035497,2020-12-31,ENVISTA HOLDINGS CORP,NVST,29415F104,0001757073,11,12,USA,6876.0000,3720.6000,888.9000,3155.0000,3720.6000,1335.6000,33.3000,2282.0000,160.0270,33.730000000000
A,USD,STD,INDL,C,035497,2021-12-31,ENVISTA HOLDINGS CORP,NVST,29415F104,0001757073,11,12,USA,6574.2000,4057.6000,1073.6000,2516.2000,4057.6000,1580.2000,340.5000,2508.9000,161.6000,45.060000000000
A,USD,STD,INDL,C,035497,2022-12-31,ENVISTA HOLDINGS CORP,NVST,29415F104,0001757073,11,12,USA,6587.0000,4206.9000,606.9000,2380.1000,4206.9000,1635.7000,243.1000,2569.1000,163.2000,33.670000000000
A,USD,STD,INDL,C,035497,2023-12-31,ENVISTA HOLDINGS CORP,NVST,29415F104,0001757073,11,12,USA,6605.1000,4173.9000,940.0000,2431.2000,4173.9000,1586.1000,-100.2000,2566.5000,171.5000,24.060000000000
A,USD,STD,INDL,C,035497,2024-12-31,ENVISTA HOLDINGS CORP,NVST,29415F104,0001757073,11,12,USA,5350.5000,2934.8000,1069.1000,2415.7000,2934.8000,1514.7000,-1118.6000,2510.6000,172.2000,19.290000000000
A,USD,STD,INDL,C,035497,2025-12-31,ENVISTA HOLDINGS CORP,NVST,29415F104,0001757073,11,12,USA,5679.0000,3106.3000,1211.7000,2572.7000,3106.3000,1614.3000,47.0000,2719.5000,163.8000,21.710000000000
I,USD,STD,INDL,C,035978,2014-12-31,ARCONIC CORP,ARNC,03966V107,0001790982,11,12,USA,,,,,,,,,,
I,USD,STD,INDL,C,035978,2015-12-31,ARCONIC CORP,ARNC,03966V107,0001790982,11,12,USA,,,,,,,,,,
I,USD,STD,INDL,C,035978,2016-12-31,ARCONIC CORP,ARNC,03966V107,0001790982,11,12,USA,,,,,,,,,,
I,USD,STD,INDL,C,035978,2017-12-31,ARCONIC CORP,ARNC,03966V107,0001790982,11,12,USA,4902.0000,2994.0000,126.0000,1895.0000,2994.0000,958.0000,209.0000,6824.0000,,
I,USD,STD,INDL,C,035978,2018-12-31,ARCONIC CORP,ARNC,03966V107,0001790982,11,12,USA,4795.0000,2665.0000,81.0000,2118.0000,2665.0000,893.0000,170.0000,7442.0000,,
I,USD,STD,INDL,C,035978,2019-12-31,ARCONIC CORP,ARNC,03966V107,0001790982,11,12,USA,4741.0000,2714.0000,72.0000,2013.0000,2714.0000,1007.0000,225.0000,7277.0000,,
I,USD,STD,INDL,C,035978,2020-12-31,ARCONIC CORP,ARNC,03966V107,0001790982,11,12,USA,6314.0000,1433.0000,787.0000,4867.0000,1433.0000,813.0000,-109.0000,5675.0000,109.2050,29.800000000000
I,USD,STD,INDL,C,035978,2021-12-31,ARCONIC CORP,ARNC,03966V107,0001790982,11,12,USA,6580.0000,1545.0000,335.0000,5021.0000,1545.0000,931.0000,-397.0000,7504.0000,105.3270,33.010000000000
I,USD,STD,INDL,C,035978,2022-12-31,ARCONIC CORP,ARNC,03966V107,0001790982,11,12,USA,6015.0000,1357.0000,261.0000,4658.0000,1357.0000,956.0000,-182.0000,8961.0000,99.4320,21.160000000000
A,USD,STD,INDL,C,036191,2018-12-31,CARRIER GLOBAL CORP,CARR,14448C104,0001783180,11,12,USA,21737.0000,13917.0000,1134.0000,7468.0000,13917.0000,5962.0000,2734.0000,18914.0000,,
A,USD,STD,INDL,C,036191,2019-12-31,CARRIER GLOBAL CORP,CARR,14448C104,0001783180,11,12,USA,22406.0000,14102.0000,957.0000,7971.0000,14102.0000,5790.0000,2116.0000,18608.0000,,
A,USD,STD,INDL,C,036191,2020-12-31,CARRIER GLOBAL CORP,CARR,14448C104,0001783180,11,12,USA,25093.0000,6252.0000,3119.0000,18515.0000,6252.0000,5465.0000,1982.0000,17456.0000,867.8290,37.720000000000
A,USD,STD,INDL,C,036191,2021-12-31,CARRIER GLOBAL CORP,CARR,14448C104,0001783180,11,12,USA,26172.0000,6767.0000,3026.0000,19078.0000,6767.0000,6344.0000,1664.0000,20613.0000,863.0390,54.240000000000
A,USD,STD,INDL,C,036191,2022-12-31,CARRIER GLOBAL CORP,CARR,14448C104,0001783180,11,12,USA,26086.0000,7758.0000,3527.0000,18010.0000,7758.0000,5853.0000,3534.0000,20421.0000,834.6650,41.250000000000
A,USD,STD,INDL,C,036191,2023-12-31,CARRIER GLOBAL CORP,CARR,14448C104,0001783180,11,12,USA,32822.0000,8677.0000,10017.0000,23817.0000,8677.0000,6984.0000,1349.0000,22098.0000,839.9100,57.450000000000
A,USD,STD,INDL,C,036191,2024-12-31,CARRIER GLOBAL CORP,CARR,14448C104,0001783180,11,12,USA,37403.0000,14081.0000,3972.0000,23008.0000,14081.0000,7533.0000,5604.0000,22486.0000,878.3380,68.260000000000
A,USD,STD,INDL,C,036191,2025-12-31,CARRIER GLOBAL CORP,CARR,14448C104,0001783180,11,12,USA,37190.0000,13804.0000,1557.0000,23062.0000,13804.0000,6933.0000,1484.0000,21747.0000,836.1410,52.840000000000
A,USD,STD,INDL,C,037019,2018-10-31,MISSION PRODUCE INC,AVO,60510V108,0001802974,14,10,USA,621.7730,313.4510,30.4950,308.3220,313.4510,63.3960,72.4410,859.8870,63.4920,
A,USD,STD,INDL,C,037019,2019-10-31,MISSION PRODUCE INC,AVO,60510V108,0001802974,14,10,USA,689.4490,379.0330,65.6360,310.4160,379.0330,171.1410,71.6990,883.3010,63.3860,
A,USD,STD,INDL,C,037019,2020-10-31,MISSION PRODUCE INC,AVO,60510V108,0001802974,14,10,USA,777.3000,473.5000,125.4000,303.8000,473.5000,142.7000,28.8000,862.3000,70.5510,13.190000000000
A,USD,STD,INDL,C,037019,2021-10-31,MISSION PRODUCE INC,AVO,60510V108,0001802974,14,10,USA,873.5000,534.2000,90.6000,339.3000,534.2000,144.9000,44.9000,891.7000,70.6320,18.990000000000
A,USD,STD,INDL,C,037019,2022-10-31,MISSION PRODUCE INC,AVO,60510V108,0001802974,14,10,USA,879.5000,502.1000,53.9000,356.6000,502.1000,114.4000,-34.6000,1045.9000,70.6700,16.640000000000
A,USD,STD,INDL,C,037019,2023-10-31,MISSION PRODUCE INC,AVO,60510V108,0001802974,14,10,USA,914.8000,503.6000,43.2000,386.5000,503.6000,116.0000,-2.8000,953.9000,70.7280,9.410000000000
A,USD,STD,INDL,C,037019,2024-10-31,MISSION PRODUCE INC,AVO,60510V108,0001802974,14,10,USA,971.5000,547.3000,59.3000,394.4000,547.3000,190.2000,36.7000,1234.7000,70.9150,11.800000000000
A,USD,STD,INDL,C,037019,2025-10-31,MISSION PRODUCE INC,AVO,60510V108,0001802974,14,10,USA,983.0000,587.3000,66.5000,363.1000,587.3000,195.3000,37.7000,1391.2000,70.5700,11.520000000000
I,USD,STD,INDL,C,060902,2010-12-31,HAWAIIAN HOLDINGS INC,HA,419879101,0001172222,14,12,USA,1117.4990,277.8690,290.2610,839.6300,277.8690,332.8380,110.2550,1310.0930,50.2210,7.840000000000
I,USD,STD,INDL,C,060902,2011-12-31,HAWAIIAN HOLDINGS INC,HA,419879101,0001172222,14,12,USA,1487.5290,222.8760,335.0450,1264.6530,222.8760,378.5050,-2.6490,1650.4590,50.7300,5.800000000000
I,USD,STD,INDL,C,060902,2012-12-31,HAWAIIAN HOLDINGS INC,HA,419879101,0001172222,14,12,USA,1865.8240,268.6020,410.8800,1597.2220,268.6020,490.1520,53.2370,1970.2530,51.4400,6.570000000000
I,USD,STD,INDL,C,060902,2013-12-31,HAWAIIAN HOLDINGS INC,HA,419879101,0001172222,14,12,USA,2164.2610,396.8640,442.8180,1767.3970,396.8640,515.7520,51.8540,2155.8650,52.4230,9.630000000000
I,USD,STD,INDL,C,060902,2014-12-31,HAWAIIAN HOLDINGS INC,HA,419879101,0001172222,14,12,USA,2602.5280,367.2330,530.7740,2235.2950,367.2330,646.4570,68.9260,2314.8790,54.4560,26.050000000000
I,USD,STD,INDL,C,060902,2015-12-31,HAWAIIAN HOLDINGS INC,HA,419879101,0001172222,14,12,USA,2509.7100,446.0620,565.0470,2063.6480,446.0620,765.5900,182.6460,2317.4670,53.4010,35.330000000000
I,USD,STD,INDL,C,060902,2016-12-31,HAWAIIAN HOLDINGS INC,HA,419879101,0001172222,14,12,USA,2708.6010,680.4530,615.0660,2028.1480,680.4530,865.9520,235.4320,2450.5800,53.4350,57.000000000000
I,USD,STD,INDL,C,060902,2017-12-31,HAWAIIAN HOLDINGS INC,HA,419879101,0001172222,14,12,USA,2859.8310,965.9420,461.2500,1893.8890,965.9420,896.8150,364.0410,2695.6280,51.1730,39.850000000000
I,USD,STD,INDL,C,060902,2018-12-31,HAWAIIAN HOLDINGS INC,HA,419879101,0001172222,14,12,USA,3196.6460,947.9940,500.8180,2248.6520,947.9940,771.0780,233.2000,2837.4110,48.5400,26.410000000000
I,USD,STD,INDL,C,060902,2019-12-31,HAWAIIAN HOLDINGS INC,HA,419879101,0001172222,14,12,USA,4126.6240,1081.7960,618.6550,3044.8280,1081.7960,771.8590,223.9840,2832.2280,46.1220,29.290000000000
I,USD,STD,INDL,C,060902,2020-12-31,HAWAIIAN HOLDINGS INC,HA,419879101,0001172222,14,12,USA,3978.0300,600.1570,864.4210,3377.8730,600.1570,-401.4430,-510.9350,844.8130,48.1450,17.700000000000
I,USD,STD,INDL,C,060902,2021-12-31,HAWAIIAN HOLDINGS INC,HA,419879101,0001172222,14,12,USA,4631.1200,569.0860,1749.5800,4062.0340,569.0860,-69.7040,-144.7730,1596.5840,51.2330,18.370000000000
I,USD,STD,INDL,C,060902,2022-12-31,HAWAIIAN HOLDINGS INC,HA,419879101,0001172222,14,12,USA,4139.6230,333.2650,1393.8130,3806.3580,333.2650,226.6890,-240.0810,2641.2670,51.4510,10.260000000000
I,USD,STD,INDL,C,060902,2023-12-31,HAWAIIAN HOLDINGS INC,HA,419879101,0001172222,14,12,USA,3733.5250,95.4250,925.7470,3638.1000,95.4250,145.3410,-260.4940,2716.2840,51.8240,14.200000000000
A,USD,STD,INDL,C,061567,2010-06-30,ESTEE LAUDER COMPANIES INC,EL,518439104,0001001250,11,6,USA,5335.6000,1948.4000,1120.7000,3370.2000,1948.4000,6250.9000,478.3000,7811.5000,197.7240,55.730000000000
A,USD,STD,INDL,C,061567,2011-06-30,ESTEE LAUDER COMPANIES INC,EL,518439104,0001001250,11,6,USA,6273.9000,2629.4000,1253.0000,3626.9000,2629.4000,7181.6000,700.8000,8814.6000,197.2810,105.190000000000
A,USD,STD,INDL,C,061567,2012-06-30,ESTEE LAUDER COMPANIES INC,EL,518439104,0001001250,11,6,USA,6593.0000,2733.2000,1347.7000,3845.5000,2733.2000,8022.2000,856.9000,9715.7000,388.8980,54.120000000000
A,USD,STD,INDL,C,061567,2013-06-30,ESTEE LAUDER COMPANIES INC,EL,518439104,0001001250,11,6,USA,7145.2000,3286.9000,1495.7000,3843.3000,3286.9000,8500.8000,1019.8000,10183.2000,387.9940,65.770000000000
A,USD,STD,INDL,C,061567,2014-06-30,ESTEE LAUDER COMPANIES INC,EL,518439104,0001001250,11,6,USA,7868.8000,3854.9000,1629.1000,3999.4000,3854.9000,9201.0000,1204.1000,10968.7000,382.8850,74.260000000000
A,USD,STD,INDL,C,061567,2015-06-30,ESTEE LAUDER COMPANIES INC,EL,518439104,0001001250,11,6,USA,8239.2000,3643.2000,1525.1000,4584.9000,3643.2000,9093.5000,1088.9000,10780.4000,374.8820,86.660000000000
A,USD,STD,INDL,C,061567,2016-06-30,ESTEE LAUDER COMPANIES INC,EL,518439104,0001001250,11,6,USA,9223.3000,3571.9000,1383.4000,5636.0000,3571.9000,9499.8000,1114.6000,11263.7000,367.7600,91.020000000000
A,USD,STD,INDL,C,061567,2017-06-30,ESTEE LAUDER COMPANIES INC,EL,518439104,0001001250,11,6,USA,11568.0000,4384.0000,1741.0000,7166.0000,4384.0000,9867.0000,1249.0000,11826.0000,368.1040,95.980000000000
A,USD,STD,INDL,C,061567,2018-06-30,ESTEE LAUDER COMPANIES INC,EL,518439104,0001001250,11,6,USA,12567.0000,4688.0000,2715.0000,7857.0000,4688.0000,11385.0000,1108.0000,13691.0000,367.1460,142.690000000000
A,USD,STD,INDL,C,061567,2019-06-30,ESTEE LAUDER COMPANIES INC,EL,518439104,0001001250,11,6,USA,13156.0000,4386.0000,2987.0000,8745.0000,4386.0000,12047.0000,1785.0000,14866.0000,361.1020,183.110000000000
A,USD,STD,INDL,C,061567,2020-06-30,ESTEE LAUDER COMPANIES INC,EL,518439104,0001001250,11,6,USA,17781.0000,3935.0000,5022.0000,13819.0000,3935.0000,11329.0000,684.0000,14294.0000,360.5250,188.680000000000
A,USD,STD,INDL,C,061567,2021-06-30,ESTEE LAUDER COMPANIES INC,EL,518439104,0001001250,11,6,USA,21971.0000,6057.0000,4958.0000,15023.0000,6057.0000,13025.0000,2870.0000,16229.0000,361.7590,318.080000000000
A,USD,STD,INDL,C,061567,2022-06-30,ESTEE LAUDER COMPANIES INC,EL,518439104,0001001250,11,6,USA,20910.0000,5590.0000,3957.0000,14478.0000,5590.0000,14155.0000,2390.0000,17741.0000,357.0550,254.670000000000
A,USD,STD,INDL,C,061567,2023-06-30,ESTEE LAUDER COMPANIES INC,EL,518439104,0001001250,11,6,USA,23415.0000,5585.0000,4029.0000,16998.0000,5585.0000,12109.0000,1006.0000,15937.0000,357.6200,196.380000000000
A,USD,STD,INDL,C,061567,2024-06-30,ESTEE LAUDER COMPANIES INC,EL,518439104,0001001250,11,6,USA,21677.0000,5314.0000,3395.0000,16363.0000,5314.0000,12004.0000,390.0000,15609.0000,358.6890,106.400000000000
A,USD,STD,INDL,C,061567,2025-06-30,ESTEE LAUDER COMPANIES INC,EL,518439104,0001001250,11,6,USA,19892.0000,3865.0000,2921.0000,16027.0000,3865.0000,11426.0000,-1133.0000,14329.0000,359.7670,80.800000000000
I,USD,STD,INDL,C,061685,2010-09-30,NUANCE COMMUNICATIONS INC,NUAN,67020Y100,0001002517,14,9,USA,3769.6990,2292.5650,546.1770,1472.5030,2297.1960,778.9150,-19.0990,1118.9480,297.9500,15.640000000000
I,USD,STD,INDL,C,061685,2011-09-30,NUANCE COMMUNICATIONS INC,NUAN,67020Y100,0001002517,14,9,USA,4095.2930,2488.7400,485.2670,1601.9220,2493.3710,901.6310,38.2380,1318.7410,308.7050,20.340000000000
I,USD,STD,INDL,C,061685,2012-09-30,NUANCE COMMUNICATIONS INC,NUAN,67020Y100,0001002517,14,9,USA,5799.0400,2723.6450,1129.7610,3052.3340,2746.7060,1138.3470,207.1350,1651.5090,312.0700,24.890000000000
I,USD,STD,INDL,C,061685,2013-09-30,NUANCE COMMUNICATIONS INC,NUAN,67020Y100,0001002517,14,9,USA,5958.6030,2638.0140,846.8460,3320.5890,2638.0140,1192.1300,-115.2380,1855.2790,315.6140,18.680000000000
I,USD,STD,INDL,C,061685,2014-09-30,NUANCE COMMUNICATIONS INC,NUAN,67020Y100,0001002517,14,9,USA,5820.2840,2581.9920,588.2040,3238.2920,2581.9920,1191.8240,-150.3430,1923.4510,320.8700,15.415000000000
I,USD,STD,INDL,C,061685,2015-09-30,NUANCE COMMUNICATIONS INC,NUAN,67020Y100,0001002517,14,9,USA,5585.3450,2265.2520,536.6860,3320.0930,2265.2520,1227.2720,-115.0100,1931.1360,309.7810,16.370000000000
I,USD,STD,INDL,C,061685,2016-09-30,NUANCE COMMUNICATIONS INC,NUAN,67020Y100,0001002517,14,9,USA,5661.4700,1931.3300,580.4600,3730.1400,1931.3300,1242.8560,-12.4580,1948.9030,287.6330,14.500000000000
I,USD,STD,INDL,C,061685,2017-09-30,NUANCE COMMUNICATIONS INC,NUAN,67020Y100,0001002517,14,9,USA,5931.9230,1931.3820,844.2800,4000.5410,1931.3820,1206.0800,-150.9960,1939.3620,290.1870,15.720000000000
I,USD,STD,INDL,C,061685,2018-09-30,NUANCE COMMUNICATIONS INC,NUAN,67020Y100,0001002517,14,9,USA,5302.3790,1717.4960,451.5420,3584.8830,1717.4960,1297.3140,-159.9280,2051.6610,287.7530,17.320000000000
I,USD,STD,INDL,C,061685,2019-09-30,NUANCE COMMUNICATIONS INC,NUAN,67020Y100,0001002517,14,9,USA,5365.7930,2155.0060,747.5160,3192.6430,2155.0060,1135.2330,213.8100,1823.0920,285.9300,16.310000000000
I,USD,STD,INDL,C,061685,2020-09-30,NUANCE COMMUNICATIONS INC,NUAN,67020Y100,0001002517,14,9,USA,3593.3320,1143.9330,372.3470,2449.3990,1143.9330,905.5420,21.3960,1478.8990,282.9520,33.190000000000
I,USD,STD,INDL,C,061685,2021-09-30,NUANCE COMMUNICATIONS INC,NUAN,67020Y100,0001002517,14,9,USA,3386.6530,1634.9340,209.4750,1706.6810,1634.9340,886.7920,-26.7260,1362.3790,315.6510,55.040000000000
A,USD,STD,FS,C,062689,2010-12-31,TRAVELERS COS INC,TRV,89417E109,0000086312,11,12,USA,105181.0000,25407.0000,,79706.0000,25475.0000,,,,,55.710000000000
A,USD,STD,INDL,C,062689,2010-12-31,TRAVELERS COS INC,TRV,89417E109,0000086312,11,12,USA,105181.0000,25407.0000,11156.0000,79706.0000,25475.0000,8100.0000,3216.0000,25112.0000,434.6000,55.710000000000
A,USD,STD,FS,C,062689,2011-12-31,TRAVELERS COS INC,TRV,89417E109,0000086312,11,12,USA,104602.0000,24477.0000,,80125.0000,24477.0000,,,,,59.170000000000
A,USD,STD,INDL,C,062689,2011-12-31,TRAVELERS COS INC,TRV,89417E109,0000086312,11,12,USA,104602.0000,24477.0000,9709.0000,80125.0000,24477.0000,5294.0000,1426.0000,25446.0000,392.8000,59.170000000000
A,USD,STD,FS,C,062689,2012-12-31,TRAVELERS COS INC,TRV,89417E109,0000086312,11,12,USA,104938.0000,25405.0000,,79533.0000,25405.0000,,,,,71.820000000000
A,USD,STD,INDL,C,062689,2012-12-31,TRAVELERS COS INC,TRV,89417E109,0000086312,11,12,USA,104938.0000,25405.0000,9532.0000,79533.0000,25405.0000,7154.0000,2473.0000,25740.0000,377.4000,71.820000000000
A,USD,STD,FS,C,062689,2013-12-31,TRAVELERS COS INC,TRV,89417E109,0000086312,11,12,USA,103812.0000,24796.0000,,79016.0000,24796.0000,,,,,90.540000000000
A,USD,STD,INDL,C,062689,2013-12-31,TRAVELERS COS INC,TRV,89417E109,0000086312,11,12,USA,103812.0000,24796.0000,12701.0000,79016.0000,24796.0000,8595.0000,3673.0000,25723.0000,353.5000,90.540000000000
A,USD,STD,FS,C,062689,2014-12-31,TRAVELERS COS INC,TRV,89417E109,0000086312,11,12,USA,103078.0000,24836.0000,,78242.0000,24836.0000,,,,,105.850000000000
A,USD,STD,INDL,C,062689,2014-12-31,TRAVELERS COS INC,TRV,89417E109,0000086312,11,12,USA,103078.0000,24836.0000,12597.0000,78242.0000,24836.0000,8924.0000,3692.0000,26676.0000,322.2000,105.850000000000
A,USD,STD,FS,C,062689,2015-12-31,TRAVELERS COS INC,TRV,89417E109,0000086312,11,12,USA,100184.0000,23598.0000,,76586.0000,23598.0000,,,,,112.860000000000
A,USD,STD,INDL,C,062689,2015-12-31,TRAVELERS COS INC,TRV,89417E109,0000086312,11,12,USA,100184.0000,23598.0000,11375.0000,76586.0000,23598.0000,8974.0000,3439.0000,26582.0000,295.9000,112.860000000000
A,USD,STD,FS,C,062689,2016-12-31,TRAVELERS COS INC,TRV,89417E109,0000086312,11,12,USA,100245.0000,23221.0000,,77024.0000,23221.0000,,,,,122.420000000000
A,USD,STD,INDL,C,062689,2016-12-31,TRAVELERS COS INC,TRV,89417E109,0000086312,11,12,USA,100245.0000,23221.0000,10849.0000,77024.0000,23221.0000,8212.0000,3014.0000,27267.0000,279.6000,122.420000000000
A,USD,STD,FS,C,062689,2017-12-31,TRAVELERS COS INC,TRV,89417E109,0000086312,11,12,USA,103483.0000,23731.0000,,79752.0000,23731.0000,,,,,135.640000000000
A,USD,STD,INDL,C,062689,2017-12-31,TRAVELERS COS INC,TRV,89417E109,0000086312,11,12,USA,103483.0000,23731.0000,9988.0000,79752.0000,23731.0000,6872.0000,2056.0000,28505.0000,271.4000,135.640000000000
A,USD,STD,FS,C,062689,2018-12-31,TRAVELERS COS INC,TRV,89417E109,0000086312,11,12,USA,104233.0000,22894.0000,,81339.0000,22894.0000,,,,,119.750000000000
A,USD,STD,INDL,C,062689,2018-12-31,TRAVELERS COS INC,TRV,89417E109,0000086312,11,12,USA,104233.0000,22894.0000,8863.0000,81339.0000,22894.0000,7245.0000,2523.0000,29917.0000,263.6000,119.750000000000
A,USD,STD,FS,C,062689,2019-12-31,TRAVELERS COS INC,TRV,89417E109,0000086312,11,12,USA,110122.0000,25943.0000,,84179.0000,25943.0000,,,,,136.950000000000
A,USD,STD,INDL,C,062689,2019-12-31,TRAVELERS COS INC,TRV,89417E109,0000086312,11,12,USA,110122.0000,25943.0000,9197.0000,84179.0000,25943.0000,7596.0000,2622.0000,31330.0000,255.5000,136.950000000000
A,USD,STD,FS,C,062689,2020-12-31,TRAVELERS COS INC,TRV,89417E109,0000086312,11,12,USA,116764.0000,29201.0000,,87563.0000,29201.0000,,,,,140.370000000000
A,USD,STD,INDL,C,062689,2020-12-31,TRAVELERS COS INC,TRV,89417E109,0000086312,11,12,USA,116764.0000,29201.0000,11359.0000,87563.0000,29201.0000,8041.0000,2697.0000,31851.0000,252.4000,140.370000000000
A,USD,STD,FS,C,062689,2021-12-31,TRAVELERS COS INC,TRV,89417E109,0000086312,11,12,USA,120466.0000,28887.0000,,91579.0000,28887.0000,,,,,156.430000000000
A,USD,STD,INDL,C,062689,2021-12-31,TRAVELERS COS INC,TRV,89417E109,0000086312,11,12,USA,120466.0000,28887.0000,9232.0000,91579.0000,28887.0000,8482.0000,3662.0000,33823.0000,241.2000,156.430000000000
A,USD,STD,FS,C,062689,2022-12-31,TRAVELERS COS INC,TRV,89417E109,0000086312,11,12,USA,115717.0000,21560.0000,,94157.0000,21560.0000,,,,,187.490000000000
A,USD,STD,INDL,C,062689,2022-12-31,TRAVELERS COS INC,TRV,89417E109,0000086312,11,12,USA,115717.0000,21560.0000,9210.0000,94157.0000,21560.0000,8179.0000,2842.0000,36548.0000,232.1000,187.490000000000
A,USD,STD,FS,C,062689,2023-12-31,TRAVELERS COS INC,TRV,89417E109,0000086312,11,12,USA,125978.0000,24921.0000,,101057.0000,24921.0000,,,,,190.490000000000
A,USD,STD,INDL,C,062689,2023-12-31,TRAVELERS COS INC,TRV,89417E109,0000086312,11,12,USA,125978.0000,24921.0000,10752.0000,101057.0000,24921.0000,8766.0000,2991.0000,41207.0000,228.2000,190.490000000000
A,USD,STD,FS,C,062689,2024-12-31,TRAVELERS COS INC,TRV,89417E109,0000086312,11,12,USA,133189.0000,27864.0000,,105325.0000,27864.0000,,,,,240.890000000000
A,USD,STD,INDL,C,062689,2024-12-31,TRAVELERS COS INC,TRV,89417E109,0000086312,11,12,USA,133189.0000,27864.0000,12793.0000,105325.0000,27864.0000,12097.0000,4999.0000,46129.0000,226.6000,240.890000000000
A,USD,STD,FS,C,062689,2025-12-31,TRAVELERS COS INC,TRV,89417E109,0000086312,11,12,USA,143708.0000,32894.0000,,110814.0000,32894.0000,,,,,290.060000000000
A,USD,STD,INDL,C,062689,2025-12-31,TRAVELERS COS INC,TRV,89417E109,0000086312,11,12,USA,143708.0000,32894.0000,12451.0000,110814.0000,32894.0000,14115.0000,6288.0000,48602.0000,217.5000,290.060000000000
I,USD,STD,INDL,C,062897,2010-12-31,TUPPERWARE BRANDS CORP,TUPBQ,899896104,0001008654,19,12,USA,2015.8000,789.8000,248.7000,1226.0000,789.8000,1583.9000,225.6000,2300.4000,62.7060,47.670000000000
I,USD,STD,INDL,C,062897,2011-12-31,TUPPERWARE BRANDS CORP,TUPBQ,899896104,0001008654,19,12,USA,1844.2000,500.8000,138.2000,1343.4000,500.8000,1774.0000,218.3000,2585.0000,56.5080,55.970000000000
I,USD,STD,INDL,C,062897,2012-12-31,TUPPERWARE BRANDS CORP,TUPBQ,899896104,0001008654,19,12,USA,1821.8000,479.1000,119.8000,1342.7000,479.1000,1777.2000,193.0000,2583.8000,54.0600,64.100000000000
I,USD,STD,INDL,C,062897,2013-12-31,TUPPERWARE BRANDS CORP,TUPBQ,899896104,0001008654,19,12,USA,1843.9000,252.9000,127.3000,1591.0000,252.9000,1836.6000,274.2000,2671.6000,50.3240,94.530000000000
I,USD,STD,INDL,C,062897,2014-12-31,TUPPERWARE BRANDS CORP,TUPBQ,899896104,0001008654,19,12,USA,1783.1000,185.8000,77.0000,1597.3000,185.8000,1834.1000,214.4000,2606.1000,49.6820,63.000000000000
I,USD,STD,INDL,C,062897,2015-12-31,TUPPERWARE BRANDS CORP,TUPBQ,899896104,0001008654,19,12,USA,1598.2000,161.0000,79.8000,1437.2000,161.0000,1616.7000,185.8000,2283.8000,50.4370,55.650000000000
I,USD,STD,INDL,C,062897,2016-12-31,TUPPERWARE BRANDS CORP,TUPBQ,899896104,0001008654,19,12,USA,1587.8000,212.8000,93.2000,1375.0000,212.8000,1559.9000,223.6000,2213.1000,50.6380,52.620000000000
I,USD,STD,INDL,C,062897,2017-12-31,TUPPERWARE BRANDS CORP,TUPBQ,899896104,0001008654,19,12,USA,1388.0000,-119.4000,144.1000,1507.4000,-119.4000,1577.5000,-265.4000,2255.8000,51.0580,62.700000000000
I,USD,STD,INDL,C,062897,2018-12-31,TUPPERWARE BRANDS CORP,TUPBQ,899896104,0001008654,19,12,USA,1308.8000,-235.2000,149.0000,1544.0000,-235.2000,1437.8000,155.9000,2069.7000,48.6670,31.570000000000
I,USD,STD,INDL,C,062897,2019-12-31,TUPPERWARE BRANDS CORP,TUPBQ,899896104,0001008654,19,12,USA,1262.4000,-277.0000,123.2000,1539.4000,-277.0000,1243.0000,12.4000,1797.9000,48.9280,8.580000000000
I,USD,STD,INDL,C,062897,2020-12-31,TUPPERWARE BRANDS CORP,TUPBQ,899896104,0001008654,19,12,USA,1219.9000,-204.7000,139.1000,1424.6000,-204.7000,1217.7000,112.2000,1740.1000,49.2940,32.390000000000
I,USD,STD,INDL,C,062897,2021-12-31,TUPPERWARE BRANDS CORP,TUPBQ,899896104,0001008654,19,12,USA,1255.4000,-207.1000,267.2000,1462.5000,-207.1000,1110.1000,18.6000,1602.3000,48.8800,15.290000000000
I,USD,STD,INDL,C,062897,2022-12-31,TUPPERWARE BRANDS CORP,TUPBQ,899896104,0001008654,19,12,USA,743.6000,-429.8000,114.2000,1173.4000,-429.8000,870.8000,-232.5000,1304.0000,44.5170,4.140000000000
I,USD,STD,INDL,C,063447,2010-01-31,GUESS INC,GES,401617105,0000912463,11,1,USA,1530.1750,1020.2110,502.0630,490.0190,1020.2110,908.5090,242.7610,2031.1140,92.7370,39.710000000000
I,USD,STD,INDL,C,063447,2011-01-31,GUESS INC,GES,401617105,0000912463,11,1,USA,1685.8040,1054.8760,442.1240,604.8990,1054.8760,1042.4980,289.5080,2372.0720,92.2910,42.780000000000
I,USD,STD,INDL,C,063447,2012-01-31,GUESS INC,GES,401617105,0000912463,11,1,USA,1844.4750,1175.6300,495.8650,641.9170,1175.6300,1122.1510,265.5000,2566.6280,89.6310,30.000000000000
I,USD,STD,INDL,C,063447,2013-01-31,GUESS INC,GES,401617105,0000912463,11,1,USA,1713.5060,1086.9920,335.9270,609.4940,1086.9920,1039.6790,178.7440,2541.4630,85.3680,27.090000000000
I,USD,STD,INDL,C,063447,2014-01-31,GUESS INC,GES,401617105,0000912463,11,1,USA,1764.4310,1154.5140,508.0680,588.6150,1154.5140,946.2970,153.4340,2451.5800,84.9620,28.050000000000
I,USD,STD,INDL,C,063447,2015-01-31,GUESS INC,GES,401617105,0000912463,11,1,USA,1601.4050,1073.8560,483.4830,507.5220,1073.8560,841.8060,94.5700,2306.5340,85.3230,18.780000000000
I,USD,STD,INDL,C,063447,2016-01-31,GUESS INC,GES,401617105,0000912463,11,1,USA,1538.7480,1018.4750,445.4800,502.2030,1018.4750,754.2570,81.8510,2100.4540,83.8340,18.540000000000
I,USD,STD,INDL,C,063447,2017-01-31,GUESS INC,GES,401617105,0000912463,11,1,USA,1534.4850,969.2220,396.1290,549.0390,969.2220,723.5250,22.7610,2118.5340,84.0690,12.770000000000
I,USD,STD,INDL,C,063447,2018-01-31,GUESS INC,GES,401617105,0000912463,11,1,USA,1655.6340,916.8190,367.4410,716.5690,916.8190,819.6810,-7.8940,2290.9990,81.3710,18.370000000000
I,USD,STD,INDL,C,063447,2019-01-31,GUESS INC,GES,401617105,0000912463,11,1,USA,1649.2050,837.2270,210.4600,790.7070,837.2270,924.7670,14.0990,2526.5000,81.3800,19.510000000000
I,USD,STD,INDL,C,063447,2020-01-31,GUESS INC,GES,401617105,0000912463,11,1,USA,2428.9620,639.7140,284.6130,1762.8840,639.7140,997.8520,95.9750,2592.2620,65.8490,21.290000000000
I,USD,STD,INDL,C,063447,2021-01-31,GUESS INC,GES,401617105,0000912463,11,1,USA,2465.8680,543.6630,469.1100,1896.3680,543.6630,682.7730,-81.2290,1802.5330,64.2300,23.220000000000
I,USD,STD,INDL,C,063447,2022-01-31,GUESS INC,GES,401617105,0000912463,11,1,USA,2555.6280,622.6580,415.5650,1892.4850,622.6580,1124.0700,171.3630,2494.9220,62.6970,23.020000000000
I,USD,STD,INDL,C,063447,2023-01-31,GUESS INC,GES,401617105,0000912463,11,1,USA,2425.4480,534.1130,275.7650,1843.5430,534.1130,1100.6000,149.6100,2583.9130,54.6100,23.170000000000
I,USD,STD,INDL,C,063447,2024-01-31,GUESS INC,GES,401617105,0000912463,11,1,USA,2590.0210,684.9400,360.2850,1854.7050,684.9400,1164.2690,198.1990,2663.2820,53.0080,22.340000000000
I,USD,STD,INDL,C,063447,2025-01-31,GUESS INC,GES,401617105,0000912463,11,1,USA,2766.6780,505.0070,187.6960,2215.9030,505.0070,1244.8060,60.4230,2870.8950,51.6920,12.910000000000
A,USD,STD,INDL,C,063927,2010-07-31,UNITED NATURAL FOODS INC,UNFI,911163103,0001020859,11,7,USA,1250.7990,630.4470,13.8020,620.3520,630.4470,723.8310,68.3210,3757.1390,43.5310,33.730000000000
A,USD,STD,INDL,C,063927,2011-07-31,UNITED NATURAL FOODS INC,UNFI,911163103,0001020859,11,7,USA,1400.9880,869.6670,16.8670,531.3210,869.6670,859.4100,76.6730,4530.0150,48.4930,41.750000000000
A,USD,STD,INDL,C,063927,2012-07-31,UNITED NATURAL FOODS INC,UNFI,911163103,0001020859,11,7,USA,1493.9460,978.7160,16.1220,515.2300,978.7160,955.5630,91.3420,5236.0210,49.0110,54.300000000000
A,USD,STD,INDL,C,063927,2013-07-31,UNITED NATURAL FOODS INC,UNFI,911163103,0001020859,11,7,USA,1729.9080,1099.1460,11.1110,630.7620,1099.1460,1067.4740,107.8540,6064.3550,49.3300,58.610000000000
A,USD,STD,INDL,C,063927,2014-07-31,UNITED NATURAL FOODS INC,UNFI,911163103,0001020859,11,7,USA,2297.2330,1243.3640,16.1160,1053.8690,1243.3640,1176.4030,125.4820,6794.4470,49.7710,58.620000000000
A,USD,STD,INDL,C,063927,2015-07-31,UNITED NATURAL FOODS INC,UNFI,911163103,0001020859,11,7,USA,2550.1900,1385.5330,17.3800,1164.6570,1385.5330,1332.6150,138.7340,8194.2780,50.0960,45.530000000000
A,USD,STD,INDL,C,063927,2016-07-31,UNITED NATURAL FOODS INC,UNFI,911163103,0001020859,11,7,USA,2852.1550,1519.5040,18.5930,1332.6510,1519.5040,1349.3510,125.7660,8470.2860,50.3830,49.980000000000
A,USD,STD,INDL,C,063927,2017-07-31,UNITED NATURAL FOODS INC,UNFI,911163103,0001020859,11,7,USA,2886.5630,1681.9210,15.4140,1204.6420,1681.9210,1513.9210,130.1550,9274.4710,50.6220,38.530000000000
A,USD,STD,INDL,C,063927,2018-07-31,UNITED NATURAL FOODS INC,UNFI,911163103,0001020859,11,7,USA,2964.4720,1845.9550,23.3150,1118.5170,1845.9550,1609.2670,165.6700,10226.6830,50.4110,32.200000000000
A,USD,STD,INDL,C,063927,2019-07-31,UNITED NATURAL FOODS INC,UNFI,911163103,0001020859,11,7,USA,7180.9650,1513.6710,42.3500,5670.0310,1513.6710,3044.5730,-284.9900,21387.0680,52.8860,9.860000000000
A,USD,STD,INDL,C,063927,2020-07-31,UNITED NATURAL FOODS INC,UNFI,911163103,0001020859,11,7,USA,7586.9720,1144.7450,46.9930,6444.7140,1144.7450,4163.2920,-274.1400,26514.2670,54.6910,19.850000000000
A,USD,STD,INDL,C,063927,2021-07-31,UNITED NATURAL FOODS INC,UNFI,911163103,0001020859,11,7,USA,7525.0000,1515.0000,41.0000,6011.0000,1515.0000,4226.0000,149.0000,26950.0000,56.4000,33.120000000000
A,USD,STD,INDL,C,063927,2022-07-31,UNITED NATURAL FOODS INC,UNFI,911163103,0001020859,11,7,USA,7628.0000,1791.0000,44.0000,5836.0000,1791.0000,4467.0000,248.0000,28928.0000,58.3000,42.510000000000
A,USD,STD,INDL,C,063927,2023-07-31,UNITED NATURAL FOODS INC,UNFI,911163103,0001020859,11,7,USA,7394.0000,1743.0000,37.0000,5650.0000,1743.0000,4435.0000,24.0000,30272.0000,58.5000,20.800000000000
A,USD,STD,INDL,C,063927,2024-07-31,UNITED NATURAL FOODS INC,UNFI,911163103,0001020859,11,7,USA,7528.0000,1641.0000,40.0000,5887.0000,1641.0000,4520.0000,-112.0000,30980.0000,59.5000,15.500000000000
A,USD,STD,INDL,C,063927,2025-07-31,UNITED NATURAL FOODS INC,UNFI,911163103,0001020859,11,7,USA,7595.0000,1551.0000,44.0000,6041.0000,1551.0000,4558.0000,-118.0000,31784.0000,60.6000,27.640000000000
A,USD,STD,INDL,C,064344,2010-07-31,VAIL RESORTS INC,MTN,91879Q109,0000812011,11,7,USA,1922.8090,788.7700,26.5790,1120.4220,788.7700,174.4750,30.3850,868.6320,35.9090,37.880000000000
A,USD,STD,INDL,C,064344,2011-07-31,VAIL RESORTS INC,MTN,91879Q109,0000812011,11,7,USA,1946.2360,829.7230,82.5810,1102.5170,829.7230,216.7450,34.4890,1167.0460,36.0700,45.750000000000
A,USD,STD,INDL,C,064344,2012-07-31,VAIL RESORTS INC,MTN,91879Q109,0000812011,11,7,USA,1927.6140,802.3110,60.3370,1111.2860,802.3110,190.5760,16.4530,1024.3940,35.5820,49.640000000000
A,USD,STD,INDL,C,064344,2013-07-31,VAIL RESORTS INC,MTN,91879Q109,0000812011,11,7,USA,2275.4220,823.8680,151.2280,1437.5530,823.8680,232.1880,37.7430,1120.7970,35.9550,66.980000000000
A,USD,STD,INDL,C,064344,2014-07-31,VAIL RESORTS INC,MTN,91879Q109,0000812011,11,7,USA,2173.8490,820.8430,57.5870,1339.0490,820.8430,270.2720,28.4780,1254.6460,36.2040,75.500000000000
A,USD,STD,INDL,C,064344,2015-07-31,VAIL RESORTS INC,MTN,91879Q109,0000812011,11,7,USA,2489.6210,866.5680,48.4710,1609.0350,866.5680,532.4450,114.7540,1399.9240,36.5140,109.690000000000
A,USD,STD,INDL,C,064344,2016-07-31,VAIL RESORTS INC,MTN,91879Q109,0000812011,11,7,USA,2482.0180,874.5400,73.9430,1593.5520,874.5400,661.2810,149.7540,1604.7860,36.1790,143.070000000000
A,USD,STD,INDL,C,064344,2017-07-31,VAIL RESORTS INC,MTN,91879Q109,0000812011,11,7,USA,4110.7180,1571.1560,127.6620,2311.7590,1571.1560,836.2760,210.5530,1907.2180,40.0810,210.760000000000
A,USD,STD,INDL,C,064344,2018-07-31,VAIL RESORTS INC,MTN,91879Q109,0000812011,11,7,USA,4064.9840,1589.4340,185.0400,2253.3210,1589.4340,872.0360,379.8980,2011.5530,40.5270,276.870000000000
A,USD,STD,INDL,C,064344,2019-07-31,VAIL RESORTS INC,MTN,91879Q109,0000812011,11,7,USA,4426.0770,1500.6270,118.3890,2699.2370,1500.6270,990.6520,301.1630,2271.5750,40.3410,246.520000000000
A,USD,STD,INDL,C,064344,2020-07-31,VAIL RESORTS INC,MTN,91879Q109,0000812011,11,7,USA,5244.2320,1316.7420,402.0860,3712.5650,1316.7420,789.6190,98.8330,1963.7040,40.2250,192.030000000000
A,USD,STD,INDL,C,064344,2021-07-31,VAIL RESORTS INC,MTN,91879Q109,0000812011,11,7,USA,6251.0560,1594.5990,1258.5740,4421.9880,1594.5990,820.7450,127.8500,1909.7100,40.4250,305.200000000000
A,USD,STD,INDL,C,064344,2022-07-31,VAIL RESORTS INC,MTN,91879Q109,0000812011,11,7,USA,6318.0280,1612.4390,1126.1070,4470.5440,1612.4390,1190.2240,347.9230,2525.9120,40.2810,237.130000000000
A,USD,STD,INDL,C,064344,2023-07-31,VAIL RESORTS INC,MTN,91879Q109,0000812011,11,7,USA,5947.7540,1003.9470,573.0930,4612.0940,1003.9470,1224.2270,268.1480,2889.3640,38.1500,235.490000000000
A,USD,STD,INDL,C,064344,2024-07-31,VAIL RESORTS INC,MTN,91879Q109,0000812011,11,7,USA,5698.4370,723.5370,337.0630,4659.9540,723.5370,1237.2540,230.4050,2885.1910,37.4850,182.010000000000
A,USD,STD,INDL,C,064344,2025-07-31,VAIL RESORTS INC,MTN,91879Q109,0000812011,11,7,USA,5777.8850,424.4990,456.4190,5023.9810,424.4990,1292.6530,280.0040,2964.3470,35.8850,150.260000000000
A,USD,STD,INDL,C,064891,2010-03-31,RALPH LAUREN CORP,RL,751212101,0001037038,11,3,USA,4648.9000,3116.6000,1169.0000,1532.3000,3116.6000,2899.1000,479.5000,4978.9000,98.2000,85.040000000000
A,USD,STD,INDL,C,064891,2011-03-31,RALPH LAUREN CORP,RL,751212101,0001037038,11,3,USA,4981.1000,3304.7000,1055.4000,1676.4000,3304.7000,3318.3000,567.6000,5660.3000,94.5000,123.650000000000
A,USD,STD,INDL,C,064891,2012-03-31,RALPH LAUREN CORP,RL,751212101,0001037038,11,3,USA,5416.4000,3652.5000,1201.3000,1763.9000,3652.5000,3998.1000,681.0000,6859.5000,92.7000,174.330000000000
A,USD,STD,INDL,C,064891,2013-03-31,RALPH LAUREN CORP,RL,751212101,0001037038,11,3,USA,5418.2000,3784.6000,1299.8000,1633.6000,3784.6000,4155.8000,750.0000,6944.8000,90.9000,169.310000000000
A,USD,STD,INDL,C,064891,2014-03-31,RALPH LAUREN CORP,RL,751212101,0001037038,11,3,USA,6090.0000,4034.0000,1285.0000,2056.0000,4034.0000,4310.0000,776.0000,7450.0000,88.7000,160.930000000000
A,USD,STD,INDL,C,064891,2015-03-31,RALPH LAUREN CORP,RL,751212101,0001037038,11,3,USA,6106.0000,3891.0000,1146.0000,2215.0000,3891.0000,4378.0000,702.0000,7620.0000,86.3000,131.500000000000
A,USD,STD,INDL,C,064891,2016-03-31,RALPH LAUREN CORP,RL,751212101,0001037038,11,3,USA,6213.0000,3744.0000,1102.0000,2469.0000,3744.0000,4207.0000,396.0000,7405.0000,82.9000,96.260000000000
A,USD,STD,INDL,C,064891,2017-03-31,RALPH LAUREN CORP,RL,751212101,0001037038,11,3,USA,5652.0000,3299.6000,1362.8000,2352.4000,3299.6000,3849.0000,-99.3000,6652.8000,81.0000,81.620000000000
A,USD,STD,INDL,C,064891,2018-03-31,RALPH LAUREN CORP,RL,751212101,0001037038,11,3,USA,6143.3000,3457.4000,2019.5000,2685.9000,3457.4000,3759.3000,162.8000,6182.3000,81.3000,111.800000000000
A,USD,STD,INDL,C,064891,2019-03-31,RALPH LAUREN CORP,RL,751212101,0001037038,11,3,USA,5942.8000,3287.2000,1999.4000,2655.6000,3287.2000,3893.2000,430.9000,6313.0000,78.1000,129.680000000000
A,USD,STD,INDL,C,064891,2020-03-31,RALPH LAUREN CORP,RL,751212101,0001037038,11,3,USA,7279.9000,2693.1000,2117.7000,4586.8000,2693.1000,3812.8000,384.3000,6159.8000,72.5000,66.830000000000
A,USD,STD,INDL,C,064891,2021-03-31,RALPH LAUREN CORP,RL,751212101,0001037038,11,3,USA,7887.5000,2604.4000,2778.0000,5283.1000,2604.4000,2848.7000,-121.1000,4400.8000,73.2000,123.160000000000
A,USD,STD,INDL,C,064891,2022-03-31,RALPH LAUREN CORP,RL,751212101,0001037038,11,3,USA,7724.7000,2536.0000,2600.0000,5188.7000,2536.0000,4134.2000,600.1000,6218.5000,69.9000,113.440000000000
A,USD,STD,INDL,C,064891,2023-03-31,RALPH LAUREN CORP,RL,751212101,0001037038,11,3,USA,6789.5000,2430.5000,1567.2000,4359.0000,2430.5000,4180.9000,522.7000,6443.6000,65.6000,116.670000000000
A,USD,STD,INDL,C,064891,2024-03-31,RALPH LAUREN CORP,RL,751212101,0001037038,11,3,USA,6602.6000,2450.3000,1786.0000,4152.3000,2450.3000,4427.3000,646.3000,6631.4000,63.3000,187.760000000000
A,USD,STD,INDL,C,064891,2025-03-31,RALPH LAUREN CORP,RL,751212101,0001037038,11,3,USA,7047.3000,2588.5000,2084.4000,4458.8000,2588.5000,4852.9000,742.9000,7079.0000,61.5000,220.740000000000
A,USD,STD,FS,C,065556,2010-12-31,ANNALY CAPITAL MANAGEMENT,NLY,035710839,0001043219,11,12,USA,83026.5900,9687.8120,,73121.6580,9904.9320,,,,,17.920000000000
A,USD,STD,INDL,C,065556,2010-12-31,ANNALY CAPITAL MANAGEMENT,NLY,035710839,0001043219,11,12,USA,83026.5900,9687.8120,2204.1870,73121.6580,9904.9320,2784.8780,1267.2800,2956.7250,631.5940,17.920000000000
A,USD,STD,FS,C,065556,2011-12-31,ANNALY CAPITAL MANAGEMENT,NLY,035710839,0001043219,11,12,USA,109630.0020,15583.5540,,93837.0880,15792.9140,,,,,15.960000000000
A,USD,STD,INDL,C,065556,2011-12-31,ANNALY CAPITAL MANAGEMENT,NLY,035710839,0001043219,11,12,USA,109630.0020,15583.5540,1855.0640,93837.0880,15792.9140,3687.9970,344.4610,3925.3410,970.1620,15.960000000000
A,USD,STD,FS,C,065556,2012-12-31,ANNALY CAPITAL MANAGEMENT,NLY,035710839,0001043219,11,12,USA,133452.2950,15011.3850,,117527.8510,15924.4440,,,,,14.040000000000
A,USD,STD,INDL,C,065556,2012-12-31,ANNALY CAPITAL MANAGEMENT,NLY,035710839,0001043219,11,12,USA,133452.2950,15011.3850,2426.8840,117527.8510,15924.4440,3589.6340,1735.9000,3825.1930,947.2130,14.040000000000
A,USD,STD,FS,C,065556,2013-12-31,ANNALY CAPITAL MANAGEMENT,NLY,035710839,0001043219,11,12,USA,81922.4600,11491.9960,,69517.4050,12405.0550,,,,,9.970000000000
A,USD,STD,INDL,C,065556,2013-12-31,ANNALY CAPITAL MANAGEMENT,NLY,035710839,0001043219,11,12,USA,81922.4600,11491.9960,652.4360,69517.4050,12405.0550,3176.0340,3729.6980,3400.8150,947.4330,9.970000000000
A,USD,STD,FS,C,065556,2014-12-31,ANNALY CAPITAL MANAGEMENT,NLY,035710839,0001043219,11,12,USA,88355.3670,12415.4320,,75021.5860,13328.4910,,,,,10.810000000000
A,USD,STD,INDL,C,065556,2014-12-31,ANNALY CAPITAL MANAGEMENT,NLY,035710839,0001043219,11,12,USA,88355.3670,12415.4320,1841.2440,75021.5860,13328.4910,2315.3250,-842.0830,2524.6630,947.6430,10.810000000000
A,USD,STD,FS,C,065556,2015-12-31,ANNALY CAPITAL MANAGEMENT,NLY,035710839,0001043219,11,12,USA,75190.8930,10982.9150,,63284.9710,11895.9740,,,,,9.380000000000
A,USD,STD,INDL,C,065556,2015-12-31,ANNALY CAPITAL MANAGEMENT,NLY,035710839,0001043219,11,12,USA,75190.8930,10982.9150,1769.2580,63284.9710,11895.9740,2037.3500,466.5560,2237.5900,935.9300,9.380000000000
A,USD,STD,FS,C,065556,2016-12-31,ANNALY CAPITAL MANAGEMENT,NLY,035710839,0001043219,11,12,USA,87905.0460,11367.6210,,75329.0740,12568.1800,,,,,9.970000000000
A,USD,STD,INDL,C,065556,2016-12-31,ANNALY CAPITAL MANAGEMENT,NLY,035710839,0001043219,11,12,USA,87905.0460,11367.6210,1539.7460,75329.0740,12568.1800,2317.2950,1433.7560,2518.7640,1018.9130,9.970000000000
A,USD,STD,FS,C,065556,2017-12-31,ANNALY CAPITAL MANAGEMENT,NLY,035710839,0001043219,11,12,USA,101760.0500,13145.0920,,86888.4770,14865.4730,,,,,11.890000000000
A,USD,STD,INDL,C,065556,2017-12-31,ANNALY CAPITAL MANAGEMENT,NLY,035710839,0001043219,11,12,USA,101760.0500,13145.0920,706.5890,86888.4770,14865.4730,2642.3590,1569.6040,2866.4830,1159.5850,11.890000000000
A,USD,STD,FS,C,065556,2018-12-31,ANNALY CAPITAL MANAGEMENT,NLY,035710839,0001043219,11,12,USA,105787.5270,12333.9440,,91669.7260,14112.1120,,,,,9.820000000000
A,USD,STD,INDL,C,065556,2018-12-31,ANNALY CAPITAL MANAGEMENT,NLY,035710839,0001043219,11,12,USA,105787.5270,12333.9440,2385.7890,91669.7260,14112.1120,1581.6720,54.4080,1915.0410,1313.7630,9.820000000000
A,USD,STD,FS,C,065556,2019-12-31,ANNALY CAPITAL MANAGEMENT,NLY,035710839,0001043219,11,12,USA,130295.0810,13809.9910,,114498.7370,15792.0170,,,,,9.420000000000
A,USD,STD,INDL,C,065556,2019-12-31,ANNALY CAPITAL MANAGEMENT,NLY,035710839,0001043219,11,12,USA,130295.0810,13809.9910,1850.7290,114498.7370,15792.0170,3557.5630,-2162.8650,3875.7660,1430.1060,9.420000000000
A,USD,STD,FS,C,065556,2020-12-31,ANNALY CAPITAL MANAGEMENT,NLY,035710839,0001043219,11,12,USA,88455.1030,12471.7470,,74433.3070,14008.3160,,,,,8.450000000000
A,USD,STD,INDL,C,065556,2020-12-31,ANNALY CAPITAL MANAGEMENT,NLY,035710839,0001043219,11,12,USA,88455.1030,12471.7470,1243.7030,74433.3070,14008.3160,2557.6730,-891.1630,2944.4520,1398.2410,8.450000000000
A,USD,STD,FS,C,065556,2021-12-31,ANNALY CAPITAL MANAGEMENT,NLY,035710839,0001043219,11,12,USA,76764.0640,11633.2570,,63568.7390,13169.8260,,,,,7.820000000000
A,USD,STD,INDL,C,065556,2021-12-31,ANNALY CAPITAL MANAGEMENT,NLY,035710839,0001043219,11,12,USA,76764.0640,11633.2570,1342.0900,63568.7390,13169.8260,1941.6640,2389.8960,1982.6120,1459.7360,7.820000000000
A,USD,STD,FS,C,065556,2022-12-31,ANNALY CAPITAL MANAGEMENT,NLY,035710839,0001043219,11,12,USA,81850.7120,9733.8740,,70481.2860,11270.4430,,,,,21.080000000000
A,USD,STD,INDL,C,065556,2022-12-31,ANNALY CAPITAL MANAGEMENT,NLY,035710839,0001043219,11,12,USA,81850.7120,9733.8740,1576.7140,70481.2860,11270.4430,-679.3600,1725.3250,-512.1460,468.3100,21.080000000000
A,USD,STD,FS,C,065556,2023-12-31,ANNALY CAPITAL MANAGEMENT,NLY,035710839,0001043219,11,12,USA,93227.2360,9719.2240,,81882.1450,11255.7930,,,,,19.370000000000
A,USD,STD,INDL,C,065556,2023-12-31,ANNALY CAPITAL MANAGEMENT,NLY,035710839,0001043219,11,12,USA,93227.2360,9719.2240,1412.1480,81882.1450,11255.7930,1046.2740,-1643.1710,1246.2600,494.8140,19.370000000000
A,USD,STD,FS,C,065556,2024-12-31,ANNALY CAPITAL MANAGEMENT,NLY,035710839,0001043219,11,12,USA,103556.3840,11072.6720,,90859.4320,12609.2410,,,,,18.300000000000
A,USD,STD,INDL,C,065556,2024-12-31,ANNALY CAPITAL MANAGEMENT,NLY,035710839,0001043219,11,12,USA,103556.3840,11072.6720,1488.0270,90859.4320,12609.2410,4114.4740,1001.9060,4335.2990,578.3570,18.300000000000
A,USD,STD,FS,C,065556,2025-12-31,ANNALY CAPITAL MANAGEMENT,NLY,035710839,0001043219,11,12,USA,135609.8380,14288.2920,,119449.9270,16090.7720,,,,,22.360000000000
A,USD,STD,INDL,C,065556,2025-12-31,ANNALY CAPITAL MANAGEMENT,NLY,035710839,0001043219,11,12,USA,135609.8380,14288.2920,2072.2270,119449.9270,16090.7720,5938.6630,2027.2620,6198.5650,706.9720,22.360000000000
A,USD,STD,INDL,C,065609,2010-12-31,C H ROBINSON WORLDWIDE INC,CHRW,12541W209,0001043277,14,12,USA,1995.6990,1204.0680,407.8970,791.6310,1204.0680,1497.3470,387.0260,9274.3050,166.0480,80.190000000000
A,USD,STD,INDL,C,065609,2011-12-31,C H ROBINSON WORLDWIDE INC,CHRW,12541W209,0001043277,14,12,USA,2138.0410,1248.4740,373.6690,889.5670,1248.4740,1665.1560,431.6120,10336.3460,163.4410,69.780000000000
A,USD,STD,INDL,C,065609,2012-12-31,C H ROBINSON WORLDWIDE INC,CHRW,12541W209,0001043277,14,12,USA,2804.2250,1504.3720,210.0190,1299.8530,1504.3720,1755.6610,593.8040,11359.1130,161.3270,63.220000000000
A,USD,STD,INDL,C,065609,2013-12-31,C H ROBINSON WORLDWIDE INC,CHRW,12541W209,0001043277,14,12,USA,2802.8180,939.7240,162.0470,1863.0940,939.7240,1892.7390,415.9040,12752.0760,150.1970,58.350000000000
A,USD,STD,INDL,C,065609,2014-12-31,C H ROBINSON WORLDWIDE INC,CHRW,12541W209,0001043277,14,12,USA,3214.3380,1047.0150,488.3280,2167.3230,1047.0150,2064.6610,449.7110,13470.0670,146.4580,74.890000000000
A,USD,STD,INDL,C,065609,2015-12-31,C H ROBINSON WORLDWIDE INC,CHRW,12541W209,0001043277,14,12,USA,3184.3580,1150.4500,168.2290,2033.9080,1150.4500,2334.8890,509.6990,13476.0840,143.4550,62.020000000000
A,USD,STD,INDL,C,065609,2016-12-31,C H ROBINSON WORLDWIDE INC,CHRW,12541W209,0001043277,14,12,USA,3687.7580,1257.8470,247.6660,2429.9110,1257.8470,2352.1970,513.3840,13144.4130,141.2580,73.260000000000
A,USD,STD,INDL,C,065609,2017-12-31,C H ROBINSON WORLDWIDE INC,CHRW,12541W209,0001043277,14,12,USA,4235.8340,1425.7450,333.8900,2810.0890,1425.7450,2461.0270,504.8930,14869.3800,139.5420,89.090000000000
A,USD,STD,INDL,C,065609,2018-12-31,C H ROBINSON WORLDWIDE INC,CHRW,12541W209,0001043277,14,12,USA,4427.4120,1595.0870,378.6150,2832.3250,1595.0870,2801.9640,664.5050,16631.1720,137.2840,84.090000000000
A,USD,STD,INDL,C,065609,2019-12-31,C H ROBINSON WORLDWIDE INC,CHRW,12541W209,0001043277,14,12,USA,4641.0600,1670.7300,447.8580,2970.3300,1670.7300,2686.7590,576.9680,15309.5080,134.8950,78.200000000000
A,USD,STD,INDL,C,065609,2020-12-31,C H ROBINSON WORLDWIDE INC,CHRW,12541W209,0001043277,14,12,USA,5144.2580,1879.9330,243.7960,3264.3250,1879.9330,2513.9840,506.4210,16207.1060,134.2980,93.870000000000
A,USD,STD,INDL,C,065609,2021-12-31,C H ROBINSON WORLDWIDE INC,CHRW,12541W209,0001043277,14,12,USA,7028.1120,2021.9340,257.4130,5006.1780,2021.9340,3243.3480,844.2450,23102.1380,129.1860,107.630000000000
A,USD,STD,INDL,C,065609,2022-12-31,C H ROBINSON WORLDWIDE INC,CHRW,12541W209,0001043277,14,12,USA,5954.5640,1353.4220,217.4820,4601.1420,1353.4220,3685.9530,940.5240,24696.6250,116.3230,91.560000000000
A,USD,STD,INDL,C,065609,2023-12-31,C H ROBINSON WORLDWIDE INC,CHRW,12541W209,0001043277,14,12,USA,5225.2800,1418.6970,145.5240,3806.5830,1418.6970,2703.5930,325.1290,17596.4430,116.7680,86.390000000000
A,USD,STD,INDL,C,065609,2024-12-31,C H ROBINSON WORLDWIDE INC,CHRW,12541W209,0001043277,14,12,USA,5297.9260,1722.0510,145.7620,3575.8750,1722.0510,2862.1740,465.6900,17724.9560,118.6640,103.320000000000
A,USD,STD,INDL,C,065609,2025-12-31,C H ROBINSON WORLDWIDE INC,CHRW,12541W209,0001043277,14,12,USA,5058.3810,1845.6470,160.8710,3212.7340,1845.6470,2832.2280,587.0810,16232.7630,118.4290,160.760000000000
A,USD,STD,INDL,C,066065,2010-12-31,UNITED RENTALS INC,URI,911363109,0001067701,11,12,USA,3693.0000,-20.0000,203.0000,3713.0000,-20.0000,1047.0000,-26.0000,2237.0000,60.6210,22.750000000000
A,USD,STD,INDL,C,066065,2011-12-31,UNITED RENTALS INC,URI,911363109,0001067701,11,12,USA,4143.0000,64.0000,36.0000,4040.0000,103.0000,1321.0000,101.0000,2611.0000,62.8780,29.550000000000
A,USD,STD,INDL,C,066065,2012-12-31,UNITED RENTALS INC,URI,911363109,0001067701,11,12,USA,11026.0000,1543.0000,106.0000,9452.0000,1574.0000,2323.0000,75.0000,4117.0000,92.9840,45.520000000000
A,USD,STD,INDL,C,066065,2013-12-31,UNITED RENTALS INC,URI,911363109,0001067701,11,12,USA,11231.0000,1828.0000,175.0000,9383.0000,1848.0000,2883.0000,387.0000,4955.0000,93.2890,77.950000000000
A,USD,STD,INDL,C,066065,2014-12-31,UNITED RENTALS INC,URI,911363109,0001067701,11,12,USA,12467.0000,1796.0000,158.0000,10669.0000,1798.0000,3388.0000,540.0000,5685.0000,97.8780,102.010000000000
A,USD,STD,INDL,C,066065,2015-12-31,UNITED RENTALS INC,URI,911363109,0001067701,11,12,USA,12083.0000,1476.0000,179.0000,10607.0000,1476.0000,3485.0000,585.0000,5817.0000,91.7760,72.540000000000
A,USD,STD,INDL,C,066065,2016-12-31,UNITED RENTALS INC,URI,911363109,0001067701,11,12,USA,11988.0000,1648.0000,312.0000,10340.0000,1648.0000,3428.0000,566.0000,5762.0000,84.2220,105.580000000000
A,USD,STD,INDL,C,066065,2017-12-31,UNITED RENTALS INC,URI,911363109,0001067701,11,12,USA,15030.0000,3106.0000,352.0000,11924.0000,3106.0000,3975.0000,1346.0000,6641.0000,84.4640,171.910000000000
A,USD,STD,INDL,C,066065,2018-12-31,UNITED RENTALS INC,URI,911363109,0001067701,11,12,USA,18133.0000,3403.0000,43.0000,14730.0000,3403.0000,4793.0000,1096.0000,8047.0000,79.8730,102.530000000000
A,USD,STD,INDL,C,066065,2019-12-31,UNITED RENTALS INC,URI,911363109,0001067701,11,12,USA,18970.0000,3830.0000,52.0000,15140.0000,3830.0000,5376.0000,1174.0000,9351.0000,74.3620,166.770000000000
A,USD,STD,INDL,C,066065,2020-12-31,UNITED RENTALS INC,URI,911363109,0001067701,11,12,USA,17868.0000,4545.0000,202.0000,13323.0000,4545.0000,4833.0000,890.0000,8530.0000,72.1970,231.910000000000
A,USD,STD,INDL,C,066065,2021-12-31,UNITED RENTALS INC,URI,911363109,0001067701,11,12,USA,20292.0000,5991.0000,144.0000,14301.0000,5991.0000,5501.0000,1386.0000,9716.0000,72.4210,332.290000000000
A,USD,STD,INDL,C,066065,2022-12-31,UNITED RENTALS INC,URI,911363109,0001067701,11,12,USA,24183.0000,7062.0000,106.0000,17121.0000,7062.0000,6876.0000,2105.0000,11642.0000,69.3570,355.420000000000
A,USD,STD,INDL,C,066065,2023-12-31,UNITED RENTALS INC,URI,911363109,0001067701,11,12,USA,25589.0000,8130.0000,363.0000,17459.0000,8130.0000,8271.0000,2424.0000,14332.0000,67.2700,573.420000000000
A,USD,STD,INDL,C,066065,2024-12-31,UNITED RENTALS INC,URI,911363109,0001067701,11,12,USA,28163.0000,8622.0000,457.0000,19541.0000,8622.0000,8679.0000,2575.0000,15345.0000,65.3060,704.440000000000
A,USD,STD,INDL,C,066065,2025-12-31,UNITED RENTALS INC,URI,911363109,0001067701,11,12,USA,29866.0000,8968.0000,459.0000,20898.0000,8968.0000,8845.0000,2494.0000,16099.0000,63.0960,809.320000000000
I,USD,STD,INDL,C,100873,2010-12-31,NIELSEN HOLDINGS PLC,NLSN,G6518L108,0001492633,11,12,GBR,14429.0000,2887.0000,421.0000,11533.0000,2887.0000,2926.0000,130.0000,5126.0000,276.0590,
I,USD,STD,INDL,C,100873,2011-12-31,NIELSEN HOLDINGS PLC,NLSN,G6518L108,0001492633,11,12,GBR,14504.0000,4633.0000,319.0000,9863.0000,4633.0000,3256.0000,84.0000,5532.0000,359.6480,29.690000000000
I,USD,STD,INDL,C,100873,2012-12-31,NIELSEN HOLDINGS PLC,NLSN,G6518L108,0001492633,11,12,GBR,14585.0000,4930.0000,288.0000,9607.0000,4930.0000,3317.0000,273.0000,5612.0000,362.5200,30.590000000000
I,USD,STD,INDL,C,100873,2013-12-31,NIELSEN HOLDINGS PLC,NLSN,G6518L108,0001492633,11,12,GBR,15530.0000,5729.0000,564.0000,9723.0000,5729.0000,3288.0000,740.0000,5703.0000,378.6350,45.890000000000
I,USD,STD,INDL,C,100873,2014-12-31,NIELSEN HOLDINGS PLC,NLSN,G6518L108,0001492633,11,12,GBR,15376.0000,5056.0000,273.0000,10243.0000,5056.0000,3661.0000,384.0000,6288.0000,372.7580,44.730000000000
I,USD,STD,INDL,C,100873,2015-12-31,NIELSEN HOLDINGS PLC,NLSN,G6518L108,0001492633,11,12,GBR,15303.0000,4433.0000,357.0000,10676.0000,4433.0000,3627.0000,570.0000,6172.0000,362.3380,46.600000000000
I,USD,STD,INDL,C,100873,2016-12-31,NIELSEN HOLDINGS PLC,NLSN,G6518L108,0001492633,11,12,GBR,15730.0000,4102.0000,754.0000,11437.0000,4102.0000,3689.0000,502.0000,6309.0000,357.4660,41.950000000000
I,USD,STD,INDL,C,100873,2017-12-31,NIELSEN HOLDINGS PLC,NLSN,G6518L108,0001492633,11,12,GBR,16866.0000,4245.0000,656.0000,12423.0000,4245.0000,3792.0000,429.0000,6572.0000,355.9450,36.400000000000
I,USD,STD,INDL,C,100873,2018-12-31,NIELSEN HOLDINGS PLC,NLSN,G6518L108,0001492633,11,12,GBR,15179.0000,2847.0000,524.0000,12136.0000,2847.0000,3694.0000,-712.0000,6515.0000,355.2720,23.330000000000
I,USD,STD,INDL,C,100873,2019-12-31,NIELSEN HOLDINGS PLC,NLSN,G6518L108,0001492633,11,12,GBR,14319.0000,2195.0000,454.0000,11931.0000,2195.0000,3658.0000,-415.0000,6498.0000,356.1500,20.300000000000
I,USD,STD,INDL,C,100873,2020-12-31,NIELSEN HOLDINGS PLC,NLSN,G6518L108,0001492633,11,12,GBR,14135.0000,2051.0000,610.0000,11892.0000,2051.0000,3514.0000,-6.0000,6290.0000,357.6450,20.870000000000
I,USD,STD,INDL,C,100873,2021-12-31,NIELSEN HOLDINGS PLC,NLSN,G6518L108,0001492633,11,12,GBR,10820.0000,3314.0000,380.0000,7324.0000,3314.0000,2281.0000,963.0000,3500.0000,359.2680,20.510000000000
A,USD,STD,INDL,C,104432,2010-12-31,NORWEGIAN CRUISE LINE HLDGS,NCLH,G66721104,0001513761,11,12,BMU,5572.3710,1740.5260,55.0470,3831.8450,1740.5260,664.9520,22.9860,2012.1280,21.0000,
A,USD,STD,INDL,C,104432,2011-12-31,NORWEGIAN CRUISE LINE HLDGS,NCLH,G66721104,0001513761,11,12,BMU,5562.4110,1844.4630,58.9260,3717.9480,1844.4630,751.4480,126.8590,2219.3240,21.0000,
A,USD,STD,INDL,C,104432,2012-12-31,NORWEGIAN CRUISE LINE HLDGS,NCLH,G66721104,0001513761,11,12,BMU,5938.4270,2018.7840,45.5000,3919.6430,2018.7840,797.8130,168.5560,2276.2460,21.0000,
A,USD,STD,INDL,C,104432,2013-12-31,NORWEGIAN CRUISE LINE HLDGS,NCLH,G66721104,0001513761,11,12,BMU,6650.9780,2608.9080,56.4670,4019.7120,2608.9080,912.6350,101.7140,2570.2940,205.1600,35.470000000000
A,USD,STD,INDL,C,104432,2014-12-31,NORWEGIAN CRUISE LINE HLDGS,NCLH,G66721104,0001513761,11,12,BMU,11573.0770,3518.8130,84.8240,8054.2640,3518.8130,1179.2570,338.3520,3125.8810,227.6300,46.760000000000
A,USD,STD,INDL,C,104432,2015-12-31,NORWEGIAN CRUISE LINE HLDGS,NCLH,G66721104,0001513761,11,12,BMU,12264.7570,3780.8800,115.9370,8483.8770,3780.8800,1692.9180,427.1370,4345.0480,227.8150,58.600000000000
A,USD,STD,INDL,C,104432,2016-12-31,NORWEGIAN CRUISE LINE HLDGS,NCLH,G66721104,0001513761,11,12,BMU,12973.9110,4537.7260,128.3470,8436.1850,4537.7260,2024.1150,633.0850,4874.3400,227.2440,42.530000000000
A,USD,STD,INDL,C,104432,2017-12-31,NORWEGIAN CRUISE LINE HLDGS,NCLH,G66721104,0001513761,11,12,BMU,14094.8690,5749.7660,176.1900,8345.1030,5749.7660,2332.5310,759.8720,5396.1750,228.5290,53.250000000000
A,USD,STD,INDL,C,104432,2018-12-31,NORWEGIAN CRUISE LINE HLDGS,NCLH,G66721104,0001513761,11,12,BMU,15205.9700,5963.0010,163.8510,9242.9690,5963.0010,2678.0500,954.8430,6055.1260,217.6510,42.390000000000
A,USD,STD,INDL,C,104432,2019-12-31,NORWEGIAN CRUISE LINE HLDGS,NCLH,G66721104,0001513761,11,12,BMU,16684.5990,6515.5790,252.8760,10169.0200,6515.5790,2799.1150,930.2280,6462.3760,213.0820,58.410000000000
A,USD,STD,INDL,C,104432,2020-12-31,NORWEGIAN CRUISE LINE HLDGS,NCLH,G66721104,0001513761,11,12,BMU,18399.3170,4354.1050,3300.4820,14045.2120,4354.1050,-413.1530,-4012.5140,1279.9080,315.6360,25.430000000000
A,USD,STD,INDL,C,104432,2021-12-31,NORWEGIAN CRUISE LINE HLDGS,NCLH,G66721104,0001513761,11,12,BMU,18729.8370,2432.6500,1746.6470,16297.1870,2432.6500,-970.8960,-4506.5870,647.9860,416.8920,20.740000000000
A,USD,STD,INDL,C,104432,2022-12-31,NORWEGIAN CRUISE LINE HLDGS,NCLH,G66721104,0001513761,11,12,BMU,18557.6940,68.5910,946.9870,18489.1030,68.5910,576.6740,-2269.9090,4843.7600,421.4140,12.240000000000
A,USD,STD,INDL,C,104432,2023-12-31,NORWEGIAN CRUISE LINE HLDGS,NCLH,G66721104,0001513761,11,12,BMU,19492.9900,300.8070,402.4150,19192.1830,300.8070,3081.3370,166.1780,8549.9240,425.5470,20.040000000000
A,USD,STD,INDL,C,104432,2024-12-31,NORWEGIAN CRUISE LINE HLDGS,NCLH,G66721104,0001513761,11,12,BMU,19969.8110,1425.4390,190.7650,18544.3720,1425.4390,3790.9550,910.2570,9479.6510,439.8610,25.730000000000
A,USD,STD,INDL,C,104432,2025-12-31,NORWEGIAN CRUISE LINE HLDGS,NCLH,G66721104,0001513761,11,12,BMU,22541.4010,2209.8880,209.8930,20331.5130,2209.8880,4188.4290,423.2460,9827.5920,455.2570,22.320000000000
A,USD,STD,INDL,C,105365,2010-12-31,AMERICAN TOWER CORP,AMT,03027X100,0001053507,11,12,USA,10368.0140,3501.4440,1006.3630,6863.4560,3501.4440,1474.8730,372.9360,1985.3350,398.6770,51.640000000000
A,USD,STD,INDL,C,105365,2011-12-31,AMERICAN TOWER CORP,AMT,03027X100,0001053507,11,12,USA,12232.4300,3287.2200,395.2360,8822.2880,3287.2200,1770.1730,396.4620,2443.5320,393.6420,60.010000000000
A,USD,STD,INDL,C,105365,2012-12-31,AMERICAN TOWER CORP,AMT,03027X100,0001053507,11,12,USA,14089.1290,3573.1010,443.9520,10404.9480,3573.1010,2131.3960,637.2830,2875.9600,395.0910,77.270000000000
A,USD,STD,INDL,C,105365,2013-12-31,AMERICAN TOWER CORP,AMT,03027X100,0001053507,11,12,USA,20272.5710,3534.1650,465.1040,16682.5310,3534.1650,2466.1950,551.3330,3361.4070,394.8640,79.820000000000
A,USD,STD,INDL,C,105365,2014-12-31,AMERICAN TOWER CORP,AMT,03027X100,0001053507,11,12,USA,21331.5450,3953.5000,480.0000,17278.1930,3953.5600,2979.5660,824.9100,4100.0480,396.6990,98.850000000000
A,USD,STD,INDL,C,105365,2015-12-31,AMERICAN TOWER CORP,AMT,03027X100,0001053507,11,12,USA,26904.2720,6651.6050,462.8790,20191.4540,6651.6790,3432.8480,685.0740,4771.5160,423.8850,96.950000000000
A,USD,STD,INDL,C,105365,2016-12-31,AMERICAN TOWER CORP,AMT,03027X100,0001053507,11,12,USA,30879.1500,6763.8210,940.4680,22811.7300,6763.8950,3947.8350,956.4250,5785.6680,427.1030,105.680000000000
A,USD,STD,INDL,C,105365,2017-12-31,AMERICAN TOWER CORP,AMT,03027X100,0001053507,11,12,USA,33214.3000,6241.5000,955.9000,25260.0000,6241.5000,4366.9000,1238.9000,6663.9000,428.8200,142.670000000000
A,USD,STD,INDL,C,105365,2018-12-31,AMERICAN TOWER CORP,AMT,03027X100,0001053507,11,12,USA,33010.4000,5336.1000,1304.9000,26106.0000,5336.1000,4757.1000,1236.4000,7106.4000,441.0600,158.190000000000
A,USD,STD,INDL,C,105365,2019-12-31,AMERICAN TOWER CORP,AMT,03027X100,0001053507,11,12,USA,42801.6000,5055.4000,1578.0000,36214.7000,5055.4000,5233.9000,1887.8000,7580.3000,442.8900,229.820000000000
A,USD,STD,FS,C,105365,2020-12-31,AMERICAN TOWER CORP,AMT,03027X100,0001053507,11,12,USA,47233.5000,4093.5000,,42453.0000,4093.5000,,,,,224.460000000000
A,USD,STD,INDL,C,105365,2020-12-31,AMERICAN TOWER CORP,AMT,03027X100,0001053507,11,12,USA,47233.5000,4093.5000,1861.4000,42453.0000,4093.5000,5587.1000,1690.6000,8041.5000,444.3300,224.460000000000
A,USD,STD,FS,C,105365,2021-12-31,AMERICAN TOWER CORP,AMT,03027X100,0001053507,11,12,USA,69887.9000,5081.2000,,60818.3000,5081.2000,,,,,292.500000000000
A,USD,STD,INDL,C,105365,2021-12-31,AMERICAN TOWER CORP,AMT,03027X100,0001053507,11,12,USA,69887.9000,5081.2000,2343.3000,60818.3000,5081.2000,6528.2000,2567.7000,9356.9000,455.7720,292.500000000000
A,USD,STD,FS,C,105365,2022-12-31,AMERICAN TOWER CORP,AMT,03027X100,0001053507,11,12,USA,67194.5000,5572.4000,,54786.0000,5572.4000,,,,,211.860000000000
A,USD,STD,INDL,C,105365,2022-12-31,AMERICAN TOWER CORP,AMT,03027X100,0001053507,11,12,USA,67194.5000,5572.4000,2140.7000,54786.0000,5572.4000,7257.7000,1765.8000,10711.1000,465.6190,211.860000000000
A,USD,STD,FS,C,105365,2023-12-31,AMERICAN TOWER CORP,AMT,03027X100,0001053507,11,12,USA,66027.6000,4198.2000,,55162.2000,4198.2000,,,,,215.880000000000
A,USD,STD,INDL,C,105365,2023-12-31,AMERICAN TOWER CORP,AMT,03027X100,0001053507,11,12,USA,66027.6000,4198.2000,2093.4000,55162.2000,4198.2000,7640.6000,1483.3000,11144.2000,466.2960,215.880000000000
A,USD,STD,FS,C,105365,2024-12-31,AMERICAN TOWER CORP,AMT,03027X100,0001053507,11,12,USA,61077.4000,3382.2000,,51428.7000,3382.2000,,,,,183.410000000000
A,USD,STD,INDL,C,105365,2024-12-31,AMERICAN TOWER CORP,AMT,03027X100,0001053507,11,12,USA,61077.4000,3382.2000,2108.2000,51428.7000,3382.2000,7482.4000,2255.0000,10127.2000,467.3840,183.410000000000
A,USD,STD,FS,C,105365,2025-12-31,AMERICAN TOWER CORP,AMT,03027X100,0001053507,11,12,USA,63190.4000,3652.5000,,52835.1000,3652.5000,,,,,175.570000000000
A,USD,STD,INDL,C,105365,2025-12-31,AMERICAN TOWER CORP,AMT,03027X100,0001053507,11,12,USA,63190.4000,3652.5000,1605.2000,52835.1000,3652.5000,7779.9000,2529.5000,10644.6000,466.3180,175.570000000000
A,USD,STD,INDL,C,105936,2010-12-31,COLUMBIA SPORTSWEAR CO,COLM,198516106,0001050797,14,12,USA,1294.7540,1001.9740,303.0690,292.7800,1001.9740,638.0250,77.0370,1491.5150,33.6830,60.300000000000
A,USD,STD,INDL,C,105936,2011-12-31,COLUMBIA SPORTSWEAR CO,COLM,198516106,0001050797,14,12,USA,1382.5420,1074.5450,243.9120,307.9970,1074.5450,751.7240,103.4790,1709.7410,33.6380,46.550000000000
A,USD,STD,INDL,C,105936,2012-12-31,COLUMBIA SPORTSWEAR CO,COLM,198516106,0001050797,14,12,USA,1458.8420,1166.1670,335.4420,292.6750,1166.1670,731.1550,99.8590,1683.3320,34.0750,53.360000000000
A,USD,STD,INDL,C,105936,2013-12-31,COLUMBIA SPORTSWEAR CO,COLM,198516106,0001050797,14,12,USA,1605.5880,1245.4180,529.2440,352.7240,1245.4180,758.7210,94.3410,1698.7910,34.5950,78.750000000000
A,USD,STD,INDL,C,105936,2014-12-31,COLUMBIA SPORTSWEAR CO,COLM,198516106,0001050797,14,12,USA,1792.2090,1343.6030,440.8250,436.9750,1343.6030,966.7240,137.1730,2107.5460,69.8280,44.540000000000
A,USD,STD,INDL,C,105936,2015-12-31,COLUMBIA SPORTSWEAR CO,COLM,198516106,0001050797,14,12,USA,1846.1530,1399.8000,370.3990,430.3400,1399.8000,1082.7130,174.3370,2334.3720,69.2770,48.760000000000
A,USD,STD,INDL,C,105936,2016-12-31,COLUMBIA SPORTSWEAR CO,COLM,198516106,0001050797,14,12,USA,2013.8940,1560.8200,551.8610,432.3830,1560.8200,1121.4080,191.8980,2387.2890,69.8730,58.300000000000
A,USD,STD,INDL,C,105936,2017-12-31,COLUMBIA SPORTSWEAR CO,COLM,198516106,0001050797,14,12,USA,2212.9020,1621.9510,768.1490,560.6430,1621.9510,1174.7080,105.1230,2480.0060,69.9950,71.880000000000
A,USD,STD,INDL,C,105936,2018-12-31,COLUMBIA SPORTSWEAR CO,COLM,198516106,0001050797,14,12,USA,2368.7210,1673.8570,714.5970,678.4080,1673.8570,1402.8640,268.2560,2818.1120,68.2460,84.090000000000
A,USD,STD,INDL,C,105936,2019-12-31,COLUMBIA SPORTSWEAR CO,COLM,198516106,0001050797,14,12,USA,2931.5910,1849.4470,687.6770,1082.1440,1849.4470,1531.7130,330.4890,3057.9650,67.5610,100.190000000000
A,USD,STD,INDL,C,105936,2020-12-31,COLUMBIA SPORTSWEAR CO,COLM,198516106,0001050797,14,12,USA,2836.5710,1832.7710,791.9490,1003.8000,1832.7710,1236.4130,108.0130,2513.6620,66.2520,87.380000000000
A,USD,STD,INDL,C,105936,2021-12-31,COLUMBIA SPORTSWEAR CO,COLM,198516106,0001050797,14,12,USA,3067.1280,1989.2520,894.5490,1077.8760,1989.2520,1631.2490,354.1080,3144.7740,65.1640,97.440000000000
A,USD,STD,INDL,C,105936,2022-12-31,COLUMBIA SPORTSWEAR CO,COLM,198516106,0001050797,14,12,USA,3051.5460,1935.7890,430.9630,1115.7570,1935.7890,1733.0980,311.4400,3486.1720,62.1390,87.580000000000
A,USD,STD,INDL,C,105936,2023-12-31,COLUMBIA SPORTSWEAR CO,COLM,198516106,0001050797,14,12,USA,2939.0130,1938.6100,764.5040,1000.4030,1938.6100,1751.5970,251.4000,3508.8680,59.9960,79.540000000000
A,USD,STD,INDL,C,105936,2024-12-31,COLUMBIA SPORTSWEAR CO,COLM,198516106,0001050797,14,12,USA,2975.2650,1780.0390,815.4770,1195.2260,1780.0390,1714.6470,223.2730,3392.1440,56.2450,83.930000000000
A,USD,STD,INDL,C,105936,2025-12-31,COLUMBIA SPORTSWEAR CO,COLM,198516106,0001050797,14,12,USA,2928.4930,1710.1430,790.7940,1218.3500,1710.1430,1738.5450,177.2240,3419.1740,53.4950,55.090000000000
A,USD,STD,INDL,C,113490,2010-12-31,CROWN CASTLE INC,CCI,22822V101,0001051470,11,12,USA,10469.5290,2445.3730,333.5460,7707.9540,2761.9540,1301.0450,-310.9400,1878.6580,290.8260,43.830000000000
A,USD,STD,INDL,C,113490,2011-12-31,CROWN CASTLE INC,CCI,22822V101,0001051470,11,12,USA,10545.0960,2386.2450,332.4880,7853.2000,2691.2770,1448.0530,171.0770,2032.7290,284.4490,44.800000000000
A,USD,STD,INDL,C,113490,2012-12-31,CROWN CASTLE INC,CCI,22822V101,0001051470,11,12,USA,16088.7090,2938.7460,1017.3020,13137.4450,2938.7460,1707.0430,188.5840,2432.6800,293.1650,72.160000000000
A,USD,STD,INDL,C,113490,2013-12-31,CROWN CASTLE INC,CCI,22822V101,0001051470,11,12,USA,20594.9080,6926.6190,406.9200,13653.7330,6926.7170,1985.7850,90.1110,3022.3840,334.0700,73.430000000000
A,USD,STD,INDL,C,113490,2014-12-31,CROWN CASTLE INC,CCI,22822V101,0001051470,11,12,USA,21143.2760,6716.1270,323.0310,14406.0480,6716.2250,2361.5230,390.5130,3689.8840,333.8570,78.700000000000
A,USD,STD,INDL,C,113490,2015-12-31,CROWN CASTLE INC,CCI,22822V101,0001051470,11,12,USA,22036.2450,7089.1230,309.5410,14947.0240,7089.2210,2362.8450,1520.9920,3663.8510,333.7720,86.450000000000
A,USD,STD,INDL,C,113490,2016-12-31,CROWN CASTLE INC,CCI,22822V101,0001051470,11,12,USA,22675.0920,7557.1150,692.1460,15117.9770,7557.1150,2500.0710,356.9730,3921.2250,360.5370,86.770000000000
A,USD,STD,INDL,C,113490,2017-12-31,CROWN CASTLE INC,CCI,22822V101,0001051470,11,12,USA,32229.5700,12339.0650,435.1590,19890.4880,12339.0820,2810.2770,444.5500,4355.6050,406.2810,111.010000000000
A,USD,STD,INDL,C,113490,2018-12-31,CROWN CASTLE INC,CCI,22822V101,0001051470,11,12,USA,32785.0000,12034.0000,408.0000,20751.0000,12034.0000,3593.0000,671.0000,5423.0000,415.0000,108.630000000000
A,USD,STD,INDL,C,113490,2019-12-31,CROWN CASTLE INC,CCI,22822V101,0001051470,11,12,USA,38457.0000,10489.0000,333.0000,27968.0000,10489.0000,3777.0000,860.0000,5763.0000,416.0000,142.150000000000
A,USD,STD,FS,C,113490,2020-12-31,CROWN CASTLE INC,CCI,22822V101,0001051470,11,12,USA,38768.0000,9461.0000,,29307.0000,9461.0000,,,,,159.190000000000
A,USD,STD,INDL,C,113490,2020-12-31,CROWN CASTLE INC,CCI,22822V101,0001051470,11,12,USA,38768.0000,9461.0000,376.0000,29307.0000,9461.0000,3871.0000,1056.0000,5840.0000,431.0000,159.190000000000
A,USD,STD,FS,C,113490,2021-12-31,CROWN CASTLE INC,CCI,22822V101,0001051470,11,12,USA,39040.0000,8258.0000,,30782.0000,8258.0000,,,,,208.740000000000
A,USD,STD,INDL,C,113490,2021-12-31,CROWN CASTLE INC,CCI,22822V101,0001051470,11,12,USA,39040.0000,8258.0000,461.0000,30782.0000,8258.0000,4347.0000,1096.0000,6340.0000,432.0000,208.740000000000
A,USD,STD,FS,C,113490,2022-12-31,CROWN CASTLE INC,CCI,22822V101,0001051470,11,12,USA,38921.0000,7449.0000,,31472.0000,7449.0000,,,,,135.640000000000
A,USD,STD,INDL,C,113490,2022-12-31,CROWN CASTLE INC,CCI,22822V101,0001051470,11,12,USA,38921.0000,7449.0000,322.0000,31472.0000,7449.0000,4918.0000,1675.0000,6986.0000,433.0000,135.640000000000
A,USD,STD,FS,C,113490,2023-12-31,CROWN CASTLE INC,CCI,22822V101,0001051470,11,12,USA,38527.0000,6381.0000,,32146.0000,6381.0000,,,,,115.190000000000
A,USD,STD,INDL,C,113490,2023-12-31,CROWN CASTLE INC,CCI,22822V101,0001051470,11,12,USA,38527.0000,6381.0000,276.0000,32146.0000,6381.0000,5001.0000,1502.0000,6981.0000,434.0000,115.190000000000
A,USD,STD,FS,C,113490,2024-12-31,CROWN CASTLE INC,CCI,22822V101,0001051470,11,12,USA,32736.0000,-133.0000,,32869.0000,-133.0000,,,,,90.760000000000
A,USD,STD,INDL,C,113490,2024-12-31,CROWN CASTLE INC,CCI,22822V101,0001051470,11,12,USA,32736.0000,-133.0000,290.0000,32869.0000,-133.0000,4721.0000,-3903.0000,6568.0000,435.0000,90.760000000000
A,USD,STD,FS,C,113490,2025-12-31,CROWN CASTLE INC,CCI,22822V101,0001051470,11,12,USA,31518.0000,-1635.0000,,33153.0000,-1635.0000,,,,,88.870000000000
A,USD,STD,INDL,C,113490,2025-12-31,CROWN CASTLE INC,CCI,22822V101,0001051470,11,12,USA,31518.0000,-1635.0000,269.0000,33153.0000,-1635.0000,3159.0000,444.0000,4264.0000,435.0000,88.870000000000
A,USD,STD,INDL,C,117768,2010-01-31,NVIDIA CORP,NVDA,67066G104,0001045810,14,1,USA,3585.9180,2665.1400,1728.2270,920.7780,2665.1400,1284.2130,-67.9870,3326.4450,561.4660,15.390000000000
A,USD,STD,INDL,C,117768,2011-01-31,NVIDIA CORP,NVDA,67066G104,0001045810,14,1,USA,4495.2460,3181.4620,2490.5630,1313.7840,3181.4620,1590.2830,253.1460,3543.3090,588.5560,23.920000000000
A,USD,STD,INDL,C,117768,2012-01-31,NVIDIA CORP,NVDA,67066G104,0001045810,14,1,USA,5552.9280,4145.7240,3129.5760,1407.2040,4145.7240,2268.0220,581.0900,3997.9300,612.1910,14.770000000000
A,USD,STD,INDL,C,117768,2013-01-31,NVIDIA CORP,NVDA,67066G104,0001045810,14,1,USA,6412.2450,4827.7030,3727.8830,1584.5420,4827.7030,2452.5780,562.5360,4280.1590,616.7560,12.260000000000
A,USD,STD,INDL,C,117768,2014-01-31,NVIDIA CORP,NVDA,67066G104,0001045810,14,1,USA,7250.8940,4456.3980,4671.8100,2794.4960,4456.3980,2502.8690,439.9900,4130.1620,567.9970,15.700000000000
A,USD,STD,INDL,C,117768,2015-01-31,NVIDIA CORP,NVDA,67066G104,0001045810,14,1,USA,7201.3680,4417.9820,4623.3390,2783.3860,4417.9820,2819.6020,630.5870,4681.5070,544.9130,19.205000000000
A,USD,STD,INDL,C,117768,2016-01-31,NVIDIA CORP,NVDA,67066G104,0001045810,14,1,USA,7370.0000,4469.0000,5037.0000,2901.0000,4469.0000,3028.0000,614.0000,5010.0000,539.0000,29.290000000000
A,USD,STD,INDL,C,117768,2017-01-31,NVIDIA CORP,NVDA,67066G104,0001045810,14,1,USA,9841.0000,5762.0000,6798.0000,4079.0000,5762.0000,4259.0000,1666.0000,6910.0000,585.0000,109.180000000000
A,USD,STD,INDL,C,117768,2018-01-31,NVIDIA CORP,NVDA,67066G104,0001045810,14,1,USA,11241.0000,7471.0000,7108.0000,3770.0000,7471.0000,6021.0000,3047.0000,9714.0000,606.0000,245.800000000000
A,USD,STD,INDL,C,117768,2019-01-31,NVIDIA CORP,NVDA,67066G104,0001045810,14,1,USA,13292.0000,9342.0000,7422.0000,3950.0000,9342.0000,7468.0000,4141.0000,11716.0000,606.0000,143.750000000000
A,USD,STD,INDL,C,117768,2020-01-31,NVIDIA CORP,NVDA,67066G104,0001045810,14,1,USA,17315.0000,12204.0000,10897.0000,5111.0000,12204.0000,7163.0000,2796.0000,10918.0000,612.0000,236.430000000000
A,USD,STD,INDL,C,117768,2021-01-31,NVIDIA CORP,NVDA,67066G104,0001045810,14,1,USA,28791.0000,16893.0000,11561.0000,11898.0000,16893.0000,11693.0000,4332.0000,16675.0000,620.0000,519.590000000000
A,USD,STD,INDL,C,117768,2022-01-31,NVIDIA CORP,NVDA,67066G104,0001045810,14,1,USA,44187.0000,26612.0000,21208.0000,17575.0000,26612.0000,18649.0000,9752.0000,26914.0000,2506.0000,244.860000000000
A,USD,STD,INDL,C,117768,2023-01-31,NVIDIA CORP,NVDA,67066G104,0001045810,14,1,USA,41182.0000,22101.0000,13296.0000,19081.0000,22101.0000,16899.0000,4368.0000,26974.0000,2466.0000,195.370000000000
A,USD,STD,INDL,C,117768,2024-01-31,NVIDIA CORP,NVDA,67066G104,0001045810,14,1,USA,65728.0000,42978.0000,25984.0000,22750.0000,42978.0000,45809.0000,29760.0000,60922.0000,2464.0000,615.270000000000
A,USD,STD,INDL,C,117768,2025-01-31,NVIDIA CORP,NVDA,67066G104,0001045810,14,1,USA,111601.0000,79327.0000,43210.0000,32274.0000,79327.0000,99722.0000,72880.0000,130497.0000,24477.0000,120.070000000000
A,USD,STD,INDL,C,117768,2026-01-31,NVIDIA CORP,NVDA,67066G104,0001045810,14,1,USA,206803.0000,157293.0000,62556.0000,49510.0000,157293.0000,160664.0000,120067.0000,215938.0000,24304.0000,191.130000000000
A,USD,STD,INDL,C,120093,2010-12-31,CNX RESOURCES CORP,CNX,12653C108,0001070412,11,12,USA,12070.6100,2944.4770,32.7940,9134.5970,2944.4770,1422.8000,346.7810,5162.9980,226.1620,48.740000000000
A,USD,STD,INDL,C,120093,2011-12-31,CNX RESOURCES CORP,CNX,12653C108,0001070412,11,12,USA,12525.7000,3610.8850,375.7360,8914.8150,3610.8850,1858.6220,632.4970,5991.1720,227.0560,36.700000000000
A,USD,STD,INDL,C,120093,2012-12-31,CNX RESOURCES CORP,CNX,12653C108,0001070412,11,12,USA,12670.9090,3953.7920,70.1720,8717.1640,3953.7920,1150.9060,388.4700,5046.4970,228.0950,32.100000000000
A,USD,STD,INDL,C,120093,2013-12-31,CNX RESOURCES CORP,CNX,12653C108,0001070412,11,12,USA,11393.6670,5006.2890,327.4200,6387.3780,5006.2890,698.0050,660.4420,3137.6280,229.1460,38.040000000000
A,USD,STD,INDL,C,120093,2014-12-31,CNX RESOURCES CORP,CNX,12653C108,0001070412,11,12,USA,11759.5300,5329.4580,176.9890,6430.0720,5329.4580,875.8300,163.0900,3526.4990,230.2650,33.810000000000
A,USD,STD,INDL,C,120093,2015-12-31,CNX RESOURCES CORP,CNX,12653C108,0001070412,11,12,USA,10929.9020,4702.0270,72.5780,6074.1260,4702.0270,-8.6970,-374.8850,2922.0370,229.0540,7.900000000000
A,USD,STD,INDL,C,120093,2016-12-31,CNX RESOURCES CORP,CNX,12653C108,0001070412,11,12,USA,9183.9810,3798.3950,60.4750,5243.0930,3798.3950,117.6460,-848.1020,1876.2450,229.4430,18.230000000000
A,USD,STD,INDL,C,120093,2017-12-31,CNX RESOURCES CORP,CNX,12653C108,0001070412,11,12,USA,6931.9130,3899.8990,509.1670,3032.0140,3899.8990,458.7690,380.7470,1414.9490,223.7430,14.630000000000
A,USD,STD,INDL,C,120093,2018-12-31,CNX RESOURCES CORP,CNX,12653C108,0001070412,11,12,USA,8592.1700,4329.9580,17.1980,3510.4270,4329.9580,1025.6020,796.5330,1740.4920,198.6630,11.420000000000
A,USD,STD,INDL,C,120093,2019-12-31,CNX RESOURCES CORP,CNX,12653C108,0001070412,11,12,USA,9060.8060,4160.5460,16.2830,4098.4970,4160.5460,812.7650,-80.7300,1924.3460,186.6430,8.850000000000
A,USD,STD,INDL,C,120093,2020-12-31,CNX RESOURCES CORP,CNX,12653C108,0001070412,11,12,USA,8041.7640,4422.4370,16.3520,3619.3270,4422.4370,534.7880,-483.7750,1258.6660,220.4410,10.800000000000
A,USD,STD,INDL,C,120093,2021-12-31,CNX RESOURCES CORP,CNX,12653C108,0001070412,11,12,USA,8100.7510,3700.2730,3.5650,4400.4780,3700.2730,41.2560,-498.6430,751.0120,203.5310,13.750000000000
A,USD,STD,INDL,C,120093,2022-12-31,CNX RESOURCES CORP,CNX,12653C108,0001070412,11,12,USA,8515.7730,2950.4610,21.3210,5565.3120,2950.4610,405.3730,-142.0770,1259.7990,170.8410,16.840000000000
A,USD,STD,INDL,C,120093,2023-12-31,CNX RESOURCES CORP,CNX,12653C108,0001070412,11,12,USA,8626.6570,4361.0170,0.4430,4265.6400,4361.0170,2675.4830,1720.7160,3432.0060,154.3830,20.000000000000
A,USD,STD,INDL,C,120093,2024-12-31,CNX RESOURCES CORP,CNX,12653C108,0001070412,11,12,USA,8511.9030,4098.0300,55.0730,4413.8730,4098.0300,492.5020,-90.4940,1268.1000,148.8800,36.670000000000
A,USD,STD,INDL,C,120093,2025-12-31,CNX RESOURCES CORP,CNX,12653C108,0001070412,11,12,USA,9094.4460,4337.0160,13.4640,4757.4300,4337.0160,1465.7770,633.1620,2239.8740,142.5910,36.770000000000
A,USD,STD,INDL,C,121440,2010-12-31,UNITED THERAPEUTICS CORP,UTHR,91307C102,0001082554,14,12,USA,1431.6350,883.8860,627.0830,536.8670,894.7680,549.5660,105.9160,603.8310,57.5560,63.220000000000
A,USD,STD,INDL,C,121440,2011-12-31,UNITED THERAPEUTICS CORP,UTHR,91307C102,0001082554,14,12,USA,1518.0790,948.4880,403.4790,558.7090,959.3700,674.1790,217.8680,743.1830,53.6100,47.250000000000
A,USD,STD,INDL,C,121440,2012-12-31,UNITED THERAPEUTICS CORP,UTHR,91307C102,0001082554,14,12,USA,1626.5950,1083.9810,479.2050,531.7320,1094.8630,823.8790,304.4420,916.0760,50.1660,53.420000000000
A,USD,STD,INDL,C,121440,2013-12-31,UNITED THERAPEUTICS CORP,UTHR,91307C102,0001082554,14,12,USA,2087.5670,1259.2740,688.5340,783.2560,1304.3110,1017.1160,174.5600,1116.9840,50.3880,113.080000000000
A,USD,STD,INDL,C,121440,2014-12-31,UNITED THERAPEUTICS CORP,UTHR,91307C102,0001082554,14,12,USA,1884.4100,1242.3560,695.5390,618.8360,1265.5740,1194.8810,340.0740,1288.5190,47.1080,129.490000000000
A,USD,STD,INDL,C,121440,2015-12-31,UNITED THERAPEUTICS CORP,UTHR,91307C102,0001082554,14,12,USA,2184.4450,1588.5520,953.7720,584.7980,1599.6470,1429.6460,651.6390,1465.7610,45.7610,156.610000000000
A,USD,STD,INDL,C,121440,2016-12-31,UNITED THERAPEUTICS CORP,UTHR,91307C102,0001082554,14,12,USA,2325.6000,1851.3000,1050.8000,463.4000,1862.2000,1557.7000,713.7000,1598.8000,42.9660,143.430000000000
A,USD,STD,INDL,C,121440,2017-12-31,UNITED THERAPEUTICS CORP,UTHR,91307C102,0001082554,14,12,USA,2879.4000,2101.8000,927.4000,758.4000,2121.0000,1661.7000,417.9000,1736.4000,43.2400,147.950000000000
A,USD,STD,INDL,C,121440,2018-12-31,UNITED THERAPEUTICS CORP,UTHR,91307C102,0001082554,14,12,USA,3401.0000,2788.6000,1415.9000,593.2000,2807.8000,1465.0000,589.2000,1627.8000,43.5880,108.900000000000
A,USD,STD,INDL,C,121440,2019-12-31,UNITED THERAPEUTICS CORP,UTHR,91307C102,0001082554,14,12,USA,3913.4000,2780.4000,1485.9000,1133.0000,2780.4000,1377.1000,-104.5000,1448.8000,43.8850,88.080000000000
A,USD,STD,INDL,C,121440,2020-12-31,UNITED THERAPEUTICS CORP,UTHR,91307C102,0001082554,14,12,USA,4615.0000,3395.2000,1835.0000,1219.8000,3395.2000,1425.1000,514.8000,1483.3000,44.5070,151.790000000000
A,USD,STD,INDL,C,121440,2021-12-31,UNITED THERAPEUTICS CORP,UTHR,91307C102,0001082554,14,12,USA,5169.1000,3958.9000,1930.7000,1210.2000,3958.9000,1612.9000,475.8000,1685.5000,45.1080,216.080000000000
A,USD,STD,INDL,C,121440,2022-12-31,UNITED THERAPEUTICS CORP,UTHR,91307C102,0001082554,14,12,USA,6044.5000,4796.7000,2838.7000,1247.8000,4796.7000,1836.0000,727.3000,1936.3000,46.0320,278.090000000000
A,USD,STD,INDL,C,121440,2023-12-31,UNITED THERAPEUTICS CORP,UTHR,91307C102,0001082554,14,12,USA,7167.0000,5984.8000,2994.1000,1182.2000,5984.8000,2123.2000,984.8000,2327.5000,47.0410,219.890000000000
A,USD,STD,INDL,C,121440,2024-12-31,UNITED THERAPEUTICS CORP,UTHR,91307C102,0001082554,14,12,USA,7364.0000,6444.0000,3267.0000,,6444.0000,2640.2000,1195.1000,2877.4000,44.8310,352.840000000000
A,USD,STD,INDL,C,121440,2025-12-31,UNITED THERAPEUTICS CORP,UTHR,91307C102,0001082554,14,12,USA,7880.0000,7096.2000,2920.3000,,7096.2000,2883.9000,1334.7000,3182.7000,43.6430,487.250000000000
A,USD,STD,INDL,C,125595,2010-12-31,AKAMAI TECHNOLOGIES INC,AKAM,00971T101,0001086222,14,12,USA,2352.6760,2177.6050,606.8710,175.0710,2177.6050,846.7680,171.2200,1023.5860,186.6030,47.050000000000
A,USD,STD,INDL,C,125595,2011-12-31,AKAMAI TECHNOLOGIES INC,AKAM,00971T101,0001086222,14,12,USA,2345.5010,2156.2500,849.2260,189.2510,2156.2500,934.8030,200.9040,1158.5380,177.5050,32.280000000000
A,USD,STD,INDL,C,125595,2012-12-31,AKAMAI TECHNOLOGIES INC,AKAM,00971T101,0001086222,14,12,USA,2600.6270,2345.7540,437.5810,254.8730,2345.7540,1125.2370,203.9890,1373.9470,177.7830,40.910000000000
A,USD,STD,INDL,C,125595,2013-12-31,AKAMAI TECHNOLOGIES INC,AKAM,00971T101,0001086222,14,12,USA,2957.6850,2629.4310,673.8960,328.2540,2629.4310,1229.7190,293.4870,1577.9220,178.5810,47.180000000000
A,USD,STD,INDL,C,125595,2014-12-31,AKAMAI TECHNOLOGIES INC,AKAM,00971T101,0001086222,14,12,USA,4001.5460,2945.3350,758.2920,1056.2110,2945.3350,1568.2800,333.9480,1963.8740,178.3010,62.960000000000
A,USD,STD,INDL,C,125595,2015-12-31,AKAMAI TECHNOLOGIES INC,AKAM,00971T101,0001086222,14,12,USA,4187.9250,3120.8780,749.5610,1067.0470,3120.8780,1689.7620,321.4060,2197.4480,177.2120,52.630000000000
A,USD,STD,INDL,C,125595,2016-12-31,AKAMAI TECHNOLOGIES INC,AKAM,00971T101,0001086222,14,12,USA,4373.1460,3224.3700,837.0180,1148.7760,3224.3700,1772.9280,316.1320,2340.0490,173.2550,66.680000000000
A,USD,STD,INDL,C,125595,2017-12-31,AKAMAI TECHNOLOGIES INC,AKAM,00971T101,0001086222,14,12,USA,4602.8440,3310.7230,711.9360,1292.1210,3310.7230,1892.5190,218.3210,2502.9960,169.8930,65.040000000000
A,USD,STD,INDL,C,125595,2018-12-31,AKAMAI TECHNOLOGIES INC,AKAM,00971T101,0001086222,14,12,USA,5461.7700,3191.8600,1892.1050,2269.9100,3191.8600,2053.5810,298.3730,2714.4740,162.9050,61.080000000000
A,USD,STD,INDL,C,125595,2019-12-31,AKAMAI TECHNOLOGIES INC,AKAM,00971T101,0001086222,14,12,USA,7006.8860,3657.9580,1536.9940,3348.9280,3657.9580,2195.0610,478.0350,2893.6170,162.0010,86.380000000000
A,USD,STD,INDL,C,125595,2020-12-31,AKAMAI TECHNOLOGIES INC,AKAM,00971T101,0001086222,14,12,USA,7764.1300,4251.2960,1098.0730,3512.8340,4251.2960,2385.7750,557.0540,3198.1490,162.7100,104.990000000000
A,USD,STD,INDL,C,125595,2021-12-31,AKAMAI TECHNOLOGIES INC,AKAM,00971T101,0001086222,14,12,USA,8138.6730,4530.0140,1078.1950,3608.6590,4530.0140,2577.3810,651.6420,3461.2230,160.5120,117.040000000000
A,USD,STD,INDL,C,125595,2022-12-31,AKAMAI TECHNOLOGIES INC,AKAM,00971T101,0001086222,14,12,USA,8303.4000,4360.1870,1105.3160,3943.2130,4360.1870,2660.5000,523.6720,3616.6540,156.4950,84.300000000000
A,USD,STD,INDL,C,125595,2023-12-31,AKAMAI TECHNOLOGIES INC,AKAM,00971T101,0001086222,14,12,USA,9900.0370,4597.1550,864.4390,5302.8820,4597.1550,2710.2640,547.6290,3811.9200,151.2330,118.350000000000
A,USD,STD,INDL,C,125595,2024-12-31,AKAMAI TECHNOLOGIES INC,AKAM,00971T101,0001086222,14,12,USA,10368.7850,4878.3570,1596.5830,5490.4280,4878.3570,2818.6460,504.9180,3991.1680,150.0250,95.650000000000
A,USD,STD,INDL,C,125595,2025-12-31,AKAMAI TECHNOLOGIES INC,AKAM,00971T101,0001086222,14,12,USA,11479.6430,4977.3710,1186.5330,6502.2720,4977.3710,2961.7650,452.0310,4208.1750,144.7110,87.250000000000
A,USD,STD,INDL,C,126554,2010-10-31,AGILENT TECHNOLOGIES INC,A,00846U101,0001090872,11,10,USA,9696.0000,3228.0000,4199.0000,6460.0000,3228.0000,3205.0000,684.0000,5463.0000,346.1440,34.800000000000
A,USD,STD,INDL,C,126554,2011-10-31,AGILENT TECHNOLOGIES INC,A,00846U101,0001090872,11,10,USA,9057.0000,4308.0000,3527.0000,4741.0000,4308.0000,3825.0000,1012.0000,6626.0000,346.3820,37.070000000000
A,USD,STD,INDL,C,126554,2012-10-31,AGILENT TECHNOLOGIES INC,A,00846U101,0001090872,11,10,USA,10536.0000,5182.0000,2351.0000,5351.0000,5182.0000,3962.0000,1153.0000,6858.0000,346.4730,35.990000000000
A,USD,STD,INDL,C,126554,2013-10-31,AGILENT TECHNOLOGIES INC,A,00846U101,0001090872,11,10,USA,10686.0000,5286.0000,2675.0000,5397.0000,5286.0000,3960.0000,724.0000,6782.0000,332.2990,50.760000000000
A,USD,STD,INDL,C,126554,2014-10-31,AGILENT TECHNOLOGIES INC,A,00846U101,0001090872,11,10,USA,10831.0000,5298.0000,3028.0000,5530.0000,5298.0000,4060.0000,504.0000,6981.0000,334.9660,55.280000000000
A,USD,STD,INDL,C,126554,2015-10-31,AGILENT TECHNOLOGIES INC,A,00846U101,0001090872,11,10,USA,7479.0000,4167.0000,2245.0000,3309.0000,4167.0000,2263.0000,401.0000,4038.0000,332.0000,37.760000000000
A,USD,STD,INDL,C,126554,2016-10-31,AGILENT TECHNOLOGIES INC,A,00846U101,0001090872,11,10,USA,7802.0000,4243.0000,2289.0000,3556.0000,4243.0000,2402.0000,462.0000,4202.0000,323.4610,43.570000000000
A,USD,STD,INDL,C,126554,2017-10-31,AGILENT TECHNOLOGIES INC,A,00846U101,0001090872,11,10,USA,8426.0000,4831.0000,2678.0000,3591.0000,4831.0000,2629.0000,684.0000,4472.0000,321.9750,68.030000000000
A,USD,STD,INDL,C,126554,2018-10-31,AGILENT TECHNOLOGIES INC,A,00846U101,0001090872,11,10,USA,8541.0000,4567.0000,2247.0000,3970.0000,4567.0000,2878.0000,316.0000,4914.0000,317.7150,64.790000000000
A,USD,STD,INDL,C,126554,2019-10-31,AGILENT TECHNOLOGIES INC,A,00846U101,0001090872,11,10,USA,9452.0000,4748.0000,1382.0000,4704.0000,4748.0000,3023.0000,1071.0000,5163.0000,309.0710,75.750000000000
A,USD,STD,INDL,C,126554,2020-10-31,AGILENT TECHNOLOGIES INC,A,00846U101,0001090872,11,10,USA,9627.0000,4873.0000,1441.0000,4754.0000,4873.0000,3068.0000,719.0000,5339.0000,306.1980,102.090000000000
A,USD,STD,INDL,C,126554,2021-10-31,AGILENT TECHNOLOGIES INC,A,00846U101,0001090872,11,10,USA,10705.0000,5389.0000,1575.0000,5316.0000,5389.0000,3647.0000,1210.0000,6319.0000,302.2080,157.490000000000
A,USD,STD,INDL,C,126554,2022-10-31,AGILENT TECHNOLOGIES INC,A,00846U101,0001090872,11,10,USA,10532.0000,5305.0000,1053.0000,5227.0000,5305.0000,3965.0000,1254.0000,6848.0000,295.2590,138.350000000000
A,USD,STD,INDL,C,126554,2023-10-31,AGILENT TECHNOLOGIES INC,A,00846U101,0001090872,11,10,USA,10763.0000,5845.0000,1590.0000,4918.0000,5845.0000,3701.0000,1240.0000,6833.0000,292.1230,103.370000000000
A,USD,STD,INDL,C,126554,2024-10-31,AGILENT TECHNOLOGIES INC,A,00846U101,0001090872,11,10,USA,11846.0000,5898.0000,1329.0000,5948.0000,5898.0000,3773.0000,1289.0000,6510.0000,285.1930,130.310000000000
A,USD,STD,INDL,C,126554,2025-10-31,AGILENT TECHNOLOGIES INC,A,00846U101,0001090872,11,10,USA,12727.0000,6741.0000,1789.0000,5986.0000,6741.0000,3915.0000,1303.0000,6948.0000,283.0540,146.360000000000
A,USD,STD,FS,C,133768,2010-12-31,METLIFE INC,MET,59156R108,0001099219,11,12,USA,730906.0000,48624.0000,,681793.0000,48625.0000,,,,,44.440000000000
A,USD,STD,INDL,C,133768,2010-12-31,METLIFE INC,MET,59156R108,0001099219,11,12,USA,730906.0000,48624.0000,31611.0000,681793.0000,48625.0000,6242.0000,2790.0000,52471.0000,985.8380,44.440000000000
A,USD,STD,FS,C,133768,2011-12-31,METLIFE INC,MET,59156R108,0001099219,11,12,USA,799625.0000,59796.0000,,739349.0000,59797.0000,,,,,31.180000000000
A,USD,STD,INDL,C,133768,2011-12-31,METLIFE INC,MET,59156R108,0001099219,11,12,USA,799625.0000,59796.0000,45106.0000,739349.0000,59797.0000,14263.0000,6981.0000,70225.0000,1057.9570,31.180000000000
A,USD,STD,FS,C,133768,2012-12-31,METLIFE INC,MET,59156R108,0001099219,11,12,USA,836781.0000,64452.0000,,771823.0000,64453.0000,,,,,32.940000000000
A,USD,STD,INDL,C,133768,2012-12-31,METLIFE INC,MET,59156R108,0001099219,11,12,USA,836781.0000,64452.0000,57697.0000,771823.0000,64453.0000,7191.0000,1324.0000,68262.0000,1091.6870,32.940000000000
A,USD,STD,FS,C,133768,2013-12-31,METLIFE INC,MET,59156R108,0001099219,11,12,USA,885296.0000,61552.0000,,822313.0000,61553.0000,,,,,53.920000000000
A,USD,STD,INDL,C,133768,2013-12-31,METLIFE INC,MET,59156R108,0001099219,11,12,USA,885296.0000,61552.0000,38232.0000,822313.0000,61553.0000,6973.0000,3368.0000,68009.0000,1122.0300,53.920000000000
A,USD,STD,FS,C,133768,2014-12-31,METLIFE INC,MET,59156R108,0001099219,11,12,USA,902337.0000,72052.0000,,829678.0000,72053.0000,,,,,54.090000000000
A,USD,STD,INDL,C,133768,2014-12-31,METLIFE INC,MET,59156R108,0001099219,11,12,USA,902337.0000,72052.0000,33392.0000,829678.0000,72053.0000,12249.0000,6309.0000,74132.0000,1131.9280,54.090000000000
A,USD,STD,FS,C,133768,2015-12-31,METLIFE INC,MET,59156R108,0001099219,11,12,USA,877933.0000,67949.0000,,809437.0000,67949.0000,,,,,48.210000000000
A,USD,STD,INDL,C,133768,2015-12-31,METLIFE INC,MET,59156R108,0001099219,11,12,USA,877933.0000,67949.0000,35585.0000,809437.0000,67949.0000,9803.0000,5310.0000,69905.0000,1098.0290,48.210000000000
A,USD,STD,FS,C,133768,2016-12-31,METLIFE INC,MET,59156R108,0001099219,11,12,USA,898764.0000,67309.0000,,831284.0000,67309.0000,,,,,53.890000000000
A,USD,STD,INDL,C,133768,2016-12-31,METLIFE INC,MET,59156R108,0001099219,11,12,USA,898764.0000,67309.0000,41204.0000,831284.0000,67309.0000,2055.0000,800.0000,63110.0000,1095.5190,53.890000000000
A,USD,STD,FS,C,133768,2017-12-31,METLIFE INC,MET,59156R108,0001099219,11,12,USA,719892.0000,58676.0000,,661022.0000,58676.0000,,,,,50.560000000000
A,USD,STD,INDL,C,133768,2017-12-31,METLIFE INC,MET,59156R108,0001099219,11,12,USA,719892.0000,58676.0000,29008.0000,661022.0000,58676.0000,10919.0000,4010.0000,62412.0000,1043.5880,50.560000000000
A,USD,STD,FS,C,133768,2018-12-31,METLIFE INC,MET,59156R108,0001099219,11,12,USA,687538.0000,52741.0000,,634580.0000,52741.0000,,,,,41.060000000000
A,USD,STD,INDL,C,133768,2018-12-31,METLIFE INC,MET,59156R108,0001099219,11,12,USA,687538.0000,52741.0000,32492.0000,634580.0000,52741.0000,13517.0000,5123.0000,67957.0000,958.6140,41.060000000000
A,USD,STD,FS,C,133768,2019-12-31,METLIFE INC,MET,59156R108,0001099219,11,12,USA,740463.0000,66144.0000,,674081.0000,66144.0000,,,,,50.970000000000
A,USD,STD,INDL,C,133768,2019-12-31,METLIFE INC,MET,59156R108,0001099219,11,12,USA,740463.0000,66144.0000,38408.0000,674081.0000,66144.0000,13891.0000,5899.0000,69744.0000,915.3380,50.970000000000
A,USD,STD,FS,C,133768,2020-12-31,METLIFE INC,MET,59156R108,0001099219,11,12,USA,795146.0000,74558.0000,,720329.0000,74558.0000,,,,,46.950000000000
A,USD,STD,INDL,C,133768,2020-12-31,METLIFE INC,MET,59156R108,0001099219,11,12,USA,795146.0000,74558.0000,38634.0000,720329.0000,74558.0000,12468.0000,5407.0000,67077.0000,892.9110,46.950000000000
A,USD,STD,FS,C,133768,2021-12-31,METLIFE INC,MET,59156R108,0001099219,11,12,USA,759708.0000,67482.0000,,691959.0000,67482.0000,,,,,62.490000000000
A,USD,STD,INDL,C,133768,2021-12-31,METLIFE INC,MET,59156R108,0001099219,11,12,USA,759708.0000,67482.0000,34846.0000,691959.0000,67482.0000,7686.0000,6554.0000,64590.0000,825.5400,62.490000000000
A,USD,STD,FS,C,133768,2022-12-31,METLIFE INC,MET,59156R108,0001099219,11,12,USA,666611.0000,27040.0000,,639324.0000,27040.0000,,,,,72.370000000000
A,USD,STD,INDL,C,133768,2022-12-31,METLIFE INC,MET,59156R108,0001099219,11,12,USA,666611.0000,27040.0000,33261.0000,639324.0000,27040.0000,8616.0000,2539.0000,69716.0000,779.0980,72.370000000000
A,USD,STD,FS,C,133768,2023-12-31,METLIFE INC,MET,59156R108,0001099219,11,12,USA,687584.0000,30015.0000,,657331.0000,30015.0000,,,,,66.130000000000
A,USD,STD,INDL,C,133768,2023-12-31,METLIFE INC,MET,59156R108,0001099219,11,12,USA,687584.0000,30015.0000,36361.0000,657331.0000,30015.0000,8702.0000,1578.0000,66905.0000,730.8210,66.130000000000
A,USD,STD,FS,C,133768,2024-12-31,METLIFE INC,MET,59156R108,0001099219,11,12,USA,677457.0000,27445.0000,,649754.0000,27445.0000,,,,,81.880000000000
A,USD,STD,INDL,C,133768,2024-12-31,METLIFE INC,MET,59156R108,0001099219,11,12,USA,677457.0000,27445.0000,36211.0000,649754.0000,27445.0000,11995.0000,4426.0000,70986.0000,689.2110,81.880000000000
A,USD,STD,FS,C,133768,2025-12-31,METLIFE INC,MET,59156R108,0001099219,11,12,USA,745166.0000,28398.0000,,716245.0000,28398.0000,,,,,78.940000000000
A,USD,STD,INDL,C,133768,2025-12-31,METLIFE INC,MET,59156R108,0001099219,11,12,USA,745166.0000,28398.0000,40268.0000,716245.0000,28398.0000,11328.0000,3379.0000,77084.0000,655.3340,78.940000000000
A,USD,STD,INDL,C,134932,2010-12-31,ON SEMICONDUCTOR CORP,ON,682189105,0001097864,14,12,USA,2919.2000,1366.0000,623.3000,1531.2000,1366.0000,1073.5000,290.5000,2313.4000,436.7740,9.880000000000
A,USD,STD,INDL,C,134932,2011-12-31,ON SEMICONDUCTOR CORP,ON,682189105,0001097864,14,12,USA,3883.5000,1468.2000,901.5000,2390.0000,1468.2000,1217.0000,11.6000,3442.3000,451.2840,7.720000000000
A,USD,STD,INDL,C,134932,2012-12-31,ON SEMICONDUCTOR CORP,ON,682189105,0001097864,14,12,USA,3328.4000,1361.1000,631.7000,1937.7000,1361.1000,1116.3000,-90.6000,2894.9000,448.8240,7.050000000000
A,USD,STD,INDL,C,134932,2013-12-31,ON SEMICONDUCTOR CORP,ON,682189105,0001097864,14,12,USA,3257.0000,1454.0000,625.7000,1770.2000,1454.0000,1089.5000,150.8000,2782.7000,440.2500,8.240000000000
A,USD,STD,INDL,C,134932,2014-12-31,ON SEMICONDUCTOR CORP,ON,682189105,0001097864,14,12,USA,3823.0000,1626.5000,557.8000,2175.6000,1626.5000,1295.5000,189.7000,3161.8000,434.1000,10.130000000000
A,USD,STD,INDL,C,134932,2015-12-31,ON SEMICONDUCTOR CORP,ON,682189105,0001097864,14,12,USA,3869.6000,1608.2000,637.2000,2237.7000,1608.2000,1394.9000,206.2000,3495.8000,412.0400,9.800000000000
A,USD,STD,INDL,C,134932,2016-12-31,ON SEMICONDUCTOR CORP,ON,682189105,0001097864,14,12,USA,6924.4000,1823.2000,1045.9000,5046.5000,1856.1000,1604.0000,182.1000,3906.9000,418.9420,12.760000000000
A,USD,STD,INDL,C,134932,2017-12-31,ON SEMICONDUCTOR CORP,ON,682189105,0001097864,14,12,USA,7195.1000,2778.8000,966.6000,4394.1000,2778.8000,2313.6000,810.7000,5388.0000,425.1180,20.940000000000
A,USD,STD,INDL,C,134932,2018-12-31,ON SEMICONDUCTOR CORP,ON,682189105,0001097864,14,12,USA,7587.6000,3171.6000,1087.1000,4393.5000,3171.6000,2599.0000,627.4000,5878.3000,413.8340,16.510000000000
A,USD,STD,INDL,C,134932,2019-12-31,ON SEMICONDUCTOR CORP,ON,682189105,0001097864,14,12,USA,8425.5000,3301.7000,894.2000,5101.4000,3301.7000,2402.9000,211.7000,5517.9000,411.3130,24.380000000000
A,USD,STD,INDL,C,134932,2020-12-31,ON SEMICONDUCTOR CORP,ON,682189105,0001097864,14,12,USA,8668.0000,3538.5000,1081.5000,5109.9000,3538.5000,2159.9000,234.2000,5255.0000,411.8420,32.730000000000
A,USD,STD,INDL,C,134932,2021-12-31,ON SEMICONDUCTOR CORP,ON,682189105,0001097864,14,12,USA,9626.0000,4585.4000,1396.0000,5021.6000,4585.4000,3156.3000,1009.6000,6739.8000,432.4730,67.920000000000
A,USD,STD,INDL,C,134932,2022-12-31,ON SEMICONDUCTOR CORP,ON,682189105,0001097864,14,12,USA,11978.5000,6188.5000,2965.2000,5771.5000,6188.5000,4496.4000,1902.2000,8326.2000,431.9360,62.370000000000
A,USD,STD,INDL,C,134932,2023-12-31,ON SEMICONDUCTOR CORP,ON,682189105,0001097864,14,12,USA,13215.2000,7782.6000,2485.0000,5414.6000,7782.6000,4370.6000,2183.7000,8253.0000,426.3860,83.530000000000
A,USD,STD,INDL,C,134932,2024-12-31,ON SEMICONDUCTOR CORP,ON,682189105,0001097864,14,12,USA,14089.8000,8796.4000,2993.4000,5275.3000,8796.4000,3746.0000,1572.8000,7082.3000,422.9550,63.050000000000
A,USD,STD,INDL,C,134932,2025-12-31,ON SEMICONDUCTOR CORP,ON,682189105,0001097864,14,12,USA,12524.1000,7673.3000,2549.0000,4832.2000,7673.3000,2853.9000,121.0000,5995.4000,396.7410,54.150000000000
A,USD,STD,INDL,C,135990,2010-12-31,NRG ENERGY INC,NRG,629377508,0001013871,11,12,USA,26896.0000,8055.0000,3367.0000,18576.0000,8303.0000,2123.0000,477.0000,8849.0000,247.1970,19.540000000000
A,USD,STD,INDL,C,135990,2011-12-31,NRG ENERGY INC,NRG,629377508,0001013871,11,12,USA,26715.0000,7486.0000,1655.0000,18797.0000,7735.0000,1691.0000,197.0000,9079.0000,227.5200,18.120000000000
A,USD,STD,INDL,C,135990,2012-12-31,NRG ENERGY INC,NRG,629377508,0001013871,11,12,USA,35128.0000,10015.0000,2575.0000,24346.0000,10264.0000,1464.0000,559.0000,8422.0000,322.6070,22.990000000000
A,USD,STD,INDL,C,135990,2013-12-31,NRG ENERGY INC,NRG,629377508,0001013871,11,12,USA,33902.0000,9602.0000,2585.0000,23184.0000,9851.0000,2186.0000,-386.0000,11295.0000,323.7790,28.720000000000
A,USD,STD,INDL,C,135990,2014-12-31,NRG ENERGY INC,NRG,629377508,0001013871,11,12,USA,40665.0000,9762.0000,2645.0000,28679.0000,10053.0000,2859.0000,134.0000,15868.0000,336.6630,26.950000000000
A,USD,STD,INDL,C,135990,2015-12-31,NRG ENERGY INC,NRG,629377508,0001013871,11,12,USA,32882.0000,2707.0000,2038.0000,27117.0000,3009.0000,-927.0000,-6382.0000,14674.0000,314.1900,11.770000000000
A,USD,STD,INDL,C,135990,2016-12-31,NRG ENERGY INC,NRG,629377508,0001013871,11,12,USA,30355.0000,2041.0000,2421.0000,25863.0000,2041.0000,2268.0000,-774.0000,12351.0000,315.4430,12.260000000000
A,USD,STD,INDL,C,135990,2017-12-31,NRG ENERGY INC,NRG,629377508,0001013871,11,12,USA,23318.0000,-346.0000,1536.0000,21272.0000,-346.0000,2313.0000,-2153.0000,10629.0000,316.7430,28.480000000000
A,USD,STD,INDL,C,135990,2018-12-31,NRG ENERGY INC,NRG,629377508,0001013871,11,12,USA,10628.0000,-1234.0000,613.0000,11843.0000,-1234.0000,1522.0000,268.0000,9478.0000,283.6500,39.600000000000
A,USD,STD,INDL,C,135990,2019-12-31,NRG ENERGY INC,NRG,629377508,0001013871,11,12,USA,12531.0000,1658.0000,385.0000,10853.0000,1658.0000,1699.0000,4438.0000,9821.0000,248.9960,39.750000000000
A,USD,STD,INDL,C,135990,2020-12-31,NRG ENERGY INC,NRG,629377508,0001013871,11,12,USA,14902.0000,1680.0000,3930.0000,13222.0000,1680.0000,1565.0000,510.0000,9093.0000,244.2320,37.550000000000
A,USD,STD,INDL,C,135990,2021-12-31,NRG ENERGY INC,NRG,629377508,0001013871,11,12,USA,23182.0000,3600.0000,1110.0000,19582.0000,3600.0000,4599.0000,2187.0000,24379.0000,243.7540,43.080000000000
A,USD,STD,INDL,C,135990,2022-12-31,NRG ENERGY INC,NRG,629377508,0001013871,11,12,USA,29146.0000,3828.0000,2178.0000,25318.0000,3828.0000,2569.0000,1221.0000,31543.0000,229.5610,31.820000000000
A,USD,STD,INDL,C,135990,2023-12-31,NRG ENERGY INC,NRG,629377508,0001013871,11,12,USA,26038.0000,2256.0000,649.0000,23132.0000,2906.0000,1630.0000,-202.0000,28823.0000,208.1310,51.700000000000
A,USD,STD,INDL,C,135990,2024-12-31,NRG ENERGY INC,NRG,629377508,0001013871,11,12,USA,24022.0000,1828.0000,1173.0000,21544.0000,2478.0000,3857.0000,1125.0000,28130.0000,198.6040,90.220000000000
A,USD,STD,INDL,C,135990,2025-12-31,NRG ENERGY INC,NRG,629377508,0001013871,11,12,USA,29140.0000,1031.0000,4998.0000,27459.0000,1681.0000,3243.0000,864.0000,30713.0000,190.3770,159.240000000000
I,USD,STD,INDL,C,138122,2010-12-31,ARENA PHARMACEUTICALS INC,ARNA,040047607,0001080709,14,12,USA,266.3620,80.0150,150.6690,186.3470,80.0150,-85.8960,-124.5340,16.6130,121.5160,1.720000000000
I,USD,STD,INDL,C,138122,2011-12-31,ARENA PHARMACEUTICALS INC,ARNA,040047607,0001080709,14,12,USA,157.1290,10.5620,57.6320,146.5670,10.5620,-68.2080,-109.2240,12.7190,146.0930,1.870000000000
I,USD,STD,INDL,C,138122,2012-12-31,ARENA PHARMACEUTICALS INC,ARNA,040047607,0001080709,14,12,USA,261.2060,98.6390,156.0910,162.5670,98.6390,-47.3670,-85.4770,27.5870,217.4760,9.020000000000
I,USD,STD,INDL,C,138122,2013-12-31,ARENA PHARMACEUTICALS INC,ARNA,040047607,0001080709,14,12,USA,339.8070,91.8570,221.8780,247.9500,91.8570,-14.7330,-19.4350,81.3940,218.8160,5.850000000000
I,USD,STD,INDL,C,138122,2014-12-31,ARENA PHARMACEUTICALS INC,ARNA,040047607,0001080709,14,12,USA,276.3850,47.3450,163.2090,229.0400,47.3450,-96.1120,-60.5080,36.9700,220.3220,3.470000000000
I,USD,STD,INDL,C,138122,2015-12-31,ARENA PHARMACEUTICALS INC,ARNA,040047607,0001080709,14,12,USA,256.7920,53.5420,156.1840,203.2500,53.5420,-89.1840,-107.9790,38.3260,242.8710,1.900000000000
I,USD,STD,INDL,C,138122,2016-12-31,ARENA PHARMACEUTICALS INC,ARNA,040047607,0001080709,14,12,USA,169.0100,39.9040,90.7120,128.6150,39.9040,20.3210,-22.5160,123.9750,243.4010,1.420000000000
I,USD,STD,INDL,C,138122,2017-12-31,ARENA PHARMACEUTICALS INC,ARNA,040047607,0001080709,14,12,USA,339.2750,207.1440,247.0770,132.1310,207.1440,-75.7140,-91.4070,21.3370,39.2810,33.970000000000
I,USD,STD,INDL,C,138122,2018-12-31,ARENA PHARMACEUTICALS INC,ARNA,040047607,0001080709,14,12,USA,686.9030,606.2580,445.6310,80.6450,606.2580,-141.0240,-29.3990,17.9700,49.4230,38.950000000000
I,USD,STD,INDL,C,138122,2019-12-31,ARENA PHARMACEUTICALS INC,ARNA,040047607,0001080709,14,12,USA,1174.1230,1071.4650,739.5650,102.6580,1071.4650,485.9790,397.5550,806.4310,50.1710,45.420000000000
I,USD,STD,INDL,C,138122,2020-12-31,ARENA PHARMACEUTICALS INC,ARNA,040047607,0001080709,14,12,USA,1190.7200,1080.4690,1104.0410,110.2510,1080.4690,-422.7810,-404.7340,0.3190,58.6110,76.830000000000
I,USD,STD,INDL,C,138122,2021-12-31,ARENA PHARMACEUTICALS INC,ARNA,040047607,0001080709,14,12,USA,784.7050,673.2370,550.4690,111.4680,673.2370,-550.4270,-616.4330,0.0540,61.5640,92.940000000000
A,USD,STD,INDL,C,139665,2010-12-31,MOODY'S CORP,MCO,615369105,0001059556,11,12,USA,2540.3000,-309.6000,672.3000,2838.7000,-309.6000,1427.2000,507.8000,2032.0000,230.7860,26.540000000000
A,USD,STD,INDL,C,139665,2011-12-31,MOODY'S CORP,MCO,615369105,0001059556,11,12,USA,2876.1000,-169.0000,774.8000,2974.0000,-169.0000,1597.2000,571.4000,2280.7000,222.4400,33.680000000000
A,USD,STD,INDL,C,139665,2012-12-31,MOODY'S CORP,MCO,615369105,0001059556,11,12,USA,3960.9000,385.2000,1773.3000,3492.0000,385.2000,1935.3000,690.0000,2730.3000,223.2520,50.320000000000
A,USD,STD,INDL,C,139665,2013-12-31,MOODY'S CORP,MCO,615369105,0001059556,11,12,USA,4395.1000,337.0000,2106.3000,3967.2000,337.0000,2150.1000,804.5000,2972.5000,213.9600,78.470000000000
A,USD,STD,INDL,C,139665,2014-12-31,MOODY'S CORP,MCO,615369105,0001059556,11,12,USA,4669.0000,-187.8000,1677.6000,4626.1000,-187.8000,2404.0000,988.7000,3334.3000,204.3630,95.810000000000
A,USD,STD,INDL,C,139665,2015-12-31,MOODY'S CORP,MCO,615369105,0001059556,11,12,USA,5123.4000,-565.0000,2232.2000,5456.4000,-565.0000,2508.2000,941.3000,3484.5000,196.0760,100.340000000000
A,USD,STD,INDL,C,139665,2016-12-31,MOODY'S CORP,MCO,615369105,0001059556,11,12,USA,5327.3000,-1225.0000,2224.9000,6354.6000,-1225.0000,2577.6000,266.6000,3604.2000,190.6940,94.270000000000
A,USD,STD,INDL,C,139665,2017-12-31,MOODY'S CORP,MCO,615369105,0001059556,11,12,USA,8594.2000,-327.7000,1183.3000,8709.1000,-327.7000,2981.3000,1000.6000,4204.1000,190.9700,147.610000000000
A,USD,STD,INDL,C,139665,2018-12-31,MOODY'S CORP,MCO,615369105,0001059556,11,12,USA,9526.2000,459.9000,1817.5000,8869.7000,459.9000,3197.2000,1309.6000,4442.7000,191.3040,140.040000000000
A,USD,STD,INDL,C,139665,2019-12-31,MOODY'S CORP,MCO,615369105,0001059556,11,12,USA,10265.0000,612.0000,1930.0000,9428.0000,612.0000,3442.0000,1422.0000,4829.0000,187.6870,237.410000000000
A,USD,STD,INDL,C,139665,2020-12-31,MOODY'S CORP,MCO,615369105,0001059556,11,12,USA,12409.0000,1569.0000,2696.0000,10646.0000,1569.0000,3896.0000,1778.0000,5371.0000,187.0930,290.240000000000
A,USD,STD,INDL,C,139665,2021-12-31,MOODY'S CORP,MCO,615369105,0001059556,11,12,USA,14680.0000,2727.0000,1902.0000,11764.0000,2727.0000,4581.0000,2214.0000,6218.0000,185.6400,390.580000000000
A,USD,STD,INDL,C,139665,2022-12-31,MOODY'S CORP,MCO,615369105,0001059556,11,12,USA,14349.0000,2519.0000,1859.0000,11660.0000,2519.0000,3855.0000,1374.0000,5468.0000,183.2000,278.620000000000
A,USD,STD,INDL,C,139665,2023-12-31,MOODY'S CORP,MCO,615369105,0001059556,11,12,USA,14622.0000,3318.0000,2193.0000,11146.0000,3318.0000,4229.0000,1607.0000,5916.0000,182.4720,390.560000000000
A,USD,STD,INDL,C,139665,2024-12-31,MOODY'S CORP,MCO,615369105,0001059556,11,12,USA,15505.0000,3565.0000,2974.0000,11778.0000,3565.0000,5143.0000,2058.0000,7088.0000,180.3090,473.370000000000
A,USD,STD,INDL,C,139665,2025-12-31,MOODY'S CORP,MCO,615369105,0001059556,11,12,USA,15830.0000,4054.0000,2448.0000,11625.0000,4054.0000,5745.0000,2459.0000,7718.0000,177.5430,510.850000000000
A,USD,STD,INDL,C,140541,2010-06-30,TAPESTRY INC,TPR,876030107,0001116132,11,6,USA,2467.1150,1505.2930,696.3980,961.8220,1505.2930,2760.4350,734.9400,3607.6360,296.8670,36.550000000000
A,USD,STD,INDL,C,140541,2011-06-30,TAPESTRY INC,TPR,876030107,0001116132,11,6,USA,2635.1160,1612.5690,702.0380,1022.5470,1612.5690,3148.6470,880.8000,4158.5070,288.5150,63.930000000000
A,USD,STD,INDL,C,140541,2012-06-30,TAPESTRY INC,TPR,876030107,0001116132,11,6,USA,3104.3210,1992.9310,917.2150,1111.3900,1992.9310,3598.9870,1038.9100,4763.1800,285.1180,58.480000000000
A,USD,STD,INDL,C,140541,2013-06-30,TAPESTRY INC,TPR,876030107,0001116132,11,6,USA,3531.8970,2409.1580,1134.8910,1122.7390,2409.1580,3865.9350,1034.4200,5075.3900,281.9020,57.090000000000
A,USD,STD,INDL,C,140541,2014-06-30,TAPESTRY INC,TPR,876030107,0001116132,11,6,USA,3663.1310,2420.6530,868.6260,1242.4780,2420.6530,3568.5150,781.3360,4806.2260,274.3610,34.190000000000
A,USD,STD,INDL,C,140541,2015-06-30,TAPESTRY INC,TPR,876030107,0001116132,11,6,USA,4666.9000,2489.9000,1525.8000,2177.0000,2489.9000,3110.1000,402.4000,4191.6000,276.6000,34.610000000000
A,USD,STD,INDL,C,140541,2016-06-30,TAPESTRY INC,TPR,876030107,0001116132,11,6,USA,4892.7000,2682.9000,1319.4000,2209.8000,2682.9000,3263.0000,460.5000,4491.8000,278.5000,40.740000000000
A,USD,STD,INDL,C,140541,2017-06-30,TAPESTRY INC,TPR,876030107,0001116132,11,6,USA,5831.6000,3001.9000,3083.6000,2829.7000,3001.9000,3296.8000,591.0000,4488.3000,281.9000,47.340000000000
A,USD,STD,INDL,C,140541,2018-06-30,TAPESTRY INC,TPR,876030107,0001116132,11,6,USA,6678.3000,3244.6000,1250.0000,3433.7000,3244.6000,4230.6000,397.5000,5880.0000,288.0000,46.710000000000
A,USD,STD,INDL,C,140541,2019-06-30,TAPESTRY INC,TPR,876030107,0001116132,11,6,USA,6877.3000,3513.4000,1233.8000,3363.9000,3513.4000,4349.7000,643.4000,6027.1000,286.8000,31.730000000000
A,USD,STD,INDL,C,140541,2020-06-30,TAPESTRY INC,TPR,876030107,0001116132,11,6,USA,7924.2000,2276.4000,1434.4000,5647.8000,2276.4000,3605.6000,-652.1000,4961.4000,276.2000,13.280000000000
A,USD,STD,INDL,C,140541,2021-06-30,TAPESTRY INC,TPR,876030107,0001116132,11,6,USA,8382.4000,3259.3000,2015.8000,5123.1000,3259.3000,4292.5000,834.2000,5746.3000,279.5000,43.480000000000
A,USD,STD,INDL,C,140541,2022-06-30,TAPESTRY INC,TPR,876030107,0001116132,11,6,USA,7265.3000,2285.5000,953.2000,4979.8000,2285.5000,4845.7000,856.3000,6684.5000,241.2000,30.520000000000
A,USD,STD,INDL,C,140541,2023-06-30,TAPESTRY INC,TPR,876030107,0001116132,11,6,USA,7116.8000,2277.8000,741.5000,4839.0000,2277.8000,4897.1000,936.0000,6660.9000,227.4000,42.800000000000
A,USD,STD,INDL,C,140541,2024-06-30,TAPESTRY INC,TPR,876030107,0001116132,11,6,USA,13396.3000,2896.9000,7203.8000,10499.4000,2896.9000,5063.5000,816.0000,6671.2000,230.2000,42.790000000000
A,USD,STD,INDL,C,140541,2025-06-30,TAPESTRY INC,TPR,876030107,0001116132,11,6,USA,6580.5000,857.8000,1119.6000,5722.7000,857.8000,5451.8000,183.2000,7010.7000,208.1000,87.810000000000
A,USD,STD,INDL,C,142953,2010-12-31,MONDELEZ INTERNATIONAL INC,MDLZ,609207105,0001103982,14,12,USA,95289.0000,35834.0000,2481.0000,59347.0000,35834.0000,19131.0000,4114.0000,49207.0000,1748.0670,31.510000000000
A,USD,STD,INDL,C,142953,2011-12-31,MONDELEZ INTERNATIONAL INC,MDLZ,609207105,0001103982,14,12,USA,93837.0000,35217.0000,1974.0000,58509.0000,35217.0000,20385.0000,3527.0000,54366.0000,1767.8970,37.360000000000
A,USD,STD,INDL,C,142953,2012-12-31,MONDELEZ INTERNATIONAL INC,MDLZ,609207105,0001103982,14,12,USA,75478.0000,32215.0000,4475.0000,43123.0000,32215.0000,13971.0000,3028.0000,35015.0000,1777.9960,25.453200000000
A,USD,STD,INDL,C,142953,2013-12-31,MONDELEZ INTERNATIONAL INC,MDLZ,609207105,0001103982,14,12,USA,72557.0000,32373.0000,2664.0000,40025.0000,32373.0000,13970.0000,3915.0000,35299.0000,1705.3970,35.300000000000
A,USD,STD,INDL,C,142953,2014-12-31,MONDELEZ INTERNATIONAL INC,MDLZ,609207105,0001103982,14,12,USA,66815.0000,27750.0000,1715.0000,38962.0000,27750.0000,13462.0000,2184.0000,34244.0000,1663.6410,36.325000000000
A,USD,STD,INDL,C,142953,2015-12-31,MONDELEZ INTERNATIONAL INC,MDLZ,609207105,0001103982,14,12,USA,62843.0000,28012.0000,1892.0000,34743.0000,28012.0000,12271.0000,7267.0000,29636.0000,1580.0330,44.840000000000
A,USD,STD,INDL,C,142953,2016-12-31,MONDELEZ INTERNATIONAL INC,MDLZ,609207105,0001103982,14,12,USA,61538.0000,25161.0000,1874.0000,36323.0000,25161.0000,10876.0000,1659.0000,25923.0000,1528.3660,44.330000000000
A,USD,STD,INDL,C,142953,2017-12-31,MONDELEZ INTERNATIONAL INC,MDLZ,609207105,0001103982,14,12,USA,63109.0000,26111.0000,932.0000,36918.0000,26111.0000,10830.0000,2922.0000,25896.0000,1488.1360,42.800000000000
A,USD,STD,INDL,C,142953,2018-12-31,MONDELEZ INTERNATIONAL INC,MDLZ,609207105,0001103982,14,12,USA,62729.0000,25637.0000,1100.0000,37016.0000,25637.0000,11176.0000,3381.0000,25938.0000,1451.0000,40.030000000000
A,USD,STD,INDL,C,142953,2019-12-31,MONDELEZ INTERNATIONAL INC,MDLZ,609207105,0001103982,14,12,USA,64549.0000,27275.0000,1328.0000,37198.0000,27275.0000,11084.0000,3870.0000,25868.0000,1435.0060,55.080000000000
A,USD,STD,INDL,C,142953,2020-12-31,MONDELEZ INTERNATIONAL INC,MDLZ,609207105,0001103982,14,12,USA,67810.0000,27578.0000,3650.0000,40156.0000,27578.0000,11189.0000,3555.0000,26581.0000,1419.1740,58.470000000000
A,USD,STD,INDL,C,142953,2021-12-31,MONDELEZ INTERNATIONAL INC,MDLZ,609207105,0001103982,14,12,USA,67092.0000,28269.0000,3553.0000,38769.0000,28269.0000,12052.0000,4300.0000,28720.0000,1391.6310,66.310000000000
A,USD,STD,INDL,C,142953,2022-12-31,MONDELEZ INTERNATIONAL INC,MDLZ,609207105,0001103982,14,12,USA,71161.0000,26883.0000,1948.0000,44241.0000,26883.0000,12164.0000,2717.0000,31496.0000,1365.8910,66.650000000000
A,USD,STD,INDL,C,142953,2023-12-31,MONDELEZ INTERNATIONAL INC,MDLZ,609207105,0001103982,14,12,USA,71391.0000,28332.0000,1884.0000,43025.0000,28332.0000,14539.0000,4959.0000,36016.0000,1348.4830,72.430000000000
A,USD,STD,INDL,C,142953,2024-12-31,MONDELEZ INTERNATIONAL INC,MDLZ,609207105,0001103982,14,12,USA,68497.0000,26932.0000,1400.0000,41539.0000,26932.0000,15259.0000,4611.0000,36441.0000,1317.8290,59.730000000000
A,USD,STD,INDL,C,142953,2025-12-31,MONDELEZ INTERNATIONAL INC,MDLZ,609207105,0001103982,14,12,USA,71487.0000,25838.0000,2195.0000,45596.0000,25838.0000,11944.0000,2451.0000,38537.0000,1281.5760,53.830000000000
A,USD,STD,FS,C,143356,2010-12-31,PRUDENTIAL FINANCIAL INC,PRU,744320102,0001137774,11,12,USA,539854.0000,32415.0000,,506926.0000,32415.0000,,,,,58.710000000000
A,USD,STD,INDL,C,143356,2010-12-31,PRUDENTIAL FINANCIAL INC,PRU,744320102,0001137774,11,12,USA,539854.0000,32415.0000,46667.0000,506926.0000,32415.0000,12374.0000,3195.0000,38494.0000,483.7990,58.710000000000
A,USD,STD,FS,C,143356,2011-12-31,PRUDENTIAL FINANCIAL INC,PRU,744320102,0001137774,11,12,USA,624521.0000,37223.0000,,586710.0000,37223.0000,,,,,50.120000000000
A,USD,STD,INDL,C,143356,2011-12-31,PRUDENTIAL FINANCIAL INC,PRU,744320102,0001137774,11,12,USA,624521.0000,37223.0000,56590.0000,586710.0000,37223.0000,14923.0000,3666.0000,49036.0000,470.0390,50.120000000000
A,USD,STD,FS,C,143356,2012-12-31,PRUDENTIAL FINANCIAL INC,PRU,744320102,0001137774,11,12,USA,709298.0000,38575.0000,,670007.0000,38575.0000,,,,,53.330000000000
A,USD,STD,INDL,C,143356,2012-12-31,PRUDENTIAL FINANCIAL INC,PRU,744320102,0001137774,11,12,USA,709298.0000,38575.0000,63323.0000,670007.0000,38575.0000,11780.0000,469.0000,84825.0000,465.0330,53.330000000000
A,USD,STD,FS,C,143356,2013-12-31,PRUDENTIAL FINANCIAL INC,PRU,744320102,0001137774,11,12,USA,731781.0000,35278.0000,,695900.0000,35278.0000,,,,,92.220000000000
A,USD,STD,INDL,C,143356,2013-12-31,PRUDENTIAL FINANCIAL INC,PRU,744320102,0001137774,11,12,USA,731781.0000,35278.0000,56175.0000,695900.0000,35278.0000,9299.0000,-667.0000,41433.0000,463.0550,92.220000000000
A,USD,STD,FS,C,143356,2014-12-31,PRUDENTIAL FINANCIAL INC,PRU,744320102,0001137774,11,12,USA,766655.0000,41770.0000,,724306.0000,41770.0000,,,,,90.460000000000
A,USD,STD,INDL,C,143356,2014-12-31,PRUDENTIAL FINANCIAL INC,PRU,744320102,0001137774,11,12,USA,766655.0000,41770.0000,63632.0000,724306.0000,41770.0000,13592.0000,1381.0000,54131.0000,454.8330,90.460000000000
A,USD,STD,FS,C,143356,2015-12-31,PRUDENTIAL FINANCIAL INC,PRU,744320102,0001137774,11,12,USA,757388.0000,41890.0000,,715465.0000,41890.0000,,,,,81.410000000000
A,USD,STD,INDL,C,143356,2015-12-31,PRUDENTIAL FINANCIAL INC,PRU,744320102,0001137774,11,12,USA,757388.0000,41890.0000,70033.0000,715465.0000,41890.0000,18814.0000,5642.0000,57252.0000,447.1010,81.410000000000
A,USD,STD,FS,C,143356,2016-12-31,PRUDENTIAL FINANCIAL INC,PRU,744320102,0001137774,11,12,USA,783962.0000,45863.0000,,737874.0000,45863.0000,,,,,104.060000000000
A,USD,STD,INDL,C,143356,2016-12-31,PRUDENTIAL FINANCIAL INC,PRU,744320102,0001137774,11,12,USA,783962.0000,45863.0000,59131.0000,737874.0000,45863.0000,17589.0000,4368.0000,58884.0000,429.5740,104.060000000000
A,USD,STD,FS,C,143356,2017-12-31,PRUDENTIAL FINANCIAL INC,PRU,744320102,0001137774,11,12,USA,831921.0000,54069.0000,,777577.0000,54069.0000,,,,,114.980000000000
A,USD,STD,INDL,C,143356,2017-12-31,PRUDENTIAL FINANCIAL INC,PRU,744320102,0001137774,11,12,USA,831921.0000,54069.0000,57870.0000,777577.0000,54069.0000,18440.0000,7863.0000,59727.0000,422.5520,114.980000000000
A,USD,STD,FS,C,143356,2018-12-31,PRUDENTIAL FINANCIAL INC,PRU,744320102,0001137774,11,12,USA,815078.0000,48617.0000,,766047.0000,48617.0000,,,,,81.550000000000
A,USD,STD,INDL,C,143356,2018-12-31,PRUDENTIAL FINANCIAL INC,PRU,744320102,0001137774,11,12,USA,815078.0000,48617.0000,55823.0000,766047.0000,48617.0000,16789.0000,4074.0000,62998.0000,410.7120,81.550000000000
A,USD,STD,FS,C,143356,2019-12-31,PRUDENTIAL FINANCIAL INC,PRU,744320102,0001137774,11,12,USA,896552.0000,63115.0000,,832833.0000,63115.0000,,,,,93.740000000000
A,USD,STD,INDL,C,143356,2019-12-31,PRUDENTIAL FINANCIAL INC,PRU,744320102,0001137774,11,12,USA,896552.0000,63115.0000,60267.0000,832833.0000,63115.0000,18539.0000,4186.0000,64845.0000,398.8320,93.740000000000
A,USD,STD,FS,C,143356,2020-12-31,PRUDENTIAL FINANCIAL INC,PRU,744320102,0001137774,11,12,USA,940722.0000,67425.0000,,872512.0000,67425.0000,,,,,78.070000000000
A,USD,STD,INDL,C,143356,2020-12-31,PRUDENTIAL FINANCIAL INC,PRU,744320102,0001137774,11,12,USA,940722.0000,67425.0000,61904.0000,872512.0000,67425.0000,13588.0000,-374.0000,57031.0000,396.4370,78.070000000000
A,USD,STD,FS,C,143356,2021-12-31,PRUDENTIAL FINANCIAL INC,PRU,744320102,0001137774,11,12,USA,937582.0000,61876.0000,,874974.0000,61876.0000,,,,,108.240000000000
A,USD,STD,INDL,C,143356,2021-12-31,PRUDENTIAL FINANCIAL INC,PRU,744320102,0001137774,11,12,USA,937582.0000,61876.0000,40204.0000,874974.0000,61876.0000,24037.0000,7724.0000,70948.0000,376.2860,108.240000000000
A,USD,STD,FS,C,143356,2022-12-31,PRUDENTIAL FINANCIAL INC,PRU,744320102,0001137774,11,12,USA,689917.0000,16250.0000,,672709.0000,16250.0000,,,,,99.460000000000
A,USD,STD,INDL,C,143356,2022-12-31,PRUDENTIAL FINANCIAL INC,PRU,744320102,0001137774,11,12,USA,689917.0000,16250.0000,39710.0000,672709.0000,16250.0000,10218.0000,-1438.0000,58648.0000,365.9630,99.460000000000
A,USD,STD,FS,C,143356,2023-12-31,PRUDENTIAL FINANCIAL INC,PRU,744320102,0001137774,11,12,USA,721123.0000,27820.0000,,691336.0000,27820.0000,,,,,103.710000000000
A,USD,STD,INDL,C,143356,2023-12-31,PRUDENTIAL FINANCIAL INC,PRU,744320102,0001137774,11,12,USA,721123.0000,27820.0000,46556.0000,691336.0000,27820.0000,16128.0000,2488.0000,53907.0000,359.2160,103.710000000000
A,USD,STD,FS,C,143356,2024-12-31,PRUDENTIAL FINANCIAL INC,PRU,744320102,0001137774,11,12,USA,735587.0000,27872.0000,,705461.0000,27872.0000,,,,,118.530000000000
A,USD,STD,INDL,C,143356,2024-12-31,PRUDENTIAL FINANCIAL INC,PRU,744320102,0001137774,11,12,USA,735587.0000,27872.0000,53756.0000,705461.0000,27872.0000,16494.0000,2727.0000,70348.0000,354.5670,118.530000000000
A,USD,STD,FS,C,143356,2025-12-31,PRUDENTIAL FINANCIAL INC,PRU,744320102,0001137774,11,12,USA,773740.0000,32438.0000,,738159.0000,32438.0000,,,,,112.880000000000
A,USD,STD,INDL,C,143356,2025-12-31,PRUDENTIAL FINANCIAL INC,PRU,744320102,0001137774,11,12,USA,773740.0000,32438.0000,58320.0000,738159.0000,32438.0000,17643.0000,3576.0000,60749.0000,347.9440,112.880000000000
A,USD,STD,INDL,C,143974,2010-12-31,BREAD FINANCIAL HOLDINGS INC,BFH,018581108,0001101215,11,12,USA,8272.1520,23.0940,611.5420,8249.0580,23.0940,1246.0410,193.7370,2791.4210,51.3710,71.030000000000
A,USD,STD,INDL,C,143974,2011-12-31,BREAD FINANCIAL HOLDINGS INC,BFH,018581108,0001101215,11,12,USA,8980.2490,175.9660,732.0510,8804.2830,175.9660,1361.4050,315.2860,3173.2870,49.8300,103.840000000000
A,USD,STD,INDL,C,143974,2012-12-31,BREAD FINANCIAL HOLDINGS INC,BFH,018581108,0001101215,11,12,USA,12000.1390,528.4870,1386.0420,11471.6520,528.4870,1534.7780,422.2560,3641.3900,49.6030,144.760000000000
A,USD,STD,INDL,C,143974,2013-12-31,BREAD FINANCIAL HOLDINGS INC,BFH,018581108,0001101215,11,12,USA,13244.2570,855.7610,1486.6740,12388.4960,855.7610,1769.9040,496.1700,4319.0630,51.5500,262.930000000000
A,USD,STD,INDL,C,143974,2014-12-31,BREAD FINANCIAL HOLDINGS INC,BFH,018581108,0001101215,11,12,USA,20263.9770,2396.3800,1604.0620,17632.0310,2396.3800,2084.1660,491.5180,5302.9400,63.8120,286.050000000000
A,USD,STD,INDL,C,143974,2015-12-31,BREAD FINANCIAL HOLDINGS INC,BFH,018581108,0001101215,11,12,USA,22421.8300,2010.0300,1656.1850,20244.4230,2010.0300,2625.2460,551.5160,6439.7460,60.8770,276.570000000000
A,USD,STD,INDL,C,143974,2016-12-31,BREAD FINANCIAL HOLDINGS INC,BFH,018581108,0001101215,11,12,USA,25514.1000,1658.2000,2266.4000,23855.9000,1658.2000,3103.0000,432.3000,7379.8000,57.4000,228.500000000000
A,USD,STD,INDL,C,143974,2017-12-31,BREAD FINANCIAL HOLDINGS INC,BFH,018581108,0001101215,11,12,USA,30684.8000,1855.3000,4868.9000,28829.5000,1855.3000,3441.6000,788.7000,7719.4000,55.4000,253.480000000000
A,USD,STD,INDL,C,143974,2018-12-31,BREAD FINANCIAL HOLDINGS INC,BFH,018581108,0001101215,11,12,USA,30387.7000,2332.1000,4536.8000,28055.6000,2332.1000,3570.3000,963.1000,7791.2000,53.4000,150.080000000000
A,USD,STD,INDL,C,143974,2019-12-31,BREAD FINANCIAL HOLDINGS INC,BFH,018581108,0001101215,11,12,USA,26494.8000,1588.3000,4550.9000,24906.5000,1588.3000,2967.6000,278.0000,5581.3000,47.6000,112.200000000000
A,USD,STD,INDL,C,143974,2020-12-31,BREAD FINANCIAL HOLDINGS INC,BFH,018581108,0001101215,11,12,USA,22547.1000,1521.6000,4146.2000,21025.5000,1521.6000,2491.6000,213.7000,4521.4000,49.7000,74.100000000000
A,USD,STD,INDL,C,143974,2021-12-31,BREAD FINANCIAL HOLDINGS INC,BFH,018581108,0001101215,11,12,USA,21746.0000,2086.0000,3988.0000,19660.0000,2086.0000,1352.0000,801.0000,3655.0000,49.9000,66.570000000000
A,USD,STD,INDL,C,143974,2022-12-31,BREAD FINANCIAL HOLDINGS INC,BFH,018581108,0001101215,11,12,USA,25407.0000,2265.0000,3927.0000,23142.0000,2265.0000,717.0000,223.0000,4373.0000,49.9000,37.660000000000
A,USD,STD,INDL,C,143974,2023-12-31,BREAD FINANCIAL HOLDINGS INC,BFH,018581108,0001101215,11,12,USA,23141.0000,2918.0000,3616.0000,20223.0000,2918.0000,1428.0000,718.0000,5174.0000,49.3000,32.940000000000
A,USD,STD,INDL,C,143974,2024-12-31,BREAD FINANCIAL HOLDINGS INC,BFH,018581108,0001101215,11,12,USA,22891.0000,3051.0000,3714.0000,19840.0000,3051.0000,930.0000,277.0000,4798.0000,49.1000,61.060000000000
A,USD,STD,INDL,C,143974,2025-12-31,BREAD FINANCIAL HOLDINGS INC,BFH,018581108,0001101215,11,12,USA,22663.0000,3327.0000,3628.0000,19336.0000,3327.0000,1069.0000,518.0000,4699.0000,44.1000,74.030000000000
A,USD,STD,INDL,C,144435,2010-12-31,BUNGE GLOBAL SA,BG,H11356104,0001996862,11,12,CHE,26001.0000,11530.0000,617.0000,13447.0000,12220.0000,3050.0000,2354.0000,45707.0000,146.6350,65.520000000000
A,USD,STD,INDL,C,144435,2011-12-31,BUNGE GLOBAL SA,BG,H11356104,0001996862,11,12,CHE,23275.0000,11017.0000,1280.0000,11200.0000,11707.0000,3254.0000,942.0000,58743.0000,145.6100,57.200000000000
A,USD,STD,INDL,C,144435,2012-12-31,BUNGE GLOBAL SA,BG,H11356104,0001996862,11,12,CHE,27280.0000,10172.0000,4086.0000,15987.0000,10862.0000,3111.0000,64.0000,60991.0000,146.3480,72.690000000000
A,USD,STD,INDL,C,144435,2013-12-31,BUNGE GLOBAL SA,BG,H11356104,0001996862,11,12,CHE,26781.0000,9167.0000,5679.0000,16656.0000,9857.0000,3328.0000,306.0000,61347.0000,147.7970,82.110000000000
A,USD,STD,INDL,C,144435,2014-12-31,BUNGE GLOBAL SA,BG,H11356104,0001996862,11,12,CHE,21432.0000,7756.0000,2136.0000,12705.0000,8446.0000,3342.0000,515.0000,57161.0000,145.7030,90.910000000000
A,USD,STD,INDL,C,144435,2015-12-31,BUNGE GLOBAL SA,BG,H11356104,0001996862,11,12,CHE,17922.0000,5751.0000,1437.0000,11233.0000,6441.0000,3223.0000,791.0000,43455.0000,142.4830,68.280000000000
A,USD,STD,INDL,C,144435,2016-12-31,BUNGE GLOBAL SA,BG,H11356104,0001996862,11,12,CHE,19188.0000,6454.0000,1343.0000,11845.0000,7144.0000,2953.0000,745.0000,42679.0000,139.5010,72.240000000000
A,USD,STD,INDL,C,144435,2017-12-31,BUNGE GLOBAL SA,BG,H11356104,0001996862,11,12,CHE,18871.0000,6458.0000,1072.0000,11514.0000,7148.0000,2430.0000,160.0000,45794.0000,140.6470,67.080000000000
A,USD,STD,INDL,C,144435,2018-12-31,BUNGE GLOBAL SA,BG,H11356104,0001996862,11,12,CHE,19425.0000,5483.0000,899.0000,12623.0000,6173.0000,2907.0000,267.0000,45743.0000,141.1110,53.440000000000
A,USD,STD,INDL,C,144435,2019-12-31,BUNGE GLOBAL SA,BG,H11356104,0001996862,11,12,CHE,18317.0000,5223.0000,998.0000,11890.0000,5913.0000,1096.0000,-1280.0000,41140.0000,141.8130,57.550000000000
A,USD,STD,INDL,C,144435,2020-12-31,BUNGE GLOBAL SA,BG,H11356104,0001996862,11,12,CHE,23655.0000,5379.0000,1544.0000,17035.0000,6069.0000,3169.0000,1145.0000,41355.0000,139.7900,65.580000000000
A,USD,STD,INDL,C,144435,2021-12-31,BUNGE GLOBAL SA,BG,H11356104,0001996862,11,12,CHE,23819.0000,6979.0000,1994.0000,15613.0000,7669.0000,3957.0000,2078.0000,59152.0000,141.0570,93.360000000000
A,USD,STD,INDL,C,144435,2022-12-31,BUNGE GLOBAL SA,BG,H11356104,0001996862,11,12,CHE,24580.0000,9224.0000,2040.0000,14620.0000,9224.0000,4272.0000,1610.0000,67232.0000,149.9080,99.770000000000
A,USD,STD,INDL,C,144435,2023-12-31,BUNGE GLOBAL SA,BG,H11356104,0001996862,11,12,CHE,25372.0000,10851.0000,3346.0000,13557.0000,10851.0000,5267.0000,2243.0000,59540.0000,145.3200,100.950000000000
A,USD,STD,INDL,C,144435,2024-12-31,BUNGE GLOBAL SA,BG,H11356104,0001996862,11,12,CHE,24899.0000,9913.0000,4391.0000,13950.0000,9913.0000,3808.0000,1137.0000,53108.0000,133.9640,77.760000000000
A,USD,STD,INDL,C,144435,2025-12-31,BUNGE GLOBAL SA,BG,H11356104,0001996862,11,12,CHE,44528.0000,15904.0000,3085.0000,27106.0000,15904.0000,4119.0000,816.0000,70329.0000,193.4090,89.080000000000
A,USD,STD,INDL,C,144998,2010-12-31,XPO INC,XPO,983793100,0001166003,11,12,USA,56.6720,34.0130,0.5610,22.6590,34.0130,27.5920,4.8880,157.9870,32.5080,2.560000000000
A,USD,STD,INDL,C,144998,2011-12-31,XPO INC,XPO,983793100,0001166003,11,12,USA,127.6410,65.5660,74.0070,19.2810,108.3600,29.9710,0.7590,177.0760,8.3650,12.350000000000
A,USD,STD,INDL,C,144998,2012-12-31,XPO INC,XPO,983793100,0001166003,11,12,USA,413.2080,202.2650,252.2930,168.1490,245.0590,41.0310,-20.3390,278.5910,17.9580,17.380000000000
A,USD,STD,INDL,C,144998,2013-12-31,XPO INC,XPO,983793100,0001166003,11,12,USA,780.2410,413.1060,23.6650,324.3980,455.8430,123.6750,-48.5300,702.3030,30.5380,26.290000000000
A,USD,STD,INDL,C,144998,2014-12-31,XPO INC,XPO,983793100,0001166003,11,12,USA,2761.2000,1612.9000,644.1000,1106.1000,1655.1000,393.3000,-63.6000,2356.6000,77.4220,40.880000000000
A,USD,STD,INDL,C,144998,2015-12-31,XPO INC,XPO,983793100,0001166003,11,12,USA,12643.2000,2675.1000,289.8000,9582.4000,2717.1000,1250.4000,-191.1000,7623.3000,109.5230,27.250000000000
A,USD,STD,INDL,C,144998,2016-12-31,XPO INC,XPO,983793100,0001166003,11,12,USA,11698.4000,2658.4000,373.4000,8660.8000,2700.0000,2529.1000,69.0000,14619.4000,111.0870,43.160000000000
A,USD,STD,INDL,C,144998,2017-12-31,XPO INC,XPO,983793100,0001166003,11,12,USA,12601.6000,3563.2000,396.9000,8591.6000,3604.4000,2678.3000,340.2000,15380.8000,119.9200,91.590000000000
A,USD,STD,INDL,C,144998,2018-12-31,XPO INC,XPO,983793100,0001166003,11,12,USA,12270.0000,3534.0000,502.0000,8300.0000,3575.0000,2971.0000,422.0000,17279.0000,115.6830,57.040000000000
A,USD,STD,INDL,C,144998,2019-12-31,XPO INC,XPO,983793100,0001166003,11,12,USA,14128.0000,2702.0000,377.0000,11232.0000,2743.0000,3108.0000,419.0000,16648.0000,92.3420,79.700000000000
A,USD,STD,INDL,C,144998,2020-12-31,XPO INC,XPO,983793100,0001166003,11,12,USA,16169.0000,2708.0000,2054.0000,13320.0000,2709.0000,3023.0000,110.0000,16252.0000,102.0520,119.200000000000
A,USD,STD,INDL,C,144998,2021-12-31,XPO INC,XPO,983793100,0001166003,11,12,USA,8707.0000,1138.0000,260.0000,7569.0000,1138.0000,2470.0000,336.0000,12806.0000,114.7370,77.430000000000
A,USD,STD,INDL,C,144998,2022-12-31,XPO INC,XPO,983793100,0001166003,11,12,USA,6269.0000,1012.0000,460.0000,5257.0000,1012.0000,1619.0000,666.0000,7718.0000,115.4350,33.290000000000
A,USD,STD,INDL,C,144998,2023-12-31,XPO INC,XPO,983793100,0001166003,11,12,USA,7492.0000,1266.0000,412.0000,6226.0000,1266.0000,975.0000,189.0000,7744.0000,116.0730,87.590000000000
A,USD,STD,INDL,C,144998,2024-12-31,XPO INC,XPO,983793100,0001166003,11,12,USA,7711.0000,1601.0000,246.0000,6110.0000,1601.0000,1190.0000,387.0000,8072.0000,117.1740,131.150000000000
A,USD,STD,INDL,C,144998,2025-12-31,XPO INC,XPO,983793100,0001166003,11,12,USA,8194.0000,1861.0000,310.0000,6333.0000,1861.0000,1249.0000,316.0000,8157.0000,117.0000,135.910000000000
A,USD,STD,INDL,C,147708,2010-10-31,CALAVO GROWERS INC,CVGW,128246105,0001133470,14,10,USA,150.1980,88.2570,1.0640,61.3660,88.2570,54.6210,17.7640,398.3510,14.7120,21.900000000000
A,USD,STD,INDL,C,147708,2011-10-31,CALAVO GROWERS INC,CVGW,128246105,0001133470,14,10,USA,185.3230,95.7800,2.7740,89.0820,95.7800,46.8610,11.0680,522.5290,14.7700,22.570000000000
A,USD,STD,INDL,C,147708,2012-10-31,CALAVO GROWERS INC,CVGW,128246105,0001133470,14,10,USA,207.8910,110.0220,7.1030,97.5120,110.0220,66.3530,17.0520,551.1190,14.8240,23.610000000000
A,USD,STD,INDL,C,147708,2013-10-31,CALAVO GROWERS INC,CVGW,128246105,0001133470,14,10,USA,239.9390,128.4580,8.0190,111.3660,128.4580,66.7390,17.3490,691.4510,15.7200,29.690000000000
A,USD,STD,INDL,C,147708,2014-10-31,CALAVO GROWERS INC,CVGW,128246105,0001133470,14,10,USA,283.4640,179.4060,6.7440,103.7880,179.4060,79.6350,0.0970,782.5100,17.2950,48.540000000000
A,USD,STD,INDL,C,147708,2015-10-31,CALAVO GROWERS INC,CVGW,128246105,0001133470,14,10,USA,284.9450,184.9710,7.1710,98.6780,184.9710,93.2650,27.1990,856.8240,17.3840,51.410000000000
A,USD,STD,INDL,C,147708,2016-10-31,CALAVO GROWERS INC,CVGW,128246105,0001133470,14,10,USA,327.9330,214.1070,13.8420,112.0930,214.1070,116.3460,38.0220,935.6790,17.4400,59.150000000000
A,USD,STD,INDL,C,147708,2017-10-31,CALAVO GROWERS INC,CVGW,128246105,0001133470,14,10,USA,364.1170,243.1060,6.6250,119.9950,243.1060,125.2350,37.2700,1075.5650,17.5330,73.700000000000
A,USD,STD,INDL,C,147708,2018-10-31,CALAVO GROWERS INC,CVGW,128246105,0001133470,14,10,USA,367.7360,263.2110,1.5200,102.7770,263.2110,126.6580,32.2810,1088.7580,17.5670,97.000000000000
A,USD,STD,INDL,C,147708,2019-10-31,CALAVO GROWERS INC,CVGW,128246105,0001133470,14,10,USA,390.3600,284.1810,7.9730,104.4910,284.1810,141.7150,36.6460,1195.7770,17.5950,86.730000000000
A,USD,STD,INDL,C,147708,2020-10-31,CALAVO GROWERS INC,CVGW,128246105,0001133470,14,10,USA,429.6240,254.5300,4.0550,173.6220,254.5300,105.9910,-13.6250,1059.3710,17.6610,67.130000000000
A,USD,STD,INDL,C,147708,2021-10-31,CALAVO GROWERS INC,CVGW,128246105,0001133470,14,10,USA,445.4020,225.5150,2.8550,218.5190,225.5150,75.5820,-11.8180,1055.8300,17.6860,40.200000000000
A,USD,STD,INDL,C,147708,2022-10-31,CALAVO GROWERS INC,CVGW,128246105,0001133470,14,10,USA,385.7460,222.3560,3.1340,162.3750,222.3560,90.4340,-6.2490,1191.0730,17.7320,34.590000000000
A,USD,STD,INDL,C,147708,2023-10-31,CALAVO GROWERS INC,CVGW,128246105,0001133470,14,10,USA,386.8540,208.8370,2.8520,176.6250,208.8370,87.2380,-8.3440,971.9480,17.7610,25.340000000000
A,USD,STD,INDL,C,147708,2024-10-31,CALAVO GROWERS INC,CVGW,128246105,0001133470,14,10,USA,301.1190,200.3320,57.0310,99.3430,200.3320,75.4040,-1.0760,661.5440,17.8020,26.580000000000
A,USD,STD,INDL,C,147708,2025-10-31,CALAVO GROWERS INC,CVGW,128246105,0001133470,14,10,USA,292.2490,206.9400,61.1550,83.6910,206.9400,70.5630,19.7960,648.4340,17.8550,22.210000000000
A,USD,STD,INDL,C,149318,2010-12-31,WYNN RESORTS LTD,WYNN,983134107,0001174922,14,12,USA,6674.4970,2237.9480,1258.4990,4293.9120,2237.9480,1475.6790,160.1270,4184.6980,124.6000,103.840000000000
A,USD,STD,INDL,C,149318,2011-12-31,WYNN RESORTS LTD,WYNN,983134107,0001174922,14,12,USA,6899.4960,2089.0220,1384.6530,4676.0420,2089.0220,1955.9740,613.3710,5269.7920,125.0810,110.490000000000
A,USD,STD,INDL,C,149318,2012-12-31,WYNN RESORTS LTD,WYNN,983134107,0001174922,14,12,USA,7276.5940,-259.0370,1864.1060,7172.6620,-259.0370,1901.0640,502.0360,5154.2840,100.8670,112.490000000000
A,USD,STD,INDL,C,149318,2013-12-31,WYNN RESORTS LTD,WYNN,983134107,0001174922,14,12,USA,8377.0300,-184.5070,2609.4400,8244.6790,-184.5070,2141.7090,728.6520,5620.9360,101.1920,194.210000000000
A,USD,STD,INDL,C,149318,2014-12-31,WYNN RESORTS LTD,WYNN,983134107,0001174922,14,12,USA,9062.8610,-28.7790,2422.3040,8851.7700,-28.7790,2117.3500,731.5540,5433.6610,101.4390,148.760000000000
A,USD,STD,INDL,C,149318,2015-12-31,WYNN RESORTS LTD,WYNN,983134107,0001174922,14,12,USA,10522.2590,-111.9790,2195.3860,10500.4140,-111.9790,1545.5090,195.2900,4075.8830,101.5720,69.190000000000
A,USD,STD,INDL,C,149318,2016-12-31,WYNN RESORTS LTD,WYNN,983134107,0001174922,14,12,USA,11953.5570,157.9490,2626.5590,11695.6760,157.9490,1692.2750,241.9750,4466.2970,101.8000,86.510000000000
A,USD,STD,INDL,C,149318,2017-12-31,WYNN RESORTS LTD,WYNN,983134107,0001174922,14,12,USA,12681.7390,947.8460,2971.2470,11603.3890,947.8460,2342.9750,747.1810,6306.3680,103.0060,168.590000000000
A,USD,STD,INDL,C,149318,2018-12-31,WYNN RESORTS LTD,WYNN,983134107,0001174922,14,12,USA,13216.2690,2034.1230,2215.0010,11401.4800,2034.1230,2620.6850,572.4300,6706.9600,107.2320,98.910000000000
A,USD,STD,INDL,C,149318,2019-12-31,WYNN RESORTS LTD,WYNN,983134107,0001174922,14,12,USA,13871.2810,1743.0450,2351.9040,12329.8090,1743.0450,2544.0460,122.9850,6611.0990,107.3640,138.870000000000
A,USD,STD,INDL,C,149318,2020-12-31,WYNN RESORTS LTD,WYNN,983134107,0001174922,14,12,USA,13869.5470,-351.9970,3482.0320,14606.8640,-351.9970,413.5420,-2067.2450,2095.8610,107.8880,112.830000000000
A,USD,STD,INDL,C,149318,2021-12-31,WYNN RESORTS LTD,WYNN,983134107,0001174922,14,12,USA,12530.8260,-214.4180,2527.4260,13367.0410,-214.4180,1205.0830,-755.7860,3763.6640,115.7150,85.040000000000
A,USD,STD,INDL,C,149318,2022-12-31,WYNN RESORTS LTD,WYNN,983134107,0001174922,14,12,USA,13415.1000,-750.8380,3655.2590,15055.4650,-750.8380,1366.6030,-423.8560,3756.8250,113.3690,82.470000000000
A,USD,STD,INDL,C,149318,2023-12-31,WYNN RESORTS LTD,WYNN,983134107,0001174922,14,12,USA,13996.2230,-251.3820,3724.3960,15097.1570,-251.3820,2823.3340,729.9940,6531.8970,111.7370,91.110000000000
A,USD,STD,INDL,C,149318,2024-12-31,WYNN RESORTS LTD,WYNN,983134107,0001174922,14,12,USA,12977.9630,-224.1610,2426.1550,13946.5660,-224.1610,3101.5370,501.0780,7127.9610,107.8220,86.160000000000
A,USD,STD,INDL,C,149318,2025-12-31,WYNN RESORTS LTD,WYNN,983134107,0001174922,14,12,USA,13108.1170,-275.4920,2065.1980,14139.3960,-275.4920,2957.0060,327.3340,7137.9240,103.9900,120.330000000000
A,USD,STD,INDL,C,155394,2010-12-31,LKQ CORP,LKQ,501889208,0001065696,14,12,USA,2299.5090,1414.1610,95.6890,885.3480,1414.1610,1096.9120,169.0710,2469.8810,145.4670,22.720000000000
A,USD,STD,INDL,C,155394,2011-12-31,LKQ CORP,LKQ,501889208,0001065696,14,12,USA,3199.7040,1644.0850,48.2470,1555.6190,1644.0850,1396.5690,210.2640,3269.8620,146.9490,30.080000000000
A,USD,STD,INDL,C,155394,2012-12-31,LKQ CORP,LKQ,501889208,0001065696,14,12,USA,3723.4560,1964.0940,59.7700,1759.3620,1964.0940,1712.3120,261.2250,4122.9300,297.8110,21.100000000000
A,USD,STD,INDL,C,155394,2013-12-31,LKQ CORP,LKQ,501889208,0001065696,14,12,USA,4518.7740,2350.7450,150.4880,2168.0290,2350.7450,2080.8960,311.6230,5062.5280,300.8050,32.900000000000
A,USD,STD,INDL,C,155394,2014-12-31,LKQ CORP,LKQ,501889208,0001065696,14,12,USA,5573.4920,2720.6570,114.6050,2852.8350,2720.6570,2656.6310,381.5190,6740.0640,303.4530,28.120000000000
A,USD,STD,INDL,C,155394,2015-12-31,LKQ CORP,LKQ,501889208,0001065696,14,12,USA,5647.8370,3114.6820,87.3970,2533.1550,3114.6820,2839.6010,423.2230,7192.6330,305.5740,29.630000000000
A,USD,STD,INDL,C,155394,2016-12-31,LKQ CORP,LKQ,501889208,0001065696,14,12,USA,8303.1990,3442.9490,227.4000,4860.2500,3442.9490,3362.2180,463.9750,8584.0310,307.5450,30.650000000000
A,USD,STD,INDL,C,155394,2017-12-31,LKQ CORP,LKQ,501889208,0001065696,14,12,USA,9366.8720,4198.1690,279.7660,5160.2190,4198.1690,3813.8640,533.7440,9736.9090,309.1260,40.670000000000
A,USD,STD,INDL,C,155394,2018-12-31,LKQ CORP,LKQ,501889208,0001065696,14,12,USA,11393.4020,4782.2980,331.7610,6554.6500,4782.2980,4595.1240,480.1180,11876.6740,316.1460,23.730000000000
A,USD,STD,INDL,C,155394,2019-12-31,LKQ CORP,LKQ,501889208,0001065696,14,12,USA,12779.9560,5008.8760,523.0200,7707.2990,5008.8760,4893.7600,541.2600,12506.1090,306.7310,35.700000000000
A,USD,STD,INDL,C,155394,2020-12-31,LKQ CORP,LKQ,501889208,0001065696,14,12,USA,12360.5330,5655.7180,312.1540,6665.1560,5655.7180,4620.7420,638.4230,11628.8300,303.5530,35.240000000000
A,USD,STD,INDL,C,155394,2021-12-31,LKQ CORP,LKQ,501889208,0001065696,14,12,USA,12606.1540,5771.7440,274.1340,6795.4930,5771.7440,5345.0800,1090.8730,13088.5040,287.0150,60.030000000000
A,USD,STD,INDL,C,155394,2022-12-31,LKQ CORP,LKQ,501889208,0001065696,14,12,USA,12038.0000,5453.0000,278.0000,6547.0000,5453.0000,5250.0000,1149.0000,12794.0000,267.3000,53.410000000000
A,USD,STD,INDL,C,155394,2023-12-31,LKQ CORP,LKQ,501889208,0001065696,14,12,USA,15079.0000,6167.0000,299.0000,8898.0000,6167.0000,5615.0000,936.0000,13866.0000,267.2000,47.790000000000
A,USD,STD,INDL,C,155394,2024-12-31,LKQ CORP,LKQ,501889208,0001065696,14,12,USA,14955.0000,6017.0000,234.0000,8923.0000,6017.0000,5671.0000,690.0000,14355.0000,259.1000,36.750000000000
A,USD,STD,INDL,C,155394,2025-12-31,LKQ CORP,LKQ,501889208,0001065696,14,12,USA,15137.0000,6537.0000,319.0000,8576.0000,6537.0000,5309.0000,607.0000,13651.0000,255.0000,30.200000000000
A,USD,STD,INDL,C,157373,2010-12-31,VISTRA CORP,VST,92840M102,0001692819,11,12,USA,39139.0000,-5146.0000,80.0000,44198.0000,-5146.0000,2199.0000,-3383.0000,8235.0000,,
A,USD,STD,INDL,C,157373,2011-12-31,VISTRA CORP,VST,92840M102,0001692819,11,12,USA,37335.0000,-6861.0000,249.0000,44093.0000,-6861.0000,1896.0000,-1740.0000,7040.0000,,
A,USD,STD,INDL,C,157373,2012-12-31,VISTRA CORP,VST,92840M102,0001692819,11,12,USA,32969.0000,-9795.0000,1175.0000,42652.0000,-9795.0000,1193.0000,-2948.0000,5636.0000,,
A,USD,STD,INDL,C,157373,2013-12-31,VISTRA CORP,VST,92840M102,0001692819,11,12,USA,28822.0000,-11983.0000,1784.0000,40804.0000,-11983.0000,1414.0000,-2197.0000,5899.0000,,
A,USD,STD,INDL,C,157373,2014-12-31,VISTRA CORP,VST,92840M102,0001692819,11,12,USA,21343.0000,-18209.0000,1854.0000,39552.0000,-18209.0000,-3156.0000,-6229.0000,5978.0000,,
A,USD,STD,INDL,C,157373,2015-12-31,VISTRA CORP,VST,92840M102,0001692819,11,12,USA,15658.0000,-22884.0000,1919.0000,38542.0000,-22884.0000,-1373.0000,-4677.0000,5370.0000,,
A,USD,STD,INDL,C,157373,2016-12-31,VISTRA CORP,VST,92840M102,0001692819,11,12,USA,15167.0000,6597.0000,938.0000,8570.0000,6597.0000,800.0000,22688.0000,5164.0000,427.5800,15.500000000000
A,USD,STD,INDL,C,157373,2017-12-31,VISTRA CORP,VST,92840M102,0001692819,11,12,USA,14600.0000,6342.0000,1546.0000,8258.0000,6342.0000,1192.0000,-254.0000,5430.0000,428.3990,18.320000000000
A,USD,STD,INDL,C,157373,2018-12-31,VISTRA CORP,VST,92840M102,0001692819,11,12,USA,26024.0000,7863.0000,693.0000,18157.0000,7863.0000,2159.0000,-54.0000,9144.0000,493.2150,22.890000000000
A,USD,STD,INDL,C,157373,2019-12-31,VISTRA CORP,VST,92840M102,0001692819,11,12,USA,26616.0000,7959.0000,447.0000,18656.0000,7959.0000,3778.0000,928.0000,11809.0000,487.6980,22.990000000000
A,USD,STD,INDL,C,157373,2020-12-31,VISTRA CORP,VST,92840M102,0001692819,11,12,USA,25208.0000,8371.0000,425.0000,16847.0000,8371.0000,3335.0000,636.0000,11443.0000,489.3060,19.660000000000
A,USD,STD,INDL,C,157373,2021-12-31,VISTRA CORP,VST,92840M102,0001692819,11,12,USA,29683.0000,6291.0000,1346.0000,21391.0000,8291.0000,798.0000,-1274.0000,12077.0000,469.0730,22.770000000000
A,USD,STD,INDL,C,157373,2022-12-31,VISTRA CORP,VST,92840M102,0001692819,11,12,USA,32787.0000,2902.0000,492.0000,27869.0000,4902.0000,119.0000,-1227.0000,13728.0000,389.7550,23.200000000000
A,USD,STD,INDL,C,157373,2023-12-31,VISTRA CORP,VST,92840M102,0001692819,11,12,USA,32966.0000,2831.0000,3525.0000,27644.0000,5307.0000,4115.0000,1493.0000,14779.0000,351.4570,38.520000000000
A,USD,STD,INDL,C,157373,2024-12-31,VISTRA CORP,VST,92840M102,0001692819,11,12,USA,37770.0000,3094.0000,1216.0000,32187.0000,5570.0000,6060.0000,2659.0000,17224.0000,339.7540,137.870000000000
A,USD,STD,INDL,C,157373,2025-12-31,VISTRA CORP,VST,92840M102,0001692819,11,12,USA,41550.0000,2621.0000,816.0000,36440.0000,5097.0000,3896.0000,944.0000,17667.0000,338.0600,161.330000000000
A,USD,STD,INDL,C,157855,2010-01-31,SALESFORCE INC,CRM,79466L302,0001108524,11,1,USA,2460.2010,1043.8020,1241.9650,1403.5350,1043.8020,1097.4580,80.7190,1305.5830,127.1520,63.550000000000
A,USD,STD,INDL,C,157855,2011-01-31,SALESFORCE INC,CRM,79466L302,0001108524,11,1,USA,3091.1650,1276.4910,496.9700,1814.6740,1276.4910,1403.2850,64.4740,1657.1390,132.9210,129.140000000000
A,USD,STD,INDL,C,157855,2012-01-31,SALESFORCE INC,CRM,79466L302,0001108524,11,1,USA,4164.1540,1587.3600,777.8660,2498.0530,1666.1010,1923.3220,-11.5720,2266.5390,137.0370,116.800000000000
A,USD,STD,INDL,C,157855,2013-01-31,SALESFORCE INC,CRM,79466L302,0001108524,11,1,USA,5528.9560,2317.6330,867.6210,,2371.2450,2567.0650,-270.4450,3050.1950,146.4070,172.130000000000
A,USD,STD,INDL,C,157855,2014-01-31,SALESFORCE INC,CRM,79466L302,0001108524,11,1,USA,9152.9300,3038.5100,838.7740,6087.7150,3065.2150,3427.0310,-232.1750,4071.0030,610.1430,60.530000000000
A,USD,STD,INDL,C,157855,2015-01-31,SALESFORCE INC,CRM,79466L302,0001108524,11,1,USA,10692.9820,3975.1830,995.4290,6717.7990,3975.1830,4469.9430,-262.6880,5373.5860,650.5960,56.450000000000
A,USD,STD,INDL,C,157855,2016-01-31,SALESFORCE INC,CRM,79466L302,0001108524,11,1,USA,12770.7720,5002.8690,1341.3810,7767.9030,5002.8690,5460.1800,-47.4260,6667.2160,670.9290,68.060000000000
A,USD,STD,INDL,C,157855,2017-01-31,SALESFORCE INC,CRM,79466L302,0001108524,11,1,USA,17584.9230,7500.1270,2208.8870,10084.7960,7500.1270,6689.5210,179.6320,8391.9840,707.4600,79.100000000000
A,USD,STD,INDL,C,157855,2018-01-31,SALESFORCE INC,CRM,79466L302,0001108524,11,1,USA,21009.8020,9388.4960,4521.7050,11621.3060,9388.4960,8336.5350,127.4780,10480.0120,729.8530,113.910000000000
A,USD,STD,INDL,C,157855,2019-01-31,SALESFORCE INC,CRM,79466L302,0001108524,11,1,USA,30737.0000,15605.0000,4342.0000,15132.0000,15605.0000,10457.0000,1110.0000,13282.0000,770.0000,151.970000000000
A,USD,STD,INDL,C,157855,2020-01-31,SALESFORCE INC,CRM,79466L302,0001108524,11,1,USA,55126.0000,33885.0000,7947.0000,21241.0000,33885.0000,13413.0000,126.0000,17098.0000,893.0000,182.310000000000
A,USD,STD,INDL,C,157855,2021-01-31,SALESFORCE INC,CRM,79466L302,0001108524,11,1,USA,66301.0000,41493.0000,11966.0000,24808.0000,41493.0000,17034.0000,4072.0000,21252.0000,919.0000,225.560000000000
A,USD,STD,INDL,C,157855,2022-01-31,SALESFORCE INC,CRM,79466L302,0001108524,11,1,USA,95209.0000,58131.0000,10537.0000,37078.0000,58131.0000,21017.0000,1444.0000,26492.0000,989.0000,232.630000000000
A,USD,STD,INDL,C,157855,2023-01-31,SALESFORCE INC,CRM,79466L302,0001108524,11,1,USA,98849.0000,58359.0000,12508.0000,40490.0000,58359.0000,24979.0000,208.0000,31352.0000,981.0000,167.970000000000
A,USD,STD,INDL,C,157855,2024-01-31,SALESFORCE INC,CRM,79466L302,0001108524,11,1,USA,99823.0000,59646.0000,14194.0000,40177.0000,59646.0000,28394.0000,4136.0000,34857.0000,971.0000,281.090000000000
A,USD,STD,INDL,C,157855,2025-01-31,SALESFORCE INC,CRM,79466L302,0001108524,11,1,USA,102928.0000,61173.0000,14032.0000,41755.0000,61173.0000,31002.0000,6197.0000,37895.0000,962.0000,341.700000000000
A,USD,STD,INDL,C,157855,2026-01-31,SALESFORCE INC,CRM,79466L302,0001108524,11,1,USA,112305.0000,59142.0000,9565.0000,53163.0000,59142.0000,34147.0000,7457.0000,41525.0000,929.0000,212.290000000000
A,USD,STD,INDL,C,160341,2010-12-31,W&T OFFSHORE INC,WTI,92922P106,0001288403,11,12,USA,1424.0940,421.7430,28.6550,1002.3510,421.7430,493.5540,117.8920,680.9020,74.4740,17.870000000000
A,USD,STD,INDL,C,160341,2011-12-31,W&T OFFSHORE INC,WTI,92922P106,0001288403,11,12,USA,1868.9250,544.5740,4.5120,1324.3510,544.5740,730.6460,172.8170,971.0470,74.3520,21.210000000000
A,USD,STD,INDL,C,160341,2012-12-31,W&T OFFSHORE INC,WTI,92922P106,0001288403,11,12,USA,2348.9870,541.1870,12.2450,1807.8000,541.1870,621.5130,71.9840,874.4910,75.2500,16.030000000000
A,USD,STD,INDL,C,160341,2013-12-31,W&T OFFSHORE INC,WTI,92922P106,0001288403,11,12,USA,2507.3020,540.6100,15.8000,1966.6920,540.6100,688.6040,51.3220,984.0880,75.5920,16.000000000000
A,USD,STD,INDL,C,160341,2014-12-31,W&T OFFSHORE INC,WTI,92922P106,0001288403,11,12,USA,2709.1070,509.3080,23.6660,2199.7990,509.3080,656.2040,-11.6610,948.7080,75.8990,7.340000000000
A,USD,STD,INDL,C,160341,2015-12-31,W&T OFFSHORE INC,WTI,92922P106,0001288403,11,12,USA,1208.0220,-526.4910,85.4140,1734.5130,-526.4910,-692.8970,-1044.7180,507.2650,76.5060,2.310000000000
A,USD,STD,INDL,C,160341,2016-12-31,W&T OFFSHORE INC,WTI,92922P106,0001288403,11,12,USA,829.7260,-659.0370,70.2360,1488.7630,-659.0370,-56.2930,-249.0200,399.9860,137.6740,2.770000000000
A,USD,STD,INDL,C,160341,2017-12-31,W&T OFFSHORE INC,WTI,92922P106,0001288403,11,12,USA,907.5800,-573.5080,99.0580,1481.0880,-573.5080,321.1770,79.6820,487.0960,139.0910,3.310000000000
A,USD,STD,INDL,C,160341,2018-12-31,W&T OFFSHORE INC,WTI,92922P106,0001288403,11,12,USA,848.8660,-324.7960,33.2930,1173.6620,-324.7960,403.2300,248.8270,580.7060,140.6440,4.120000000000
A,USD,STD,INDL,C,160341,2019-12-31,W&T OFFSHORE INC,WTI,92922P106,0001288403,11,12,USA,1003.7190,-249.3650,32.4330,1253.0840,-249.3650,322.1410,74.0860,534.8960,141.6690,5.560000000000
A,USD,STD,INDL,C,160341,2020-12-31,W&T OFFSHORE INC,WTI,92922P106,0001288403,11,12,USA,940.5820,-208.2860,43.7260,1148.8680,-208.2860,167.5300,37.7900,346.6340,142.3050,2.170000000000
A,USD,STD,INDL,C,160341,2021-12-31,W&T OFFSHORE INC,WTI,92922P106,0001288403,11,12,USA,1193.2070,-247.1800,250.2160,1440.3870,-247.1800,355.5090,-41.4780,558.0100,142.8630,3.230000000000
A,USD,STD,INDL,C,160341,2022-12-31,W&T OFFSHORE INC,WTI,92922P106,0001288403,11,12,USA,1431.7900,7.6340,465.7740,1424.1560,7.6340,661.4550,231.1490,920.9970,146.1330,5.580000000000
A,USD,STD,INDL,C,160341,2023-12-31,W&T OFFSHORE INC,WTI,92922P106,0001288403,11,12,USA,1114.0050,31.1920,177.7550,1082.8130,31.1920,248.7300,15.5980,532.6560,146.5810,3.260000000000
A,USD,STD,INDL,C,160341,2024-12-31,W&T OFFSHORE INC,WTI,92922P106,0001288403,11,12,USA,1098.9300,-52.5770,110.5550,1151.5070,-52.5770,215.5960,-87.1450,525.2610,147.3740,1.660000000000
A,USD,STD,INDL,C,161844,2010-12-31,LAS VEGAS SANDS CORP,LVS,517834107,0001300514,11,12,USA,21044.3080,6455.6350,3201.3960,12609.7410,7166.3700,2977.9950,599.3940,6853.1820,707.5080,45.950000000000
A,USD,STD,INDL,C,161844,2011-12-31,LAS VEGAS SANDS CORP,LVS,517834107,0001300514,11,12,USA,22244.1230,7850.6890,3907.5460,12804.9710,7850.6890,4488.0680,1560.1230,9410.7450,733.2500,42.730000000000
A,USD,STD,INDL,C,161844,2012-12-31,LAS VEGAS SANDS CORP,LVS,517834107,0001300514,11,12,USA,22163.6520,7061.8420,2517.2870,13505.2400,7061.8420,5061.5570,1524.0930,11131.1320,824.2980,46.160000000000
A,USD,STD,INDL,C,161844,2013-12-31,LAS VEGAS SANDS CORP,LVS,517834107,0001300514,11,12,USA,22724.2640,7665.4940,3607.2530,13223.7350,7665.4940,6253.4280,2305.9970,13769.8850,818.7030,78.870000000000
A,USD,STD,INDL,C,161844,2014-12-31,LAS VEGAS SANDS CORP,LVS,517834107,0001300514,11,12,USA,22361.6910,7213.5860,3512.8850,13341.1090,7213.5860,6838.4290,2840.6290,14583.8490,798.2580,58.160000000000
A,USD,STD,INDL,C,161844,2015-12-31,LAS VEGAS SANDS CORP,LVS,517834107,0001300514,11,12,USA,20987.4210,6816.7410,2187.3910,12569.4340,6816.7410,5571.3710,1966.2360,11688.4610,794.6450,43.840000000000
A,USD,STD,INDL,C,161844,2016-12-31,LAS VEGAS SANDS CORP,LVS,517834107,0001300514,11,12,USA,20469.0000,6177.0000,2138.0000,12973.0000,6177.0000,5573.0000,1670.0000,11410.0000,795.0000,53.410000000000
A,USD,STD,INDL,C,161844,2017-12-31,LAS VEGAS SANDS CORP,LVS,517834107,0001300514,11,12,USA,20687.0000,6493.0000,2430.0000,13052.0000,6493.0000,6397.0000,2806.0000,12882.0000,789.4850,69.490000000000
A,USD,STD,INDL,C,161844,2018-12-31,LAS VEGAS SANDS CORP,LVS,517834107,0001300514,11,12,USA,22547.0000,5684.0000,4661.0000,15802.0000,5684.0000,6755.0000,2413.0000,13729.0000,775.4630,52.050000000000
A,USD,STD,INDL,C,161844,2019-12-31,LAS VEGAS SANDS CORP,LVS,517834107,0001300514,11,12,USA,23199.0000,5187.0000,4242.0000,16692.0000,5187.0000,6907.0000,2698.0000,13739.0000,763.4850,69.040000000000
A,USD,STD,INDL,C,161844,2020-12-31,LAS VEGAS SANDS CORP,LVS,517834107,0001300514,11,12,USA,20807.0000,2973.0000,2137.0000,17269.0000,2973.0000,1278.0000,-1685.0000,3886.0000,763.8430,59.600000000000
A,USD,STD,INDL,C,161844,2021-12-31,LAS VEGAS SANDS CORP,LVS,517834107,0001300514,11,12,USA,20059.0000,1996.0000,1870.0000,17811.0000,1996.0000,1667.0000,-961.0000,4293.0000,763.9900,37.640000000000
A,USD,STD,INDL,C,161844,2022-12-31,LAS VEGAS SANDS CORP,LVS,517834107,0001300514,11,12,USA,22039.0000,3881.0000,6311.0000,18383.0000,3881.0000,1720.0000,1832.0000,4180.0000,764.2470,48.070000000000
A,USD,STD,INDL,C,161844,2023-12-31,LAS VEGAS SANDS CORP,LVS,517834107,0001300514,11,12,USA,21778.0000,4118.0000,5105.0000,17674.0000,4118.0000,5167.0000,1221.0000,10372.0000,753.4490,49.210000000000
A,USD,STD,INDL,C,161844,2024-12-31,LAS VEGAS SANDS CORP,LVS,517834107,0001300514,11,12,USA,20666.0000,2884.0000,3650.0000,17506.0000,2884.0000,5513.0000,1446.0000,11290.0000,716.3000,51.360000000000
A,USD,STD,INDL,C,161844,2025-12-31,LAS VEGAS SANDS CORP,LVS,517834107,0001300514,11,12,USA,21920.0000,1590.0000,3841.0000,19986.0000,1590.0000,6481.0000,1627.0000,13017.0000,674.9140,65.090000000000
I,USD,STD,INDL,C,162264,2010-12-31,NEENAH INC,NP.2,640079109,0001296435,11,12,USA,606.7000,159.2000,48.3000,447.5000,159.2000,149.6000,158.5000,657.7000,14.8110,19.680000000000
I,USD,STD,INDL,C,162264,2011-12-31,NEENAH INC,NP.2,640079109,0001296435,11,12,USA,565.1000,166.7000,19.8000,398.4000,166.7000,155.3000,29.1000,696.0000,15.1420,22.320000000000
I,USD,STD,INDL,C,162264,2012-12-31,NEENAH INC,NP.2,640079109,0001296435,11,12,USA,610.7000,197.8000,7.8000,412.9000,197.8000,187.2000,44.2000,808.8000,15.9150,28.470000000000
I,USD,STD,INDL,C,162264,2013-12-31,NEENAH INC,NP.2,640079109,0001296435,11,12,USA,675.9000,267.5000,73.4000,408.4000,267.5000,194.2000,52.0000,844.5000,16.3610,42.770000000000
I,USD,STD,INDL,C,162264,2014-12-31,NEENAH INC,NP.2,640079109,0001296435,11,12,USA,730.6000,288.7000,72.6000,441.9000,288.7000,206.2000,68.7000,902.7000,16.7480,60.270000000000
I,USD,STD,INDL,C,162264,2015-12-31,NEENAH INC,NP.2,640079109,0001296435,11,12,USA,751.4000,311.6000,4.2000,439.8000,311.6000,223.1000,51.2000,887.7000,16.8190,62.430000000000
I,USD,STD,INDL,C,162264,2016-12-31,NEENAH INC,NP.2,640079109,0001296435,11,12,USA,765.6000,338.3000,3.7000,427.3000,338.3000,245.5000,73.0000,941.5000,16.7710,85.200000000000
I,USD,STD,INDL,C,162264,2017-12-31,NEENAH INC,NP.2,640079109,0001296435,11,12,USA,904.4000,399.9000,5.1000,504.5000,399.9000,230.7000,80.3000,979.9000,16.8700,90.650000000000
I,USD,STD,INDL,C,162264,2018-12-31,NEENAH INC,NP.2,640079109,0001296435,11,12,USA,861.2000,390.2000,10.4000,471.0000,390.2000,220.3000,36.4000,1034.9000,16.8590,58.920000000000
I,USD,STD,INDL,C,162264,2019-12-31,NEENAH INC,NP.2,640079109,0001296435,11,12,USA,827.8000,406.3000,10.4000,421.5000,406.3000,221.2000,55.4000,938.5000,16.8430,70.430000000000
I,USD,STD,INDL,C,162264,2020-12-31,NEENAH INC,NP.2,640079109,0001296435,11,12,USA,806.6000,367.6000,37.8000,439.0000,367.6000,188.4000,-15.8000,792.6000,16.8290,55.320000000000
I,USD,STD,INDL,C,162264,2021-12-31,NEENAH INC,NP.2,640079109,0001296435,11,12,USA,1081.7000,316.0000,24.6000,765.7000,316.0000,210.4000,-24.9000,1028.5000,16.7790,46.280000000000
A,USD,STD,FS,C,162385,2010-12-31,WEX INC,WEX,96208T104,0001309108,11,12,USA,2097.9510,559.0070,,1538.9440,559.0070,,,,,46.000000000000
A,USD,STD,INDL,C,162385,2010-12-31,WEX INC,WEX,96208T104,0001309108,11,12,USA,2097.9510,559.0070,18.0450,1538.9440,559.0070,180.6020,87.6290,390.4060,38.4370,46.000000000000
A,USD,STD,FS,C,162385,2011-12-31,WEX INC,WEX,96208T104,0001309108,11,12,USA,2278.0600,709.3150,,1568.7450,709.3150,,,,,54.280000000000
A,USD,STD,INDL,C,162385,2011-12-31,WEX INC,WEX,96208T104,0001309108,11,12,USA,2278.0600,709.3150,25.7910,1568.7450,709.3150,278.6930,133.6220,553.0760,38.7650,54.280000000000
A,USD,STD,FS,C,162385,2012-12-31,WEX INC,WEX,96208T104,0001309108,11,12,USA,3106.6840,817.9310,,2267.0910,817.9310,,,,,75.370000000000
A,USD,STD,INDL,C,162385,2012-12-31,WEX INC,WEX,96208T104,0001309108,11,12,USA,3106.6840,817.9310,197.6620,2267.0910,817.9310,295.3650,96.9220,623.1510,38.9080,75.370000000000
A,USD,STD,FS,C,162385,2013-12-31,WEX INC,WEX,96208T104,0001309108,11,12,USA,3433.0430,902.7780,,2511.0170,902.7780,,,,,99.030000000000
A,USD,STD,INDL,C,162385,2013-12-31,WEX INC,WEX,96208T104,0001309108,11,12,USA,3433.0430,902.7780,361.4860,2511.0170,902.7780,334.9470,149.2080,717.4630,38.9870,99.030000000000
A,USD,STD,FS,C,162385,2014-12-31,WEX INC,WEX,96208T104,0001309108,11,12,USA,4118.3470,1060.3250,,3024.0360,1060.3250,,,,,98.920000000000
A,USD,STD,INDL,C,162385,2014-12-31,WEX INC,WEX,96208T104,0001309108,11,12,USA,4118.3470,1060.3250,284.9740,3024.0360,1060.3250,356.8220,202.2110,817.6470,38.8970,98.920000000000
A,USD,STD,FS,C,162385,2015-12-31,WEX INC,WEX,96208T104,0001309108,11,12,USA,3857.9460,1083.2440,,2762.2650,1083.2440,,,,,88.400000000000
A,USD,STD,INDL,C,162385,2015-12-31,WEX INC,WEX,96208T104,0001309108,11,12,USA,3857.9460,1083.2440,279.9890,2762.2650,1083.2440,325.5520,101.9040,854.6370,38.7460,88.400000000000
A,USD,STD,FS,C,162385,2016-12-31,WEX INC,WEX,96208T104,0001309108,11,12,USA,5997.0970,1497.1890,,4491.3500,1497.1890,,,,,111.600000000000
A,USD,STD,INDL,C,162385,2016-12-31,WEX INC,WEX,96208T104,0001309108,11,12,USA,5997.0970,1497.1890,190.9300,4491.3500,1497.1890,508.5180,60.6370,1018.4600,42.8410,111.600000000000
A,USD,STD,FS,C,162385,2017-12-31,WEX INC,WEX,96208T104,0001309108,11,12,USA,6739.1750,1711.3380,,5018.6170,1711.3380,,,,,141.230000000000
A,USD,STD,INDL,C,162385,2017-12-31,WEX INC,WEX,96208T104,0001309108,11,12,USA,6739.1750,1711.3380,508.0720,5018.6170,1711.3380,478.3460,160.2660,1250.5480,43.0220,141.230000000000
A,USD,STD,FS,C,162385,2018-12-31,WEX INC,WEX,96208T104,0001309108,11,12,USA,6770.5950,1785.6970,,4974.6710,1785.6970,,,,,140.060000000000
A,USD,STD,INDL,C,162385,2018-12-31,WEX INC,WEX,96208T104,0001309108,11,12,USA,6770.5950,1785.6970,555.0310,4974.6710,1785.6970,1028.7880,168.2950,1492.6390,43.1290,140.060000000000
A,USD,STD,FS,C,162385,2019-12-31,WEX INC,WEX,96208T104,0001309108,11,12,USA,8298.4180,1926.9470,,6205.0170,1926.9470,,,,,209.460000000000
A,USD,STD,INDL,C,162385,2019-12-31,WEX INC,WEX,96208T104,0001309108,11,12,USA,8298.4180,1926.9470,981.3810,6205.0170,1926.9470,1158.6460,99.0060,1723.6910,43.3210,209.460000000000
A,USD,STD,FS,C,162385,2020-12-31,WEX INC,WEX,96208T104,0001309108,11,12,USA,8183.3610,1904.8950,,6148.2250,1904.8950,,,,,203.530000000000
A,USD,STD,INDL,C,162385,2020-12-31,WEX INC,WEX,96208T104,0001309108,11,12,USA,8183.3610,1904.8950,1329.6530,6148.2250,1904.8950,991.2860,-243.6380,1559.8690,44.1880,203.530000000000
A,USD,STD,FS,C,162385,2021-12-31,WEX INC,WEX,96208T104,0001309108,11,12,USA,10306.8280,1838.7730,,8213.9490,1838.7730,,,,,140.390000000000
A,USD,STD,INDL,C,162385,2021-12-31,WEX INC,WEX,96208T104,0001309108,11,12,USA,10306.8280,1838.7730,2207.1150,8213.9490,1838.7730,1260.5970,0.1370,1850.5420,44.8270,140.390000000000
A,USD,STD,FS,C,162385,2022-12-31,WEX INC,WEX,96208T104,0001309108,11,12,USA,11529.2290,1649.5130,,9879.7160,1649.5130,,,,,163.650000000000
A,USD,STD,INDL,C,162385,2022-12-31,WEX INC,WEX,96208T104,0001309108,11,12,USA,11529.2290,1649.5130,3259.4050,9879.7160,1649.5130,1525.9300,201.4380,2350.5110,43.2200,163.650000000000
A,USD,STD,FS,C,162385,2023-12-31,WEX INC,WEX,96208T104,0001309108,11,12,USA,13882.1000,1820.6000,,12061.5000,1820.6000,,,,,194.550000000000
A,USD,STD,INDL,C,162385,2023-12-31,WEX INC,WEX,96208T104,0001309108,11,12,USA,13882.1000,1820.6000,5253.8000,12061.5000,1820.6000,1679.1000,266.6000,2548.0000,41.9000,194.550000000000
A,USD,STD,FS,C,162385,2024-12-31,WEX INC,WEX,96208T104,0001309108,11,12,USA,13321.6000,1488.8000,,11832.8000,1488.8000,,,,,175.320000000000
A,USD,STD,INDL,C,162385,2024-12-31,WEX INC,WEX,96208T104,0001309108,11,12,USA,13321.6000,1488.8000,5200.1000,11832.8000,1488.8000,1731.4000,309.6000,2628.2000,39.0000,175.320000000000
A,USD,STD,FS,C,162385,2025-12-31,WEX INC,WEX,96208T104,0001309108,11,12,USA,14399.5000,1234.5000,,13165.0000,1234.5000,,,,,148.980000000000
A,USD,STD,INDL,C,162385,2025-12-31,WEX INC,WEX,96208T104,0001309108,11,12,USA,14399.5000,1234.5000,6013.5000,13165.0000,1234.5000,1722.1000,304.1000,2660.8000,34.3000,148.980000000000
A,USD,STD,INDL,C,162401,2010-12-31,HUNTSMAN CORP,HUN,447011107,0001307954,11,12,USA,8714.0000,1790.0000,973.0000,6864.0000,1790.0000,1854.0000,27.0000,9250.0000,236.7990,15.610000000000
A,USD,STD,INDL,C,162401,2011-12-31,HUNTSMAN CORP,HUN,447011107,0001307954,11,12,USA,8657.0000,1662.0000,562.0000,6881.0000,1662.0000,2269.0000,247.0000,11221.0000,235.7460,10.000000000000
A,USD,STD,INDL,C,162401,2012-12-31,HUNTSMAN CORP,HUN,447011107,0001307954,11,12,USA,8884.0000,1773.0000,396.0000,6988.0000,1773.0000,2470.0000,363.0000,11187.0000,238.2730,15.900000000000
A,USD,STD,INDL,C,162401,2013-12-31,HUNTSMAN CORP,HUN,447011107,0001307954,11,12,USA,9188.0000,1980.0000,529.0000,7059.0000,1980.0000,2200.0000,128.0000,11079.0000,240.4010,24.600000000000
A,USD,STD,INDL,C,162401,2014-12-31,HUNTSMAN CORP,HUN,447011107,0001307954,11,12,USA,11002.0000,1778.0000,870.0000,9051.0000,1778.0000,2355.0000,323.0000,11578.0000,243.4170,22.780000000000
A,USD,STD,INDL,C,162401,2015-12-31,HUNTSMAN CORP,HUN,447011107,0001307954,11,12,USA,9820.0000,1442.0000,269.0000,8191.0000,1442.0000,2234.0000,93.0000,10299.0000,237.0800,11.370000000000
A,USD,STD,INDL,C,162401,2016-12-31,HUNTSMAN CORP,HUN,447011107,0001307954,11,12,USA,9189.0000,1287.0000,425.0000,7722.0000,1287.0000,2093.0000,326.0000,9657.0000,236.3700,19.080000000000
A,USD,STD,INDL,C,162401,2017-12-31,HUNTSMAN CORP,HUN,447011107,0001307954,11,12,USA,10244.0000,2620.0000,481.0000,6873.0000,2620.0000,2116.0000,636.0000,8358.0000,240.2140,33.290000000000
A,USD,STD,INDL,C,162401,2018-12-31,HUNTSMAN CORP,HUN,447011107,0001307954,11,12,USA,7953.0000,2520.0000,340.0000,5204.0000,2520.0000,2343.0000,337.0000,9379.0000,232.9940,19.290000000000
A,USD,STD,INDL,C,162401,2019-12-31,HUNTSMAN CORP,HUN,447011107,0001307954,11,12,USA,8320.0000,2687.0000,525.0000,5496.0000,2687.0000,1643.0000,562.0000,6797.0000,224.2960,24.160000000000
A,USD,STD,INDL,C,162401,2020-12-31,HUNTSMAN CORP,HUN,447011107,0001307954,11,12,USA,8713.0000,3519.0000,1593.0000,5040.0000,3519.0000,1375.0000,1034.0000,6018.0000,220.0460,25.140000000000
A,USD,STD,INDL,C,162401,2021-12-31,HUNTSMAN CORP,HUN,447011107,0001307954,11,12,USA,9392.0000,4378.0000,1041.0000,4833.0000,4378.0000,2064.0000,1045.0000,8453.0000,214.1700,34.880000000000
A,USD,STD,INDL,C,162401,2022-12-31,HUNTSMAN CORP,HUN,447011107,0001307954,11,12,USA,8220.0000,3624.0000,654.0000,4380.0000,3624.0000,1819.0000,460.0000,8023.0000,183.6340,27.480000000000
A,USD,STD,INDL,C,162401,2023-12-31,HUNTSMAN CORP,HUN,447011107,0001307954,11,12,USA,7248.0000,3251.0000,540.0000,3770.0000,3251.0000,1177.0000,101.0000,6111.0000,171.5830,25.130000000000
A,USD,STD,INDL,C,162401,2024-12-31,HUNTSMAN CORP,HUN,447011107,0001307954,11,12,USA,7114.0000,2959.0000,340.0000,3951.0000,2959.0000,1144.0000,-189.0000,6036.0000,172.1450,18.030000000000
A,USD,STD,INDL,C,162401,2025-12-31,HUNTSMAN CORP,HUN,447011107,0001307954,11,12,USA,7015.0000,2750.0000,429.0000,4058.0000,2750.0000,1029.0000,-284.0000,5683.0000,172.6220,10.000000000000
I,USD,STD,INDL,C,162894,2010-09-30,CRESTWOOD EQUITY PARTNERS LP,CEQP,226344208,0001136352,11,9,USA,3097.1000,1191.9000,732.3000,1907.8000,1191.9000,620.1000,-23.8000,1786.0000,77.7320,30.220000000000
I,USD,STD,INDL,C,162894,2011-09-30,CRESTWOOD EQUITY PARTNERS LP,CEQP,226344208,0001136352,11,9,USA,3340.9000,1146.0000,11.5000,2194.9000,1146.0000,677.8000,17.6000,2153.8000,131.3130,25.020000000000
I,USD,STD,INDL,C,162894,2012-09-30,CRESTWOOD EQUITY PARTNERS LP,CEQP,226344208,0001136352,11,9,USA,2207.6000,1046.2000,0.0000,1022.8000,1046.2000,607.0000,554.9000,2006.8000,131.6780,19.030000000000
I,USD,STD,INDL,C,162894,2013-12-31,CRESTWOOD EQUITY PARTNERS LP,CEQP,226344208,0001136352,11,12,USA,8523.2000,831.6000,5.2000,3014.6000,831.6000,424.4000,6.7000,1426.7000,185.2740,13.830000000000
I,USD,STD,INDL,C,162894,2014-12-31,CRESTWOOD EQUITY PARTNERS LP,CEQP,226344208,0001136352,11,12,USA,8461.4000,776.2000,8.8000,2876.9000,776.2000,765.3000,56.4000,3931.3000,186.4040,8.100000000000
I,USD,STD,INDL,C,162894,2015-12-31,CRESTWOOD EQUITY PARTNERS LP,CEQP,226344208,0001136352,11,12,USA,5803.7000,2227.6000,0.5000,2856.8000,2763.4000,748.6000,-1666.9000,2632.8000,68.5550,20.780000000000
I,USD,STD,INDL,C,162894,2016-12-31,CRESTWOOD EQUITY PARTNERS LP,CEQP,226344208,0001136352,11,12,USA,4448.9000,1782.0000,1.6000,1909.9000,2346.5000,594.7000,-216.3000,2520.5000,69.5000,25.550000000000
I,USD,STD,INDL,C,162894,2017-12-31,CRESTWOOD EQUITY PARTNERS LP,CEQP,226344208,0001136352,11,12,USA,4284.9000,1393.5000,1.3000,2104.4000,2005.5000,505.5000,-191.9000,3880.9000,70.7220,25.800000000000
I,USD,STD,INDL,C,162894,2018-12-31,CRESTWOOD EQUITY PARTNERS LP,CEQP,226344208,0001136352,11,12,USA,4294.5000,1240.5000,17.2000,2260.7000,1852.5000,524.7000,50.8000,3654.1000,71.6590,27.910000000000
I,USD,STD,INDL,C,162894,2019-12-31,CRESTWOOD EQUITY PARTNERS LP,CEQP,226344208,0001136352,11,12,USA,5349.3000,1320.8000,25.7000,2990.3000,1932.8000,637.0000,283.7000,3181.9000,72.2830,30.820000000000
I,USD,STD,INDL,C,162894,2020-12-31,CRESTWOOD EQUITY PARTNERS LP,CEQP,226344208,0001136352,11,12,USA,5243.7000,1043.4000,14.0000,3155.6000,1655.4000,653.8000,-56.1000,2254.3000,73.9700,18.980000000000
I,USD,STD,INDL,C,162894,2021-12-31,CRESTWOOD EQUITY PARTNERS LP,CEQP,226344208,0001136352,11,12,USA,4445.7000,487.6000,13.3000,2911.5000,1099.6000,725.1000,-78.5000,4569.0000,62.9920,27.590000000000
I,USD,STD,INDL,C,162894,2022-12-31,CRESTWOOD EQUITY PARTNERS LP,CEQP,226344208,0001136352,11,12,USA,6567.0000,1295.2000,7.5000,4225.4000,1907.2000,1003.6000,31.3000,6000.7000,104.6460,26.190000000000
I,USD,STD,INDL,C,163685,2010-12-31,EAGLE BULK SHIPPING INC,EGLE.3,Y2187A150,0001322439,11,12,MHL,1896.5730,669.0870,129.1220,1227.4860,669.0870,174.9010,26.8450,278.4770,62.5600,4.980000000000
I,USD,STD,INDL,C,163685,2011-12-31,EAGLE BULK SHIPPING INC,EGLE.3,Y2187A150,0001322439,11,12,MHL,1867.2570,674.1760,26.0630,1193.0810,674.1760,139.6240,-14.8200,327.2100,63.0030,0.942100000000
I,USD,STD,INDL,C,163685,2012-12-31,EAGLE BULK SHIPPING INC,EGLE.3,Y2187A150,0001322439,11,12,MHL,1789.1440,594.1950,18.3170,1194.9490,594.1950,70.1700,-102.8010,198.8280,16.6380,1.500000000000
I,USD,STD,INDL,C,163685,2013-12-31,EAGLE BULK SHIPPING INC,EGLE.3,Y2187A150,0001322439,11,12,MHL,1723.4140,531.1950,33.5000,1192.2190,531.1950,89.6490,-70.5210,207.1080,16.7830,4.590000000000
I,USD,STD,INDL,C,163685,2014-12-31,EAGLE BULK SHIPPING INC,EGLE.3,Y2187A150,0001322439,11,12,MHL,913.8770,664.0910,48.2760,249.7860,664.0910,34.5470,-543.3520,161.3810,37.5050,14.670000000000
I,USD,STD,INDL,C,163685,2015-12-31,EAGLE BULK SHIPPING INC,EGLE.3,Y2187A150,0001322439,11,12,MHL,787.0390,518.3440,24.8950,268.6950,518.3440,-18.4970,-148.2970,103.8570,37.6660,3.520000000000
I,USD,STD,INDL,C,163685,2016-12-31,EAGLE BULK SHIPPING INC,EGLE.3,Y2187A150,0001322439,11,12,MHL,686.3820,400.4830,76.5150,285.8990,400.4830,-7.7900,-223.5220,124.4930,48.1070,5.850000000000
I,USD,STD,INDL,C,163685,2017-12-31,EAGLE BULK SHIPPING INC,EGLE.3,Y2187A150,0001322439,11,12,MHL,808.3500,461.1650,60.9300,347.1850,461.1650,60.2050,-43.7970,236.7850,70.3940,4.480000000000
I,USD,STD,INDL,C,163685,2018-12-31,EAGLE BULK SHIPPING INC,EGLE.3,Y2187A150,0001322439,11,12,MHL,846.2090,479.6060,68.0090,366.6030,479.6060,105.7940,12.5750,310.0940,71.0550,4.610000000000
I,USD,STD,INDL,C,163685,2019-12-31,EAGLE BULK SHIPPING INC,EGLE.3,Y2187A150,0001322439,11,12,MHL,1002.0870,481.5030,59.0560,520.5840,481.5030,73.9380,-21.6970,292.3780,71.5020,4.600000000000
I,USD,STD,INDL,C,163685,2020-12-31,EAGLE BULK SHIPPING INC,EGLE.3,Y2187A150,0001322439,11,12,MHL,967.1270,470.4180,88.7740,496.7090,470.4180,71.3980,-35.0630,275.1330,11.6620,19.000000000000
I,USD,STD,INDL,C,163685,2021-12-31,EAGLE BULK SHIPPING INC,EGLE.3,Y2187A150,0001322439,11,12,MHL,1126.6580,671.2660,86.1470,455.3920,671.2660,340.2610,184.8980,594.5380,12.9170,45.500000000000
I,USD,STD,INDL,C,163685,2022-12-31,EAGLE BULK SHIPPING INC,EGLE.3,Y2187A150,0001322439,11,12,MHL,1237.2090,819.1810,187.1550,418.0280,819.1810,338.1830,248.0090,719.8470,13.0040,49.940000000000
I,USD,STD,INDL,C,163685,2023-12-31,EAGLE BULK SHIPPING INC,EGLE.3,Y2187A150,0001322439,11,12,MHL,1147.9540,600.2180,118.6150,547.7360,600.2180,116.1190,22.7280,393.7990,9.3260,55.400000000000
A,USD,STD,INDL,C,163765,2010-12-31,COOPER-STANDARD HOLDINGS INC,CPS,21676P103,0001320461,11,12,USA,1853.7760,560.4460,294.4500,1160.3840,690.7850,494.4800,320.2680,2414.1470,18.3760,45.000000000000
A,USD,STD,INDL,C,163765,2011-12-31,COOPER-STANDARD HOLDINGS INC,CPS,21676P103,0001320461,11,12,USA,2003.7880,597.8590,361.7450,1262.3250,723.7750,559.0620,102.8440,2853.5090,18.3230,34.500000000000
A,USD,STD,INDL,C,163765,2012-12-31,COOPER-STANDARD HOLDINGS INC,CPS,21676P103,0001320461,11,12,USA,2025.9770,628.3260,270.5550,1260.9030,749.9750,546.1630,102.8040,2880.9020,17.2760,38.000000000000
A,USD,STD,INDL,C,163765,2013-12-31,COOPER-STANDARD HOLDINGS INC,CPS,21676P103,0001320461,11,12,USA,2102.7540,618.1500,184.3700,1482.0290,618.1500,569.2350,47.9410,3090.5420,16.6770,49.110000000000
A,USD,STD,INDL,C,163765,2014-12-31,COOPER-STANDARD HOLDINGS INC,CPS,21676P103,0001320461,11,12,USA,2132.7670,548.9660,267.2700,1580.0720,548.9660,605.5720,42.7790,3243.9870,17.0390,57.880000000000
A,USD,STD,INDL,C,163765,2015-12-31,COOPER-STANDARD HOLDINGS INC,CPS,21676P103,0001320461,11,12,USA,2304.2920,603.4290,378.2430,1689.4930,603.4290,689.0670,111.8800,3342.8040,17.4590,77.590000000000
A,USD,STD,INDL,C,163765,2016-12-31,COOPER-STANDARD HOLDINGS INC,CPS,21676P103,0001320461,11,12,USA,2491.7020,697.3600,480.0920,1769.9110,697.3600,773.9360,138.9880,3472.8910,17.6910,103.380000000000
A,USD,STD,INDL,C,163765,2017-12-31,COOPER-STANDARD HOLDINGS INC,CPS,21676P103,0001320461,11,12,USA,2725.6480,826.5690,516.0400,1870.5590,826.5690,799.9530,135.3030,3618.1260,17.9150,122.500000000000
A,USD,STD,INDL,C,163765,2018-12-31,COOPER-STANDARD HOLDINGS INC,CPS,21676P103,0001320461,11,12,USA,2623.1030,831.4650,264.9980,1763.6010,831.4650,685.4100,107.7660,3629.2930,17.5550,62.120000000000
A,USD,STD,INDL,C,163765,2019-12-31,COOPER-STANDARD HOLDINGS INC,CPS,21676P103,0001320461,11,12,USA,2635.5820,856.1750,359.5480,1759.6000,856.1750,493.1090,67.5290,3108.4000,16.8430,33.160000000000
A,USD,STD,INDL,C,163765,2020-12-31,COOPER-STANDARD HOLDINGS INC,CPS,21676P103,0001320461,11,12,USA,2611.9440,607.1100,442.5270,1987.8330,607.1100,290.1650,-267.6050,2375.4390,16.8970,34.670000000000
A,USD,STD,INDL,C,163765,2021-12-31,COOPER-STANDARD HOLDINGS INC,CPS,21676P103,0001320461,11,12,USA,2226.4930,324.8830,248.9710,1895.1330,324.8830,218.8890,-322.8350,2330.1910,16.9920,22.410000000000
A,USD,STD,INDL,C,163765,2022-12-31,COOPER-STANDARD HOLDINGS INC,CPS,21676P103,0001320461,11,12,USA,1963.5290,107.7130,191.5250,1862.3370,107.7130,245.5520,-215.3840,2525.3910,17.1080,9.060000000000
A,USD,STD,INDL,C,163765,2023-12-31,COOPER-STANDARD HOLDINGS INC,CPS,21676P103,0001320461,11,12,USA,1872.2990,-81.3000,162.0450,1962.0320,-81.3000,393.9030,-201.9850,2815.8790,17.1970,19.540000000000
A,USD,STD,INDL,C,163765,2024-12-31,COOPER-STANDARD HOLDINGS INC,CPS,21676P103,0001320461,11,12,USA,1733.0650,-125.7690,177.6250,1866.4350,-125.7690,399.9680,-78.7460,2730.8930,17.3270,13.560000000000
A,USD,STD,INDL,C,163765,2025-12-31,COOPER-STANDARD HOLDINGS INC,CPS,21676P103,0001320461,11,12,USA,1833.1740,-83.4880,198.2800,1924.7510,-83.4880,419.1950,-4.1650,2740.9150,17.6370,32.830000000000
I,USD,STD,INDL,C,163983,2010-12-31,TREEHOUSE FOODS INC,THS,89469A104,0001320695,11,12,USA,2391.2480,977.9660,6.3230,1413.2820,977.9660,482.9790,90.9190,1817.0240,35.4400,51.090000000000
I,USD,STD,INDL,C,163983,2011-12-31,TREEHOUSE FOODS INC,THS,89469A104,0001320695,11,12,USA,2404.5290,1073.5170,3.2790,1331.0120,1073.5170,521.9130,94.4070,2049.9850,35.9210,65.380000000000
I,USD,STD,INDL,C,163983,2012-12-31,TREEHOUSE FOODS INC,THS,89469A104,0001320695,11,12,USA,2525.8730,1179.2550,94.4070,1346.6180,1179.2550,518.5790,88.3630,2182.1250,36.1970,52.130000000000
I,USD,STD,INDL,C,163983,2013-12-31,TREEHOUSE FOODS INC,THS,89469A104,0001320695,11,12,USA,2721.0540,1273.1180,55.1550,1447.9360,1273.1180,558.9710,86.9880,2293.9270,36.4930,68.920000000000
I,USD,STD,INDL,C,163983,2014-12-31,TREEHOUSE FOODS INC,THS,89469A104,0001320695,11,12,USA,3903.0040,1759.2570,61.1290,2143.7470,1759.2570,681.6530,89.8800,2946.1020,42.6630,85.530000000000
I,USD,STD,INDL,C,163983,2015-12-31,TREEHOUSE FOODS INC,THS,89469A104,0001320695,11,12,USA,3702.7960,1854.8590,43.3070,1847.9370,1854.8590,709.4060,114.9100,3206.4050,43.1260,78.460000000000
I,USD,STD,INDL,C,163983,2016-12-31,TREEHOUSE FOODS INC,THS,89469A104,0001320695,11,12,USA,6545.8220,2503.3240,75.4300,4042.4980,2503.3240,1326.6870,-228.5940,6185.0100,56.7600,72.190000000000
I,USD,STD,INDL,C,163983,2017-12-31,TREEHOUSE FOODS INC,THS,89469A104,0001320695,11,12,USA,5779.3000,2263.3000,149.6000,3516.0000,2263.3000,1278.9000,-286.2000,6301.7000,56.6380,49.460000000000
I,USD,STD,INDL,C,163983,2018-12-31,TREEHOUSE FOODS INC,THS,89469A104,0001320695,11,12,USA,5599.3000,2141.9000,164.3000,3457.4000,2141.9000,1163.4000,-61.4000,5812.1000,56.0000,50.710000000000
I,USD,STD,INDL,C,163983,2019-12-31,TREEHOUSE FOODS INC,THS,89469A104,0001320695,11,12,USA,5139.4000,1830.9000,202.3000,3308.5000,1830.9000,953.4000,-361.0000,4288.9000,56.2000,48.500000000000
I,USD,STD,INDL,C,163983,2020-12-31,TREEHOUSE FOODS INC,THS,89469A104,0001320695,11,12,USA,5485.7000,1865.0000,364.6000,3620.7000,1865.0000,988.1000,13.8000,4350.8000,55.9000,42.490000000000
I,USD,STD,INDL,C,163983,2021-12-31,TREEHOUSE FOODS INC,THS,89469A104,0001320695,11,12,USA,5207.0000,1845.4000,308.6000,3361.6000,1845.4000,855.6000,-12.5000,4327.6000,55.8000,40.530000000000
I,USD,STD,INDL,C,163983,2022-12-31,TREEHOUSE FOODS INC,THS,89469A104,0001320695,11,12,USA,4253.9000,1687.0000,43.0000,2566.9000,1687.0000,612.9000,-146.3000,3454.0000,56.1000,49.380000000000
I,USD,STD,INDL,C,163983,2023-12-31,TREEHOUSE FOODS INC,THS,89469A104,0001320695,11,12,USA,4106.6000,1664.8000,320.3000,2441.8000,1664.8000,699.8000,53.1000,3432.9000,54.1000,41.450000000000
I,USD,STD,INDL,C,163983,2024-12-31,TREEHOUSE FOODS INC,THS,89469A104,0001320695,11,12,USA,3980.0000,1548.9000,289.6000,2431.1000,1548.9000,691.7000,26.9000,3377.3000,50.2000,35.130000000000
A,USD,STD,INDL,C,165914,2010-12-31,CHIPOTLE MEXICAN GRILL INC,CMG,169656105,0001058090,11,12,USA,1121.6050,810.8730,349.6040,310.7320,810.8730,489.4050,178.9810,1835.9220,31.0740,212.660000000000
A,USD,STD,INDL,C,165914,2011-12-31,CHIPOTLE MEXICAN GRILL INC,CMG,169656105,0001058090,11,12,USA,1425.3080,1044.2260,456.2480,381.0820,1044.2260,589.2270,214.9450,2269.5480,31.2520,337.740000000000
A,USD,STD,INDL,C,165914,2012-12-31,CHIPOTLE MEXICAN GRILL INC,CMG,169656105,0001058090,11,12,USA,1668.6670,1245.9260,472.8590,422.7410,1245.9260,740.3400,278.0000,2731.2240,31.0930,297.460000000000
A,USD,STD,INDL,C,165914,2013-12-31,CHIPOTLE MEXICAN GRILL INC,CMG,169656105,0001058090,11,12,USA,2009.2800,1538.2880,578.1740,,1538.2880,854.7690,327.4380,3214.5910,31.0330,532.780000000000
A,USD,STD,INDL,C,165914,2014-12-31,CHIPOTLE MEXICAN GRILL INC,CMG,169656105,0001058090,11,12,USA,2546.2850,2012.3690,758.0570,,2012.3690,1117.7560,445.3740,4108.2690,31.0270,684.510000000000
A,USD,STD,INDL,C,165914,2015-12-31,CHIPOTLE MEXICAN GRILL INC,CMG,169656105,0001058090,11,12,USA,2725.0660,2127.9740,663.2040,,2127.9740,1174.2870,475.6020,4501.2230,30.5840,479.850000000000
A,USD,STD,INDL,C,165914,2016-12-31,CHIPOTLE MEXICAN GRILL INC,CMG,169656105,0001058090,11,12,USA,2026.1030,1402.4930,417.7160,,1402.4930,498.2140,22.9380,3904.3840,28.8140,377.320000000000
A,USD,STD,INDL,C,165914,2017-12-31,CHIPOTLE MEXICAN GRILL INC,CMG,169656105,0001058090,11,12,USA,2045.6920,1364.4450,508.9510,,1364.4450,756.2160,176.2530,4476.4120,28.0260,289.030000000000
A,USD,STD,INDL,C,165914,2018-12-31,CHIPOTLE MEXICAN GRILL INC,CMG,169656105,0001058090,11,12,USA,2265.5180,1441.3390,676.7980,,1441.3390,910.9920,176.5530,4864.9850,27.6970,431.790000000000
A,USD,STD,INDL,C,165914,2019-12-31,CHIPOTLE MEXICAN GRILL INC,CMG,169656105,0001058090,11,12,USA,5104.6040,1683.0260,880.7820,3421.5780,1683.0260,1142.4900,350.1580,5586.3690,27.7550,837.110000000000
A,USD,STD,INDL,C,165914,2020-12-31,CHIPOTLE MEXICAN GRILL INC,CMG,169656105,0001058090,11,12,USA,5982.8960,2020.1350,951.6030,3962.7610,2020.1350,1035.6500,355.7660,5984.6340,28.0010,1386.710000000000
A,USD,STD,INDL,C,165914,2021-12-31,CHIPOTLE MEXICAN GRILL INC,CMG,169656105,0001058090,11,12,USA,6652.9580,2297.3740,1076.3190,4355.5840,2297.3740,1695.5640,652.9840,7547.0610,28.0800,1748.250000000000
A,USD,STD,INDL,C,165914,2022-12-31,CHIPOTLE MEXICAN GRILL INC,CMG,169656105,0001058090,11,12,USA,6927.5040,2368.0230,899.1360,4559.4810,2368.0230,2062.1190,899.1010,8634.6520,27.6270,1387.490000000000
A,USD,STD,INDL,C,165914,2023-12-31,CHIPOTLE MEXICAN GRILL INC,CMG,169656105,0001058090,11,12,USA,8044.3620,3062.2070,1295.4470,4982.1550,3062.2070,2586.0920,1228.7370,9871.6490,27.4260,2286.960000000000
A,USD,STD,INDL,C,165914,2024-12-31,CHIPOTLE MEXICAN GRILL INC,CMG,169656105,0001058090,11,12,USA,9204.3740,3655.5460,1422.9150,5548.8280,3655.5460,3017.6920,1534.1100,11313.8530,1358.7510,60.300000000000
A,USD,STD,INDL,C,165914,2025-12-31,CHIPOTLE MEXICAN GRILL INC,CMG,169656105,0001058090,11,12,USA,8994.5310,2830.6070,1049.1360,6163.9240,2830.6070,3026.2070,1535.7610,11925.6010,1304.3600,37.000000000000
A,USD,STD,INDL,C,170841,2010-12-31,PHILLIPS 66,PSX,718546104,0001534701,11,12,USA,44955.0000,26001.0000,0.0000,18929.0000,26001.0000,3295.0000,735.0000,132872.0000,,
A,USD,STD,INDL,C,170841,2011-12-31,PHILLIPS 66,PSX,718546104,0001534701,11,12,USA,43211.0000,23264.0000,0.0000,19918.0000,23264.0000,4891.0000,4775.0000,182133.0000,,
A,USD,STD,INDL,C,170841,2012-12-31,PHILLIPS 66,PSX,718546104,0001534701,11,12,USA,48073.0000,20775.0000,3474.0000,27267.0000,20775.0000,7204.0000,4124.0000,166089.0000,623.5460,53.100000000000
A,USD,STD,INDL,C,170841,2013-12-31,PHILLIPS 66,PSX,718546104,0001534701,11,12,USA,49798.0000,21950.0000,5400.0000,27406.0000,21950.0000,5026.0000,3726.0000,157730.0000,590.1800,77.130000000000
A,USD,STD,INDL,C,170841,2014-12-31,PHILLIPS 66,PSX,718546104,0001534701,11,12,USA,48741.0000,21590.0000,5207.0000,26704.0000,21590.0000,5989.0000,4762.0000,146514.0000,546.3820,71.700000000000
A,USD,STD,INDL,C,170841,2015-12-31,PHILLIPS 66,PSX,718546104,0001534701,11,12,USA,48580.0000,23100.0000,3074.0000,24642.0000,23100.0000,7205.0000,4227.0000,85195.0000,529.4100,81.800000000000
A,USD,STD,INDL,C,170841,2016-12-31,PHILLIPS 66,PSX,718546104,0001534701,11,12,USA,51653.0000,22390.0000,2711.0000,27928.0000,22390.0000,3848.0000,1555.0000,70898.0000,518.7670,86.410000000000
A,USD,STD,INDL,C,170841,2017-12-31,PHILLIPS 66,PSX,718546104,0001534701,11,12,USA,54371.0000,25085.0000,3119.0000,26943.0000,25085.0000,4994.0000,5106.0000,89300.0000,502.2700,101.150000000000
A,USD,STD,INDL,C,170841,2018-12-31,PHILLIPS 66,PSX,718546104,0001534701,11,12,USA,54302.0000,24653.0000,3019.0000,27149.0000,24653.0000,8226.0000,5595.0000,111461.0000,456.1650,86.150000000000
A,USD,STD,INDL,C,170841,2019-12-31,PHILLIPS 66,PSX,718546104,0001534701,11,12,USA,58720.0000,24910.0000,1614.0000,31551.0000,24910.0000,6281.0000,3076.0000,107293.0000,441.0260,111.410000000000
A,USD,STD,INDL,C,170841,2020-12-31,PHILLIPS 66,PSX,718546104,0001534701,11,12,USA,54721.0000,18984.0000,2514.0000,33198.0000,18984.0000,1395.0000,-3975.0000,64129.0000,436.8710,69.940000000000
A,USD,STD,INDL,C,170841,2021-12-31,PHILLIPS 66,PSX,718546104,0001534701,11,12,USA,55594.0000,19166.0000,3147.0000,33957.0000,19166.0000,3817.0000,1317.0000,111476.0000,438.2540,72.460000000000
A,USD,STD,INDL,C,170841,2022-12-31,PHILLIPS 66,PSX,718546104,0001534701,11,12,USA,76442.0000,29494.0000,6133.0000,42336.0000,29494.0000,13417.0000,11024.0000,169990.0000,465.8440,104.080000000000
A,USD,STD,INDL,C,170841,2023-12-31,PHILLIPS 66,PSX,718546104,0001534701,11,12,USA,75501.0000,30583.0000,3323.0000,43851.0000,30583.0000,12452.0000,7015.0000,147399.0000,430.4650,133.140000000000
A,USD,STD,INDL,C,170841,2024-12-31,PHILLIPS 66,PSX,718546104,0001534701,11,12,USA,72582.0000,27408.0000,1738.0000,44119.0000,27408.0000,6971.0000,2117.0000,143153.0000,408.3930,113.930000000000
A,USD,STD,INDL,C,170841,2025-12-31,PHILLIPS 66,PSX,718546104,0001534701,11,12,USA,73680.0000,29093.0000,1116.0000,43439.0000,29093.0000,9104.0000,4403.0000,132376.0000,401.1390,129.040000000000
A,USD,STD,INDL,C,174310,2010-12-31,KBR INC,KBR,48242W106,0001357615,11,12,USA,5417.0000,2246.0000,797.0000,3213.0000,2246.0000,751.0000,327.0000,9962.0000,151.1320,30.470000000000
A,USD,STD,INDL,C,174310,2011-12-31,KBR INC,KBR,48242W106,0001357615,11,12,USA,5673.0000,2495.0000,969.0000,3231.0000,2495.0000,711.0000,480.0000,9103.0000,148.1430,27.870000000000
A,USD,STD,INDL,C,174310,2012-12-31,KBR INC,KBR,48242W106,0001357615,11,12,USA,5767.0000,2542.0000,1053.0000,3256.0000,2542.0000,611.0000,144.0000,7798.0000,147.5850,29.920000000000
A,USD,STD,INDL,C,174310,2013-12-31,KBR INC,KBR,48242W106,0001357615,11,12,USA,5438.0000,2463.0000,1107.0000,2999.0000,2463.0000,485.0000,75.0000,7214.0000,148.1950,31.890000000000
A,USD,STD,INDL,C,174310,2014-12-31,KBR INC,KBR,48242W106,0001357615,11,12,USA,4199.0000,942.0000,987.0000,3264.0000,942.0000,7.0000,-1262.0000,6366.0000,144.8370,16.950000000000
A,USD,STD,INDL,C,174310,2015-12-31,KBR INC,KBR,48242W106,0001357615,11,12,USA,3412.0000,1065.0000,885.0000,2360.0000,1065.0000,364.0000,203.0000,5096.0000,142.0580,16.920000000000
A,USD,STD,INDL,C,174310,2016-12-31,KBR INC,KBR,48242W106,0001357615,11,12,USA,4144.0000,757.0000,538.0000,3399.0000,757.0000,157.0000,-61.0000,4268.0000,142.8040,16.690000000000
A,USD,STD,INDL,C,174310,2017-12-31,KBR INC,KBR,48242W106,0001357615,11,12,USA,3674.0000,1229.0000,439.0000,2453.0000,1229.0000,355.0000,434.0000,4136.0000,140.1670,19.830000000000
A,USD,STD,INDL,C,174310,2018-12-31,KBR INC,KBR,48242W106,0001357615,11,12,USA,5072.0000,1718.0000,739.0000,3334.0000,1718.0000,519.0000,281.0000,4913.0000,140.9000,15.180000000000
A,USD,STD,INDL,C,174310,2019-12-31,KBR INC,KBR,48242W106,0001357615,11,12,USA,5364.0000,1843.0000,712.0000,3507.0000,1843.0000,719.0000,202.0000,5639.0000,141.8190,30.500000000000
A,USD,STD,INDL,C,174310,2020-12-31,KBR INC,KBR,48242W106,0001357615,11,12,USA,5705.0000,1580.0000,436.0000,4096.0000,1580.0000,744.0000,-72.0000,5767.0000,140.7660,30.930000000000
A,USD,STD,INDL,C,174310,2021-12-31,KBR INC,KBR,48242W106,0001357615,11,12,USA,6199.0000,1687.0000,370.0000,4498.0000,1687.0000,914.0000,18.0000,7339.0000,139.7860,47.620000000000
A,USD,STD,INDL,C,174310,2022-12-31,KBR INC,KBR,48242W106,0001357615,11,12,USA,5566.0000,1620.0000,389.0000,3934.0000,1620.0000,943.0000,190.0000,6564.0000,136.5050,52.800000000000
A,USD,STD,INDL,C,174310,2023-12-31,KBR INC,KBR,48242W106,0001357615,11,12,USA,5565.0000,1383.0000,304.0000,4171.0000,1383.0000,1068.0000,-265.0000,6956.0000,135.0680,55.410000000000
A,USD,STD,INDL,C,174310,2024-12-31,KBR INC,KBR,48242W106,0001357615,11,12,USA,6663.0000,1453.0000,350.0000,5196.0000,1453.0000,1211.0000,375.0000,7742.0000,132.4360,57.930000000000
A,USD,STD,INDL,C,174310,2025-12-31,KBR INC,KBR,48242W106,0001357615,11,12,USA,6584.0000,1503.0000,500.0000,5072.0000,1503.0000,1265.0000,415.0000,7786.0000,126.4540,40.200000000000
A,USD,STD,INDL,C,174389,2010-12-31,EHEALTH INC,EHTH,28238P109,0001333493,14,12,USA,185.8450,162.1970,128.0740,23.6480,162.1970,157.1140,17.4820,160.4040,21.5750,14.190000000000
A,USD,STD,INDL,C,174389,2011-12-31,EHEALTH INC,EHTH,28238P109,0001333493,14,12,USA,177.9450,155.6740,123.6070,,155.6740,145.6660,6.7240,151.6480,19.8830,14.700000000000
A,USD,STD,INDL,C,174389,2012-12-31,EHEALTH INC,EHTH,28238P109,0001333493,14,12,USA,196.3010,170.8670,140.8490,,170.8670,153.5360,7.0820,155.4730,20.4500,27.480000000000
A,USD,STD,INDL,C,174389,2013-12-31,EHEALTH INC,EHTH,28238P109,0001333493,14,12,USA,166.4260,133.0170,107.0550,,133.0170,176.9850,1.7230,179.1800,18.7810,46.490000000000
A,USD,STD,INDL,C,174389,2014-12-31,EHEALTH INC,EHTH,28238P109,0001333493,14,12,USA,106.6640,73.4780,51.4150,33.1860,73.4780,179.3750,-16.2050,179.6770,17.8300,24.920000000000
A,USD,STD,INDL,C,174389,2015-12-31,EHEALTH INC,EHTH,28238P109,0001333493,14,12,USA,113.3190,76.4210,62.7100,36.8980,76.4210,4.8180,-4.7630,189.5410,18.1450,9.980000000000
A,USD,STD,INDL,C,174389,2016-12-31,EHEALTH INC,EHTH,28238P109,0001333493,14,12,USA,108.8990,77.6010,61.7810,31.2980,77.6010,4.8630,-4.8820,186.9600,18.3570,10.650000000000
A,USD,STD,INDL,C,174389,2017-12-31,EHEALTH INC,EHTH,28238P109,0001333493,14,12,USA,88.6900,61.1430,40.2930,27.5470,61.1430,-23.5320,-25.4120,172.3550,18.6420,17.370000000000
A,USD,STD,INDL,C,174389,2018-12-31,EHEALTH INC,EHTH,28238P109,0001333493,14,12,USA,439.2780,303.1490,13.0890,136.1290,303.1490,23.5630,0.2410,251.3950,19.4370,38.420000000000
A,USD,STD,INDL,C,174389,2019-12-31,EHEALTH INC,EHTH,28238P109,0001333493,14,12,USA,741.6340,527.1640,23.4660,214.4700,527.1640,114.4790,66.8870,506.2010,23.1360,96.080000000000
A,USD,STD,INDL,C,174389,2020-12-31,EHEALTH INC,EHTH,28238P109,0001333493,14,12,USA,1040.0220,837.5580,93.3790,202.4640,837.5580,66.2660,45.4500,582.7740,25.9240,70.610000000000
A,USD,STD,INDL,C,174389,2021-12-31,EHEALTH INC,EHTH,28238P109,0001333493,14,12,USA,1149.2920,749.5190,123.2320,167.1810,982.1110,-59.6560,-104.3750,538.1990,26.6880,25.500000000000
A,USD,STD,INDL,C,174389,2022-12-31,EHEALTH INC,EHTH,28238P109,0001333493,14,12,USA,1112.6110,650.9550,144.4010,198.3720,914.2390,-61.9890,-88.7220,405.3560,27.5620,4.840000000000
A,USD,STD,INDL,C,174389,2023-12-31,EHEALTH INC,EHTH,28238P109,0001333493,14,12,USA,1113.3450,606.0310,121.6520,209.2610,904.0840,-9.1580,-28.2140,452.8710,28.6290,8.720000000000
A,USD,STD,INDL,C,174389,2024-12-31,EHEALTH INC,EHTH,28238P109,0001333493,14,12,USA,1155.4250,588.4280,82.2400,229.4880,925.9370,49.3840,10.0570,532.4100,29.8460,9.400000000000
A,USD,STD,INDL,C,174389,2025-12-31,EHEALTH INC,EHTH,28238P109,0001333493,14,12,USA,1262.4680,591.5950,77.2200,288.8160,973.6520,82.2570,40.0440,554.0080,30.9940,4.600000000000
A,USD,STD,FS,C,175263,2010-12-31,WESTERN UNION CO,WU,959802109,0001365135,11,12,USA,7929.2000,582.7000,,7346.5000,582.7000,,,,,18.570000000000
A,USD,STD,INDL,C,175263,2010-12-31,WESTERN UNION CO,WU,959802109,0001365135,11,12,USA,7929.2000,582.7000,2157.4000,7346.5000,582.7000,2405.2000,909.9000,5192.7000,654.0000,18.570000000000
A,USD,STD,FS,C,175263,2011-12-31,WESTERN UNION CO,WU,959802109,0001365135,11,12,USA,9069.9000,894.8000,,8175.1000,894.8000,,,,,18.260000000000
A,USD,STD,INDL,C,175263,2011-12-31,WESTERN UNION CO,WU,959802109,0001365135,11,12,USA,9069.9000,894.8000,1370.9000,8175.1000,894.8000,2592.6000,1165.4000,5491.4000,619.4000,18.260000000000
A,USD,STD,FS,C,175263,2012-12-31,WESTERN UNION CO,WU,959802109,0001365135,11,12,USA,9465.7000,940.6000,,8525.1000,940.6000,,,,,13.610000000000
A,USD,STD,INDL,C,175263,2012-12-31,WESTERN UNION CO,WU,959802109,0001365135,11,12,USA,9465.7000,940.6000,1776.5000,8525.1000,940.6000,2725.6000,1025.9000,5664.8000,572.1000,13.610000000000
A,USD,STD,FS,C,175263,2013-12-31,WESTERN UNION CO,WU,959802109,0001365135,11,12,USA,10121.3000,1104.7000,,9016.6000,1104.7000,,,,,17.250000000000
A,USD,STD,INDL,C,175263,2013-12-31,WESTERN UNION CO,WU,959802109,0001365135,11,12,USA,10121.3000,1104.7000,2173.3000,9016.6000,1104.7000,2594.1000,798.4000,5542.0000,548.8000,17.250000000000
A,USD,STD,FS,C,175263,2014-12-31,WESTERN UNION CO,WU,959802109,0001365135,11,12,USA,9890.4000,1300.4000,,8590.0000,1300.4000,,,,,17.910000000000
A,USD,STD,INDL,C,175263,2014-12-31,WESTERN UNION CO,WU,959802109,0001365135,11,12,USA,9890.4000,1300.4000,1783.2000,8590.0000,1300.4000,2593.3000,852.4000,5607.2000,521.5000,17.910000000000
A,USD,STD,FS,C,175263,2015-12-31,WESTERN UNION CO,WU,959802109,0001365135,11,12,USA,9458.9000,1404.9000,,8054.0000,1404.9000,,,,,17.910000000000
A,USD,STD,INDL,C,175263,2015-12-31,WESTERN UNION CO,WU,959802109,0001365135,11,12,USA,9458.9000,1404.9000,1315.9000,8054.0000,1404.9000,2555.5000,837.8000,5483.7000,502.4000,17.910000000000
A,USD,STD,FS,C,175263,2016-12-31,WESTERN UNION CO,WU,959802109,0001365135,11,12,USA,9419.6000,902.2000,,8517.4000,902.2000,,,,,21.720000000000
A,USD,STD,INDL,C,175263,2016-12-31,WESTERN UNION CO,WU,959802109,0001365135,11,12,USA,9419.6000,902.2000,877.5000,8517.4000,902.2000,2418.6000,253.2000,5422.9000,481.5000,21.720000000000
A,USD,STD,FS,C,175263,2017-12-31,WESTERN UNION CO,WU,959802109,0001365135,11,12,USA,9231.4000,-491.4000,,9722.8000,-491.4000,,,,,19.010000000000
A,USD,STD,INDL,C,175263,2017-12-31,WESTERN UNION CO,WU,959802109,0001365135,11,12,USA,9231.4000,-491.4000,838.2000,9722.8000,-491.4000,2467.5000,-557.1000,5524.3000,459.0000,19.010000000000
A,USD,STD,FS,C,175263,2018-12-31,WESTERN UNION CO,WU,959802109,0001365135,11,12,USA,8996.8000,-309.8000,,9306.6000,-309.8000,,,,,17.060000000000
A,USD,STD,INDL,C,175263,2018-12-31,WESTERN UNION CO,WU,959802109,0001365135,11,12,USA,8996.8000,-309.8000,979.7000,9306.6000,-309.8000,2553.8000,851.9000,5589.9000,441.2000,17.060000000000
A,USD,STD,FS,C,175263,2019-12-31,WESTERN UNION CO,WU,959802109,0001365135,11,12,USA,8758.5000,-39.5000,,8798.0000,-39.5000,,,,,26.780000000000
A,USD,STD,INDL,C,175263,2019-12-31,WESTERN UNION CO,WU,959802109,0001365135,11,12,USA,8758.5000,-39.5000,1456.8000,8798.0000,-39.5000,2503.1000,1058.3000,5292.1000,418.0000,26.780000000000
A,USD,STD,FS,C,175263,2020-12-31,WESTERN UNION CO,WU,959802109,0001365135,11,12,USA,9496.3000,186.6000,,9309.7000,186.6000,,,,,21.940000000000
A,USD,STD,INDL,C,175263,2020-12-31,WESTERN UNION CO,WU,959802109,0001365135,11,12,USA,9496.3000,186.6000,1447.4000,9309.7000,186.6000,2238.6000,744.3000,4835.0000,411.2000,21.940000000000
A,USD,STD,FS,C,175263,2021-12-31,WESTERN UNION CO,WU,959802109,0001365135,11,12,USA,8823.5000,355.6000,,8467.9000,355.6000,,,,,17.840000000000
A,USD,STD,INDL,C,175263,2021-12-31,WESTERN UNION CO,WU,959802109,0001365135,11,12,USA,8823.5000,355.6000,1237.7000,8467.9000,355.6000,2382.6000,805.8000,5070.8000,393.8000,17.840000000000
A,USD,STD,FS,C,175263,2022-12-31,WESTERN UNION CO,WU,959802109,0001365135,11,12,USA,8496.3000,477.8000,,8018.5000,477.8000,,,,,13.770000000000
A,USD,STD,INDL,C,175263,2022-12-31,WESTERN UNION CO,WU,959802109,0001365135,11,12,USA,8496.3000,477.8000,1327.4000,8018.5000,477.8000,2036.9000,910.6000,4475.5000,373.5000,13.770000000000
A,USD,STD,FS,C,175263,2023-12-31,WESTERN UNION CO,WU,959802109,0001365135,11,12,USA,8198.8000,479.0000,,7719.8000,479.0000,,,,,11.920000000000
A,USD,STD,INDL,C,175263,2023-12-31,WESTERN UNION CO,WU,959802109,0001365135,11,12,USA,8198.8000,479.0000,1290.2000,7719.8000,479.0000,1879.5000,626.0000,4357.0000,350.5000,11.920000000000
A,USD,STD,FS,C,175263,2024-12-31,WESTERN UNION CO,WU,959802109,0001365135,11,12,USA,8370.5000,968.9000,,7401.6000,968.9000,,,,,10.600000000000
A,USD,STD,INDL,C,175263,2024-12-31,WESTERN UNION CO,WU,959802109,0001365135,11,12,USA,8370.5000,968.9000,1475.3000,7401.6000,968.9000,1788.5000,934.2000,4209.7000,337.9000,10.600000000000
A,USD,STD,INDL,C,175263,2025-12-31,WESTERN UNION CO,WU,959802109,0001365135,11,12,USA,8305.9000,957.8000,1235.7000,7348.1000,957.8000,1621.2000,499.6000,4050.7000,315.7000,9.310000000000
A,USD,STD,INDL,C,176914,2010-12-31,CHENIERE ENERGY PARTNERS LP,CQP,16411Q101,0001383650,11,12,USA,1743.4920,-536.0080,67.0810,2279.5000,-536.0080,360.1230,107.5680,399.2820,161.8000,21.310000000000
A,USD,STD,INDL,C,176914,2011-12-31,CHENIERE ENERGY PARTNERS LP,CQP,16411Q101,0001383650,11,12,USA,1737.3000,-545.0190,95.1470,2282.3190,-545.0190,250.0450,-31.0190,283.7900,166.3870,18.020000000000
A,USD,STD,INDL,C,176914,2012-12-31,CHENIERE ENERGY PARTNERS LP,CQP,16411Q101,0001383650,11,12,USA,3748.2780,1362.8080,511.8110,2385.4700,1362.8080,212.5700,-150.1360,264.3270,308.2060,21.260000000000
A,USD,STD,INDL,C,176914,2013-12-31,CHENIERE ENERGY PARTNERS LP,CQP,16411Q101,0001383650,11,12,USA,8516.7830,1639.7440,578.6840,6877.0390,1639.7440,178.9300,-258.1170,268.1910,337.7950,28.650000000000
A,USD,STD,INDL,C,176914,2014-12-31,CHENIERE ENERGY PARTNERS LP,CQP,16411Q101,0001383650,11,12,USA,10387.5150,1130.7290,444.5320,9256.7860,1130.7290,183.3750,-410.0360,268.6980,337.7970,32.000000000000
A,USD,STD,INDL,C,176914,2015-12-31,CHENIERE ENERGY PARTNERS LP,CQP,16411Q101,0001383650,11,12,USA,12996.3270,712.9310,420.7780,12283.3960,712.9310,209.7090,-318.8910,270.0280,337.8010,26.070000000000
A,USD,STD,INDL,C,176914,2016-12-31,CHENIERE ENERGY PARTNERS LP,CQP,16411Q101,0001383650,11,12,USA,15542.3400,443.0540,604.9440,15099.2860,443.0540,509.3020,-171.1950,1100.2400,337.8260,28.820000000000
A,USD,STD,INDL,C,176914,2017-12-31,CHENIERE ENERGY PARTNERS LP,CQP,16411Q101,0001383650,11,12,USA,17553.0000,639.0000,1589.0000,16914.0000,639.0000,1592.0000,490.0000,4304.0000,484.0000,29.640000000000
A,USD,STD,INDL,C,176914,2018-12-31,CHENIERE ENERGY PARTNERS LP,CQP,16411Q101,0001383650,11,12,USA,17974.0000,800.0000,1541.0000,17174.0000,800.0000,2497.0000,1274.0000,6426.0000,484.0000,36.100000000000
A,USD,STD,INDL,C,176914,2019-12-31,CHENIERE ENERGY PARTNERS LP,CQP,16411Q101,0001383650,11,12,USA,19384.0000,715.0000,1962.0000,18669.0000,715.0000,2687.0000,1175.0000,6838.0000,484.0000,39.810000000000
A,USD,STD,INDL,C,176914,2020-12-31,CHENIERE ENERGY PARTNERS LP,CQP,16411Q101,0001383650,11,12,USA,19145.0000,539.0000,1307.0000,18606.0000,539.0000,2827.0000,1183.0000,6167.0000,484.0000,35.250000000000
A,USD,STD,INDL,C,176914,2021-12-31,CHENIERE ENERGY PARTNERS LP,CQP,16411Q101,0001383650,11,12,USA,19358.0000,718.0000,974.0000,18640.0000,718.0000,3220.0000,1630.0000,9434.0000,484.0000,42.240000000000
A,USD,STD,INDL,C,176914,2022-12-31,CHENIERE ENERGY PARTNERS LP,CQP,16411Q101,0001383650,11,12,USA,19633.0000,-2131.0000,1031.0000,21764.0000,-2131.0000,4111.0000,2498.0000,17206.0000,484.0000,56.870000000000
A,USD,STD,INDL,C,176914,2023-12-31,CHENIERE ENERGY PARTNERS LP,CQP,16411Q101,0001383650,11,12,USA,18102.0000,-784.0000,631.0000,18886.0000,-784.0000,5814.0000,4254.0000,9664.0000,484.0000,49.790000000000
A,USD,STD,INDL,C,176914,2024-12-31,CHENIERE ENERGY PARTNERS LP,CQP,16411Q101,0001383650,11,12,USA,17453.0000,-509.0000,379.0000,17962.0000,-509.0000,4076.0000,2510.0000,8704.0000,484.0000,53.120000000000
A,USD,STD,INDL,C,176914,2025-12-31,CHENIERE ENERGY PARTNERS LP,CQP,16411Q101,0001383650,11,12,USA,17437.0000,414.0000,201.0000,17023.0000,414.0000,4504.0000,2987.0000,10758.0000,484.0000,53.480000000000
A,USD,STD,INDL,C,177227,2010-12-31,INSULET CORP,PODD,45784P101,0001145197,14,12,USA,156.2330,66.2310,113.2740,90.0020,66.2310,48.8030,-61.1590,96.9660,45.4410,15.500000000000
A,USD,STD,INDL,C,177227,2011-12-31,INSULET CORP,PODD,45784P101,0001145197,14,12,USA,221.3220,82.7350,93.9550,138.5870,82.7350,75.2150,-45.8310,152.2550,47.5040,18.830000000000
A,USD,STD,INDL,C,177227,2012-12-31,INSULET CORP,PODD,45784P101,0001145197,14,12,USA,198.0590,44.1760,57.2930,153.8830,44.1760,103.3660,-51.8670,211.3690,48.3590,21.220000000000
A,USD,STD,INDL,C,177227,2013-12-31,INSULET CORP,PODD,45784P101,0001145197,14,12,USA,287.9550,124.5970,149.7270,163.3580,124.5970,124.2070,-44.9740,247.0840,54.8700,37.100000000000
A,USD,STD,INDL,C,177227,2014-12-31,INSULET CORP,PODD,45784P101,0001145197,14,12,USA,302.1560,83.8290,151.1930,218.3270,83.8290,155.5110,-51.5000,288.7200,56.2990,46.060000000000
A,USD,STD,INDL,C,177227,2015-12-31,INSULET CORP,PODD,45784P101,0001145197,14,12,USA,275.1260,34.0510,122.6720,241.0750,34.0510,163.9920,-73.5200,324.2250,56.9550,37.810000000000
A,USD,STD,INDL,C,177227,2016-12-31,INSULET CORP,PODD,45784P101,0001145197,14,12,USA,456.6470,63.1500,298.5700,393.4970,63.1500,224.5190,-28.8790,366.9890,57.4580,37.680000000000
A,USD,STD,INDL,C,177227,2017-12-31,INSULET CORP,PODD,45784P101,0001145197,14,12,USA,816.7440,158.5160,440.0560,658.2280,158.5160,289.8230,-26.8310,463.7680,58.3190,69.000000000000
A,USD,STD,INDL,C,177227,2018-12-31,INSULET CORP,PODD,45784P101,0001145197,14,12,USA,928.7440,212.0990,288.9460,716.6450,212.0990,384.0140,3.2920,563.8230,59.1890,79.320000000000
A,USD,STD,INDL,C,177227,2019-12-31,INSULET CORP,PODD,45784P101,0001145197,14,12,USA,1142.9000,75.9000,376.1000,1067.0000,75.9000,505.5000,11.6000,738.2000,62.6850,171.200000000000
A,USD,STD,INDL,C,177227,2020-12-31,INSULET CORP,PODD,45784P101,0001145197,14,12,USA,1872.9000,603.6000,947.6000,1269.3000,603.6000,628.8000,6.8000,904.4000,66.0170,255.630000000000
A,USD,STD,INDL,C,177227,2021-12-31,INSULET CORP,PODD,45784P101,0001145197,14,12,USA,2048.8000,556.3000,791.6000,1492.5000,556.3000,802.7000,16.8000,1098.8000,69.1790,266.070000000000
A,USD,STD,INDL,C,177227,2022-12-31,INSULET CORP,PODD,45784P101,0001145197,14,12,USA,2251.1000,476.4000,674.7000,1774.7000,476.4000,897.8000,4.6000,1305.3000,69.5110,294.390000000000
A,USD,STD,INDL,C,177227,2023-12-31,INSULET CORP,PODD,45784P101,0001145197,14,12,USA,2588.2000,732.7000,704.2000,1855.5000,732.7000,1180.5000,206.3000,1697.1000,69.9070,216.980000000000
A,USD,STD,INDL,C,177227,2024-12-31,INSULET CORP,PODD,45784P101,0001145197,14,12,USA,3087.7000,1211.6000,953.4000,1876.1000,1211.6000,1479.5000,418.3000,2071.6000,70.1960,261.070000000000
A,USD,STD,INDL,C,177227,2025-12-31,INSULET CORP,PODD,45784P101,0001145197,14,12,USA,3190.4000,1515.2000,716.1000,1675.2000,1515.2000,2030.3000,247.1000,2708.1000,70.3910,284.240000000000
A,USD,STD,INDL,C,177966,2010-12-31,ALLISON TRANSMISSION HLDGS,ALSN,01973R101,0001411207,11,12,USA,5310.4000,741.7000,252.2000,4568.7000,741.7000,1082.0000,29.6000,1926.3000,181.3760,
A,USD,STD,INDL,C,177966,2011-12-31,ALLISON TRANSMISSION HLDGS,ALSN,01973R101,0001411207,11,12,USA,5192.6000,821.7000,314.0000,4370.9000,821.7000,1210.2000,103.0000,2162.8000,181.3760,
A,USD,STD,INDL,C,177966,2012-12-31,ALLISON TRANSMISSION HLDGS,ALSN,01973R101,0001411207,11,12,USA,4866.0000,1356.9000,80.2000,3509.1000,1356.9000,1214.5000,514.2000,2141.8000,184.0850,20.420000000000
A,USD,STD,INDL,C,177966,2013-12-31,ALLISON TRANSMISSION HLDGS,ALSN,01973R101,0001411207,11,12,USA,4812.6000,1438.8000,184.7000,3373.8000,1438.8000,1045.9000,165.4000,1926.8000,183.3770,27.610000000000
A,USD,STD,INDL,C,177966,2014-12-31,ALLISON TRANSMISSION HLDGS,ALSN,01973R101,0001411207,11,12,USA,4804.2000,1397.8000,263.0000,3406.4000,1397.8000,1168.5000,228.6000,2127.4000,179.4880,33.900000000000
A,USD,STD,INDL,C,177966,2015-12-31,ALLISON TRANSMISSION HLDGS,ALSN,01973R101,0001411207,11,12,USA,4408.4000,1188.6000,251.6000,3219.8000,1188.6000,1119.2000,182.3000,1985.8000,171.1570,25.890000000000
A,USD,STD,INDL,C,177966,2016-12-31,ALLISON TRANSMISSION HLDGS,ALSN,01973R101,0001411207,11,12,USA,4218.6000,1080.3000,204.7000,3138.3000,1080.3000,1040.1000,214.9000,1840.2000,163.7960,33.690000000000
A,USD,STD,INDL,C,177966,2017-12-31,ALLISON TRANSMISSION HLDGS,ALSN,01973R101,0001411207,11,12,USA,4205.0000,689.0000,199.0000,3516.0000,689.0000,1310.0000,504.0000,2262.0000,139.9910,43.070000000000
A,USD,STD,INDL,C,177966,2018-12-31,ALLISON TRANSMISSION HLDGS,ALSN,01973R101,0001411207,11,12,USA,4237.0000,659.0000,231.0000,3578.0000,659.0000,1586.0000,639.0000,2713.0000,126.2510,43.910000000000
A,USD,STD,INDL,C,177966,2019-12-31,ALLISON TRANSMISSION HLDGS,ALSN,01973R101,0001411207,11,12,USA,4450.0000,781.0000,192.0000,3669.0000,781.0000,1561.0000,604.0000,2698.0000,118.2000,48.320000000000
A,USD,STD,INDL,C,177966,2020-12-31,ALLISON TRANSMISSION HLDGS,ALSN,01973R101,0001411207,11,12,USA,4477.0000,756.0000,310.0000,3721.0000,756.0000,1151.0000,299.0000,2081.0000,112.0330,43.130000000000
A,USD,STD,INDL,C,177966,2021-12-31,ALLISON TRANSMISSION HLDGS,ALSN,01973R101,0001411207,11,12,USA,4457.0000,634.0000,127.0000,3823.0000,634.0000,1295.0000,442.0000,2402.0000,99.2630,36.350000000000
A,USD,STD,INDL,C,177966,2022-12-31,ALLISON TRANSMISSION HLDGS,ALSN,01973R101,0001411207,11,12,USA,4671.0000,874.0000,232.0000,3797.0000,874.0000,1452.0000,531.0000,2769.0000,91.7890,41.600000000000
A,USD,STD,INDL,C,177966,2023-12-31,ALLISON TRANSMISSION HLDGS,ALSN,01973R101,0001411207,11,12,USA,5025.0000,1233.0000,555.0000,3792.0000,1233.0000,1624.0000,673.0000,3035.0000,87.6480,58.150000000000
A,USD,STD,INDL,C,177966,2024-12-31,ALLISON TRANSMISSION HLDGS,ALSN,01973R101,0001411207,11,12,USA,5336.0000,1651.0000,781.0000,3685.0000,1651.0000,1663.0000,731.0000,3225.0000,85.7770,108.060000000000
A,USD,STD,INDL,C,177966,2025-12-31,ALLISON TRANSMISSION HLDGS,ALSN,01973R101,0001411207,11,12,USA,6082.0000,1867.0000,1495.0000,4215.0000,1867.0000,1587.0000,623.0000,3010.0000,82.8290,97.900000000000
I,USD,STD,INDL,C,178083,2010-12-31,VMWARE INC -CL A,VMW,928563402,0001124610,11,12,USA,6797.3190,3808.4430,3323.6400,2988.8760,3808.4430,2612.1280,357.4390,2857.3430,416.7010,88.910000000000
I,USD,STD,INDL,C,178083,2011-12-31,VMWARE INC -CL A,VMW,928563402,0001124610,11,12,USA,8680.8080,4770.2820,4512.2060,3910.5260,4770.2820,3423.2090,723.9360,3767.0960,423.6100,83.190000000000
I,USD,STD,INDL,C,178083,2012-12-31,VMWARE INC -CL A,VMW,928563402,0001124610,11,12,USA,10596.3920,5739.9810,4630.8340,4856.4110,5739.9810,4177.2240,745.7020,4605.0470,428.6880,94.140000000000
I,USD,STD,INDL,C,178083,2013-12-31,VMWARE INC -CL A,VMW,928563402,0001124610,11,12,USA,12327.0000,6816.0000,6175.0000,5511.0000,6816.0000,4755.0000,1014.0000,5207.0000,430.3490,89.710000000000
I,USD,STD,INDL,C,178083,2014-12-31,VMWARE INC -CL A,VMW,928563402,0001124610,11,12,USA,15216.0000,7581.0000,7075.0000,7630.0000,7581.0000,5449.0000,886.0000,6035.0000,429.3590,82.520000000000
I,USD,STD,INDL,C,178083,2015-12-31,VMWARE INC -CL A,VMW,928563402,0001124610,11,12,USA,15746.0000,7919.0000,7509.0000,7823.0000,7919.0000,5964.0000,997.0000,6647.0000,421.9470,56.570000000000
I,USD,STD,INDL,C,178083,2016-12-31,VMWARE INC -CL A,VMW,928563402,0001124610,11,12,USA,16643.0000,8097.0000,7985.0000,8546.0000,8097.0000,6361.0000,1186.0000,7093.0000,408.3510,78.730000000000
I,USD,STD,INDL,C,178083,2018-01-31,VMWARE INC -CL A,VMW,928563402,0001124610,11,1,USA,20622.0000,7776.0000,11653.0000,12846.0000,7776.0000,7090.0000,570.0000,7922.0000,403.7760,123.790000000000
I,USD,STD,INDL,C,178083,2019-01-31,VMWARE INC -CL A,VMW,928563402,0001124610,11,1,USA,14662.0000,551.0000,2884.0000,14111.0000,551.0000,8045.0000,2422.0000,8974.0000,410.7150,151.070000000000
I,USD,STD,INDL,C,178083,2020-01-31,VMWARE INC -CL A,VMW,928563402,0001124610,11,1,USA,26294.0000,7009.0000,2998.0000,19285.0000,7009.0000,9440.0000,6412.0000,10811.0000,417.7060,148.060000000000
I,USD,STD,INDL,C,178083,2021-01-31,VMWARE INC -CL A,VMW,928563402,0001124610,11,1,USA,29016.0000,9051.0000,4771.0000,19965.0000,9051.0000,10208.0000,2058.0000,11767.0000,419.3040,137.850000000000
I,USD,STD,INDL,C,178083,2022-01-31,VMWARE INC -CL A,VMW,928563402,0001124610,11,1,USA,28676.0000,-876.0000,3676.0000,29552.0000,-876.0000,11066.0000,1820.0000,12851.0000,418.8080,128.480000000000
I,USD,STD,INDL,C,178083,2023-01-31,VMWARE INC -CL A,VMW,928563402,0001124610,11,1,USA,31237.0000,1534.0000,5124.0000,29703.0000,1534.0000,11388.0000,1314.0000,13350.0000,426.7410,122.470000000000
A,USD,STD,INDL,C,178519,2010-12-31,LPL FINANCIAL HOLDINGS INC,LPLA,50212V100,0001397911,14,12,USA,3646.1670,1173.7550,798.8910,2472.4120,1173.7550,378.4540,-56.8620,3113.4860,108.7150,36.370000000000
A,USD,STD,INDL,C,178519,2011-12-31,LPL FINANCIAL HOLDINGS INC,LPLA,50212V100,0001397911,14,12,USA,3816.3260,1344.7480,1111.7970,2471.5780,1344.7480,438.5970,170.3820,3479.3750,107.9140,30.540000000000
A,USD,STD,INDL,C,178519,2012-12-31,LPL FINANCIAL HOLDINGS INC,LPLA,50212V100,0001397911,14,12,USA,3988.5240,1140.0200,1049.6050,2848.5040,1140.0200,411.4870,151.9180,3661.0880,106.2920,28.160000000000
A,USD,STD,INDL,C,178519,2013-12-31,LPL FINANCIAL HOLDINGS INC,LPLA,50212V100,0001397911,14,12,USA,4042.8310,1099.9710,1033.1920,2942.8600,1099.9710,486.3680,181.8570,4140.8580,101.8960,47.050000000000
A,USD,STD,INDL,C,178519,2014-12-31,LPL FINANCIAL HOLDINGS INC,LPLA,50212V100,0001397911,14,12,USA,4050.9930,971.6000,984.3610,3079.3930,971.6000,491.2750,178.0430,4373.6620,97.1450,44.550000000000
A,USD,STD,INDL,C,178519,2015-12-31,LPL FINANCIAL HOLDINGS INC,LPLA,50212V100,0001397911,14,12,USA,4521.0610,715.6100,1428.7060,3805.4510,715.6100,465.2800,168.7840,4275.0540,89.5240,42.650000000000
A,USD,STD,INDL,C,178519,2016-12-31,LPL FINANCIAL HOLDINGS INC,LPLA,50212V100,0001397911,14,12,USA,4834.9260,820.9950,1561.6080,4013.9310,820.9950,507.9570,191.9310,4049.3830,89.2970,35.210000000000
A,USD,STD,INDL,C,178519,2017-12-31,LPL FINANCIAL HOLDINGS INC,LPLA,50212V100,0001397911,14,12,USA,5358.7510,965.0080,1625.6550,4393.7430,965.0080,616.3660,238.8630,4281.4810,89.7680,57.140000000000
A,USD,STD,INDL,C,178519,2018-12-31,LPL FINANCIAL HOLDINGS INC,LPLA,50212V100,0001397911,14,12,USA,5477.4680,974.0730,1567.1110,4503.3950,974.0730,883.5680,439.4590,5188.4000,85.0890,61.080000000000
A,USD,STD,INDL,C,178519,2019-12-31,LPL FINANCIAL HOLDINGS INC,LPLA,50212V100,0001397911,14,12,USA,5880.2380,1023.8730,1476.8520,4856.3650,1023.8730,1039.1050,559.8800,5624.8560,80.2340,92.250000000000
A,USD,STD,INDL,C,178519,2020-12-31,LPL FINANCIAL HOLDINGS INC,LPLA,50212V100,0001397911,14,12,USA,6523.5710,1314.8540,1804.0290,5208.7170,1314.8540,908.9280,472.6400,5871.6400,79.4710,104.220000000000
A,USD,STD,INDL,C,178519,2021-12-31,LPL FINANCIAL HOLDINGS INC,LPLA,50212V100,0001397911,14,12,USA,7991.6000,1670.5330,2077.3770,6321.0670,1670.5330,1037.2190,459.8660,7720.8300,79.9900,160.090000000000
A,USD,STD,INDL,C,178519,2022-12-31,LPL FINANCIAL HOLDINGS INC,LPLA,50212V100,0001397911,14,12,USA,9482.2260,2167.5520,3142.7780,7314.6740,2167.5520,1561.4290,845.7020,8600.8250,79.2480,216.170000000000
A,USD,STD,INDL,C,178519,2023-12-31,LPL FINANCIAL HOLDINGS INC,LPLA,50212V100,0001397911,14,12,USA,10385.4800,2078.9790,2586.1410,8306.5010,2078.9790,2073.8870,1066.2500,10052.8480,74.6560,227.620000000000
A,USD,STD,INDL,C,178519,2024-12-31,LPL FINANCIAL HOLDINGS INC,LPLA,50212V100,0001397911,14,12,USA,13317.4040,2930.6020,2689.1120,10386.8020,2930.6020,2224.3550,1058.6160,12358.7400,74.6610,326.510000000000
A,USD,STD,INDL,C,178519,2025-12-31,LPL FINANCIAL HOLDINGS INC,LPLA,50212V100,0001397911,14,12,USA,18492.7530,5344.4850,3060.1720,13148.2680,5344.4850,2914.8860,863.0240,16989.4790,80.0610,357.170000000000
I,USD,STD,FS,C,178539,2010-12-31,RETAIL OPPORTUNITY INVTS CP,ROIC,76131N101,0001407623,14,12,USA,464.1930,390.5210,,73.6700,390.5210,,,,,9.910000000000
I,USD,STD,INDL,C,178539,2010-12-31,RETAIL OPPORTUNITY INVTS CP,ROIC,76131N101,0001407623,14,12,USA,464.1930,390.5210,87.5740,73.6690,390.5210,6.8500,-0.4010,17.4760,41.6380,9.910000000000
I,USD,STD,FS,C,178539,2011-12-31,RETAIL OPPORTUNITY INVTS CP,ROIC,76131N101,0001407623,14,12,USA,694.4330,450.4870,,243.9440,450.4870,,,,,11.840000000000
I,USD,STD,INDL,C,178539,2011-12-31,RETAIL OPPORTUNITY INVTS CP,ROIC,76131N101,0001407623,14,12,USA,694.4330,450.4870,35.5490,243.9440,450.4870,18.5240,9.6560,53.2150,49.3760,11.840000000000
I,USD,STD,FS,C,178539,2012-12-31,RETAIL OPPORTUNITY INVTS CP,ROIC,76131N101,0001407623,14,12,USA,950.9120,466.5400,,484.3700,466.5400,,,,,12.851800000000
I,USD,STD,INDL,C,178539,2012-12-31,RETAIL OPPORTUNITY INVTS CP,ROIC,76131N101,0001407623,14,12,USA,950.9120,466.5400,6.3930,484.3700,466.5400,27.6700,7.8930,76.8060,52.5970,12.851800000000
I,USD,STD,FS,C,178539,2013-12-31,RETAIL OPPORTUNITY INVTS CP,ROIC,76131N101,0001407623,14,12,USA,1439.0900,676.1230,,733.6800,676.1230,,,,,14.720000000000
I,USD,STD,INDL,C,178539,2013-12-31,RETAIL OPPORTUNITY INVTS CP,ROIC,76131N101,0001407623,14,12,USA,1439.0900,676.1230,9.2190,733.6800,676.1230,41.9120,33.8130,113.6220,72.4460,14.720000000000
I,USD,STD,FS,C,178539,2014-12-31,RETAIL OPPORTUNITY INVTS CP,ROIC,76131N101,0001407623,14,12,USA,1851.6960,923.7130,,888.9140,923.7130,,,,,16.790000000000
I,USD,STD,INDL,C,178539,2014-12-31,RETAIL OPPORTUNITY INVTS CP,ROIC,76131N101,0001407623,14,12,USA,1851.6960,923.7130,11.2870,888.9140,923.7130,55.9340,20.3010,155.8640,92.9910,16.790000000000
I,USD,STD,FS,C,178539,2015-12-31,RETAIL OPPORTUNITY INVTS CP,ROIC,76131N101,0001407623,14,12,USA,2310.6350,1036.6710,,1145.6190,1036.6710,,,,,17.900000000000
I,USD,STD,INDL,C,178539,2015-12-31,RETAIL OPPORTUNITY INVTS CP,ROIC,76131N101,0001407623,14,12,USA,2310.6350,1036.6710,9.0710,1145.6190,1036.6710,72.9500,23.8640,192.6990,99.5310,17.900000000000
I,USD,STD,FS,C,178539,2016-12-31,RETAIL OPPORTUNITY INVTS CP,ROIC,76131N101,0001407623,14,12,USA,2662.9690,1188.2410,,1347.4040,1188.2410,,,,,21.130000000000
I,USD,STD,INDL,C,178539,2016-12-31,RETAIL OPPORTUNITY INVTS CP,ROIC,76131N101,0001407623,14,12,USA,2662.9690,1188.2410,13.2500,1347.4040,1188.2410,91.1150,32.7540,237.1890,109.3020,21.130000000000
I,USD,STD,FS,C,178539,2017-12-31,RETAIL OPPORTUNITY INVTS CP,ROIC,76131N101,0001407623,14,12,USA,3039.1980,1203.9670,,1709.5570,1203.9670,,,,,19.950000000000
I,USD,STD,INDL,C,178539,2017-12-31,RETAIL OPPORTUNITY INVTS CP,ROIC,76131N101,0001407623,14,12,USA,3039.1980,1203.9670,16.9650,1709.5570,1203.9670,107.7720,38.4770,273.2600,112.3470,19.950000000000
I,USD,STD,FS,C,178539,2018-12-31,RETAIL OPPORTUNITY INVTS CP,ROIC,76131N101,0001407623,14,12,USA,3003.0710,1188.2140,,1694.6430,1188.2140,,,,,15.880000000000
I,USD,STD,INDL,C,178539,2018-12-31,RETAIL OPPORTUNITY INVTS CP,ROIC,76131N101,0001407623,14,12,USA,3003.0710,1188.2140,7.4490,1694.6430,1188.2140,118.2820,42.7360,295.7980,113.9930,15.880000000000
I,USD,STD,FS,C,178539,2019-12-31,RETAIL OPPORTUNITY INVTS CP,ROIC,76131N101,0001407623,14,12,USA,2913.7570,1179.3480,,1621.9290,1179.3480,,,,,17.660000000000
I,USD,STD,INDL,C,178539,2019-12-31,RETAIL OPPORTUNITY INVTS CP,ROIC,76131N101,0001407623,14,12,USA,2913.7570,1179.3480,5.4580,1621.9290,1179.3480,120.9760,48.8440,295.0400,116.4960,17.660000000000
I,USD,STD,FS,C,178539,2020-12-31,RETAIL OPPORTUNITY INVTS CP,ROIC,76131N101,0001407623,14,12,USA,2861.8480,1199.5530,,1570.6890,1199.5530,,,,,13.390000000000
I,USD,STD,INDL,C,178539,2020-12-31,RETAIL OPPORTUNITY INVTS CP,ROIC,76131N101,0001407623,14,12,USA,2861.8480,1199.5530,6.6360,1570.6890,1199.5530,111.2020,32.0140,284.1140,118.0850,13.390000000000
I,USD,STD,FS,C,178539,2021-12-31,RETAIL OPPORTUNITY INVTS CP,ROIC,76131N101,0001407623,14,12,USA,2928.8440,1276.8940,,1562.4910,1276.8940,,,,,19.600000000000
I,USD,STD,INDL,C,178539,2021-12-31,RETAIL OPPORTUNITY INVTS CP,ROIC,76131N101,0001407623,14,12,USA,2928.8440,1276.8940,15.3630,1562.4910,1276.8940,112.2090,53.5080,284.1000,122.6850,19.600000000000
I,USD,STD,FS,C,178539,2022-12-31,RETAIL OPPORTUNITY INVTS CP,ROIC,76131N101,0001407623,14,12,USA,3004.2790,1296.1680,,1619.6810,1296.1680,,,,,15.030000000000
I,USD,STD,INDL,C,178539,2022-12-31,RETAIL OPPORTUNITY INVTS CP,ROIC,76131N101,0001407623,14,12,USA,3004.2790,1296.1680,7.4590,1619.6810,1296.1680,128.7670,51.8690,312.9290,124.5390,15.030000000000
I,USD,STD,FS,C,178539,2023-12-31,RETAIL OPPORTUNITY INVTS CP,ROIC,76131N101,0001407623,14,12,USA,2977.6400,1287.3200,,1614.4330,1287.3200,,,,,14.030000000000
I,USD,STD,INDL,C,178539,2023-12-31,RETAIL OPPORTUNITY INVTS CP,ROIC,76131N101,0001407623,14,12,USA,2977.6400,1287.3200,8.4180,1614.4330,1287.3200,131.6970,34.5340,327.7320,126.9040,14.030000000000
A,USD,STD,FS,C,179534,2010-09-30,VISA INC,V,92826C839,0001403161,11,9,USA,33408.0000,25011.0000,,8394.0000,25011.0000,,,,,74.260000000000
A,USD,STD,INDL,C,179534,2010-09-30,VISA INC,V,92826C839,0001403161,11,9,USA,33408.0000,25011.0000,6816.0000,8394.0000,25011.0000,4822.0000,2966.0000,8065.0000,725.9750,74.260000000000
A,USD,STD,FS,C,179534,2011-09-30,VISA INC,V,92826C839,0001403161,11,9,USA,34760.0000,26437.0000,,8323.0000,26437.0000,,,,,85.720000000000
A,USD,STD,INDL,C,179534,2011-09-30,VISA INC,V,92826C839,0001403161,11,9,USA,34760.0000,26437.0000,7186.0000,8323.0000,26437.0000,5751.0000,3650.0000,9188.0000,686.5850,85.720000000000
A,USD,STD,FS,C,179534,2012-09-30,VISA INC,V,92826C839,0001403161,11,9,USA,40013.0000,27630.0000,,12383.0000,27630.0000,,,,,134.280000000000
A,USD,STD,INDL,C,179534,2012-09-30,VISA INC,V,92826C839,0001403161,11,9,USA,40013.0000,27630.0000,8072.0000,12383.0000,27630.0000,6572.0000,2144.0000,10421.0000,669.0470,134.280000000000
A,USD,STD,FS,C,179534,2013-09-30,VISA INC,V,92826C839,0001403161,11,9,USA,35956.0000,26870.0000,,9086.0000,26870.0000,,,,,191.100000000000
A,USD,STD,INDL,C,179534,2013-09-30,VISA INC,V,92826C839,0001403161,11,9,USA,35956.0000,26870.0000,5170.0000,9086.0000,26870.0000,7639.0000,4980.0000,11778.0000,638.0470,191.100000000000
A,USD,STD,FS,C,179534,2014-09-30,VISA INC,V,92826C839,0001403161,11,9,USA,38569.0000,27413.0000,,11156.0000,27413.0000,,,,,213.370000000000
A,USD,STD,INDL,C,179534,2014-09-30,VISA INC,V,92826C839,0001403161,11,9,USA,38569.0000,27413.0000,6409.0000,11156.0000,27413.0000,8585.0000,5438.0000,12702.0000,617.9650,213.370000000000
A,USD,STD,FS,C,179534,2015-09-30,VISA INC,V,92826C839,0001403161,11,9,USA,40236.0000,29842.0000,,10394.0000,29842.0000,,,,,69.660000000000
A,USD,STD,INDL,C,179534,2015-09-30,VISA INC,V,92826C839,0001403161,11,9,USA,40236.0000,29842.0000,8110.0000,10394.0000,29842.0000,9572.0000,6328.0000,13880.0000,2433.8340,69.660000000000
A,USD,STD,FS,C,179534,2016-09-30,VISA INC,V,92826C839,0001403161,11,9,USA,64035.0000,27195.0000,,31123.0000,32912.0000,,,,,82.700000000000
A,USD,STD,INDL,C,179534,2016-09-30,VISA INC,V,92826C839,0001403161,11,9,USA,64035.0000,27195.0000,10966.0000,31123.0000,32912.0000,10526.0000,5991.0000,15082.0000,2343.0000,82.700000000000
A,USD,STD,FS,C,179534,2017-09-30,VISA INC,V,92826C839,0001403161,11,9,USA,67977.0000,27234.0000,,35217.0000,32760.0000,,,,,105.240000000000
A,USD,STD,INDL,C,179534,2017-09-30,VISA INC,V,92826C839,0001403161,11,9,USA,67977.0000,27234.0000,15575.0000,35217.0000,32760.0000,12911.0000,6699.0000,18358.0000,2274.0000,105.240000000000
A,USD,STD,FS,C,179534,2018-09-30,VISA INC,V,92826C839,0001403161,11,9,USA,69225.0000,28536.0000,,35219.0000,34006.0000,,,,,150.090000000000
A,USD,STD,INDL,C,179534,2018-09-30,VISA INC,V,92826C839,0001403161,11,9,USA,69225.0000,28536.0000,14524.0000,35219.0000,34006.0000,14369.0000,10301.0000,20609.0000,2215.0000,150.090000000000
A,USD,STD,FS,C,179534,2019-09-30,VISA INC,V,92826C839,0001403161,11,9,USA,72574.0000,29222.0000,,37890.0000,34684.0000,,,,,172.010000000000
A,USD,STD,INDL,C,179534,2019-09-30,VISA INC,V,92826C839,0001403161,11,9,USA,72574.0000,29222.0000,15068.0000,37890.0000,34684.0000,16057.0000,12080.0000,22977.0000,2161.0000,172.010000000000
A,USD,STD,FS,C,179534,2020-09-30,VISA INC,V,92826C839,0001403161,11,9,USA,80919.0000,31124.0000,,44709.0000,36210.0000,,,,,199.970000000000
A,USD,STD,INDL,C,179534,2020-09-30,VISA INC,V,92826C839,0001403161,11,9,USA,80919.0000,31124.0000,22923.0000,44709.0000,36210.0000,14876.0000,10866.0000,21846.0000,2124.0000,199.970000000000
A,USD,STD,FS,C,179534,2021-09-30,VISA INC,V,92826C839,0001403161,11,9,USA,82896.0000,34509.0000,,45307.0000,37589.0000,,,,,222.750000000000
A,USD,STD,INDL,C,179534,2021-09-30,VISA INC,V,92826C839,0001403161,11,9,USA,82896.0000,34509.0000,21824.0000,45307.0000,37589.0000,16784.0000,12311.0000,24105.0000,2116.0000,222.750000000000
A,USD,STD,FS,C,179534,2022-09-30,VISA INC,V,92826C839,0001403161,11,9,USA,85501.0000,33257.0000,,49920.0000,35581.0000,,,,,177.650000000000
A,USD,STD,INDL,C,179534,2022-09-30,VISA INC,V,92826C839,0001403161,11,9,USA,85501.0000,33257.0000,23210.0000,49920.0000,35581.0000,20671.0000,14957.0000,29310.0000,2068.0000,177.650000000000
A,USD,STD,FS,C,179534,2023-09-30,VISA INC,V,92826C839,0001403161,11,9,USA,90499.0000,37035.0000,,51766.0000,38733.0000,,,,,230.010000000000
A,USD,STD,INDL,C,179534,2023-09-30,VISA INC,V,92826C839,0001403161,11,9,USA,90499.0000,37035.0000,25832.0000,51766.0000,38733.0000,22960.0000,17273.0000,32653.0000,2022.0000,230.010000000000
A,USD,STD,FS,C,179534,2024-09-30,VISA INC,V,92826C839,0001403161,11,9,USA,94511.0000,38106.0000,,55374.0000,39137.0000,,,,,274.950000000000
A,USD,STD,INDL,C,179534,2024-09-30,VISA INC,V,92826C839,0001403161,11,9,USA,94511.0000,38106.0000,22963.0000,55374.0000,39137.0000,25201.0000,19743.0000,35926.0000,1966.0000,274.950000000000
A,USD,STD,FS,C,179534,2025-09-30,VISA INC,V,92826C839,0001403161,11,9,USA,99627.0000,37164.0000,,61718.0000,37909.0000,,,,,341.380000000000
A,USD,STD,INDL,C,179534,2025-09-30,VISA INC,V,92826C839,0001403161,11,9,USA,99627.0000,37164.0000,26820.0000,61718.0000,37909.0000,28125.0000,20058.0000,40000.0000,1918.0000,341.380000000000
A,USD,STD,INDL,C,179621,2010-12-31,PHILIP MORRIS INTERNATIONAL,PM,718172109,0001413329,11,12,USA,35050.0000,3506.0000,1703.0000,29929.0000,3506.0000,18339.0000,7259.0000,27208.0000,1801.7830,58.530000000000
A,USD,STD,INDL,C,179621,2011-12-31,PHILIP MORRIS INTERNATIONAL,PM,718172109,0001413329,11,12,USA,35488.0000,229.0000,2550.0000,33725.0000,229.0000,21314.0000,8591.0000,31097.0000,1725.9090,78.480000000000
A,USD,STD,INDL,C,179621,2012-12-31,PHILIP MORRIS INTERNATIONAL,PM,718172109,0001413329,11,12,USA,37670.0000,-3476.0000,2983.0000,39523.0000,-3476.0000,21805.0000,8800.0000,31377.0000,1653.6130,83.640000000000
A,USD,STD,INDL,C,179621,2013-12-31,PHILIP MORRIS INTERNATIONAL,PM,718172109,0001413329,11,12,USA,38168.0000,-7766.0000,2154.0000,44442.0000,-7766.0000,21596.0000,8576.0000,31217.0000,1589.0020,87.130000000000
A,USD,STD,INDL,C,179621,2014-12-31,PHILIP MORRIS INTERNATIONAL,PM,718172109,0001413329,11,12,USA,35187.0000,-12629.0000,1682.0000,46390.0000,-12629.0000,20127.0000,7493.0000,29767.0000,1546.9000,81.450000000000
A,USD,STD,INDL,C,179621,2015-12-31,PHILIP MORRIS INTERNATIONAL,PM,718172109,0001413329,11,12,USA,33956.0000,-13244.0000,3417.0000,45432.0000,-13244.0000,18101.0000,6873.0000,26794.0000,1549.3440,87.910000000000
A,USD,STD,INDL,C,179621,2016-12-31,PHILIP MORRIS INTERNATIONAL,PM,718172109,0001413329,11,12,USA,36851.0000,-12688.0000,4239.0000,47751.0000,-12688.0000,17963.0000,6967.0000,26685.0000,1551.3860,91.490000000000
A,USD,STD,INDL,C,179621,2017-12-31,PHILIP MORRIS INTERNATIONAL,PM,718172109,0001413329,11,12,USA,42968.0000,-12086.0000,8476.0000,53198.0000,-12086.0000,19103.0000,6035.0000,28748.0000,1553.2180,105.650000000000
A,USD,STD,INDL,C,179621,2018-12-31,PHILIP MORRIS INTERNATIONAL,PM,718172109,0001413329,11,12,USA,39801.0000,-12459.0000,6620.0000,50540.0000,-12459.0000,19774.0000,7911.0000,29625.0000,1554.5800,66.760000000000
A,USD,STD,INDL,C,179621,2019-12-31,PHILIP MORRIS INTERNATIONAL,PM,718172109,0001413329,11,12,USA,42875.0000,-11577.0000,6865.0000,52474.0000,-11577.0000,20190.0000,7185.0000,29805.0000,1555.8950,85.090000000000
A,USD,STD,INDL,C,179621,2020-12-31,PHILIP MORRIS INTERNATIONAL,PM,718172109,0001413329,11,12,USA,44815.0000,-12567.0000,7285.0000,55446.0000,-12567.0000,20033.0000,8056.0000,28694.0000,1557.3740,82.790000000000
A,USD,STD,INDL,C,179621,2021-12-31,PHILIP MORRIS INTERNATIONAL,PM,718172109,0001413329,11,12,USA,41290.0000,-10106.0000,4500.0000,49498.0000,-10106.0000,22523.0000,9109.0000,31651.0000,1550.1700,95.000000000000
A,USD,STD,INDL,C,179621,2022-12-31,PHILIP MORRIS INTERNATIONAL,PM,718172109,0001413329,11,12,USA,61681.0000,-8957.0000,3217.0000,67992.0000,-8957.0000,21736.0000,9048.0000,31762.0000,1550.2180,101.210000000000
A,USD,STD,INDL,C,179621,2023-12-31,PHILIP MORRIS INTERNATIONAL,PM,718172109,0001413329,11,12,USA,65304.0000,-11225.0000,3146.0000,74750.0000,-11225.0000,23792.0000,7813.0000,35254.0000,1552.4250,94.080000000000
A,USD,STD,INDL,C,179621,2024-12-31,PHILIP MORRIS INTERNATIONAL,PM,718172109,0001413329,11,12,USA,61784.0000,-11750.0000,4254.0000,71654.0000,-11750.0000,26336.0000,7057.0000,37878.0000,1554.8450,120.350000000000
A,USD,STD,INDL,C,179621,2025-12-31,PHILIP MORRIS INTERNATIONAL,PM,718172109,0001413329,11,12,USA,69185.0000,-9994.0000,4892.0000,77213.0000,-9994.0000,29278.0000,11348.0000,40648.0000,1556.6570,160.400000000000
A,USD,STD,INDL,C,179738,2010-12-31,ENERGY RECOVERY INC,ERII,29270J100,0001421517,14,12,USA,133.9170,120.8000,59.9740,13.1170,120.8000,27.2760,-3.6080,45.8530,52.5960,3.660000000000
A,USD,STD,INDL,C,179738,2011-12-31,ENERGY RECOVERY INC,ERII,29270J100,0001421517,14,12,USA,110.7130,96.9540,35.9000,13.7590,96.9540,11.2300,-26.4430,28.0470,52.6450,2.580000000000
A,USD,STD,INDL,C,179738,2012-12-31,ENERGY RECOVERY INC,ERII,29270J100,0001421517,14,12,USA,104.5540,87.3810,31.3740,17.1730,87.3810,22.9730,-8.2540,42.6320,50.9030,3.400000000000
A,USD,STD,INDL,C,179738,2013-12-31,ENERGY RECOVERY INC,ERII,29270J100,0001421517,14,12,USA,101.9350,86.9150,24.5380,15.0200,86.9150,28.5980,-3.1060,43.0450,51.3540,5.550000000000
A,USD,STD,INDL,C,179738,2014-12-31,ENERGY RECOVERY INC,ERII,29270J100,0001421517,14,12,USA,85.9410,69.9180,31.1960,16.0230,69.9180,19.8990,-18.7050,30.4260,51.9190,5.270000000000
A,USD,STD,INDL,C,179738,2015-12-31,ENERGY RECOVERY INC,ERII,29270J100,0001421517,14,12,USA,151.7990,63.6590,101.6780,88.1400,63.6590,28.8020,-11.6380,44.7130,52.4690,7.070000000000
A,USD,STD,INDL,C,179738,2016-12-31,ENERGY RECOVERY INC,ERII,29270J100,0001421517,14,12,USA,149.0630,65.1330,102.7340,83.9300,65.1330,39.9150,1.0340,54.7150,53.1630,10.350000000000
A,USD,STD,INDL,C,179738,2017-12-31,ENERGY RECOVERY INC,ERII,29270J100,0001421517,14,12,USA,161.7440,82.5310,100.4640,79.2130,82.5310,47.1300,12.3500,63.1560,53.9060,8.750000000000
A,USD,STD,INDL,C,179738,2018-12-31,ENERGY RECOVERY INC,ERII,29270J100,0001421517,14,12,USA,179.8410,113.3780,95.3900,66.4630,113.3780,59.8700,22.0930,74.5150,53.9400,6.730000000000
A,USD,STD,INDL,C,179738,2019-12-31,ENERGY RECOVERY INC,ERII,29270J100,0001421517,14,12,USA,188.7740,136.0130,85.1230,52.7610,136.0130,70.4270,10.9130,86.9420,55.2620,9.790000000000
A,USD,STD,INDL,C,179738,2020-12-31,ENERGY RECOVERY INC,ERII,29270J100,0001421517,14,12,USA,204.3140,171.6240,114.7010,32.6900,171.6240,94.6120,26.3870,118.9860,56.3420,13.640000000000
A,USD,STD,INDL,C,179738,2021-12-31,ENERGY RECOVERY INC,ERII,29270J100,0001421517,14,12,USA,213.6900,178.7790,105.6900,34.9110,178.7790,75.7240,14.2690,103.9040,56.8230,21.490000000000
A,USD,STD,INDL,C,179738,2022-12-31,ENERGY RECOVERY INC,ERII,29270J100,0001421517,14,12,USA,217.0390,185.3380,89.8330,31.7010,185.3380,92.1200,24.0490,125.5910,56.0770,20.490000000000
A,USD,STD,INDL,C,179738,2023-12-31,ENERGY RECOVERY INC,ERII,29270J100,0001421517,14,12,USA,252.9740,219.8080,108.5430,33.1660,219.8080,91.1810,21.5040,128.3490,56.8810,18.840000000000
A,USD,STD,INDL,C,179738,2024-12-31,ENERGY RECOVERY INC,ERII,29270J100,0001421517,14,12,USA,242.7920,210.0100,78.0190,32.7820,210.0100,100.9790,23.0500,144.9480,54.7860,14.700000000000
A,USD,STD,INDL,C,179738,2025-12-31,ENERGY RECOVERY INC,ERII,29270J100,0001421517,14,12,USA,231.5140,206.1920,75.2490,25.3220,206.1920,91.6910,22.9620,134.9870,52.8070,13.490000000000
A,USD,STD,FS,C,179889,2010-12-31,AGNC INVESTMENT CORP,AGNC,00123Q104,0001423689,14,12,USA,14475.8290,1572.0640,,12903.7650,1572.0640,,,,,28.740000000000
A,USD,STD,INDL,C,179889,2010-12-31,AGNC INVESTMENT CORP,AGNC,00123Q104,0001423689,14,12,USA,14475.8290,1572.0640,249.3520,12903.7650,1572.0640,326.2080,288.1160,345.0140,64.8560,28.740000000000
A,USD,STD,FS,C,179889,2011-12-31,AGNC INVESTMENT CORP,AGNC,00123Q104,0001423689,14,12,USA,57972.2970,6211.8030,,51760.4940,6211.8030,,,,,28.080000000000
A,USD,STD,INDL,C,179889,2011-12-31,AGNC INVESTMENT CORP,AGNC,00123Q104,0001423689,14,12,USA,57972.2970,6211.8030,1702.7990,51760.4940,6211.8030,1507.8890,770.4800,1581.8470,224.1500,28.080000000000
A,USD,STD,FS,C,179889,2012-12-31,AGNC INVESTMENT CORP,AGNC,00123Q104,0001423689,14,12,USA,100453.0000,10729.0000,,89557.0000,10896.0000,,,,,28.900000000000
A,USD,STD,INDL,C,179889,2012-12-31,AGNC INVESTMENT CORP,AGNC,00123Q104,0001423689,14,12,USA,100453.0000,10729.0000,2829.0000,89557.0000,10896.0000,3161.0000,1277.0000,3305.0000,338.9000,28.900000000000
A,USD,STD,FS,C,179889,2013-12-31,AGNC INVESTMENT CORP,AGNC,00123Q104,0001423689,14,12,USA,76255.0000,8530.0000,,67558.0000,8697.0000,,,,,19.290000000000
A,USD,STD,INDL,C,179889,2013-12-31,AGNC INVESTMENT CORP,AGNC,00123Q104,0001423689,14,12,USA,76255.0000,8530.0000,2244.0000,67558.0000,8697.0000,617.0000,1259.0000,785.0000,356.2000,19.290000000000
A,USD,STD,FS,C,179889,2014-12-31,AGNC INVESTMENT CORP,AGNC,00123Q104,0001423689,14,12,USA,67766.0000,9092.0000,,58338.0000,9428.0000,,,,,21.830000000000
A,USD,STD,INDL,C,179889,2014-12-31,AGNC INVESTMENT CORP,AGNC,00123Q104,0001423689,14,12,USA,67766.0000,9092.0000,2433.0000,58338.0000,9428.0000,1382.0000,-233.0000,1523.0000,352.8000,21.830000000000
A,USD,STD,FS,C,179889,2015-12-31,AGNC INVESTMENT CORP,AGNC,00123Q104,0001423689,14,12,USA,57021.0000,7635.0000,,49050.0000,7971.0000,,,,,17.340000000000
A,USD,STD,INDL,C,179889,2015-12-31,AGNC INVESTMENT CORP,AGNC,00123Q104,0001423689,14,12,USA,57021.0000,7635.0000,2391.0000,49050.0000,7971.0000,1304.0000,215.0000,1443.0000,337.5000,17.340000000000
A,USD,STD,FS,C,179889,2016-12-31,AGNC INVESTMENT CORP,AGNC,00123Q104,0001423689,14,12,USA,56880.0000,7020.0000,,49524.0000,7356.0000,,,,,18.130000000000
A,USD,STD,INDL,C,179889,2016-12-31,AGNC INVESTMENT CORP,AGNC,00123Q104,0001423689,14,12,USA,56880.0000,7020.0000,1282.0000,49524.0000,7356.0000,1338.0000,623.0000,1432.0000,331.0000,18.130000000000
A,USD,STD,FS,C,179889,2017-12-31,AGNC INVESTMENT CORP,AGNC,00123Q104,0001423689,14,12,USA,70376.0000,8270.0000,,61622.0000,8754.0000,,,,,20.190000000000
A,USD,STD,INDL,C,179889,2017-12-31,AGNC INVESTMENT CORP,AGNC,00123Q104,0001423689,14,12,USA,70376.0000,8270.0000,1363.0000,61622.0000,8754.0000,1105.0000,771.0000,1172.0000,391.3000,20.190000000000
A,USD,STD,FS,C,179889,2018-12-31,AGNC INVESTMENT CORP,AGNC,00123Q104,0001423689,14,12,USA,109241.0000,9422.0000,,99335.0000,9906.0000,,,,,17.540000000000
A,USD,STD,INDL,C,179889,2018-12-31,AGNC INVESTMENT CORP,AGNC,00123Q104,0001423689,14,12,USA,109241.0000,9422.0000,1520.0000,99335.0000,9906.0000,1498.0000,129.0000,1569.0000,536.3000,17.540000000000
A,USD,STD,FS,C,179889,2019-12-31,AGNC INVESTMENT CORP,AGNC,00123Q104,0001423689,14,12,USA,113082.0000,10109.0000,,102041.0000,11041.0000,,,,,17.680000000000
A,USD,STD,INDL,C,179889,2019-12-31,AGNC INVESTMENT CORP,AGNC,00123Q104,0001423689,14,12,USA,113082.0000,10109.0000,1282.0000,102041.0000,11041.0000,5161.0000,688.0000,5244.0000,540.9430,17.680000000000
A,USD,STD,FS,C,179889,2020-12-31,AGNC INVESTMENT CORP,AGNC,00123Q104,0001423689,14,12,USA,81817.0000,9590.0000,,70738.0000,11079.0000,,,,,15.600000000000
A,USD,STD,INDL,C,179889,2020-12-31,AGNC INVESTMENT CORP,AGNC,00123Q104,0001423689,14,12,USA,81817.0000,9590.0000,2324.0000,70738.0000,11079.0000,2871.0000,-266.0000,2964.0000,539.4690,15.600000000000
A,USD,STD,FS,C,179889,2021-12-31,AGNC INVESTMENT CORP,AGNC,00123Q104,0001423689,14,12,USA,68149.0000,8802.0000,,57858.0000,10291.0000,,,,,15.040000000000
A,USD,STD,INDL,C,179889,2021-12-31,AGNC INVESTMENT CORP,AGNC,00123Q104,0001423689,14,12,USA,68149.0000,8802.0000,1525.0000,57858.0000,10291.0000,-286.0000,749.0000,-198.0000,522.2240,15.040000000000
A,USD,STD,FS,C,179889,2022-12-31,AGNC INVESTMENT CORP,AGNC,00123Q104,0001423689,14,12,USA,51748.0000,6236.0000,,43878.0000,7870.0000,,,,,10.350000000000
A,USD,STD,INDL,C,179889,2022-12-31,AGNC INVESTMENT CORP,AGNC,00123Q104,0001423689,14,12,USA,51748.0000,6236.0000,2334.0000,43878.0000,7870.0000,-5195.0000,-1190.0000,-5121.0000,574.5670,10.350000000000
A,USD,STD,FS,C,179889,2023-12-31,AGNC INVESTMENT CORP,AGNC,00123Q104,0001423689,14,12,USA,71596.0000,6623.0000,,63339.0000,8257.0000,,,,,9.810000000000
A,USD,STD,INDL,C,179889,2023-12-31,AGNC INVESTMENT CORP,AGNC,00123Q104,0001423689,14,12,USA,71596.0000,6623.0000,1771.0000,63339.0000,8257.0000,2056.0000,155.0000,2152.0000,694.2650,9.810000000000
A,USD,STD,FS,C,179889,2024-12-31,AGNC INVESTMENT CORP,AGNC,00123Q104,0001423689,14,12,USA,88015.0000,8128.0000,,78253.0000,9762.0000,,,,,9.210000000000
A,USD,STD,INDL,C,179889,2024-12-31,AGNC INVESTMENT CORP,AGNC,00123Q104,0001423689,14,12,USA,88015.0000,8128.0000,1771.0000,78253.0000,9762.0000,1766.0000,863.0000,1876.0000,897.4030,9.210000000000
A,USD,STD,FS,C,179889,2025-12-31,AGNC INVESTMENT CORP,AGNC,00123Q104,0001423689,14,12,USA,115077.0000,10425.0000,,102684.0000,12393.0000,,,,,10.720000000000
A,USD,STD,INDL,C,179889,2025-12-31,AGNC INVESTMENT CORP,AGNC,00123Q104,0001423689,14,12,USA,115077.0000,10425.0000,1742.0000,102684.0000,12393.0000,5600.0000,1670.0000,5727.0000,1107.6480,10.720000000000
A,USD,STD,FS,C,183603,2010-12-31,DIGITALBRIDGE GROUP INC,DBRG,25401T603,0001679688,11,12,USA,390.4570,333.0390,,57.1780,333.0390,,,,,20.020000000000
A,USD,STD,INDL,C,183603,2010-12-31,DIGITALBRIDGE GROUP INC,DBRG,25401T603,0001679688,11,12,USA,390.4570,333.0390,66.2450,57.1780,333.0390,18.7010,17.7310,28.0280,17.3840,20.020000000000
A,USD,STD,FS,C,183603,2011-12-31,DIGITALBRIDGE GROUP INC,DBRG,25401T603,0001679688,11,12,USA,727.5190,602.9760,,114.0290,602.9760,,,,,15.710000000000
A,USD,STD,INDL,C,183603,2011-12-31,DIGITALBRIDGE GROUP INC,DBRG,25401T603,0001679688,11,12,USA,727.5190,602.9760,10.3720,114.0290,602.9760,48.4190,42.2600,65.4690,32.6250,15.710000000000
A,USD,STD,FS,C,183603,2012-12-31,DIGITALBRIDGE GROUP INC,DBRG,25401T603,0001679688,11,12,USA,1435.5670,1223.2300,,152.5370,1223.3310,,,,,19.500000000000
A,USD,STD,INDL,C,183603,2012-12-31,DIGITALBRIDGE GROUP INC,DBRG,25401T603,0001679688,11,12,USA,1435.5670,1223.2300,176.8990,152.5370,1223.3310,78.8500,62.0110,107.1550,53.0920,19.500000000000
A,USD,STD,FS,C,183603,2013-12-31,DIGITALBRIDGE GROUP INC,DBRG,25401T603,0001679688,11,12,USA,2628.5520,1684.2090,,674.3250,1684.3100,,,,,20.290000000000
A,USD,STD,INDL,C,183603,2013-12-31,DIGITALBRIDGE GROUP INC,DBRG,25401T603,0001679688,11,12,USA,2628.5520,1684.2090,51.0650,674.3250,1684.3100,145.4640,101.7650,184.8170,76.4920,20.290000000000
A,USD,STD,FS,C,183603,2014-12-31,DIGITALBRIDGE GROUP INC,DBRG,25401T603,0001679688,11,12,USA,5871.8480,2417.3450,,2936.0550,2417.4800,,,,,23.820000000000
A,USD,STD,INDL,C,183603,2014-12-31,DIGITALBRIDGE GROUP INC,DBRG,25401T603,0001679688,11,12,USA,5871.8480,2417.3450,218.8810,2936.0550,2417.4800,204.4610,123.1490,300.6490,109.6340,23.820000000000
A,USD,STD,FS,C,183603,2015-12-31,DIGITALBRIDGE GROUP INC,DBRG,25401T603,0001679688,11,12,USA,10039.3100,2846.6660,,4623.0700,2846.9160,,,,,19.480000000000
A,USD,STD,INDL,C,183603,2015-12-31,DIGITALBRIDGE GROUP INC,DBRG,25401T603,0001679688,11,12,USA,10039.3100,2846.6660,373.0620,4623.0700,2846.9160,349.6560,149.9800,841.9760,112.2400,19.480000000000
A,USD,STD,FS,C,183603,2016-12-31,DIGITALBRIDGE GROUP INC,DBRG,25401T603,0001679688,11,12,USA,9760.9920,2773.5490,,4144.0650,2773.7990,,,,,20.250000000000
A,USD,STD,INDL,C,183603,2016-12-31,DIGITALBRIDGE GROUP INC,DBRG,25401T603,0001679688,11,12,USA,9760.9920,2773.5490,497.8860,4144.0650,2773.7990,392.9590,115.3180,938.2320,114.0350,20.250000000000
A,USD,STD,FS,C,183603,2017-12-31,DIGITALBRIDGE GROUP INC,DBRG,25401T603,0001679688,11,12,USA,24785.6500,6800.9590,,12402.1140,8407.9250,,,,,11.410000000000
A,USD,STD,INDL,C,183603,2017-12-31,DIGITALBRIDGE GROUP INC,DBRG,25401T603,0001679688,11,12,USA,24785.6500,6800.9590,1392.9000,12402.1140,8407.9250,850.4780,-197.8910,3081.8850,543.3350,11.410000000000
A,USD,STD,FS,C,183603,2018-12-31,DIGITALBRIDGE GROUP INC,DBRG,25401T603,0001679688,11,12,USA,22215.2490,5598.5570,,11059.4940,7006.0520,,,,,4.680000000000
A,USD,STD,INDL,C,183603,2018-12-31,DIGITALBRIDGE GROUP INC,DBRG,25401T603,0001679688,11,12,USA,22215.2490,5598.5570,828.6700,11059.4940,7006.0520,-145.8400,-519.6070,2675.8360,484.0810,4.680000000000
A,USD,STD,FS,C,183603,2019-12-31,DIGITALBRIDGE GROUP INC,DBRG,25401T603,0001679688,11,12,USA,19832.1840,4216.5530,,10899.6620,5216.0430,,,,,4.750000000000
A,USD,STD,INDL,C,183603,2019-12-31,DIGITALBRIDGE GROUP INC,DBRG,25401T603,0001679688,11,12,USA,19832.1840,4216.5530,1409.1130,10899.6620,5216.0430,-143.0440,-1048.8070,2197.6520,487.7780,4.750000000000
A,USD,STD,FS,C,183603,2020-12-31,DIGITALBRIDGE GROUP INC,DBRG,25401T603,0001679688,11,12,USA,20200.5600,1501.9810,,12910.6920,2501.4710,,,,,4.810000000000
A,USD,STD,INDL,C,183603,2020-12-31,DIGITALBRIDGE GROUP INC,DBRG,25401T603,0001679688,11,12,USA,20200.5600,1501.9810,865.4630,12910.6920,2501.4710,-1299.1950,-2675.7590,772.7280,484.1400,4.810000000000
A,USD,STD,FS,C,183603,2021-12-31,DIGITALBRIDGE GROUP INC,DBRG,25401T603,0001679688,11,12,USA,14197.8160,1292.7020,,8926.2030,2146.9340,,,,,8.330000000000
A,USD,STD,INDL,C,183603,2021-12-31,DIGITALBRIDGE GROUP INC,DBRG,25401T603,0001679688,11,12,USA,14197.8160,1292.7020,1701.2230,8926.2030,2146.9340,-19.8660,-310.0970,1192.2760,569.2430,8.330000000000
A,USD,STD,FS,C,183603,2022-12-31,DIGITALBRIDGE GROUP INC,DBRG,25401T603,0001679688,11,12,USA,11028.5030,860.3430,,6458.4400,1660.6980,,,,,10.940000000000
A,USD,STD,INDL,C,183603,2022-12-31,DIGITALBRIDGE GROUP INC,DBRG,25401T603,0001679688,11,12,USA,11028.5030,860.3430,1036.7390,6458.4400,1660.6980,374.6860,-321.7970,1144.5720,159.9290,10.940000000000
A,USD,STD,FS,C,183603,2023-12-31,DIGITALBRIDGE GROUP INC,DBRG,25401T603,0001679688,11,12,USA,3562.5500,1016.3850,,1053.3870,1811.0550,,,,,17.540000000000
A,USD,STD,INDL,C,183603,2023-12-31,DIGITALBRIDGE GROUP INC,DBRG,25401T603,0001679688,11,12,USA,3562.5500,1016.3850,350.2500,1053.3870,1811.0550,425.3060,185.2800,821.3830,163.3750,17.540000000000
A,USD,STD,FS,C,183603,2024-12-31,DIGITALBRIDGE GROUP INC,DBRG,25401T603,0001679688,11,12,USA,3513.3180,1163.9120,,1022.1280,1958.5820,,,,,11.280000000000
A,USD,STD,INDL,C,183603,2024-12-31,DIGITALBRIDGE GROUP INC,DBRG,25401T603,0001679688,11,12,USA,3513.3180,1163.9120,306.2980,1022.1280,1958.5820,280.5570,70.5220,607.0280,174.3520,11.280000000000
A,USD,STD,INDL,C,183603,2025-12-31,DIGITALBRIDGE GROUP INC,DBRG,25401T603,0001679688,11,12,USA,3419.1820,1312.6270,395.4900,968.9590,2107.2970,40.6010,141.8740,93.9590,182.6430,15.340000000000
I,USD,STD,INDL,C,184717,2010-12-31,AMYRIS INC,AMRSQ,03236M200,0001365916,19,12,USA,357.4530,307.5460,257.9330,49.9050,307.5460,17.0760,-81.8700,80.3110,43.8470,26.680000000000
I,USD,STD,INDL,C,184717,2011-12-31,AMYRIS INC,AMRSQ,03236M200,0001365916,19,12,USA,320.1110,161.0520,103.5920,159.2990,161.0520,2.4530,-178.8700,146.9910,45.9330,11.540000000000
I,USD,STD,INDL,C,184717,2012-12-31,AMYRIS INC,AMRSQ,03236M200,0001365916,19,12,USA,242.8340,67.1060,30.6890,176.6050,67.1060,-0.7410,-205.1390,73.6940,68.7100,3.120000000000
I,USD,STD,INDL,C,184717,2013-12-31,AMYRIS INC,AMRSQ,03236M200,0001365916,19,12,USA,198.8640,-135.2640,8.2960,334.7120,-135.2640,8.9600,-235.1110,41.1190,76.6630,5.290000000000
I,USD,STD,INDL,C,184717,2014-12-31,AMYRIS INC,AMRSQ,03236M200,0001365916,19,12,USA,216.1830,-124.4520,43.4220,341.2460,-124.4520,15.6730,2.2860,43.2740,79.2220,2.060000000000
I,USD,STD,INDL,C,184717,2015-12-31,AMYRIS INC,AMRSQ,03236M200,0001365916,19,12,USA,110.1980,-158.0650,13.7280,268.6540,-158.0650,9.5790,-217.9520,34.1530,206.1300,1.620000000000
I,USD,STD,INDL,C,184717,2016-12-31,AMYRIS INC,AMRSQ,03236M200,0001365916,19,12,USA,129.8730,-184.4450,32.8500,308.3810,-179.4450,21.8880,-97.3340,67.1920,274.1090,0.730000000000
I,USD,STD,INDL,C,184717,2017-12-31,AMYRIS INC,AMRSQ,03236M200,0001365916,19,12,USA,151.4830,-200.6440,60.0530,346.1900,-195.6440,84.7560,-72.3290,143.4450,45.6370,3.750000000000
I,USD,STD,INDL,C,184717,2018-12-31,AMYRIS INC,AMRSQ,03236M200,0001365916,19,12,USA,127.9250,-217.7560,46.0940,339.7440,-212.7560,27.3030,-230.2350,63.6040,76.5650,3.340000000000
I,USD,STD,INDL,C,184717,2019-12-31,AMYRIS INC,AMRSQ,03236M200,0001365916,19,12,USA,160.9660,-255.7770,0.7390,411.1340,-250.7770,77.1250,-242.7670,152.5570,117.7430,3.090000000000
I,USD,STD,INDL,C,184717,2020-12-31,AMYRIS INC,AMRSQ,03236M200,0001365916,19,12,USA,222.8140,-176.8190,30.4610,389.8590,-171.8190,87.8490,-331.0390,173.1370,244.9510,6.175000000000
I,USD,STD,INDL,C,184717,2021-12-31,AMYRIS INC,AMRSQ,03236M200,0001365916,19,12,USA,954.2980,246.4390,483.6610,675.0900,251.4390,188.7960,-270.9690,341.8170,308.9000,5.410000000000
I,USD,STD,INDL,C,184717,2022-12-31,AMYRIS INC,AMRSQ,03236M200,0001365916,19,12,USA,824.9320,-488.6890,64.5080,1292.6420,-483.6890,15.1920,-528.5100,269.8470,364.7450,1.530000000000
A,USD,STD,INDL,C,185532,2010-12-31,TARGA RESOURCES CORP,TRGP,87612G101,0001389170,11,12,USA,3393.8000,144.3000,188.4000,2357.7000,144.3000,374.7000,-15.0000,5463.7000,42.2920,26.810000000000
A,USD,STD,INDL,C,185532,2011-12-31,TARGA RESOURCES CORP,TRGP,87612G101,0001389170,11,12,USA,3831.0000,158.1000,145.8000,2500.3000,158.1000,535.7000,30.7000,6994.5000,42.3980,40.690000000000
A,USD,STD,INDL,C,185532,2012-12-31,TARGA RESOURCES CORP,TRGP,87612G101,0001389170,11,12,USA,5105.0000,144.1000,76.3000,3351.6000,144.1000,556.9000,38.1000,5885.7000,42.2950,52.840000000000
A,USD,STD,INDL,C,185532,2013-12-31,TARGA RESOURCES CORP,TRGP,87612G101,0001389170,11,12,USA,6048.6000,148.8000,66.7000,3957.3000,148.8000,649.1000,65.1000,6556.0000,42.1620,88.170000000000
A,USD,STD,INDL,C,185532,2014-12-31,TARGA RESOURCES CORP,TRGP,87612G101,0001389170,11,12,USA,6453.5000,169.8000,81.0000,3914.0000,169.8000,996.1000,102.3000,8616.5000,42.1430,106.050000000000
A,USD,STD,INDL,C,185532,2015-12-31,TARGA RESOURCES CORP,TRGP,87612G101,0001389170,11,12,USA,13253.7000,1461.4000,140.2000,7003.5000,1461.4000,1131.5000,58.3000,6658.6000,56.0200,27.060000000000
A,USD,STD,INDL,C,185532,2016-12-31,TARGA RESOURCES CORP,TRGP,87612G101,0001389170,11,12,USA,12871.2000,5248.6000,73.5000,6956.0000,5439.4000,1025.1000,-187.3000,6690.9000,184.7210,56.070000000000
A,USD,STD,INDL,C,185532,2017-12-31,TARGA RESOURCES CORP,TRGP,87612G101,0001389170,11,12,USA,14388.6000,6160.3000,137.2000,7416.1000,6376.8000,1074.6000,54.0000,8814.9000,217.5670,48.420000000000
A,USD,STD,INDL,C,185532,2018-12-31,TARGA RESOURCES CORP,TRGP,87612G101,0001389170,11,12,USA,16938.2000,6079.4000,232.1000,9221.7000,6325.1000,1267.1000,1.6000,10484.0000,231.7910,36.020000000000
A,USD,STD,INDL,C,185532,2019-12-31,TARGA RESOURCES CORP,TRGP,87612G101,0001389170,11,12,USA,18815.1000,4920.8000,331.1000,10093.4000,5199.6000,1412.4000,-209.2000,8671.1000,232.8440,40.830000000000
A,USD,STD,INDL,C,185532,2020-12-31,TARGA RESOURCES CORP,TRGP,87612G101,0001389170,11,12,USA,15875.7000,2653.9000,242.8000,9671.1000,2955.3000,2007.8000,-1553.9000,8260.3000,228.0620,26.380000000000
A,USD,STD,INDL,C,185532,2021-12-31,TARGA RESOURCES CORP,TRGP,87612G101,0001389170,11,12,USA,15208.2000,2011.8000,158.5000,9279.8000,2761.5000,2191.7000,71.2000,16949.8000,228.2210,52.240000000000
A,USD,STD,INDL,C,185532,2022-12-31,TARGA RESOURCES CORP,TRGP,87612G101,0001389170,11,12,USA,19560.0000,2665.7000,219.0000,14577.8000,2665.7000,2853.7000,1142.3000,20929.8000,226.0420,73.500000000000
A,USD,STD,INDL,C,185532,2023-12-31,TARGA RESOURCES CORP,TRGP,87612G101,0001389170,11,12,USA,20671.8000,2739.7000,141.7000,16061.8000,2739.7000,3961.7000,835.8000,16060.3000,222.6110,86.870000000000
A,USD,STD,INDL,C,185532,2024-12-31,TARGA RESOURCES CORP,TRGP,87612G101,0001389170,11,12,USA,22734.1000,2592.4000,157.3000,18315.9000,2592.4000,4129.0000,1279.1000,16381.5000,217.7640,178.500000000000
A,USD,STD,INDL,C,185532,2025-12-31,TARGA RESOURCES CORP,TRGP,87612G101,0001389170,11,12,USA,25218.4000,3067.9000,166.1000,22020.2000,3067.9000,4852.7000,1852.5000,17028.3000,214.6620,184.500000000000
A,USD,STD,INDL,C,186989,2010-12-31,MARATHON PETROLEUM CORP,MPC,56585A102,0001510295,11,12,USA,23232.0000,8244.0000,2522.0000,14988.0000,8244.0000,2754.0000,623.0000,57279.0000,,
A,USD,STD,INDL,C,186989,2011-12-31,MARATHON PETROLEUM CORP,MPC,56585A102,0001510295,11,12,USA,25745.0000,9505.0000,3079.0000,16240.0000,9505.0000,5621.0000,2389.0000,73524.0000,357.0000,33.290000000000
A,USD,STD,INDL,C,186989,2012-12-31,MARATHON PETROLEUM CORP,MPC,56585A102,0001510295,11,12,USA,27223.0000,11694.0000,4860.0000,15118.0000,11694.0000,7317.0000,3389.0000,76534.0000,333.0000,63.000000000000
A,USD,STD,INDL,C,186989,2013-12-31,MARATHON PETROLEUM CORP,MPC,56585A102,0001510295,11,12,USA,28385.0000,10920.0000,2292.0000,17053.0000,10920.0000,5799.0000,2112.0000,93897.0000,297.0000,91.730000000000
A,USD,STD,INDL,C,186989,2014-12-31,MARATHON PETROLEUM CORP,MPC,56585A102,0001510295,11,12,USA,30460.0000,10751.0000,1498.0000,19070.0000,10751.0000,6467.0000,2524.0000,91132.0000,274.0000,90.260000000000
A,USD,STD,INDL,C,186989,2015-12-31,MARATHON PETROLEUM CORP,MPC,56585A102,0001510295,11,12,USA,43115.0000,13237.0000,1136.0000,23440.0000,13237.0000,7707.0000,2852.0000,64359.0000,531.0000,51.840000000000
A,USD,STD,INDL,C,186989,2016-12-31,MARATHON PETROLEUM CORP,MPC,56585A102,0001510295,11,12,USA,44413.0000,13557.0000,892.0000,23210.0000,13557.0000,6089.0000,1174.0000,55833.0000,528.0000,50.350000000000
A,USD,STD,INDL,C,186989,2017-12-31,MARATHON PETROLEUM CORP,MPC,56585A102,0001510295,11,12,USA,49047.0000,14033.0000,3015.0000,27219.0000,14033.0000,7190.0000,3432.0000,66974.0000,486.0000,65.980000000000
A,USD,STD,INDL,C,186989,2018-12-31,MARATHON PETROLEUM CORP,MPC,56585A102,0001510295,11,12,USA,92940.0000,35175.0000,1725.0000,47887.0000,35175.0000,9881.0000,2780.0000,96504.0000,680.0000,59.010000000000
A,USD,STD,INDL,C,186989,2019-12-31,MARATHON PETROLEUM CORP,MPC,56585A102,0001510295,11,12,USA,98556.0000,33694.0000,1529.0000,55449.0000,33694.0000,12955.0000,2637.0000,123949.0000,649.0000,60.250000000000
A,USD,STD,INDL,C,186989,2020-12-31,MARATHON PETROLEUM CORP,MPC,56585A102,0001510295,11,12,USA,85158.0000,22199.0000,416.0000,54938.0000,22199.0000,3378.0000,-9826.0000,69779.0000,651.0000,41.360000000000
A,USD,STD,INDL,C,186989,2021-12-31,MARATHON PETROLEUM CORP,MPC,56585A102,0001510295,11,12,USA,85373.0000,26206.0000,10839.0000,51792.0000,26206.0000,9254.0000,9738.0000,119983.0000,579.0000,63.990000000000
A,USD,STD,INDL,C,186989,2022-12-31,MARATHON PETROLEUM CORP,MPC,56585A102,0001510295,11,12,USA,89904.0000,27715.0000,11770.0000,54817.0000,27715.0000,24957.0000,14516.0000,177453.0000,454.0000,116.390000000000
A,USD,STD,INDL,C,186989,2023-12-31,MARATHON PETROLEUM CORP,MPC,56585A102,0001510295,11,12,USA,85987.0000,24404.0000,10224.0000,54588.0000,24404.0000,18932.0000,9681.0000,148379.0000,368.0000,148.360000000000
A,USD,STD,INDL,C,186989,2024-12-31,MARATHON PETROLEUM CORP,MPC,56585A102,0001510295,11,12,USA,78858.0000,17745.0000,3210.0000,54352.0000,17745.0000,11806.0000,3445.0000,138864.0000,316.0000,139.500000000000
A,USD,STD,INDL,C,186989,2025-12-31,MARATHON PETROLEUM CORP,MPC,56585A102,0001510295,11,12,USA,83955.0000,17314.0000,3672.0000,59869.0000,17314.0000,12368.0000,4047.0000,132699.0000,295.0000,162.630000000000
A,USD,STD,INDL,C,187551,2012-12-31,TRINSEO PLC,TSEOF,G9059U107,0001519061,19,12,IRL,2665.6960,291.6650,244.2090,2374.0310,291.6650,419.7330,30.2820,5451.9090,37.2700,
A,USD,STD,INDL,C,187551,2013-12-31,TRINSEO PLC,TSEOF,G9059U107,0001519061,19,12,IRL,2574.7810,343.2020,196.5030,2231.5790,343.2020,449.1110,-22.2180,5307.4140,37.2700,
A,USD,STD,INDL,C,187551,2014-12-31,TRINSEO PLC,TSEOF,G9059U107,0001519061,19,12,IRL,2356.1160,320.8650,220.7860,2035.2510,320.8650,392.2070,-67.3320,5127.9610,48.7700,17.450000000000
A,USD,STD,INDL,C,187551,2015-12-31,TRINSEO PLC,TSEOF,G9059U107,0001519061,19,12,IRL,2284.5720,389.0140,431.2610,1895.5580,389.0140,562.5400,133.6470,3971.9020,48.7780,28.200000000000
A,USD,STD,INDL,C,187551,2016-12-31,TRINSEO PLC,TSEOF,G9059U107,0001519061,19,12,IRL,2409.4900,445.0530,465.1140,1964.4370,445.0530,680.2560,318.3120,3716.6400,44.3010,59.300000000000
A,USD,STD,INDL,C,187551,2017-12-31,TRINSEO PLC,TSEOF,G9059U107,0001519061,19,12,IRL,2772.0000,674.8000,432.8000,2097.2000,674.8000,742.4000,328.3000,4448.1000,43.4000,72.600000000000
A,USD,STD,INDL,C,187551,2018-12-31,TRINSEO PLC,TSEOF,G9059U107,0001519061,19,12,IRL,2726.8000,768.7000,452.3000,1958.1000,768.7000,654.2000,292.5000,4622.8000,41.6000,45.780000000000
A,USD,STD,INDL,C,187551,2019-12-31,TRINSEO PLC,TSEOF,G9059U107,0001519061,19,12,IRL,2758.8000,668.9000,457.4000,2089.9000,668.9000,458.8000,92.0000,3775.8000,39.0000,37.210000000000
A,USD,STD,INDL,C,187551,2020-12-31,TRINSEO PLC,TSEOF,G9059U107,0001519061,19,12,IRL,2845.2000,590.3000,589.9000,2254.9000,590.3000,436.7000,7.9000,3035.5000,38.4000,51.210000000000
A,USD,STD,INDL,C,187551,2021-12-31,TRINSEO PLC,TSEOF,G9059U107,0001519061,19,12,IRL,4712.2000,1013.1000,573.0000,3699.1000,1013.1000,871.8000,440.0000,4827.5000,37.9000,52.460000000000
A,USD,STD,INDL,C,187551,2022-12-31,TRINSEO PLC,TSEOF,G9059U107,0001519061,19,12,IRL,3760.2000,420.3000,211.7000,3339.9000,420.3000,520.5000,-430.9000,4965.5000,35.1000,22.710000000000
A,USD,STD,INDL,C,187551,2023-12-31,TRINSEO PLC,TSEOF,G9059U107,0001519061,19,12,IRL,3029.2000,-268.0000,261.1000,3297.2000,-268.0000,351.3000,-701.3000,3675.4000,35.2000,8.370000000000
A,USD,STD,INDL,C,187551,2024-12-31,TRINSEO PLC,TSEOF,G9059U107,0001519061,19,12,IRL,2644.1000,-619.9000,211.9000,3264.0000,-619.9000,458.0000,-348.5000,3513.2000,35.4000,5.100000000000
A,USD,STD,INDL,C,187812,2010-12-31,MATADOR RESOURCES CO,MTDR,576485205,0001520006,11,12,USA,346.3820,281.8770,23.4090,64.5050,281.8770,35.2140,6.3770,42.4800,42.6010,
A,USD,STD,INDL,C,187812,2011-12-31,MATADOR RESOURCES CO,MTDR,576485205,0001520006,11,12,USA,439.4690,271.5150,11.6190,167.9540,271.5150,30.0490,-10.3090,79.2440,42.7680,
A,USD,STD,INDL,C,187812,2012-12-31,MATADOR RESOURCES CO,MTDR,576485205,0001520006,11,12,USA,632.0290,379.1040,2.3250,252.9250,379.1040,61.8250,-33.2610,165.1560,55.5780,8.200000000000
A,USD,STD,INDL,C,187812,2013-12-31,MATADOR RESOURCES CO,MTDR,576485205,0001520006,11,12,USA,890.3300,568.9240,6.2870,321.4060,568.9240,179.9670,45.0940,260.8890,65.6530,18.640000000000
A,USD,STD,INDL,C,187812,2014-12-31,MATADOR RESOURCES CO,MTDR,576485205,0001520006,11,12,USA,1436.2910,866.4080,9.0160,569.7500,866.4080,346.5110,110.7710,431.0360,73.3430,20.230000000000
A,USD,STD,INDL,C,187812,2015-12-31,MATADOR RESOURCES CO,MTDR,576485205,0001520006,11,12,USA,1140.8610,488.0030,61.0890,651.9020,488.0030,-578.7250,-679.7850,316.1690,85.5640,19.770000000000
A,USD,STD,INDL,C,187812,2016-12-31,MATADOR RESOURCES CO,MTDR,576485205,0001520006,11,12,USA,1464.6650,690.1250,214.1420,773.2200,690.1250,1.1520,-97.4210,264.4220,99.5120,25.760000000000
A,USD,STD,INDL,C,187812,2017-12-31,MATADOR RESOURCES CO,MTDR,576485205,0001520006,11,12,USA,2145.6900,1156.5560,102.4820,888.1440,1156.5560,405.6490,125.8670,544.2760,108.5100,31.130000000000
A,USD,STD,INDL,C,187812,2018-12-31,MATADOR RESOURCES CO,MTDR,576485205,0001520006,11,12,USA,3455.5180,1688.8800,83.9840,1675.8610,1688.8800,699.2510,274.2070,899.5990,116.3540,15.530000000000
A,USD,STD,INDL,C,187812,2019-12-31,MATADOR RESOURCES CO,MTDR,576485205,0001520006,11,12,USA,4069.6760,1833.6540,65.1280,2100.2240,1833.6540,667.8960,87.7770,983.6700,116.6430,17.970000000000
A,USD,STD,INDL,C,187812,2020-12-31,MATADOR RESOURCES CO,MTDR,576485205,0001520006,11,12,USA,3687.2800,1286.5300,91.3830,2174.2550,1286.5300,-95.1420,-593.2050,862.1260,116.8450,12.060000000000
A,USD,STD,INDL,C,187812,2021-12-31,MATADOR RESOURCES CO,MTDR,576485205,0001520006,11,12,USA,4262.1530,1907.2100,86.9200,2134.7650,1907.2100,1236.4450,584.9680,1662.9810,117.8500,36.920000000000
A,USD,STD,INDL,C,187812,2022-12-31,MATADOR RESOURCES CO,MTDR,576485205,0001520006,11,12,USA,5554.5050,3110.7970,547.3300,2237.4140,3110.7970,2344.2680,1214.2060,3058.0250,118.9490,57.240000000000
A,USD,STD,INDL,C,187812,2023-12-31,MATADOR RESOURCES CO,MTDR,576485205,0001520006,11,12,USA,7726.9960,3910.8620,106.2980,3599.3080,3910.8620,2040.3260,846.0740,2806.7850,119.4590,56.860000000000
A,USD,STD,INDL,C,187812,2024-12-31,MATADOR RESOURCES CO,MTDR,576485205,0001520006,11,12,USA,10850.1090,5089.1490,94.7420,5392.6770,5089.1490,2542.4790,885.3220,3504.9810,125.0480,56.260000000000
A,USD,STD,INDL,C,187812,2025-12-31,MATADOR RESOURCES CO,MTDR,576485205,0001520006,11,12,USA,11710.5690,5658.1410,79.4770,5713.9170,5658.1410,2566.8150,759.2210,3696.2770,124.2620,42.440000000000
A,USD,STD,INDL,C,189491,2010-12-31,XYLEM INC,XYL,98419M100,0001524472,11,12,USA,3735.0000,2719.0000,131.0000,1016.0000,2719.0000,1298.0000,329.0000,3202.0000,,
A,USD,STD,INDL,C,189491,2011-12-31,XYLEM INC,XYL,98419M100,0001524472,11,12,USA,4393.0000,1827.0000,318.0000,2566.0000,1827.0000,1585.0000,279.0000,3803.0000,184.6410,25.690000000000
A,USD,STD,INDL,C,189491,2012-12-31,XYLEM INC,XYL,98419M100,0001524472,11,12,USA,4679.0000,2074.0000,504.0000,2605.0000,2074.0000,1630.0000,297.0000,3791.0000,185.6580,27.100000000000
A,USD,STD,INDL,C,189491,2013-12-31,XYLEM INC,XYL,98419M100,0001524472,11,12,USA,4896.0000,2241.0000,533.0000,2655.0000,2241.0000,1636.0000,228.0000,3837.0000,184.5570,34.600000000000
A,USD,STD,INDL,C,189491,2014-12-31,XYLEM INC,XYL,98419M100,0001524472,11,12,USA,4864.0000,2127.0000,663.0000,2737.0000,2127.0000,1644.0000,337.0000,3916.0000,182.3000,38.070000000000
A,USD,STD,INDL,C,189491,2015-12-31,XYLEM INC,XYL,98419M100,0001524472,11,12,USA,4657.0000,2084.0000,680.0000,2573.0000,2084.0000,1537.0000,340.0000,3653.0000,178.3770,36.500000000000
A,USD,STD,INDL,C,189491,2016-12-31,XYLEM INC,XYL,98419M100,0001524472,11,12,USA,6474.0000,2190.0000,308.0000,4267.0000,2190.0000,1612.0000,260.0000,3771.0000,179.3670,49.520000000000
A,USD,STD,INDL,C,189491,2017-12-31,XYLEM INC,XYL,98419M100,0001524472,11,12,USA,6860.0000,2503.0000,414.0000,4341.0000,2503.0000,2085.0000,331.0000,4707.0000,179.8620,68.200000000000
A,USD,STD,INDL,C,189491,2018-12-31,XYLEM INC,XYL,98419M100,0001524472,11,12,USA,7222.0000,2768.0000,296.0000,4440.0000,2768.0000,2292.0000,549.0000,5207.0000,179.7000,66.720000000000
A,USD,STD,INDL,C,189491,2019-12-31,XYLEM INC,XYL,98419M100,0001524472,11,12,USA,7710.0000,2957.0000,724.0000,4743.0000,2957.0000,2308.0000,401.0000,5249.0000,180.1400,78.790000000000
A,USD,STD,INDL,C,189491,2020-12-31,XYLEM INC,XYL,98419M100,0001524472,11,12,USA,8750.0000,2968.0000,1875.0000,5774.0000,2968.0000,2087.0000,254.0000,4876.0000,180.3540,101.790000000000
A,USD,STD,INDL,C,189491,2021-12-31,XYLEM INC,XYL,98419M100,0001524472,11,12,USA,8276.0000,3218.0000,1349.0000,5050.0000,3218.0000,2224.0000,427.0000,5195.0000,180.3920,119.920000000000
A,USD,STD,INDL,C,189491,2022-12-31,XYLEM INC,XYL,98419M100,0001524472,11,12,USA,7952.0000,3494.0000,944.0000,4449.0000,3494.0000,2320.0000,355.0000,5522.0000,180.2530,110.570000000000
A,USD,STD,INDL,C,189491,2023-12-31,XYLEM INC,XYL,98419M100,0001524472,11,12,USA,16112.0000,10166.0000,1019.0000,5936.0000,10166.0000,3153.0000,609.0000,7364.0000,241.5040,114.360000000000
A,USD,STD,INDL,C,189491,2024-12-31,XYLEM INC,XYL,98419M100,0001524472,11,12,USA,16493.0000,10642.0000,1121.0000,5611.0000,10642.0000,3774.0000,890.0000,8562.0000,242.9850,116.020000000000
A,USD,STD,INDL,C,189491,2025-12-31,XYLEM INC,XYL,98419M100,0001524472,11,12,USA,17634.0000,11480.0000,1479.0000,5885.0000,11480.0000,4050.0000,957.0000,9035.0000,243.5840,136.180000000000
A,USD,STD,INDL,C,260893,2010-12-31,BLACKBAUD INC,BLKB,09227Q100,0001280058,14,12,USA,328.0910,123.0590,44.3330,205.0320,123.0590,210.5490,29.8050,327.0940,44.4730,25.900000000000
A,USD,STD,INDL,C,260893,2011-12-31,BLACKBAUD INC,BLKB,09227Q100,0001280058,14,12,USA,392.5900,140.0020,92.7250,252.5880,140.0020,229.7720,33.2200,370.8680,44.9400,27.700000000000
A,USD,STD,INDL,C,260893,2012-12-31,BLACKBAUD INC,BLKB,09227Q100,0001280058,14,12,USA,705.7470,147.6840,81.6680,558.0630,147.6840,275.0820,6.5830,447.4190,45.6510,22.830000000000
A,USD,STD,INDL,C,260893,2013-12-31,BLACKBAUD INC,BLKB,09227Q100,0001280058,14,12,USA,706.6100,161.5440,119.2510,545.0660,161.5440,312.6140,30.4720,503.8170,46.1270,37.650000000000
A,USD,STD,INDL,C,260893,2014-12-31,BLACKBAUD INC,BLKB,09227Q100,0001280058,14,12,USA,943.1830,185.9160,155.4440,757.2670,185.9160,334.5970,28.2900,564.4210,46.3080,43.260000000000
A,USD,STD,INDL,C,260893,2015-12-31,BLACKBAUD INC,BLKB,09227Q100,0001280058,14,12,USA,1223.8530,210.5880,270.4000,1013.2650,210.5880,387.1960,25.6490,637.9400,46.9710,65.860000000000
A,USD,STD,INDL,C,260893,2016-12-31,BLACKBAUD INC,BLKB,09227Q100,0001280058,14,12,USA,1310.2100,247.5450,370.6730,1062.6650,247.5450,459.2460,41.5150,730.8150,47.5060,64.000000000000
A,USD,STD,INDL,C,260893,2017-12-31,BLACKBAUD INC,BLKB,09227Q100,0001280058,14,12,USA,1759.4260,306.9020,640.1740,1452.5240,306.9020,497.1650,65.9330,788.3060,48.0760,94.490000000000
A,USD,STD,INDL,C,260893,2018-12-31,BLACKBAUD INC,BLKB,09227Q100,0001280058,14,12,USA,1615.3050,373.7830,449.8460,1241.5220,373.7830,541.6110,44.8410,848.6060,48.5670,62.900000000000
A,USD,STD,INDL,C,260893,2019-12-31,BLACKBAUD INC,BLKB,09227Q100,0001280058,14,12,USA,1992.9630,396.7640,577.2950,1596.1990,396.7640,563.2760,11.9080,900.4230,49.1400,79.600000000000
A,USD,STD,INDL,C,260893,2020-12-31,BLACKBAUD INC,BLKB,09227Q100,0001280058,14,12,USA,2044.7340,426.1500,644.9690,1618.5840,426.1500,579.2740,7.7170,913.2190,48.8500,57.560000000000
A,USD,STD,INDL,C,260893,2021-12-31,BLACKBAUD INC,BLKB,09227Q100,0001280058,14,12,USA,2971.6170,717.0600,651.7620,2254.5570,717.0600,564.7280,5.6980,927.7400,51.9830,78.980000000000
A,USD,STD,INDL,C,260893,2022-12-31,BLACKBAUD INC,BLKB,09227Q100,0001280058,14,12,USA,2992.7030,744.0320,733.9310,2248.6710,744.0320,652.1600,-45.4070,1058.1050,53.0690,58.860000000000
A,USD,STD,INDL,C,260893,2023-12-31,BLACKBAUD INC,BLKB,09227Q100,0001280058,14,12,USA,2912.2790,808.7050,728.2570,2103.5740,808.7050,709.5920,1.8200,1105.4320,53.6250,86.700000000000
A,USD,STD,INDL,C,260893,2024-12-31,BLACKBAUD INC,BLKB,09227Q100,0001280058,14,12,USA,2495.7150,141.9930,809.5120,2353.7220,141.9930,757.3270,-283.1720,1155.4950,49.2460,73.920000000000
A,USD,STD,INDL,C,260893,2025-12-31,BLACKBAUD INC,BLKB,09227Q100,0001280058,14,12,USA,2390.6820,85.0540,758.9750,2305.6280,85.0540,747.2730,114.9700,1128.3650,46.7050,63.320000000000
A,USD,STD,INDL,C,294524,2010-12-31,LYONDELLBASELL INDUSTRIES,LYB,N53745100,0001489393,11,12,NLD,25494.0000,11535.0000,4222.0000,13898.0000,11535.0000,5169.0000,10151.0000,41151.0000,564.5530,34.400000000000
A,USD,STD,INDL,C,294524,2011-12-31,LYONDELLBASELL INDUSTRIES,LYB,N53745100,0001489393,11,12,NLD,22839.0000,10593.0000,1118.0000,12192.0000,10593.0000,6146.0000,2147.0000,51035.0000,569.3400,32.490000000000
A,USD,STD,INDL,C,294524,2012-12-31,LYONDELLBASELL INDUSTRIES,LYB,N53745100,0001489393,11,12,NLD,24220.0000,11139.0000,2737.0000,13041.0000,11139.0000,6599.0000,2848.0000,45352.0000,575.2170,57.090000000000
A,USD,STD,INDL,C,294524,2013-12-31,LYONDELLBASELL INDUSTRIES,LYB,N53745100,0001489393,11,12,NLD,27298.0000,12478.0000,4460.0000,14784.0000,12478.0000,7118.0000,3857.0000,44062.0000,548.8240,80.280000000000
A,USD,STD,INDL,C,294524,2014-12-31,LYONDELLBASELL INDUSTRIES,LYB,N53745100,0001489393,11,12,NLD,24283.0000,8314.0000,2976.0000,15939.0000,8314.0000,7688.0000,4174.0000,45608.0000,486.9690,79.390000000000
A,USD,STD,INDL,C,294524,2015-12-31,LYONDELLBASELL INDUSTRIES,LYB,N53745100,0001489393,11,12,NLD,22757.0000,6550.0000,2284.0000,16183.0000,6550.0000,8134.0000,4476.0000,32735.0000,440.1500,86.900000000000
A,USD,STD,INDL,C,294524,2016-12-31,LYONDELLBASELL INDUSTRIES,LYB,N53745100,0001489393,11,12,NLD,23442.0000,6048.0000,2394.0000,17369.0000,6048.0000,7056.0000,3836.0000,29183.0000,404.0460,85.780000000000
A,USD,STD,INDL,C,294524,2017-12-31,LYONDELLBASELL INDUSTRIES,LYB,N53745100,0001489393,11,12,NLD,26206.0000,8949.0000,2835.0000,17256.0000,8949.0000,7599.0000,4879.0000,34484.0000,394.5120,110.320000000000
A,USD,STD,INDL,C,294524,2018-12-31,LYONDELLBASELL INDUSTRIES,LYB,N53745100,0001489393,11,12,NLD,28278.0000,10257.0000,1293.0000,17882.0000,10257.0000,7716.0000,4688.0000,39004.0000,375.6970,83.160000000000
A,USD,STD,INDL,C,294524,2019-12-31,LYONDELLBASELL INDUSTRIES,LYB,N53745100,0001489393,11,12,NLD,30435.0000,8044.0000,1084.0000,22256.0000,8044.0000,6761.0000,3390.0000,34727.0000,333.4770,94.480000000000
A,USD,STD,INDL,C,294524,2020-12-31,LYONDELLBASELL INDUSTRIES,LYB,N53745100,0001489393,11,12,NLD,35403.0000,7971.0000,2467.0000,27299.0000,7971.0000,4707.0000,1420.0000,27753.0000,334.0150,91.660000000000
A,USD,STD,INDL,C,294524,2021-12-31,LYONDELLBASELL INDUSTRIES,LYB,N53745100,0001489393,11,12,NLD,36742.0000,11858.0000,1486.0000,24754.0000,11858.0000,10013.0000,5610.0000,46173.0000,329.5360,92.230000000000
A,USD,STD,INDL,C,294524,2022-12-31,LYONDELLBASELL INDUSTRIES,LYB,N53745100,0001489393,11,12,NLD,36365.0000,12615.0000,2156.0000,23622.0000,12615.0000,7716.0000,3882.0000,50451.0000,325.7240,83.030000000000
A,USD,STD,INDL,C,294524,2023-12-31,LYONDELLBASELL INDUSTRIES,LYB,N53745100,0001489393,11,12,NLD,37000.0000,12930.0000,3405.0000,23942.0000,12930.0000,6644.0000,2114.0000,41107.0000,324.4830,95.080000000000
A,USD,STD,INDL,C,294524,2024-12-31,LYONDELLBASELL INDUSTRIES,LYB,N53745100,0001489393,11,12,NLD,35746.0000,12462.0000,3388.0000,23158.0000,12462.0000,5968.0000,1360.0000,40302.0000,323.8900,74.270000000000
A,USD,STD,INDL,C,294524,2025-12-31,LYONDELLBASELL INDUSTRIES,LYB,N53745100,0001489393,11,12,NLD,34003.0000,10082.0000,3449.0000,23796.0000,10082.0000,3995.0000,-745.0000,30153.0000,322.0850,43.300000000000
A,USD,STD,INDL,C,328795,2016-12-31,ARCOSA INC,ACA,039653100,0001739445,11,12,USA,1526.3000,1341.8000,14.0000,184.5000,1341.8000,413.7000,123.0000,1704.0000,,
A,USD,STD,INDL,C,328795,2017-12-31,ARCOSA INC,ACA,039653100,0001739445,11,12,USA,1602.5000,1407.9000,6.8000,194.6000,1407.9000,360.4000,89.7000,1462.4000,,
A,USD,STD,INDL,C,328795,2018-12-31,ARCOSA INC,ACA,039653100,0001739445,11,12,USA,2172.2000,1684.5000,99.4000,487.7000,1684.5000,340.4000,75.7000,1460.4000,48.7000,27.690000000000
A,USD,STD,INDL,C,328795,2019-12-31,ARCOSA INC,ACA,039653100,0001739445,11,12,USA,2302.5000,1790.4000,240.4000,512.1000,1790.4000,420.2000,113.3000,1736.9000,48.3000,44.550000000000
A,USD,STD,INDL,C,328795,2020-12-31,ARCOSA INC,ACA,039653100,0001739445,11,12,USA,2646.7000,1892.2000,95.8000,754.5000,1892.2000,506.8000,106.6000,1935.6000,48.2000,54.930000000000
A,USD,STD,INDL,C,328795,2021-12-31,ARCOSA INC,ACA,039653100,0001739445,11,12,USA,3188.1000,1953.3000,72.9000,1234.8000,1953.3000,502.8000,69.6000,2028.7000,48.3000,52.700000000000
A,USD,STD,INDL,C,328795,2022-12-31,ARCOSA INC,ACA,039653100,0001739445,11,12,USA,3340.6000,2184.4000,160.4000,1156.2000,2184.4000,576.9000,245.8000,2242.8000,48.4000,54.340000000000
A,USD,STD,INDL,C,328795,2023-12-31,ARCOSA INC,ACA,039653100,0001739445,11,12,USA,3577.9000,2332.0000,104.8000,1245.9000,2332.0000,598.3000,159.2000,2307.9000,48.6000,82.640000000000
A,USD,STD,INDL,C,328795,2024-12-31,ARCOSA INC,ACA,039653100,0001739445,11,12,USA,4915.5000,2428.2000,187.3000,2487.3000,2428.2000,710.2000,93.7000,2569.9000,48.8000,96.740000000000
A,USD,STD,INDL,C,328795,2025-12-31,ARCOSA INC,ACA,039653100,0001739445,11,12,USA,4985.2000,2641.4000,214.6000,2343.8000,2641.4000,870.2000,208.4000,2883.4000,49.0000,106.320000000000
