Code,Metrics,Data_Breach,Monetary_Loss,Compliance Incident,Workplace_Harm,Air_Emission,Water_Management,Waste_Management,Energy_Management,Employee_Diversity,Product_Safety
SV-AD-220a.2,Percentage of online advertising impressions that are targeted to custom audiences,0,0,0,0,0,0,0,0,0,0
SV-AD-220a.3,Total amount of monetary losses as a result of legal proceedings associated with consumer privacy,0,1,0,0,0,0,0,0,0,0
SV-AD-270a.1,"Total amount of monetary losses as a result of legal proceedings associated with false, deceptive, or unfair advertising",0,1,0,0,0,0,0,0,0,0
SV-AD-270a.2,"Percentage of campaigns reviewed for adherence with the Advertising Self- Regulatory Council (ASRC) procedures, percentage of those in compliance",0,0,0,0,0,0,0,0,0,0
SV-AD-270a.3,Percentage of campaigns that promote alcohol or tobacco products,0,0,0,0,0,0,0,0,0,0
SV-AD-330a.1,"Percentage of gender and racial/ethnic group representation for (1) management, (2) professionals, and (3) all other employees",0,0,0,0,0,0,0,0,1,0
RT-AE-130a.1,"(1) Total energy consumed, (2) percentage grid electricity, (3) percentage renewable",0,0,0,0,0,0,0,1,0,0
RT-AE-150a.1,"Amount of hazardous waste generated, percentage recycled",0,0,0,0,0,0,1,0,0,0
RT-AE-150a.2,"Number and aggregate quantity of reportable spills, quantity recovered",0,0,0,0,0,0,0,0,0,0
RT-AE-230a.1,"(1) Number of data breaches, (2) percentage involving confidential information",1,0,0,0,0,0,0,0,0,0
RT-AE-250a.1,"Number of recalls issued, total units recalled",0,0,1,0,0,0,0,0,0,0
RT-AE-250a.2,"Number of counterfeit parts detected, percentage avoided",0,0,0,0,0,0,0,0,0,0
RT-AE-250a.3,"Number of Airworthiness Directives received, total units affected",0,0,0,0,0,0,0,0,0,0
RT-AE-250a.4,Total amount of monetary losses as a result of legal proceedings associated with product safety,0,1,0,0,0,0,0,0,0,1
RT-AE-410a.1,Revenue from alternative energy-related products,0,0,0,0,0,0,0,0,0,0
RT-AE-510a.1,"Total amount of monetary losses as a result of legal proceedings associated with incidents of corruption, bribery, and/or illicit international trade",0,1,0,0,0,0,0,0,0,0
RT-AE-510a.2,Revenue from countries ranked in the “E” or“F” Band of Transparency International’sGovernment Defence Anti-Corruption Index,0,0,0,0,0,0,0,0,0,0
FB-AG-110a.1,Gross global Scope 1 emissions,0,0,0,0,1,0,0,0,0,0
FB-AG-110a.3,"Fleet fuel consumed, percentage renewable",0,0,0,0,0,0,0,1,0,0
FB-AG-130a.1,"(1) Operational energy consumed, (2) percentage grid electricity, (3) percentage renewable",0,0,0,0,0,0,0,1,0,0
FB-AG-140a.1,"(1) Total water withdrawn, (2) total water consumed, percentage of each in regions with High or Extremely High Baseline Water Stress",0,0,0,0,0,1,0,0,0,0
FB-AG-140a.3,"Number of incidents of non-compliance associated with water quantity and/or quality permits, standards, and regulations",0,0,1,0,0,0,0,0,0,0
FB-AG-250a.1,Global Food Safety Initiative (GFSI) audit (1) non-conformance rate and (2) associated corrective action rate for (a) major and (b) minor non-conformances,0,0,0,0,0,0,0,0,0,1
FB-AG-250a.2,Percentage of agricultural products sourced from suppliers certified to a Global Food Safety Initiative (GFSI) recognized food safety certification program,0,0,0,0,0,0,0,0,0,1
FB-AG-250a.3,(1) Number of recalls issued and (2) total amount of food product recalled,0,0,1,0,0,0,0,0,0,0
FB-AG-320a.1,"(1) Total recordable incident rate (TRIR), (2) fatality rate, and (3) near miss frequency rate (NMFR) for (a) direct employees and (b) seasonal and migrant employees",0,0,0,1,0,0,0,0,0,0
FB-AG-430a.1,"Percentage of agricultural products sourced that are certified to a third-party environmental and/or social standard, and percentages by standard",0,0,0,0,0,0,0,0,0,0
FB-AG-430a.2,Suppliers’ social and environmental responsibility audit (1) non-conformance rate and (2) associated corrective action rate for (a) major and (b) minor non-conformances,0,0,0,0,0,0,0,0,0,0
FB-AG-440a.2,Percentage of agricultural products sourced from regions with High or Extremely High Baseline Water Stress,0,0,0,0,0,1,0,0,0,0
TR-AF-110a.1,Gross global Scope 1 emissions,0,0,0,0,1,0,0,0,0,0
TR-AF-110a.3,"Fuel consumed by (1) road transport, percentage (a) natural gas and (b) renewable, and (2) air transport, percentage (a) alternative and (b) sustainable",0,0,0,0,0,0,0,1,0,0
TR-AF-120a.1,"Air emissions of the following pollutants: (1) NOx (excluding N2O), (2) SOx, and (3) particulate matter (PM10)",0,0,0,0,1,0,0,0,0,0
TR-AF-310a.1,Percentage of drivers classified as independent contractors,0,0,0,0,0,0,0,0,0,0
TR-AF-310a.2,Total amount of monetary losses as a result of legal proceedings associated with labor law violations,0,1,0,0,0,0,0,0,0,0
TR-AF-320a.1,(1) Total recordable incident rate (TRIR) and (2) fatality rate for (a) direct employees and (b) contract employees,0,0,0,1,0,0,0,0,0,0
TR-AF-430a.1,Percentage of carriers with BASIC percentiles above the FMCSA intervention threshold,0,0,0,0,0,0,0,0,0,0
TR-AF-430a.2,Total greenhouse gas (GHG) footprint across transport modes,0,0,0,0,1,0,0,0,0,0
TR-AF-540a.2,Number of aviation accidents,0,0,0,0,0,0,0,0,0,0
TR-AF-540a.3,Number of road accidents and incidents,0,0,0,0,0,0,0,0,0,0
TR-AF-540a.4,"Safety Measurement System BASIC percentiles for: (1) Unsafe Driving, (2) Hours-of-Service Compliance, (3) Driver Fitness, (4) Controlled Substances/Alcohol, (5) Vehicle Maintenance, and (6) Hazardous Materials Compliance",0,0,0,0,0,0,0,0,0,0
TR-AL-110a.1,Gross global Scope 1 emissions,0,0,0,0,1,0,0,0,0,0
TR-AL-110a.3,"(1) Total fuel consumed, (2) percentage alternative, (3) percentage sustainable",0,0,0,0,0,0,0,1,0,0
TR-AL-310a.1,Percentage of active workforce covered under collective bargaining agreements,0,0,0,0,0,0,0,0,0,0
TR-AL-310a.2,(1) Number of work stoppages and (2) total days idle,0,0,0,1,0,0,0,0,0,0
TR-AL-520a.1,Total amount of monetary losses as a result of legal proceedings associated with anti-competitive behavior regulations,0,1,0,0,0,0,0,0,0,0
TR-AL-540a.2,Number of aviation accidents,0,0,0,0,0,0,0,0,0,0
TR-AL-540a.3,Number of governmental enforcement actions of aviation safety regulations,0,0,0,0,0,0,0,0,0,0
FB-AB-130a.1,"(1) Total energy consumed, (2) percentage grid electricity, (3) percentage renewable",0,0,0,0,0,0,0,1,0,0
FB-AB-140a.1,"(1) Total water withdrawn, (2) total water consumed, percentage of each in regions with High or Extremely High Baseline Water Stress",0,0,0,0,0,1,0,0,0,0
FB-AB-270a.1,Percentage of total advertising impressions made on individuals at or above the legal drinking age,0,0,0,0,0,0,0,0,0,0
FB-AB-270a.2,Number of incidents of non-compliance with industry or regulatory labeling and/or marketing codes,0,0,1,0,0,0,0,0,0,0
FB-AB-270a.3,Total amount of monetary losses as a result of legal proceedings associated with marketing and/or labeling practices,0,1,0,0,0,0,0,0,0,0
FB-AB-410a.1,"(1) Total weight of packaging, (2) percentage made from recycled and/or renewable materials, and (3) percentage that is recyclable, reusable, and/or compostable",0,0,0,0,0,0,0,0,0,0
FB-AB-430a.1,Suppliers’ social and environmental responsibility audit (1) non-conformance rate and (2) associated corrective action rate for (a) major and (b) minor non-conformances,0,0,0,0,0,0,0,0,0,0
FB-AB-440a.1,Percentage of beverage ingredients sourced from regions with High or Extremely High Baseline Water Stress,0,0,0,0,0,1,0,0,0,0
CG-AA-430a.1,Percentage of (1) Tier 1 supplier facilities and (2) supplier facilities beyond Tier 1 in compliance with wastewater discharge permits and/or contractual agreements,0,0,0,0,0,1,0,0,0,0
CG-AA-430a.2,Percentage of (1) Tier 1 supplier facilities and (2) supplier facilities beyond Tier 1 that have completed the Sustainable Apparel Coalition’s Higg Facility Environmental Module (Higg FEM) assessment or an equivalent environmental data assessment,0,0,0,0,0,0,0,0,0,0
CG-AA-430b.1,"Percentage of (1) Tier 1 supplier facilities and (2) supplier facilities beyond Tier 1 that have been audited to a labor code of conduct, (3) percentage of total audits conducted by a third-party auditor",0,0,0,0,0,0,0,0,0,0
CG-AA-430b.2,Priority non-conformance rate and associated corrective action rate for suppliers’ labor code of conduct audits,0,0,0,0,0,0,0,0,0,0
CG-AA-440a.2,"Percentage of raw materials third-party certified to an environmental and/or social sustainability standard, by standard",0,0,0,0,0,0,0,0,0,0
CG-AA-440a.4,"(1) Amount of priority raw materials purchased, by material, and (2) amount of each priority raw material that is certified to a third-party environmental and/or social standard, by standard",0,0,0,0,0,0,0,0,0,0
CG-AM-250a.1,Number of (1) recalls issued and (2) total units recalled,0,0,1,0,0,0,0,0,0,0
CG-AM-250a.3,Total amount of monetary losses as a result of legal proceedings associated with product safety,0,1,0,0,0,0,0,0,0,1
CG-AM-410a.1,Percentage of eligible products by revenue certified to the ENERGY STAR® program,0,0,0,0,0,0,0,0,0,0
CG-AM-410a.2,Percentage of eligible products certified to an Association of Home Appliance Manufacturers (AHAM) sustainability standard,0,0,0,0,0,0,0,0,0,0
FN-AC-270a.1,"(1) Number and (2) percentage of covered employees with a record of investment-related investigations, consumer-initiated complaints, private civil litigations, or other regulatory proceedings",0,0,0,0,0,0,0,0,0,0
FN-AC-270a.2,Total amount of monetary losses as a result of legal proceedings associated with marketing and communication of financial product-related information to new and returning customers,0,1,0,0,0,0,0,0,0,0
FN-AC-330a.1,"Percentage of gender and racial/ethnic group representation for (1) executive management, (2) non-executive management, (3) professionals, and (4) all other employees",0,0,0,0,0,0,0,0,1,0
FN-AC-410a.1,"Amount of assets under management, by asset class, that employ (1) integration of environmental, social, and governance (ESG) issues, (2) sustainability themed investing, and (3) screening",0,0,0,0,0,0,0,0,0,0
FN-AC-510a.1,"Total amount of monetary losses as a result of legal proceedings associated with fraud, insider trading, anti-trust, anti-competitive behavior, market manipulation, malpractice, or other related financial industry laws or regulations",0,1,0,0,0,0,0,0,0,0
FN-AC-550a.1,Percentage of open-end fund assets under management by category of liquidity classification,0,0,0,0,0,0,0,0,0,0
FN-AC-550a.3,"Total exposure to securities financing
transactions",0,0,0,0,0,0,0,0,0,0
FN-AC-550a.4,Net exposure to written credit derivatives,0,0,0,0,0,0,0,0,0,0
TR-AP-130a.1,"(1) Total energy consumed, (2) percentage grid electricity, (3) percentage renewable",0,0,0,0,0,0,0,1,0,0
TR-AP-150a.1,"(1) Total amount of waste from manufacturing, (2) percentage hazardous, (3) percentage recycled",0,0,0,0,0,0,0,0,0,0
TR-AP-250a.1,"Number of recalls issued, total units recalled",0,0,1,0,0,0,0,0,0,0
TR-AP-410a.1,Revenue from products designed to increase fuel efficiency and/or reduce emissions,0,0,0,0,0,0,0,0,0,0
TR-AP-440b.1,Percentage of products sold that are recyclable,0,0,0,0,0,0,0,0,0,0
TR-AP-440b.2,Percentage of input materials from recycled or remanufactured content,0,0,0,0,0,0,0,0,0,0
TR-AP-520a.1,Total amount of monetary losses as a result of legal proceedings associated with anti-competitive behavior regulations,0,1,0,0,0,0,0,0,0,0
TR-AU-250a.1,"Percentage of vehicle models rated by NCAP programs with an overall 5-star safety rating, by region",0,0,0,0,0,0,0,0,0,0
TR-AU-250a.2,"Number of safety-related defect complaints, percentage investigated",0,0,0,0,0,0,0,0,0,1
TR-AU-250a.3,Number of vehicles recalled,0,0,1,0,0,0,0,0,0,0
TR-AU-310a.1,Percentage of active workforce covered under collective bargaining agreements,0,0,0,0,0,0,0,0,0,0
TR-AU-310a.2,(1) Number of work stoppages and (2) total days idle,0,0,0,1,0,0,0,0,0,0
TR-AU-410a.1,"Sales-weighted average passenger fleet fuel economy, by region",0,0,0,0,0,0,0,0,0,0
TR-AU-410a.2,"Number of (1) zero emission vehicles (ZEV), (2) hybrid vehicles, and (3) plug-in hybrid vehicles sold",0,0,0,0,0,0,0,0,0,0
TR-AU-440b.1,"Total amount of waste from manufacturing, percentage recycled",0,0,0,0,0,0,0,0,0,0
TR-AU-440b.2,"Weight of end-of-life material recovered, percentage recycled",0,0,0,0,0,0,0,0,0,0
TR-AU-440b.3,Average recyclability of vehicles sold,0,0,0,0,0,0,0,0,0,0
RR-BI-120a.1,"Air emissions of the following pollutants: (1) NOx (excluding N2O), (2) SOx, (3) volatile organic compounds (VOCs), (4) particulate matter (PM10), and (5) hazardous air pollutants (HAPs)",0,0,0,0,1,0,0,0,0,0
RR-BI-120a.2,"Number of incidents of non-compliance associated with air quality permits, standards, and regulations",0,0,1,0,0,0,0,0,0,0
RR-BI-140a.1,"(1) Total water withdrawn, (2) total water consumed, percentage of each in regions with High or Extremely High Baseline Water Stress",0,0,0,0,0,1,0,0,0,0
RR-BI-140a.3,"Number of incidents of non-compliance associated with water quality permits, standards, and regulations",0,0,1,0,0,0,0,0,0,0
RR-BI-410a.1,"Lifecycle greenhouse gas (GHG) emissions, by biofuel type",0,0,0,0,1,0,0,0,0,0
RR-BI-430a.2,Percentage of biofuel production third-party certified to an environmental sustainability standard,0,0,0,0,0,0,0,0,0,0
RR-BI-530a.1,Amount of subsidies received through government programs,0,0,0,0,0,0,0,0,0,0
RR-BI-540a.1,"Process Safety Incidents Count (PSIC), Process Safety Total Incident Rate (PSTIR), and Process Safety Incident Severity Rate (PSISR)",0,0,0,0,0,0,0,0,0,0
HC-BP-210a.2,Number of FDA Sponsor Inspections related to clinical trial management and pharmacovigilance that resulted in: (1) Voluntary Action Indicated (VAI) and (2) Official Action Indicated (OAI),0,0,0,0,0,0,0,0,0,0
HC-BP-210a.3,Total amount of monetary losses as a result of legal proceedings associated with clinical trials in developing countries,0,1,0,0,0,0,0,0,0,0
HC-BP-240b.1,Number of settlements of Abbreviated New Drug Application (ANDA) litigation that involved payments and/or provisions to delay bringing an authorized generic product to market for a defined time period,0,0,0,0,0,0,0,0,0,0
HC-BP-240b.2,Percentage change in: (1) average list price and (2) average net price across U.S. product portfolio compared to previous year,0,0,0,0,0,0,0,0,0,0
HC-BP-240b.3,Percentage change in: (1) list price and (2) net price of product with largest increase compared to previous year,0,0,0,0,0,0,0,0,0,0
HC-BP-250a.2,Number of fatalities associated with products as reported in the FDA Adverse Event Reporting System,0,0,0,1,0,0,0,0,0,0
HC-BP-250a.3,"Number of recalls issued, total units recalled",0,0,1,0,0,0,0,0,0,0
HC-BP-250a.4,"Total amount of product accepted for take-back, reuse, or disposal",0,0,0,0,0,0,0,0,0,0
HC-BP-250a.5,"Number of FDA enforcement actions taken in response to violations of current Good Manufacturing Practices (cGMP), by type",0,0,0,0,0,0,0,0,0,0
HC-BP-260a.3,"Number of actions that led to raids, seizure, arrests, and/or filing of criminal charges related to counterfeit products",0,0,0,0,0,0,0,0,0,0
HC-BP-270a.1,Total amount of monetary losses as a result of legal proceedings associated with false marketing claims,0,1,0,0,0,0,0,0,0,0
HC-BP-330a.2,"(1) Voluntary and (2) involuntary turnover rate for: (a) executives/senior managers, (b) mid-level managers, (c) professionals, and (d) all others",0,0,0,0,0,0,0,0,0,0
HC-BP-430a.1,Percentage of (1) entity's facilities and (2) Tier I suppliers' facilities participating in the Rx-360 International Pharmaceutical Supply Chain Consortium audit program or equivalent third-party audit programs for integrity of supply chain and ingredients,0,0,0,0,0,0,0,0,0,0
HC-BP-510a.1,Total amount of monetary losses as a result of legal proceedings associated with corruption and bribery,0,1,0,0,0,0,0,0,0,0
CG-BF-130a.1,"(1) Total energy consumed, (2) percentage grid electricity, (3) percentage renewable",0,0,0,0,0,0,0,1,0,0
CG-BF-250a.2,Percentage of eligible products meeting volatile organic compound (VOC) emissions and content standards,0,0,0,0,0,0,0,0,0,0
CG-BF-410a.2,"(1) Weight of end-of-life material recovered, (2) percentage of recovered materials recycled",0,0,0,0,0,0,0,0,0,0
CG-BF-430a.1,"(1) Total weight of wood fiber materials purchased, (2) percentage from third-party certified forestlands, (3) percentage by standard, and (4) percentage certified to other wood fiber standards, (5) percentage by standard",0,0,0,0,0,0,0,0,0,0
TR-CR-250a.1,"Percentage of rental fleet vehicles rated by NCAP programs with an overall 5-star safety rating, by region",0,0,0,0,0,0,0,0,0,0
TR-CR-250a.2,Number of vehicles recalled,0,0,1,0,0,0,0,0,0,0
TR-CR-410a.1,"Rental day-weighted average rental fleet fuel economy, by region",0,0,0,0,0,0,0,0,0,0
TR-CR-410a.2,Fleet utilization rate,0,0,0,0,0,0,0,0,0,0
SV-CA-130a.1,"(1) Total energy consumed, (2) percentage grid electricity, (3) percentage renewable",0,0,0,0,0,0,0,1,0,0
SV-CA-260a.1,Percentage of gaming facilities that implement the Responsible Gambling Index,0,0,0,0,0,0,0,0,0,0
SV-CA-260a.2,Percentage of online gaming operations that implement the National Council on Problem Gambling (NCPG) Internet Responsible Gambling Standards,0,0,0,0,0,0,0,0,0,0
SV-CA-320a.1,Percentage of gaming floor where smoking is allowed,0,0,0,0,0,0,0,0,0,0
SV-CA-320a.2,Percentage of gaming staff who work in areas where smoking is allowed,0,0,0,1,0,0,0,0,0,0
SV-CA-510a.2,Total amount of monetary losses as a result of legal proceedings associated with money laundering,0,1,0,0,0,0,0,0,0,0
RT-CH-110a.1,"Gross global Scope 1 emissions, percentage covered under emissions-limiting regulations",0,0,0,0,1,0,0,0,0,0
RT-CH-130a.1,"(1) Total energy consumed, (2) percentage grid electricity, (3) percentage renewable, (4) total self-generated energy",0,0,0,0,0,0,0,1,0,0
RT-CH-140a.1,"(1) Total water withdrawn, (2) total water consumed, percentage of each in regions with High or Extremely High Baseline Water Stress",0,0,0,0,0,1,0,0,0,0
RT-CH-140a.2,"Number of incidents of non-compliance associated with water quality permits, standards, and regulations",0,0,1,0,0,0,0,0,0,0
RT-CH-150a.1,"Amount of hazardous waste generated, percentage recycled",0,0,0,0,0,0,1,0,0,0
RT-CH-320a.1,(1) Total recordable incident rate (TRIR) and (2) fatality rate for (a) direct employees and (b) contract employees,0,0,0,1,0,0,0,0,0,0
RT-CH-320a.2,"Description of efforts to assess, monitor, and reduce exposure of employees and contract workers to long-term (chronic) health risks",0,0,0,1,0,0,0,0,0,0
RT-CH-410a.1,Revenue from products designed for use-phase resource efficiency,0,0,0,0,0,0,0,0,0,0
RT-CH-410b.1,"(1) Percentage of products that contain Globally Harmonized System of Classification and Labeling of Chemicals (GHS) Category 1 and 2 Health and Environmental Hazardous Substances, (2) percentage of such products that have undergone a hazard assessment",0,0,0,0,0,0,0,0,0,0
RT-CH-410c.1,Percentage of products by revenue that contain genetically modified organisms (GMOs),0,0,0,0,0,0,0,0,0,0
RT-CH-540a.1,"Process Safety Incidents Count (PSIC), Process Safety Total Incident Rate (PSTIR), and Process Safety Incident Severity Rate (PSISR)",0,0,0,0,0,0,0,0,0,0
RT-CH-540a.2,Number of transport incidents,0,0,0,0,0,0,0,0,0,0
EM-CO-110a.1,"Gross global Scope 1 emissions, percentage covered under emissions-limiting regulations",0,0,0,0,1,0,0,0,0,0
EM-CO-140a.1,"(1) Total fresh water withdrawn, (2) percentage recycled, (3) percentage in regions with High or Extremely High Baseline Water Stress",0,0,0,0,0,1,0,0,0,0
EM-CO-140a.2,"Number of incidents of non-compliance associated with water quality permits, standards, and regulations",0,0,1,0,0,0,0,0,0,0
EM-CO-150a.2,Total weight of non-mineral waste generated,0,0,0,0,0,0,1,0,0,0
EM-CO-150a.3,Total weight of tailings produced,0,0,0,0,0,0,0,0,0,0
EM-CO-150a.4,Total weight of waste rock generated,0,0,0,0,0,0,0,0,0,0
EM-CO-150a.5,Total weight of hazardous waste generated,0,0,0,0,0,0,1,0,0,0
EM-CO-150a.6,Total weight of hazardous waste recycled,0,0,0,0,0,0,1,0,0,0
EM-CO-150a.7,Number of significant incidents associated with hazardous waste management,0,0,0,0,0,0,1,0,0,0
EM-CO-160a.2,"Percentage of mine sites where acid rock drainage is: (1) predicted to occur, (2) actively mitigated, and (3) under treatment or remediation",0,0,0,0,0,0,0,0,0,0
EM-CO-160a.3,Percentage of (1) proved and (2) probable reserves in or near sites with protected conservation status or endangered species habitat,0,0,0,0,0,0,0,0,0,0
EM-CO-210a.1,Percentage of (1) proved and (2) probable reserves in or near indigenous land,0,0,0,0,0,0,0,0,0,0
EM-CO-210b.2,Number and duration of non-technical delays,0,0,0,0,0,0,0,0,0,0
EM-CO-310a.1,"Percentage of active workforce covered under collective bargaining agreements, broken down by U.S. and foreign employees",0,0,0,0,0,0,0,0,0,0
EM-CO-310a.2,Number and duration of strikes and lockouts,0,0,0,0,0,0,0,0,0,0
EM-CO-320a.1,"(1) MSHA All-Incidence rate, (2) fatality rate, and (3) near miss frequency rate (NMFR)",0,0,0,1,0,0,0,0,0,0
EM-CO-420a.1,Sensitivity of coal reserve levels to future price projection scenarios that account for a price on carbon emissions,0,0,0,0,1,0,0,0,0,0
EM-CO-420a.2,Estimated carbon dioxide emissions embedded in proven coal reserves,0,0,0,0,0,0,0,0,0,0
EM-CO-540a.1,"Tailings storage facility inventory table: (1) facility name, (2) location, (3) ownership status, (4) operational status, (5) construction method, (6) maximum permitted storage capacity, (7) current amount of tailings stored, (8) consequence classification, (9) date of most recent independent technical review, (10) material findings, (11) mitigation measures, (12) site-specific EPRP",0,0,0,0,0,0,0,0,0,0
FN-CB-230a.1,"(1) Number of data breaches, (2) percentage involving personally identifiable information (PII), (3) number of account holders affected",1,0,0,0,0,0,0,0,0,0
FN-CB-240a.1,(1) Number and (2) amount of loans outstanding qualified to programs designed to promote small business and community development,0,0,0,0,0,0,0,0,0,0
FN-CB-240a.2,(1) Number and (2) amount of past due and nonaccrual loans qualified to programs designed to promote small business and community development,0,0,0,0,0,0,0,0,0,0
FN-CB-240a.3,Number of no-cost retail checking accounts provided to previously unbanked or underbanked customers,0,0,0,0,0,0,0,0,0,0
FN-CB-240a.4,"Number of participants in financial literacy initiatives for unbanked, underbanked, or underserved customers",0,0,0,0,0,0,0,0,0,0
FN-CB-410a.1,"Commercial and industrial credit exposure, by industry",0,0,0,0,0,0,0,0,0,0
FN-CB-510a.1,"Total amount of monetary losses as a result of legal proceedings associated with fraud, insider trading, anti-trust, anti-competitive behavior, market manipulation, malpractice, or other related financial industry laws or regulations",0,1,0,0,0,0,0,0,0,0
FN-CB-550a.1,"Global Systemically Important Bank (G-SIB) score, by category",0,0,0,0,0,0,0,0,0,0
EM-CM-110a.1,"Gross global Scope 1 emissions, percentage covered under emissions-limiting regulations",0,0,0,0,1,0,0,0,0,0
EM-CM-120a.1,"Air emissions of the following pollutants: (1) NOx (excluding N2O), (2) SOx, (3) particulate matter (PM10), (4) dioxins/furans, (5) volatile organic compounds (VOCs), (6) polycyclic aromatic hydrocarbons (PAHs), and (7) heavy metals",0,0,0,0,1,0,0,0,0,0
EM-CM-130a.1,"(1) Total energy consumed, (2) percentage grid electricity, (3) percentage alternative, (4) percentage renewable",0,0,0,0,0,0,0,1,0,0
EM-CM-140a.1,"(1) Total fresh water withdrawn, (2) percentage recycled, (3) percentage in regions with High or Extremely High Baseline Water Stress",0,0,0,0,0,1,0,0,0,0
EM-CM-150a.1,"Amount of waste generated, percentage hazardous, percentage recycled",0,0,0,0,0,0,1,0,0,0
EM-CM-160a.2,"Terrestrial acreage disturbed, percentage of impacted area restored",0,0,0,0,0,0,0,0,0,0
EM-CM-320a.1,(1) Total recordable incident rate (TRIR) and (2) near miss frequency rate (NMFR) for (a) full-time employees and (b) contract employees,0,0,0,1,0,0,0,0,0,0
EM-CM-320a.2,Number of reported cases of silicosis,0,0,0,0,0,0,0,0,0,0
EM-CM-410a.1,Percentage of products that qualify for credits in sustainable building design and construction certifications,0,0,0,0,0,0,0,0,0,0
EM-CM-410a.2,"Total addressable market and share of market for products that reduce energy, water, and/or material impacts during usage and/or production",0,0,0,0,0,0,0,0,0,0
EM-CM-520a.1,"Total amount of monetary losses as a result of legal proceedings associated with cartel activities, price fixing, and anti-trust activities",0,1,0,0,0,0,0,0,0,0
FN-CF-220a.1,Number of account holders whose information is used for secondary purposes,0,0,0,0,0,0,0,0,0,0
FN-CF-220a.2,Total amount of monetary losses as a result of legal proceedings associated with customer privacy,0,1,0,0,0,0,0,0,0,0
FN-CF-230a.1,"(1) Number of data breaches, (2) percentage involving personally identifiable information (PII), (3) number of account holders affected",1,0,0,0,0,0,0,0,0,0
FN-CF-230a.2,Card-related fraud losses from (1) card-not-present fraud and (2) card-present and other fraud,0,1,0,0,0,0,0,0,0,0
FN-CF-270a.1,Percentage of total remuneration for covered employees that is variable and linked to the amount of products and services sold,0,0,0,0,0,0,0,0,0,0
FN-CF-270a.2,Approval rate for (1) credit and (2) pre-paid products for applicants with FICO scores above and below 660,0,0,0,0,0,0,0,0,0,0
FN-CF-270a.3,"(1) Average fees from add-on products, (2) average APR, (3) average age of accounts, (4) average number of trade lines, and (5) average annual fees for pre-paid products, for customers with FICO scores above and below 660",0,0,0,0,0,0,0,0,0,0
FN-CF-270a.4,"(1) Number of complaints filed with the Consumer Financial Protection Bureau (CFPB), (2) percentage with monetary or non-monetary relief, (3) percentage disputed by consumer, (4) percentage that resulted in investigation by the CFPB",0,0,0,0,0,0,0,0,0,0
FN-CF-270a.5,Total amount of monetary losses as a result of legal proceedings associated with selling and servicing of products,0,1,0,0,0,0,0,0,0,0
RT-CP-110a.1,"Gross global Scope 1 emissions, percentage covered under emissions-limiting regulations",0,0,0,0,1,0,0,0,0,0
RT-CP-120a.1,"Air emissions of the following pollutants: (1) NOx (excluding N2O), (2) SOx, (3) volatile organic compounds (VOCs), and (4) particulate matter (PM)",0,0,0,0,1,0,0,0,0,0
RT-CP-130a.1,"(1) Total energy consumed, (2) percentage grid electricity, (3) percentage renewable, (4) total self-generated energy",0,0,0,0,0,0,0,1,0,0
RT-CP-140a.1,"(1) Total water withdrawn, (2) total water consumed, percentage of each in regions with High or Extremely High Baseline Water Stress",0,0,0,0,0,1,0,0,0,0
RT-CP-140a.2,Description of water management risks and discussion of strategies and practices to mitigate those risks,0,0,0,0,0,1,0,0,0,0
RT-CP-140a.3,"Number of incidents of non-compliance associated with water quality permits, standards, and regulations",0,0,1,0,0,0,0,0,0,0
RT-CP-150a.1,"Amount of hazardous waste generated, percentage recycled",0,0,0,0,0,0,1,0,0,0
RT-CP-250a.1,"Number of recalls issued, total units recalled",0,0,1,0,0,0,0,0,0,0
RT-CP-410a.1,"Percentage of raw materials from: (1) recycled content, (2) renewable resources, and (3) renewable and recycled content",0,0,0,0,0,0,0,0,0,0
RT-CP-410a.2,"Revenue from products that are reusable, recyclable, and/or compostable",0,0,0,0,0,0,0,0,0,0
RT-CP-430a.1,"Total wood fiber procured, percentage from certified sources",0,0,0,0,0,0,0,0,0,0
RT-CP-430a.2,"Total aluminum purchased, percentage from certified sources",0,0,0,0,0,0,0,0,0,0
TR-CL-110a.1,Gross global Scope 1 emissions,0,0,0,0,1,0,0,0,0,0
TR-CL-110a.3,"(1) Total energy consumed, (2) percentage heavy fuel oil, (3) percentage onshore power supply (OPS), (4) percentage renewable",0,0,0,0,0,0,0,1,0,0
TR-CL-110a.4,Average Energy Efficiency Design Index (EEDI) for new ships,0,0,0,0,0,0,0,0,0,0
TR-CL-120a.1,"Air emissions of the following pollutants: (1) NOx (excluding N2O), (2) SOx, and (3) particulate matter (PM10)",0,0,0,0,1,0,0,0,0,0
TR-CL-160a.1,"Total amount of ship waste discharged to the environment, percentage treated prior to discharge",0,0,0,0,0,0,0,0,0,0
TR-CL-160a.2,Percentage of fleet implementing ballast water (1) exchange and (2) treatment,0,0,0,0,0,0,0,0,0,0
TR-CL-160a.3,Cruise duration in marine protected areas or areas of protected conservation status,0,0,0,0,0,0,0,0,0,0
TR-CL-160a.4,Number of notices of violations received for dumping,0,0,1,0,0,0,0,0,0,0
TR-CL-250a.1,Number of alleged crime incidents involving passengers or employees,0,0,0,0,0,0,0,0,0,0
TR-CL-250a.2,"Fleet average CDC Vessel Sanitation Program inspection score, percentage of inspections failed",0,0,0,0,0,0,0,0,0,0
TR-CL-250a.3,(1) Serious injuries per million passengers and (2) number of voyages with a gastrointestinal illness count exceeding 2%,0,0,0,0,0,0,0,0,0,0
TR-CL-310a.1,"Average hourly wage for seafarers, by region",0,0,0,0,0,0,0,0,0,0
TR-CL-310a.2,Percentage of seafarers working maximum hours,0,0,0,0,0,0,0,0,0,0
TR-CL-310a.3,Percentage of seafarers paid for overtime,0,0,0,0,0,0,0,0,0,0
TR-CL-310a.4,Total amount of monetary losses as a result of legal proceedings associated with labor law violations,0,1,0,0,0,0,0,0,0,0
TR-CL-320a.1,Seafarer lost time incident rate (LTIR),0,0,0,1,0,0,0,0,0,0
TR-CL-540a.1,Number of Conditions of Class or Recommendations,0,0,0,0,0,0,0,0,0,0
TR-CL-540a.2,Number of port state control (1) deficiencies and (2) detentions,0,0,0,0,0,0,0,0,0,0
TR-CL-540a.3,"Number of marine casualties, percentage classified as very serious",0,0,0,0,0,0,0,0,0,0
HC-DR-130a.1,"(1) Total energy consumed, (2) percentage grid electricity, (3) percentage renewable",0,0,0,0,0,0,0,1,0,0
HC-DR-230a.2,"(1) Number of data breaches, (2) percentage involving (a) personally identifiable information (PII) only and (b) protected health information (PHI), (3) number of customers affected in each category, (a) PII only and (b) PHI",1,0,0,0,0,0,0,0,0,0
HC-DR-230a.3,Total amount of monetary losses as a result of legal proceedings associated with data security and privacy,0,1,0,0,0,0,0,0,0,0
HC-DR-250a.2,"Number of drug recalls issued, total units recalled, percentage for private-label products",0,0,1,0,0,0,0,0,0,0
HC-DR-260a.1,Percentage of controlled substance prescriptions dispensed for which a prescription drug monitoring program (PDMP) database was queried,0,0,0,0,0,0,0,0,0,0
HC-DR-260a.2,Total amount of monetary losses as a result of legal proceedings associated with controlled substances,0,1,0,0,0,0,0,0,0,0
HC-DR-260b.1,First fill adherence rate,0,0,0,0,0,0,0,0,0,0
HC-DR-260b.3,Total amount of monetary losses as a result of legal proceedings associated with prescription dispensing errors,0,1,0,0,0,0,0,0,0,0
CG-EC-130a.1,"(1) Total energy consumed, (2) percentage grid electricity, (3) percentage renewable",0,0,0,0,0,0,0,1,0,0
CG-EC-130a.2,"(1) Total water withdrawn, (2) total water consumed, percentage of each in regions with High or Extremely High Baseline Water Stress",0,0,0,0,0,1,0,0,0,0
CG-EC-220a.1,Number of users whose information is used for secondary purposes,0,0,0,0,0,0,0,0,0,0
CG-EC-230a.2,"(1) Number of data breaches, (2) percentage involving personally identifiable information (PII), (3) number of users affected",1,0,0,0,0,0,0,0,0,0
CG-EC-330a.1,Employee engagement as a percentage,0,0,0,0,0,0,0,0,0,0
CG-EC-330a.2,(1) Voluntary and (2) involuntary turnover rate for all employees,0,0,0,0,0,0,0,0,0,0
CG-EC-330a.3,"Percentage of gender and racial/ethnic group representation for (1) management, (2) technical staff, and (3) all other employees",0,0,0,0,0,0,0,0,1,0
CG-EC-330a.4,Percentage of technical employees who are H-1B visa holders,0,0,0,0,0,0,0,0,0,0
CG-EC-410a.1,Total greenhouse gas (GHG) footprint of product shipments,0,0,0,0,1,0,0,0,0,0
SV-ED-230a.3,"(1) Number of data breaches, (2) percentage involving personally identifiable information (PII), (3) number of students affected",1,0,0,0,0,0,0,0,0,0
SV-ED-260a.1,Graduation rate,0,0,0,0,0,0,0,0,0,0
SV-ED-260a.2,On-time completion rate,0,0,0,0,0,0,0,0,0,0
SV-ED-260a.3,Job placement rate,0,0,0,0,0,0,0,0,0,0
SV-ED-260a.4,(1) Debt-to-annual earnings rate and (2) debt-to-discretionary income rate,0,0,0,0,0,0,0,0,0,0
SV-ED-260a.5,Program cohort default rate,0,0,0,0,0,0,0,0,0,0
SV-ED-270a.2,"Total amount of monetary losses as a result of legal proceedings associated with advertising, marketing, and mandatory disclosures",0,1,0,0,0,0,0,0,0,0
SV-ED-270a.3,(1) Instruction and student services expenses and (2) marketing and recruiting expenses,0,0,0,0,0,0,0,0,0,0
SV-ED-270a.4,"Revenue from: (1) Title IV funding, (2) GI Bill funding, and (3) private student loans",0,0,0,0,0,0,0,0,0,0
IF-EU-110a.1,"(1) Gross global Scope 1 emissions, percentage covered under (2) emissions-limiting regulations, and (3) emissions-reporting regulations",0,0,0,0,1,0,0,0,0,0
IF-EU-110a.2,Greenhouse gas (GHG) emissions associated with power deliveries,0,0,0,0,1,0,0,0,0,0
IF-EU-110a.4,(1) Number of customers served in markets subject to renewable portfolio standards (RPS) and (2) percentage fulfillment of RPS target by market,0,0,0,0,0,0,0,0,0,0
IF-EU-120a.1,"Air emissions of the following pollutants: (1) NOx (excluding N2O), (2) SOx, (3) particulate matter (PM10), (4) lead (Pb), and (5) mercury (Hg); percentage of each in or near areas of dense population",0,0,0,0,1,0,0,0,0,0
IF-EU-140a.1,"(1) Total water withdrawn, (2) total water consumed, percentage of each in regions with High or Extremely High Baseline Water Stress",0,0,0,0,0,1,0,0,0,0
IF-EU-140a.2,"Number of incidents of non-compliance associated with water quantity and/or quality permits, standards, and regulations",0,0,1,0,0,0,0,0,0,0
IF-EU-150a.1,"Amount of coal combustion residuals (CCR) generated, percentage recycled",0,0,0,0,0,0,0,0,0,0
IF-EU-150a.2,"Total number of coal combustion residual (CCR) impoundments, broken down by hazard potential classification and structural integrity assessment",0,0,0,0,0,0,0,0,0,0
IF-EU-240a.1,"Average retail electric rate for (1) residential, (2) commercial, and (3) industrial customers",0,0,0,0,0,0,0,0,0,0
IF-EU-240a.2,"Typical monthly electric bill for residential customers for (1) 500 kWh and (2) 1,000 kWh of electricity delivered per month",0,0,0,0,0,0,0,0,0,0
IF-EU-240a.3,"Number of residential customer electric disconnections for non-payment, percentage reconnected within 30 days",0,0,0,0,0,0,0,0,0,0
IF-EU-320a.1,"(1) Total recordable incident rate (TRIR), (2) fatality rate, and (3) near miss frequency rate (NMFR)",0,0,0,1,0,0,0,0,0,0
IF-EU-420a.1,Percentage of electric utility revenues from rate structures that (1) are decoupled and (2) contain a lost revenue adjustment mechanism (LRAM),0,0,0,0,0,0,0,0,0,0
IF-EU-420a.2,Percentage of electric load served by smart grid technology,0,0,0,0,0,0,0,0,0,0
IF-EU-420a.3,"Customer electricity savings from efficiency measures, by market",0,0,0,0,0,0,0,0,0,0
IF-EU-540a.1,"Total number of nuclear power units, broken down by U.S. Nuclear Regulatory Commission (NRC) Action Matrix Column",0,0,0,0,0,0,0,0,0,0
IF-EU-550a.1,Number of incidents of non-compliance with physical and/or cybersecurity standards or regulations,0,0,1,0,0,0,0,0,0,0
IF-EU-550a.2,"(1) System Average Interruption Duration Index (SAIDI), (2) System Average Interruption Frequency Index (SAIFI), and (3) Customer Average Interruption Duration Index (CAIDI), inclusive of major event days",0,0,0,0,0,0,0,0,0,0
RT-EE-130a.1,"(1) Total energy consumed, (2) percentage grid electricity, (3) percentage renewable",0,0,0,0,0,0,0,1,0,0
RT-EE-150a.1,"Amount of hazardous waste generated, percentage recycled",0,0,0,0,0,0,1,0,0,0
RT-EE-150a.2,"Number and aggregate quantity of reportable spills, quantity recovered",0,0,0,0,0,0,0,0,0,0
RT-EE-250a.1,"Number of recalls issued, total units recalled",0,0,1,0,0,0,0,0,0,0
RT-EE-250a.2,Total amount of monetary losses as a result of legal proceedings associated with product safety,0,1,0,0,0,0,0,0,0,1
RT-EE-410a.1,Percentage of products by revenue that contain IEC 62474 declarable substances,0,0,0,0,0,0,0,0,0,0
RT-EE-410a.2,"Percentage of eligible products, by revenue, that meet ENERGY STAR® criteria",0,0,0,0,0,0,0,0,0,0
RT-EE-410a.3,Revenue from renewable energy-related and energy efficiency-related products,0,0,0,0,0,0,0,1,0,0
RT-EE-510a.2,Total amount of monetary losses as a result of legal proceedings associated with bribery or corruption,0,1,0,0,0,0,0,0,0,0
RT-EE-510a.3,Total amount of monetary losses as a result of legal proceedings associated with anti-competitive behavior regulations,0,1,0,0,0,0,0,0,0,0
TC-ES-140a.1,"(1) Total water withdrawn, (2) total water consumed, percentage of each in regions with High or Extremely High Baseline Water Stress",0,0,0,0,0,1,0,0,0,0
TC-ES-150a.1,"Amount of hazardous waste from manufacturing, percentage recycled",0,0,0,0,0,0,1,0,0,0
TC-ES-310a.1,(1) Number of work stoppages and (2) total days idle,0,0,0,1,0,0,0,0,0,0
TC-ES-320a.1,(1) Total recordable incident rate (TRIR) and (2) near miss frequency rate (NMFR) for (a) direct employees and (b) contract employees,0,0,0,1,0,0,0,0,0,0
TC-ES-320a.2,"Percentage of (1) entity’s facilities and (2) Tier 1 supplier facilities audited in the RBA Validated Audit Process (VAP) or equivalent, by (a) all facilities and (b) high-risk facilities",0,0,0,0,0,0,0,0,0,0
TC-ES-320a.3,"(1) Non-conformance rate with the RBA Validated Audit Process (VAP) or equivalent and (2) associated corrective action rate for (a) priority non-conformances and (b) other non-conformances, broken down for (i) the entity’s facilities and (ii) the entity’s Tier 1 supplier facilities",0,0,0,0,0,0,0,0,0,0
TC-ES-410a.1,"Weight of end-of-life products and e-waste recovered, percentage recycled",0,0,0,0,0,0,0,0,0,0
IF-EN-160a.1,"Number of incidents of non-compliance with environmental permits, standards, and regulations",0,0,1,0,0,0,0,0,0,0
IF-EN-250a.1,Amount of defect- and safety-related rework costs,0,0,0,0,0,0,0,0,0,1
IF-EN-250a.2,Total amount of monetary losses as a result of legal proceedings associated with defect- and safety-related incidents,0,1,0,0,0,0,0,0,0,1
IF-EN-320a.1,(1) Total recordable incident rate (TRIR) and (2) fatality rate for (a) direct employees and (b) contract employees,0,0,0,1,0,0,0,0,0,0
IF-EN-410a.1,Number of (1) commissioned projects certified to a third-party multi-attribute sustainability standard and (2) active projects seeking such certification,0,0,0,0,0,0,0,0,0,0
IF-EN-410b.1,Amount of backlog for (1) hydrocarbon-related projects and (2) renewable energy projects,0,0,0,0,0,0,0,1,0,0
IF-EN-410b.2,Amount of backlog cancellations associated with hydrocarbon-related projects,0,0,0,0,0,0,0,0,0,0
IF-EN-410b.3,Amount of backlog for non-energy projects associated with climate change mitigation,0,0,0,0,0,0,0,0,0,0
IF-EN-510a.1,(1) Number of active projects and (2) backlog in countries that have the 20 lowest rankings in Transparency International’s Corruption Perception Index,0,0,0,0,0,0,0,0,0,0
IF-EN-510a.2,Total amount of monetary losses as a result of legal proceedings associated with charges of (1) bribery or corruption and (2) anti-competitive practices,0,1,0,0,0,0,0,0,0,0
FB-FR-110a.1,"Fleet fuel consumed, percentage renewable",0,0,0,0,0,0,0,1,0,0
FB-FR-110b.1,Gross global Scope 1 emissions from refrigerants,0,0,0,0,1,0,0,0,0,0
FB-FR-110b.2,Percentage of refrigerants consumed with zero ozone-depleting potential,0,0,0,0,0,0,0,0,0,0
FB-FR-110b.3,Average refrigerant emissions rate,0,0,0,0,0,0,0,0,0,0
FB-FR-130a.1,"(1) Operational energy consumed, (2) percentage grid electricity, (3) percentage renewable",0,0,0,0,0,0,0,1,0,0
FB-FR-150a.1,"Amount of food waste generated, percentage diverted from the waste stream",0,0,0,0,0,0,1,0,0,0
FB-FR-230a.1,"(1) Number of data breaches, (2) percentage involving personally identifiable information (PII), (3) number of customers affected",1,0,0,0,0,0,0,0,0,0
FB-FR-250a.1,High-risk food safety violation rate,0,0,0,0,0,0,0,0,0,1
FB-FR-250a.2,"(1) Number of recalls, (2) number of units recalled, (3) percentage of units recalled that are private-label products",0,0,1,0,0,0,0,0,0,0
FB-FR-260a.1,Revenue from products labeled and/or marketed to promote health and nutrition attributes,0,0,0,0,0,0,0,0,0,0
FB-FR-270a.1,Number of incidents of non-compliance with industry or regulatory labeling and/or marketing codes,0,0,1,0,0,0,0,0,0,0
FB-FR-270a.2,Total amount of monetary losses as a result of legal proceedings associated with marketing and/or labeling practices,0,1,0,0,0,0,0,0,0,0
FB-FR-270a.3,Revenue from products labeled as (1) containing genetically modified organisms (GMOs) and (2) non-GMO,0,0,0,0,0,0,0,0,0,0
FB-FR-310a.1,"(1) Average hourly wage and (2) percentage of in-store and distribution center employees earning minimum wage, by region",0,0,0,0,0,0,0,0,0,0
FB-FR-310a.2,Percentage of active workforce covered under collective bargaining agreements,0,0,0,0,0,0,0,0,0,0
FB-FR-310a.3,(1) Number of work stoppages and (2) total days idle,0,0,0,1,0,0,0,0,0,0
FB-FR-310a.4,Total amount of monetary losses as a result of legal proceedings associated with: (1) labor law violations and (2) employment discrimination,0,1,0,0,0,0,0,0,0,0
FB-FR-430a.1,Revenue from products third-party certified to environmental or social sustainability sourcing standards,0,0,0,0,0,0,0,0,0,0
FB-FR-430a.2,Percentage of revenue from (1) eggs that originated from a cage-free environment and (2) pork produced without the use of gestation crates,0,0,0,0,0,0,0,0,0,0
RR-FM-160a.1,"Area of forestland certified to a third-party forest management standard, percentage certified to each standard",0,0,0,0,0,0,0,0,0,0
RR-FM-160a.2,Area of forestland with protected conservation status,0,0,0,0,0,0,0,0,0,0
RR-FM-160a.3,Area of forestland in endangered species habitat,0,0,0,0,0,0,0,0,0,0
RR-FM-210a.1,Area of forestland in indigenous land,0,0,0,0,0,0,0,0,0,0
RR-FC-130a.1,"(1) Total energy consumed, (2) percentage grid electricity, (3) percentage renewable",0,0,0,0,0,0,0,1,0,0
RR-FC-440a.1,Description of the management of risks associated with the use of critical materials,0,0,0,0,0,0,0,0,0,0
RR-FC-410a.1,"Average storage capacity of batteries, by product application and technology type",0,0,0,0,0,0,0,0,0,0
RR-FC-410a.2,"Average energy efficiency of fuel cells as (1) electrical efficiency and (2) thermal efficiency, by product application and technology type",0,0,0,0,0,0,0,0,0,0
RR-FC-410a.3,"Average battery efficiency as coulombic efficiency, by product application and technology type",0,0,0,0,0,0,0,0,0,0
RR-FC-410a.4,"Average operating lifetime of fuel cells, by product application and technology type",0,0,0,0,0,0,0,0,0,0
RR-FC-410a.5,"Average operating lifetime of batteries, by product application and technology type",0,0,0,0,0,0,0,0,0,0
RR-FC-410b.1,Percentage of products sold that are recyclable or reusable,0,0,0,0,0,0,0,0,0,0
RR-FC-410b.2,"Weight of end-of-life material recovered, percentage recycled",0,0,0,0,0,0,0,0,0,0
RR-FC-320a.1,(1) Total recordable incident rate (TRIR) and (2) fatality rate,0,0,0,1,0,0,0,0,0,0
IF-GU-240a.1,"Average retail gas rate for (1) residential, (2) commercial, (3) industrial customers, and (4) transportation services only",0,0,0,0,0,0,0,0,0,0
IF-GU-240a.2,Typical monthly gas bill for residential customers for (1) 50 MMBtu and (2) 100 MMBtu of gas delivered per year,0,0,0,0,0,0,0,0,0,0
IF-GU-240a.3,"Number of residential customer gas disconnections for non-payment, percentage reconnected within 30 days",0,0,0,0,0,0,0,0,0,0
IF-GU-420a.1,Percentage of gas utility revenues from rate structures that (1) are decoupled or (2) contain a lost revenue adjustment mechanism (LRAM),0,0,0,0,0,0,0,0,0,0
IF-GU-420a.2,Customer gas savings from efficiency measures by market,0,0,0,0,0,0,0,0,0,0
IF-GU-540a.1,"Number of (1) reportable pipeline incidents, (2) Corrective Action Orders (CAO), and (3) Notices of Probable Violation (NOPV)",0,0,1,0,0,0,0,0,0,0
IF-GU-540a.2,Percentage of distribution pipeline that is (1) cast and/or wrought iron and (2) unprotected steel,0,0,0,0,0,0,0,0,0,0
IF-GU-540a.3,Percentage of gas (1) transmission and (2) distribution pipelines inspected,0,0,0,0,0,0,0,0,0,0
TC-HW-330a.1,"Percentage of gender and racial/ethnic group representation for (1) management, (2) technical staff, and (3) all other employees",0,0,0,0,0,0,0,0,1,0
TC-HW-410a.1,Percentage of products by revenue that contain IEC 62474 declarable substances,0,0,0,0,0,0,0,0,0,0
TC-HW-410a.2,"Percentage of eligible products, by revenue, meeting the requirements for EPEAT registration or equivalent",0,0,0,0,0,0,0,0,0,0
TC-HW-410a.3,"Percentage of eligible products, by revenue, meeting ENERGY STAR® criteria",0,0,0,0,0,0,0,0,0,0
TC-HW-410a.4,"Weight of end-of-life products and e-waste recovered, percentage recycled",0,0,0,0,0,0,0,0,0,0
TC-HW-430a.1,"Percentage of Tier 1 supplier facilities audited in the RBA Validated Audit Process (VAP) or equivalent, by (a) all facilities and (b) high-risk facilities",0,0,0,0,0,0,0,0,0,0
TC-HW-430a.2,"Tier 1 suppliers’ (1) non-conformance rate with the RBA Validated Audit Process (VAP) or equivalent, and (2) associated corrective action rate for (a) priority non-conformances and (b) other non-conformances",0,0,0,0,0,0,0,0,0,0
HC-DY-130a.1,"(1) Total energy consumed, (2) percentage grid electricity, (3) percentage renewable",0,0,0,0,0,0,0,1,0,0
HC-DY-150a.1,"Total amount of medical waste, percentage (a) incinerated, (b) recycled or treated, and (c) landfilled",0,0,0,0,0,0,1,0,0,0
HC-DY-150a.2,"Total amount of: (1) hazardous and (2) non-hazardous pharmaceutical waste, percentage (a) incinerated, (b) recycled or treated, and (c) landfilled",0,0,0,0,0,0,1,0,0,0
HC-DY-230a.1,"Percentage of patient records that are Electronic Health Records (EHR) that meet ""meaningful use"" requirements",0,0,0,0,0,0,0,0,0,0
HC-DY-230a.3,"(1) Number of data breaches, (2) percentage involving (a) personally identifiable information (PII) only and (b) protected health information (PHI), (3) number of customers affected in each category, (a) PII only and (b) PHI",1,0,0,0,0,0,0,0,0,0
HC-DY-230a.4,Total amount of monetary losses as a result of legal proceedings associated with data security and privacy,0,1,0,0,0,0,0,0,0,0
HC-DY-240a.2,Amount of Medicare Disproportionate Share Hospital (DSH) adjustment payments received,0,0,0,0,0,0,0,0,0,0
HC-DY-250a.1,"Average Hospital Value-Based Purchasing Total Performance Score and domain score, across all facilities",0,0,0,0,0,0,0,0,0,0
HC-DY-250a.2,Number of Serious Reportable Events (SREs) as defined by the National Quality Forum (NQF),0,0,0,0,0,0,0,0,0,0
HC-DY-250a.3,Hospital-Acquired Condition (HAC) Score per hospital,0,0,0,0,0,0,0,0,0,0
HC-DY-250a.4,Excess readmission ratio per hospital,0,0,0,0,0,0,0,0,0,0
HC-DY-250a.5,Magnitude of readmissions payment adjustment as part of the Hospital Readmissions Reduction Program (HRRP),0,0,0,0,0,0,0,0,0,0
HC-DY-260a.2,Percentage of controlled substance prescriptions written for which a prescription drug monitoring program (PDMP) database was queried,0,0,0,0,0,0,0,0,0,0
HC-DY-270a.3,"Number of the entity’s 25 most common services for which pricing information is publicly available, percentage of total services performed (by volume) that these represent",0,0,0,0,0,0,0,0,0,0
HC-DY-320a.1,"(1) Total recordable incident rate (TRIR) and (2) days away, restricted, or transferred (DART) rate",0,0,0,1,0,0,0,0,0,0
HC-DY-330a.1,"(1) Voluntary and (2) involuntary turnover rate for: (a) physicians, (b) non-physician health care practitioners, and (c) all other employees",0,0,0,0,0,0,0,0,0,0
HC-DY-450a.2,Percentage of health care facilities that comply with the Centers for Medicare and Medicaid Services (CMS) Emergency Preparedness Rule,0,0,0,0,0,0,0,0,0,0
HC-DY-510a.1,Total amount of monetary losses as a result of legal proceedings associated with Medicare and Medicaid fraud under the False Claims Act,0,1,0,0,0,0,0,0,0,0
HC-DI-110a.1,Payload fuel economy,0,0,0,0,0,0,0,0,0,0
HC-DI-250a.1,Total amount of monetary losses as a result of legal proceedings associated with product safety,0,1,0,0,0,0,0,0,0,1
HC-DI-410a.2,"Amount (by weight) of products accepted for take-back and reused, recycled, or donated",0,0,0,0,0,0,0,0,0,0
HC-DI-510a.2,"Total amount of monetary losses as a result of legal proceedings associated with bribery, corruption, or other unethical business practices",0,1,0,0,0,0,0,0,0,0
IF-HB-160a.1,Number of (1) lots and (2) homes delivered on redevelopment sites,0,0,0,0,0,0,0,0,0,0
IF-HB-160a.2,Number of (1) lots and (2) homes delivered in regions with High or Extremely High Baseline Water Stress,0,0,0,0,0,1,0,0,0,0
IF-HB-160a.3,Total amount of monetary losses as a result of legal proceedings associated with environmental regulations,0,1,0,0,0,0,0,0,0,0
IF-HB-320a.1,(1) Total recordable incident rate (TRIR) and (2) fatality rate for (a) direct employees and (b) contract employees,0,0,0,1,0,0,0,0,0,0
IF-HB-410a.1,(1) Number of homes that obtained a certified HERS® Index Score and (2) average score,0,0,0,0,0,0,0,0,0,0
IF-HB-410a.2,Percentage of installed water fixtures certified to WaterSense® specifications,0,0,0,0,0,0,0,0,0,0
IF-HB-410a.3,Number of homes delivered certified to a third-party multi-attribute green building standard,0,0,0,0,0,0,0,0,0,0
IF-HB-410b.2,Number of (1) lots and (2) homes delivered on infill sites,0,0,0,0,0,0,0,0,0,0
IF-HB-410b.3,(1) Number of homes delivered in compact developments and (2) average density,0,0,0,0,0,0,0,0,0,0
IF-HB-420a.1,Number of lots located in 100-year flood zones,0,0,0,0,0,0,0,0,0,0
SV-HL-130a.1,"(1) Total energy consumed, (2) percentage grid electricity, (3) percentage renewable",0,0,0,0,0,0,0,1,0,0
SV-HL-140a.1,"(1) Total water withdrawn, (2) total water consumed, percentage of each in regions with High or Extremely High Baseline Water Stress",0,0,0,0,0,1,0,0,0,0
SV-HL-160a.1,Number of lodging facilities located in or near areas of protected conservation status or endangered species habitat,0,0,0,0,0,0,0,0,0,0
SV-HL-310a.1,(1) Voluntary and (2) involuntary turnover rate for lodging facility employees,0,0,0,0,0,0,0,0,0,0
SV-HL-310a.2,Total amount of monetary losses as a result of legal proceedings associated with labor law violations,0,1,0,0,0,0,0,0,0,0
SV-HL-310a.3,"(1) Average hourly wage and (2) percentage of lodging facility employees earning minimum wage, by region",0,0,0,0,0,0,0,0,0,0
SV-HL-450a.1,Number of lodging facilities located in 100-year flood zones,0,0,0,0,0,0,0,0,0,0
CG-HP-140a.1,"(1) Total water withdrawn, (2) total water consumed, percentage of each in regions with High or Extremely High Baseline Water Stress",0,0,0,0,0,1,0,0,0,0
CG-HP-250a.1,Revenue from products that contain REACH substances of very high concern (SVHC),0,0,0,0,0,0,0,0,0,0
CG-HP-250a.2,Revenue from products that contain substances on the California DTSC Candidate Chemicals List,0,0,0,0,0,0,0,0,0,0
CG-HP-250a.4,Revenue from products designed with green chemistry principles,0,0,0,0,0,0,0,0,0,0
CG-HP-410a.1,"(1) Total weight of packaging, (2) percentage made from recycled and/or renewable materials, and (3) percentage that is recyclable, reusable, and/or compostable",0,0,0,0,0,0,0,0,0,0
CG-HP-430a.1,"Amount of palm oil sourced, percentage certified through the Roundtable on Sustainable Palm Oil (RSPO) supply chains as (a) Identity Preserved, (b) Segregated, (c) Mass Balance, or (d) Book & Claim",0,0,0,0,0,0,0,0,0,0
RT-IG-130a.1,"(1) Total energy consumed, (2) percentage grid electricity, (3) percentage renewable",0,0,0,0,0,0,0,1,0,0
RT-IG-320a.1,"(1) Total recordable incident rate (TRIR), (2) fatality rate, and (3) near miss frequency rate (NMFR)",0,0,0,1,0,0,0,0,0,0
RT-IG-410a.1,Sales-weighted fleet fuel efficiency for medium- and heavy-duty vehicles,0,0,0,0,0,0,0,0,0,0
RT-IG-410a.2,Sales-weighted fuel efficiency for non-road equipment,0,0,0,0,0,0,0,0,0,0
RT-IG-410a.3,Sales-weighted fuel efficiency for stationary generators,0,0,0,0,0,0,0,0,0,0
RT-IG-410a.4,"Sales-weighted emissions of: (1) nitrogen oxides (NOx) and (2) particulate matter (PM) for: (a) marine diesel engines, (b) locomotive diesel engines, (c) on-road medium- and heavy-duty engines, and (d) other non-road diesel engines",0,0,0,0,1,0,0,0,0,0
RT-IG-440b.1,Revenue from remanufactured products and remanufacturing services,0,0,0,0,0,0,0,0,0,0
FN-IN-270a.1,Total amount of monetary losses as a result of legal proceedings associated with marketing and communication of insurance product-related information to new and returning customers,0,1,0,0,0,0,0,0,0,0
FN-IN-270a.2,Complaints-to-claims ratio,0,0,0,0,0,0,0,0,0,0
FN-IN-270a.3,Customer retention rate,0,0,0,0,0,0,0,0,0,0
FN-IN-410a.1,"Total invested assets, by industry and asset class",0,0,0,0,0,0,0,0,0,0
FN-IN-410b.1,Net premiums written related to energy efficiency and low carbon technology,0,0,0,0,0,0,0,0,0,0
FN-IN-450a.1,Probable Maximum Loss (PML) of insured products from weather-related natural catastrophes,0,0,0,0,0,0,0,0,0,0
FN-IN-450a.2,"Total amount of monetary losses attributable to insurance payouts from (1) modeled natural catastrophes and (2) non-modeled natural catastrophes, by type of event and geographic segment (net and gross of reinsurance)",0,1,0,0,0,0,0,0,0,0
FN-IN-550a.1,"Exposure to derivative instruments by category: (1) total potential exposure to non-centrally cleared derivatives, (2) total fair value of acceptable collateral posted with the Central Clearinghouse, and (3) total potential exposure to centrally cleared derivatives",0,0,0,0,0,0,0,0,0,0
FN-IN-550a.2,Total fair value of securities lending collateral assets,0,0,0,0,0,0,0,0,0,0
TC-IM-130a.1,"(1) Total energy consumed, (2) percentage grid electricity, (3) percentage renewable",0,0,0,0,0,0,0,1,0,0
TC-IM-130a.2,"(1) Total water withdrawn, (2) total water consumed, percentage of each in regions with High or Extremely High Baseline Water Stress",0,0,0,0,0,1,0,0,0,0
TC-IM-220a.2,Number of users whose information is used for secondary purposes,0,0,0,0,0,0,0,0,0,0
TC-IM-220a.3,Total amount of monetary losses as a result of legal proceedings associated with user privacy,0,1,0,0,0,0,0,0,0,0
TC-IM-220a.4,"(1) Number of law enforcement requests for user information, (2) number of users whose information was requested, (3) percentage resulting in disclosure",0,0,0,0,0,0,0,0,0,0
TC-IM-220a.6,"Number of government requests to remove content, percentage compliance with requests",0,0,0,0,0,0,0,0,0,0
TC-IM-230a.1,"(1) Number of data breaches, (2) percentage involving personally identifiable information (PII), (3) number of users affected",1,0,0,0,0,0,0,0,0,0
TC-IM-330a.1,Percentage of employees that are foreign nationals,0,0,0,0,0,0,0,0,0,0
TC-IM-330a.2,Employee engagement as a percentage,0,0,0,0,0,0,0,0,0,0
TC-IM-330a.3,"Percentage of gender and racial/ethnic group representation for (1) management, (2) technical staff, and (3) all other employees",0,0,0,0,0,0,0,0,1,0
TC-IM-520a.1,Total amount of monetary losses as a result of legal proceedings associated with anti-competitive behavior regulations,0,1,0,0,0,0,0,0,0,0
FN-IB-330a.1,"Percentage of gender and racial/ethnic group representation for (1) executive management, (2) non-executive management, (3) professionals, and (4) all other employees",0,0,0,0,0,0,0,0,1,0
FN-IB-410a.1,"Revenue from (1) underwriting, (2) advisory, and (3) securitization transactions incorporating integration of environmental, social, and governance (ESG) factors, by industry",0,0,0,0,0,0,0,0,0,0
FN-IB-410a.2,"(1) Number and (2) total value of investments and loans incorporating integration of environmental, social, and governance (ESG) factors, by industry",0,0,0,0,0,0,0,0,0,0
FN-IB-510a.1,"Total amount of monetary losses as a result of legal proceedings associated with fraud, insider trading, anti-trust, anti-competitive behavior, market manipulation, malpractice, or other related financial industry laws or regulations",0,1,0,0,0,0,0,0,0,0
FN-IB-510b.1,"(1) Number and (2) percentage of covered employees with a record of investment-related investigations, consumer-initiated complaints, private civil litigations, or other regulatory proceedings",0,0,0,0,0,0,0,0,0,0
FN-IB-510b.2,"Number of mediation and arbitration cases associated with professional integrity, including duty of care, by party",0,0,0,0,0,0,0,0,0,0
FN-IB-510b.3,"Total amount of monetary losses as a result of legal proceedings associated with professional integrity, including duty of care",0,1,0,0,0,0,0,0,0,0
FN-IB-550a.1,"Global Systemically Important Bank (G-SIB) score, by category",0,0,0,0,0,0,0,0,0,0
FN-IB-550b.1,Percentage of total remuneration that is variable for Material Risk Takers (MRTs),0,0,0,0,0,0,0,0,0,0
FN-IB-550b.2,Percentage of variable remuneration of Material Risk Takers (MRTs) to which malus or clawback provisions were applied,0,0,0,0,0,0,0,0,0,0
EM-IS-110a.1,"Gross global Scope 1 emissions, percentage covered under emissions-limiting regulations",0,0,0,0,1,0,0,0,0,0
EM-IS-120a.1,"Air emissions of the following pollutants: (1) CO, (2) NOx (excluding N2O), (3) SOx, (4) particulate matter (PM10), (5) manganese (MnO), (6) lead (Pb), (7) volatile organic compounds (VOCs), and (8) polycyclic aromatic hydrocarbons (PAHs)",0,0,0,0,1,0,0,0,0,0
EM-IS-130a.1,"(1) Total energy consumed, (2) percentage grid electricity, (3) percentage renewable",0,0,0,0,0,0,0,1,0,0
EM-IS-130a.2,"(1) Total fuel consumed, (2) percentage coal, (3) percentage natural gas, (4) percentage renewable",0,0,0,0,0,0,0,1,0,0
EM-IS-140a.1,"(1) Total fresh water withdrawn, (2) percentage recycled, (3) percentage in regions with High or Extremely High Baseline Water Stress",0,0,0,0,0,1,0,0,0,0
EM-IS-150a.1,"Amount of waste generated, percentage hazardous, percentage recycled",0,0,0,0,0,0,1,0,0,0
EM-IS-320a.1,"(1) Total recordable incident rate (TRIR), (2) fatality rate, and (3) near miss frequency rate (NMFR) for (a) full-time employees and (b) contract employees",0,0,0,1,0,0,0,0,0,0
SV-LF-130a.1,"(1) Total energy consumed, (2) percentage grid electricity, (3) percentage renewable",0,0,0,0,0,0,0,1,0,0
SV-LF-250a.1,(1) Fatality rate and (2) injury rate for customers,0,0,0,1,0,0,0,0,0,0
SV-LF-250a.2,"Percentage of facilities inspected for safety, percentage of facilities that failed inspection",0,0,0,0,0,0,0,0,0,0
SV-LF-320a.1,(1) Total recordable incident rate (TRIR) and (2) near miss frequency rate (NMFR) for (a) permanent employees and (b) seasonal employees,0,0,0,1,0,0,0,0,0,0
HC-MC-230a.2,"(1) Number of data breaches, (2) percentage involving (a) personally identifiable information (PII) only and (b) protected health information (PHI), (3) number of customers affected in each category, (a) PII only and (b) PHI",1,0,0,0,0,0,0,0,0,0
HC-MC-230a.3,Total amount of monetary losses as a result of legal proceedings associated with data security and privacy,0,1,0,0,0,0,0,0,0,0
HC-MC-240a.1,Medical Loss Ratio (MLR),0,0,0,0,0,0,0,0,0,0
HC-MC-240a.2,Total amount of rebates accrued and paid due to non-compliance with the Patient Protection and Affordable Care Act for Medical Loss Ratio (MLR)   ,0,0,1,0,0,0,0,0,0,0
HC-MC-240a.3,Percentage of proposed rate increases receiving “not unreasonable” designation from Health and Human Services (HHS) review or state review,0,0,0,0,0,0,0,0,0,0
HC-MC-250a.1,"Average Medicare Advantage plan rating for each of the following plan types: (1) HMO, (2) local PPO, (3) regional PPO, (4) PFFS, and (5) SNP",0,0,0,0,0,0,0,0,0,0
HC-MC-250a.2,"Enrollee retention rate by plan type, including: (1) HMO, (2) local PPO, (3) regional PPO, (4) PFFS, and (5) SNP",0,0,0,0,0,0,0,0,0,0
HC-MC-250a.3,Percentage of claims denied that were appealed by customers and ultimately reversed,0,0,0,0,0,0,0,0,0,0
HC-MC-250a.4,Plan enrollee grievance rate,0,0,0,0,0,0,0,0,0,0
HC-MC-260a.1,"Percentage of enrollees in wellness programs by type: (1) diet and nutrition, (2) exercise, (3) stress management, (4) mental health, (5) smoking or alcohol cessation, or (6) other",0,0,0,0,0,0,0,0,0,0
HC-MC-260a.2,"Total coverage for preventive health services with no cost sharing for the enrollees, total coverage for preventive health services requiring cost-sharing by the enrollee, percentage of enrollees receiving Initial Preventive Physical Examinations (IPEE) or Annual Wellness Visits (AWV)",0,0,0,0,0,0,0,0,0,0
HC-MC-260a.3,Number of customers receiving care from Accountable Care Organizations or enrolled in Patient-Centered Medical Home programs,0,0,0,0,0,0,0,0,0,0
TR-MT-110a.1,Gross global Scope 1 emissions,0,0,0,0,1,0,0,0,0,0
TR-MT-110a.3,"(1) Total energy consumed, (2) percentage heavy fuel oil, (3) percentage renewable",0,0,0,0,0,0,0,1,0,0
TR-MT-110a.4,Average Energy Efficiency Design Index (EEDI) for new ships,0,0,0,0,0,0,0,0,0,0
TR-MT-120a.1,"Air emissions of the following pollutants: (1) NOx (excluding N2O), (2) SOx, and (3) particulate matter (PM10)",0,0,0,0,1,0,0,0,0,0
TR-MT-160a.1,Shipping duration in marine protected areas or areas of protected conservation status,0,0,0,0,0,0,0,0,0,0
TR-MT-160a.2,Percentage of fleet implementing ballast water (1) exchange and (2) treatment,0,0,0,0,0,0,0,0,0,0
TR-MT-160a.3,(1) Number and (2) aggregate volume of spills and releases to the environment,0,0,0,0,0,0,0,0,0,0
TR-MT-320a.1,Lost time incident rate (LTIR),0,0,0,1,0,0,0,0,0,0
TR-MT-510a.1,Number of calls at ports in countries that have the 20 lowest rankings in Transparency International’s Corruption Perception Index,0,0,0,0,0,0,0,0,0,0
TR-MT-510a.2,Total amount of monetary losses as a result of legal proceedings associated with bribery or corruption,0,1,0,0,0,0,0,0,0,0
TR-MT-540a.1,"Number of marine casualties, percentage classified as very serious",0,0,0,0,0,0,0,0,0,0
TR-MT-540a.2,Number of Conditions of Class or Recommendations,0,0,0,0,0,0,0,0,0,0
TR-MT-540a.3,Number of port state control (1) deficiencies and (2) detentions,0,0,0,0,0,0,0,0,0,0
FB-MP-110a.1,Gross global Scope 1 emissions,0,0,0,0,1,0,0,0,0,0
FB-MP-130a.1,"(1) Total energy consumed, (2) percentage grid electricity, (3) percentage renewable",0,0,0,0,0,0,0,1,0,0
FB-MP-140a.1,"(1) Total water withdrawn, (2) total water consumed, percentage of each in regions with High or Extremely High Baseline Water Stress",0,0,0,0,0,1,0,0,0,0
FB-MP-140a.3,"Number of incidents of non-compliance with water quality permits, standards, and regulations",0,0,1,0,0,0,0,0,0,0
FB-MP-160a.1,"Amount of animal litter and manure generated, percentage managed according to a nutrient management plan",0,0,0,0,0,0,0,0,0,0
FB-MP-160a.2,Percentage of pasture and grazing land managed to Natural Resources Conservation Service (NRCS) conservation plan criteria,0,0,0,0,0,0,0,0,0,0
FB-MP-160a.3,Animal protein production from concentrated animal feeding operations (CAFOs),0,0,0,0,0,0,0,0,0,0
FB-MP-250a.1,Global Food Safety Initiative (GFSI) audit (1) non-conformance rate and (2) associated corrective action rate for (a) major and (b) minor non-conformances,0,0,0,0,0,0,0,0,0,1
FB-MP-250a.2,Percentage of supplier facilities certified to a Global Food Safety Initiative (GFSI) food safety certification program,0,0,0,0,0,0,0,0,0,1
FB-MP-250a.3,(1) Number of recalls issued and (2) total weight of products recalled,0,0,1,0,0,0,0,0,0,0
FB-MP-260a.1,"Percentage of animal production that received (1) medically important antibiotics and (2) not medically important antibiotics, by animal type",0,0,0,0,0,0,0,0,0,0
FB-MP-320a.1,(1) Total recordable incident rate (TRIR) and (2) fatality rate,0,0,0,1,0,0,0,0,0,0
FB-MP-410a.1,Percentage of pork produced without the use of gestation crates,0,0,0,0,0,0,0,0,0,0
FB-MP-410a.2,Percentage of cage-free shell egg sales,0,0,0,0,0,0,0,0,0,0
FB-MP-410a.3,Percentage of production certified to a third-party animal welfare standard,0,0,0,0,0,0,0,0,0,0
FB-MP-430a.1,Percentage of livestock from suppliers implementing the Natural Resources Conservation Service (NRCS) conservation plan criteria or the equivalent,0,0,0,0,0,0,0,0,0,0
FB-MP-430a.2,Percentage of supplier and contract production facilities verified to meet animal welfare standards,0,0,0,0,0,0,0,0,0,0
FB-MP-440a.1,Percentage of animal feed sourced from regions with High or Extremely High Baseline Water Stress,0,0,0,0,0,1,0,0,0,0
FB-MP-440a.2,Percentage of contracts with producers located in regions with High or Extremely High Baseline Water Stress,0,0,0,0,0,1,0,0,0,0
SV-ME-260a.1,"Percentage of gender and racial/ethnic group representation for (1) management, (2) professionals, and (3) all other employees",0,0,0,0,0,0,0,0,1,0
SV-ME-270a.1,Total amount of monetary losses as a result of legal proceedings associated with libel or slander,0,1,0,0,0,0,0,0,0,0
SV-ME-270a.2,Revenue from embedded advertising,0,0,0,0,0,0,0,0,0,0
HC-MS-240a.1,Ratio of weighted average rate of net price increases (for all products) to the annual increase in the U.S. Consumer Price Index,0,0,0,0,0,0,0,0,0,0
HC-MS-250a.1,"Number of recalls issued, total units recalled",0,0,1,0,0,0,0,0,0,0
HC-MS-250a.2,List of products listed in the FDA’s MedWatch Safety Alerts for Human Medical Products database,0,0,0,0,0,0,0,0,0,0
HC-MS-250a.3,Number of fatalities related to products as reported in the FDA Manufacturer and User Facility Device Experiencedatabase,0,0,0,1,0,0,0,0,0,0
HC-MS-250a.4,"Number of FDA enforcement actions taken in response to violations of current Good Manufacturing Practices (cGMP), by type",0,0,0,0,0,0,0,0,0,0
HC-MS-270a.1,Total amount of monetary losses as a result of legal proceedings associated with false marketing claims,0,1,0,0,0,0,0,0,0,0
HC-MS-410a.1,"Discussion of process to assess and manage environmental and human health considerations associated with chemicals in products, and meet demand for sustainable products",0,0,0,0,0,0,0,0,0,0
HC-MS-410a.2,"Total amount of products accepted for take-back and reused, recycled, or donated, broken down by: (1) devices and equipment and (2) supplies",0,0,0,0,0,0,0,0,0,0
HC-MS-430a.1,Percentage of (1) entity's facilities and (2) Tier I suppliers' facilities participating in third-party audit programs for manufacturing and product quality,0,0,0,0,0,0,0,0,0,1
HC-MS-430a.2,Description of efforts to maintain traceability within the distribution chain,0,0,0,0,0,0,0,0,0,0
HC-MS-510a.1,Total amount of monetary losses as a result of legal proceedings associated with bribery or corruption,0,1,0,0,0,0,0,0,0,0
EM-MM-110a.1,"Gross global Scope 1 emissions, percentage covered under emissions-limiting regulations",0,0,0,0,1,0,0,0,0,0
EM-MM-120a.1,"Air emissions of the following pollutants: (1) CO, (2) NOx (excluding N2O), (3) SOx, (4) particulate matter (PM10), (5) mercury (Hg), (6) lead (Pb), and (7) volatile organic compounds (VOCs)",0,0,0,0,1,0,0,0,0,0
EM-MM-130a.1,"(1) Total energy consumed, (2) percentage grid electricity, (3) percentage renewable",0,0,0,0,0,0,0,1,0,0
EM-MM-140a.1,"(1) Total fresh water withdrawn, (2) total fresh water consumed, percentage of each in regions with High or Extremely High Baseline Water Stress",0,0,0,0,0,1,0,0,0,0
EM-MM-140a.2,"Number of incidents of non-compliance associated with water quality permits, standards, and regulations",0,0,1,0,0,0,0,0,0,0
EM-MM-150a.10,Description of waste and hazardous materials management policies and procedures for active and inactive operations,0,0,0,0,0,0,0,0,0,0
EM-MM-150a.4,Total weight of non-mineral waste generated,0,0,0,0,0,0,1,0,0,0
EM-MM-150a.5,Total weight of tailings produced,0,0,0,0,0,0,0,0,0,0
EM-MM-150a.6,Total weight of waste rock generated,0,0,0,0,0,0,0,0,0,0
EM-MM-150a.7,Total weight of hazardous waste generated,0,0,0,0,0,0,1,0,0,0
EM-MM-150a.8,Total weight of hazardous waste recycled,0,0,0,0,0,0,1,0,0,0
EM-MM-150a.9,Number of significant incidents associated with hazardous materials and waste management,0,0,0,0,0,0,1,0,0,0
EM-MM-160a.2,"Percentage of mine sites where acid rock drainage is: (1) predicted to occur, (2) actively mitigated, and (3) under treatment or remediation",0,0,0,0,0,0,0,0,0,0
EM-MM-160a.3,Percentage of (1) proved and (2) probable reserves in or near sites with protected conservation status or endangered species habitat,0,0,0,0,0,0,0,0,0,0
EM-MM-210a.1,Percentage of (1) proved and (2) probable reserves in or near areas of conflict,0,0,0,0,0,0,0,0,0,0
EM-MM-210a.2,Percentage of (1) proved and (2) probable reserves in or near indigenous land,0,0,0,0,0,0,0,0,0,0
EM-MM-210b.2,Number and duration of non-technical delays,0,0,0,0,0,0,0,0,0,0
EM-MM-310a.1,"Percentage of active workforce covered under collective bargaining agreements, broken down by U.S. and foreign employees",0,0,0,0,0,0,0,0,0,0
EM-MM-310a.2,Number and duration of strikes and lockouts,0,0,0,0,0,0,0,0,0,0
EM-MM-320a.1,"(1) MSHA all-incidence rate, (2) fatality rate, (3) near miss frequency rate (NMFR) and (4) average hours of health, safety, and emergency response training for (a) full-time employees and (b) contract employees",0,0,0,1,0,0,0,0,0,0
EM-MM-510a.2,Production in countries that have the 20 lowest rankings in Transparency International’s Corruption Perception Index,0,0,0,0,0,0,0,0,0,0
EM-MM-540a.1,"Tailings storage facility inventory table: (1) facility name, (2) location, (3) ownership status, (4) operational status, (5) construction method, (6) maximum permitted storage capacity, (7) current amount of tailings stored, (8) consequence classification, (9) date of most recent independent technical review, (10) material findings, (11) mitigation measures, (12) site-specific EPRP",0,0,0,0,0,0,0,0,0,0
FN-MF-270a.1,"(1) Number and (2) value of residential mortgages of the following types: (a) Hybrid or Option Adjustable-rate Mortgages (ARM), (b) Prepayment Penalty, (c) Higher Rate, (d) Total, by FICO scores above or below 660",0,0,0,0,0,0,0,0,0,0
FN-MF-270a.2,"(1) Number and (2) value of (a) residential mortgage modifications, (b) foreclosures, and (c) short sales or deeds in lieu of foreclosure, by FICO scores above and below 660",0,0,0,0,0,0,0,0,0,0
FN-MF-270a.3,Total amount of monetary losses as a result of legal proceedings associated with communications to customers or remuneration of loan originators,0,1,0,0,0,0,0,0,0,0
FN-MF-270b.1,"(1) Number, (2) value, and (3) weighted average Loan-to-Value (LTV) ratio of mortgages issued to (a) minority and (b) all other borrowers, by FICO scores above and below 660",0,0,0,0,0,0,0,0,0,0
FN-MF-270b.2,Total amount of monetary losses as a result of legal proceedings associated with discriminatory mortgage lending,0,1,0,0,0,0,0,0,0,0
FN-MF-450a.1,(1) Number and (2) value of mortgage loans in 100-year flood zones,0,0,0,0,0,0,0,0,0,0
FN-MF-450a.2,"(1) Total expected loss and (2) Loss Given Default (LGD) attributable to mortgage loan default and delinquency due to weather-related natural catastrophes, by geographic region",0,0,0,0,0,0,0,0,0,0
CG-MR-130a.1,"(1) Total energy consumed, (2) percentage grid electricity, (3) percentage renewable",0,0,0,0,0,0,0,1,0,0
CG-MR-230a.2,"(1) Number of data breaches, (2) percentage involving personally identifiable information (PII), (3) number of customers affected",1,0,0,0,0,0,0,0,0,0
CG-MR-310a.1,"(1) Average hourly wage and (2) percentage of in-store employees earning minimum wage, by region",0,0,0,0,0,0,0,0,0,0
CG-MR-310a.2,(1) Voluntary and (2) involuntary turnover rate for in-store employees,0,0,0,0,0,0,0,0,0,0
CG-MR-310a.3,Total amount of monetary losses as a result of legal proceedings associated with labor law violations,0,1,0,0,0,0,0,0,0,0
CG-MR-330a.1,Percentage of gender and racial/ethnic group representation for (1) management and (2) all other employees,0,0,0,0,0,0,0,0,1,0
CG-MR-330a.2,Total amount of monetary losses as a result of legal proceedings associated with employment discrimination,0,1,0,0,0,0,0,0,0,0
CG-MR-410a.1,Revenue from products third-party certified to environmental and/or social sustainability standards,0,0,0,0,0,0,0,0,0,0
FB-NB-110a.1,"Fleet fuel consumed, percentage renewable",0,0,0,0,0,0,0,1,0,0
FB-NB-130a.1,"(1) Operational energy consumed, (2) percentage grid electricity, (3) percentage renewable",0,0,0,0,0,0,0,1,0,0
FB-NB-140a.1,"(1) Total water withdrawn, (2) total water consumed, percentage of each in regions with High or Extremely High Baseline Water Stress",0,0,0,0,0,1,0,0,0,0
FB-NB-260a.1,"Revenue from (1) zero- and low-calorie, (2) no-added-sugar, and (3) artificially sweetened beverages",0,0,0,0,0,0,0,0,0,0
FB-NB-270a.1,Percentage of advertising impressions (1) made on children and (2) made on children promoting products that meet dietary guidelines,0,0,0,0,0,0,0,0,0,0
FB-NB-270a.2,Revenue from products labeled as (1) containing genetically modified organisms (GMOs) and (2) non-GMO,0,0,0,0,0,0,0,0,0,0
FB-NB-270a.3,Number of incidents of non-compliance with industry or regulatory labeling and/or marketing codes,0,0,1,0,0,0,0,0,0,0
FB-NB-270a.4,Total amount of monetary losses as a result of legal proceedings associated with marketing and/or labeling practices,0,1,0,0,0,0,0,0,0,0
FB-NB-410a.1,"(1) Total weight of packaging, (2) percentage made from recycled and/or renewable materials, and (3) percentage that is recyclable, reusable, and/or compostable",0,0,0,0,0,0,0,0,0,0
FB-NB-430a.1,Suppliers’ social and environmental responsibility audit (1) non-conformance rate and (2) associated corrective action rate for (a) major and (b) minor non-conformances,0,0,0,0,0,0,0,0,0,0
FB-NB-440a.1,Percentage of beverage ingredients sourced from regions with High or Extremely High Baseline Water Stress,0,0,0,0,0,1,0,0,0,0
EM-EP-110a.1,"Gross global Scope 1 emissions, percentage methane, percentage covered under emissions-limiting regulations",0,0,0,0,1,0,0,0,0,0
EM-EP-110a.2,"Amount of gross global Scope 1 emissions from: (1) flared hydrocarbons, (2) other combustion, (3) process emissions, (4) other vented emissions, and (5) fugitive emissions",0,0,0,0,1,0,0,0,0,0
EM-EP-120a.1,"Air emissions of the following pollutants: (1) NOx (excluding N2O), (2) SOx, (3) volatile organic compounds (VOCs), and (4) particulate matter (PM10)",0,0,0,0,1,0,0,0,0,0
EM-EP-140a.1,"(1) Total fresh water withdrawn, (2) total fresh water consumed, percentage of each in regions with High or Extremely High Baseline Water Stress",0,0,0,0,0,1,0,0,0,0
EM-EP-140a.2,"Volume of produced water and flowback generated; percentage (1) discharged, (2) injected, (3) recycled; hydrocarbon content in discharged water",0,0,0,0,0,0,0,0,0,0
EM-EP-140a.3,Percentage of hydraulically fractured wells for which there is public disclosure of all fracturing fluid chemicals used,0,0,0,0,0,0,0,0,0,0
EM-EP-140a.4,Percentage of hydraulic fracturing sites where ground or surface water quality deteriorated compared to a baseline,0,0,0,0,0,0,0,0,0,0
EM-EP-160a.2,"Number and aggregate volume of hydrocarbon spills, volume in Arctic, volume impacting shorelines with ESI rankings 8-10, and volume recovered",0,0,0,0,0,0,0,0,0,0
EM-EP-160a.3,Percentage of (1) proved and (2) probable reserves in or near sites with protected conservation status or endangered species habitat,0,0,0,0,0,0,0,0,0,0
EM-EP-210a.1,Percentage of (1) proved and (2) probable reserves in or near areas of conflict,0,0,0,0,0,0,0,0,0,0
EM-EP-210a.2,Percentage of (1) proved and (2) probable reserves in or near indigenous land,0,0,0,0,0,0,0,0,0,0
EM-EP-210b.2,Number and duration of non-technical delays,0,0,0,0,0,0,0,0,0,0
EM-EP-320a.1,"(1) Total recordable incident rate (TRIR), (2) fatality rate, (3) near miss frequency rate (NMFR), and (4) average hours of health, safety, and emergency response training for (a) full-time employees, (b) contract employees, and (c) short-service employees",0,0,0,1,0,0,0,0,0,0
EM-EP-420a.1,Sensitivity of hydrocarbon reserve levels to future price projection scenarios that account for a price on carbon emissions,0,0,0,0,1,0,0,0,0,0
EM-EP-420a.2,Estimated carbon dioxide emissions embedded in proved hydrocarbon reserves,0,0,0,0,0,0,0,0,0,0
EM-EP-420a.3,"Amount invested in renewable energy, revenue generated by renewable energy sales",0,0,0,0,0,0,0,1,0,0
EM-EP-510a.1,Percentage of (1) proved and (2) probable reserves in countries that have the 20 lowest rankings in Transparency International’s Corruption Perception Index,0,0,0,0,0,0,0,0,0,0
EM-EP-540a.1,Process Safety Event (PSE) rates for Loss of Primary Containment (LOPC) of greater consequence (Tier 1),0,0,0,0,0,0,0,0,0,0
EM-MD-110a.1,"Gross global Scope 1 emissions, percentage methane, percentage covered under emissions-limiting regulations",0,0,0,0,1,0,0,0,0,0
EM-MD-120a.1,"Air emissions of the following pollutants: (1) NOx (excluding N2O), (2) SOx, (3) volatile organic compounds (VOCs), and (4) particulate matter (PM10)",0,0,0,0,1,0,0,0,0,0
EM-MD-160a.2,"Percentage of land owned, leased, and/or operated within areas of protected conservation status or endangered species habitat",0,0,0,0,0,0,0,0,0,0
EM-MD-160a.3,"Terrestrial acreage disturbed, percentage of impacted area restored",0,0,0,0,0,0,0,0,0,0
EM-MD-160a.4,"Number and aggregate volume of hydrocarbon spills, volume in Arctic, volume in Unusually Sensitive Areas (USAs), and volume recovered",0,0,0,0,0,0,0,0,0,0
EM-MD-520a.1,Total amount of monetary losses as a result of legal proceedings associated with federal pipeline and storage regulations,0,1,0,0,0,0,0,0,0,0
EM-MD-540a.1,"Number of reportable pipeline incidents, percentage significant",0,0,1,0,0,0,0,0,0,0
EM-MD-540a.2,Percentage of (1) natural gas and (2) hazardous liquid pipelines inspected,0,0,0,0,0,0,0,0,0,0
EM-MD-540a.3,Number of (1) accident releases and (2) non-accident releases (NARs) from rail transportation,0,0,0,0,0,0,0,0,0,0
EM-RM-110a.1,"Gross global Scope 1 emissions, percentage covered under emissions-limiting regulations",0,0,0,0,1,0,0,0,0,0
EM-RM-120a.1,"Air emissions of the following pollutants: (1) NOx (excluding N2O), (2) SOx, (3) particulate matter (PM10), (4) H2S, and (5) volatile organic compounds (VOCs)",0,0,0,0,1,0,0,0,0,0
EM-RM-120a.2,Number of refineries in or near areas of dense population,0,0,0,0,0,0,0,0,0,0
EM-RM-140a.1,"(1) Total fresh water withdrawn, (2) percentage recycled, (3) percentage in regions with High or Extremely High Baseline Water Stress",0,0,0,0,0,1,0,0,0,0
EM-RM-140a.2,"Number of incidents of non-compliance associated with water quality permits, standards, and regulations",0,0,1,0,0,0,0,0,0,0
EM-RM-150a.1,"Amount of hazardous waste generated, percentage recycled",0,0,0,0,0,0,1,0,0,0
EM-RM-150a.2,"(1) Number of underground storage tanks (USTs), (2) number of UST releases requiring cleanup, and (3) percentage in states with UST financial assurance funds",0,0,0,0,0,0,0,0,0,0
EM-RM-320a.1,"(1) Total recordable incident rate (TRIR), (2) fatality rate, and (3) near miss frequency rate (NMFR) for (a) full-time employees and (b) contract employees",0,0,0,1,0,0,0,0,0,0
EM-RM-410a.1,"Percentage of Renewable Volume Obligation (RVO) met through: (1) production of renewable fuels, (2) purchase of “separated” renewable identification numbers (RIN)",0,0,0,0,0,0,0,0,0,0
EM-RM-410a.2,Total addressable market and share of market for advanced biofuels and associated infrastructure,0,0,0,0,0,0,0,0,0,0
EM-RM-520a.1,Total amount of monetary losses as a result of legal proceedings associated with price fixing or price manipulation,0,1,0,0,0,0,0,0,0,0
EM-RM-540a.1,Process Safety Event (PSE) rates for Loss of Primary Containment (LOPC) of greater consequence (Tier 1) and lesser consequence (Tier 2),0,0,0,0,0,0,0,0,0,0
EM-RM-540a.2,Challenges to Safety Systems indicator rate (Tier 3),0,0,0,0,0,0,0,0,0,0
EM-SV-110a.1,"Total fuel consumed, percentage renewable, percentage used in: (1) on-road equipment and vehicles and (2) off-road equipment",0,0,0,0,0,0,0,1,0,0
EM-SV-110a.3,Percentage of engines in service that meet Tier 4 compliance for non-road diesel engine emissions,0,0,0,0,0,0,0,0,0,0
EM-SV-140a.1,"(1) Total volume of fresh water handled in operations, (2) percentage recycled",0,0,0,0,0,0,0,0,0,0
EM-SV-150a.1,"Volume of hydraulic fracturing fluid used, percentage hazardous",0,0,0,0,0,0,0,0,0,0
EM-SV-160a.1,Average disturbed acreage per (1) oil and (2) gas well site,0,0,0,0,0,0,0,0,0,0
EM-SV-320a.1,"(1) Total recordable incident rate (TRIR), (2) fatality rate, (3) near miss frequency rate (NMFR), (4) total vehicle incident rate (TVIR), and (5) average hours of health, safety, and emergency response training for (a) full-time employees, (b) contract employees, and (c) short-service employees",0,0,0,1,0,0,0,0,0,0
EM-SV-510a.1,Amount of net revenue in countries that have the 20 lowest rankings in Transparency International’s Corruption Perception Index,0,0,0,0,0,0,0,0,0,0
FB-PF-130a.1,"(1) Total energy consumed, (2) percentage grid electricity, (3) percentage renewable",0,0,0,0,0,0,0,1,0,0
FB-PF-140a.1,"(1) Total water withdrawn, (2) total water consumed, percentage of each in regions with High or Extremely High Baseline Water Stress",0,0,0,0,0,1,0,0,0,0
FB-PF-140a.2,"Number of incidents of non-compliance associated with water quantity and/or quality permits, standards, and regulations",0,0,1,0,0,0,0,0,0,0
FB-PF-250a.1,Global Food Safety Initiative (GFSI) audit (1) non-conformance rate and (2) associated corrective action rate for (a) major and (b) minor non-conformances,0,0,0,0,0,0,0,0,0,1
FB-PF-250a.2,Percentage of ingredients sourced from Tier 1 supplier facilities certified to a Global Food Safety Initiative (GFSI) recognized food safety certification program,0,0,0,0,0,0,0,0,0,1
FB-PF-250a.3,"(1) Total number of notices of food safety violation received, (2) percentage corrected",0,0,0,0,0,0,0,0,0,1
FB-PF-250a.4,(1) Number of recalls issued and (2) total amount of food product recalled,0,0,1,0,0,0,0,0,0,0
FB-PF-260a.1,Revenue from products labeled and/or marketed to promote health and nutrition attributes,0,0,0,0,0,0,0,0,0,0
FB-PF-270a.1,Percentage of advertising impressions (1) made on children and (2) made on children promoting products that meet dietary guidelines,0,0,0,0,0,0,0,0,0,0
FB-PF-270a.2,Revenue from products labeled as (1) containing genetically modified organisms (GMOs) and (2) non-GMO,0,0,0,0,0,0,0,0,0,0
FB-PF-270a.3,Number of incidents of non-compliance with industry or regulatory labeling and/or marketing codes,0,0,1,0,0,0,0,0,0,0
FB-PF-270a.4,Total amount of monetary losses as a result of legal proceedings associated with labeling and/or marketing practices,0,1,0,0,0,0,0,0,0,0
FB-PF-410a.1,"(1) Total weight of packaging, (2) percentage made from recycled and/or renewable materials, and (3) percentage that is recyclable, reusable, and/or compostable",0,0,0,0,0,0,0,0,0,0
FB-PF-430a.1,Percentage of food ingredients sourced from regions with High or Extremely High Baseline Water Stress,0,0,0,0,0,1,0,0,0,0
FB-PF-430a.2,Suppliers’ social and environmental responsibility audit (1) non-conformance rate and (2) associated corrective action rate for (a) major and (b) minor non-conformances,0,0,0,0,0,0,0,0,0,0
FB-PF-440a.1,"Percentage of food ingredients sourced that are certified to third-party environmental and/or social standards, and percentages by standard",0,0,0,0,0,0,0,0,0,0
SV-PS-230a.3,"(1) Number of data breaches, (2) percentage involving customers' confidential business information (CBI) or personally identifiable information (PII), (3) number of customers affected",1,0,0,0,0,0,0,0,0,0
SV-PS-330a.1,Percentage of gender and racial/ethnic group representation for (1) executive management and (2) all other employees,0,0,0,0,0,0,0,0,1,0
SV-PS-330a.2,(1) Voluntary and (2) involuntary turnover rate for employees,0,0,0,0,0,0,0,0,0,0
SV-PS-330a.3,Employee engagement as a percentage,0,0,0,0,0,0,0,0,0,0
SV-PS-510a.2,Total amount of monetary losses as a result of legal proceedings associated with professional integrity,0,1,0,0,0,0,0,0,0,0
RR-PP-110a.1,Gross global Scope 1 emissions,0,0,0,0,1,0,0,0,0,0
RR-PP-120a.1,"Air emissions of the following pollutants: (1) NOx (excluding N2O), (2) SO2, (3) volatile organic compounds (VOCs), (4) particulate matter (PM), and (5) hazardous air pollutants (HAPs)",0,0,0,0,1,0,0,0,0,0
RR-PP-130a.1,"(1) Total energy consumed, (2) percentage grid electricity, (3) percentage from biomass, (4) percentage from other renewable energy, (5) total self-generated energy",0,0,0,0,0,0,0,1,0,0
RR-PP-140a.1,"(1) Total water withdrawn, (2) total water consumed, percentage of each in regions with High or Extremely High Baseline Water Stress",0,0,0,0,0,1,0,0,0,0
RR-PP-430a.1,Percentage of wood fiber sourced from (1) third-party certified forestlands and percentage to each standard and (2) meeting other fiber sourcing standards and percentage to each standard,0,0,0,0,0,0,0,0,0,0
RR-PP-430a.2,Amount of recycled and recovered fiber procured,0,0,0,0,0,0,0,0,0,0
TR-RA-110a.1,Gross global Scope 1 emissions,0,0,0,0,1,0,0,0,0,0
TR-RA-110a.3,"Total fuel consumed, percentage renewable",0,0,0,0,0,0,0,1,0,0
TR-RA-120a.1,Air emissions of the following pollutants: (1) NOx (excluding N2O) and (2) particulate matter (PM10),0,0,0,0,1,0,0,0,0,0
TR-RA-320a.1,"(1) Total recordable incident rate (TRIR), (2) fatality rate, and (3) near miss frequency rate (NMFR)",0,0,0,1,0,0,0,0,0,0
TR-RA-520a.1,Total amount of monetary losses as a result of legal proceedings associated with anti-competitive behavior regulations,0,1,0,0,0,0,0,0,0,0
TR-RA-540a.1,Number of accidents and incidents,0,0,0,0,0,0,0,0,0,0
TR-RA-540a.2,Number of (1) accident releases and (2) non-accident releases (NARs),0,0,0,0,0,0,0,0,0,0
TR-RA-540a.3,Number of Federal Railroad Administration (FRA) Recommended Violation Defects,0,0,0,0,0,0,0,0,0,0
TR-RA-540a.4,Frequency of internal railway integrity inspections,0,0,0,0,0,0,0,0,0,0
IF-RE-130a.1,"Energy consumption data coverage as a percentage of total floor area, by property subsector",0,0,0,0,0,0,0,1,0,0
IF-RE-130a.2,"(1) Total energy consumed by portfolio area with data coverage, (2) percentage grid electricity, and (3) percentage renewable, by property subsector",0,0,0,0,0,0,0,1,0,0
IF-RE-130a.3,"Like-for-like percentage change in energy consumption for the portfolio area with data coverage, by property subsector",0,0,0,0,0,0,0,1,0,0
IF-RE-130a.4,"Percentage of eligible portfolio that (1) has an energy rating and (2) is certified to ENERGY STAR, by property subsector",0,0,0,0,0,0,0,0,0,0
IF-RE-140a.1,"Water withdrawal data coverage as a percentage of (1) total floor area and (2) floor area in regions with High or Extremely High Baseline Water Stress, by property subsector",0,0,0,0,0,1,0,0,0,0
IF-RE-140a.2,"(1) Total water withdrawn by portfolio area with data coverage and (2) percentage in regions with High or Extremely High Baseline Water Stress, by property subsector",0,0,0,0,0,1,0,0,0,0
IF-RE-140a.3,"Like-for-like percentage change in water withdrawn for portfolio area with data coverage, by property subsector",0,0,0,0,0,1,0,0,0,0
IF-RE-410a.1,"(1) Percentage of new leases that contain a cost recovery clause for resource efficiency-related capital improvements and (2) associated leased floor area, by property subsector",0,0,0,0,0,0,0,0,0,0
IF-RE-410a.2,"Percentage of tenants that are separately metered or submetered for (1) grid electricity consumption and (2) water withdrawals, by property subsector",0,0,0,0,0,1,0,1,0,0
IF-RE-450a.1,"Area of properties located in 100-year flood zones, by property subsector",0,0,0,0,0,0,0,0,0,0
IF-RS-410a.1,Revenue from energy and sustainability services,0,0,0,0,0,0,0,0,0,0
IF-RS-410a.2,(1) Floor area and (2) number of buildings under management provided with energy and sustainability services,0,0,0,0,0,0,0,0,0,0
IF-RS-410a.3,(1) Floor area and (2) number of buildings under management that obtained an energy rating,0,0,0,0,0,0,0,0,0,0
IF-RS-510a.1,Brokerage revenue from dual agency transactions,0,0,0,0,0,0,0,0,0,0
IF-RS-510a.2,Revenue from transactions associated with appraisal services,0,0,0,0,0,0,0,0,0,0
IF-RS-510a.3,"Total amount of monetary losses as a result of legal proceedings associated with professional integrity, including duty of care",0,1,0,0,0,0,0,0,0,0
FB-RN-130a.1,"(1) Total energy consumed, (2) percentage grid electricity, (3) percentage renewable",0,0,0,0,0,0,0,1,0,0
FB-RN-140a.1,"(1) Total water withdrawn, (2) total water consumed, percentage of each in regions with High or Extremely High Baseline Water Stress",0,0,0,0,0,1,0,0,0,0
FB-RN-150a.1,"(1) Total amount of waste, (2) percentage food waste, and (3) percentage diverted",0,0,0,0,0,0,0,0,0,0
FB-RN-150a.2,"(1) Total weight of packaging, (2) percentage made from recycled and/or renewable materials, and (3) percentage that is recyclable, reusable, and/or compostable",0,0,0,0,0,0,0,0,0,0
FB-RN-250a.1,"(1) Percentage of restaurants inspected by a food safety oversight body, (2) percentage receiving critical violations",0,0,0,0,0,0,0,0,0,1
FB-RN-250a.2,(1) Number of recalls issued and (2) total amount of food product recalled,0,0,1,0,0,0,0,0,0,0
FB-RN-250a.3,"Number of confirmed foodborne illness outbreaks, percentage resulting in U.S. Centers for Disease Control and Prevention (CDC) investigation",0,0,0,0,0,0,0,0,0,0
FB-RN-260a.1,(1) Percentage of meal options consistent with national dietary guidelines and (2) revenue from these options,0,0,0,0,0,0,0,0,0,0
FB-RN-260a.2,(1) Percentage of children’s meal options consistent with national dietary guidelines for children and (2) revenue from these options,0,0,0,0,0,0,0,0,0,0
FB-RN-260a.3,"Number of advertising impressions made on children, percentage promoting products that meet national dietary guidelines for children",0,0,0,0,0,0,0,0,0,0
FB-RN-310a.1,(1) Voluntary and (2) involuntary turnover rate for restaurant employees,0,0,0,0,0,0,0,0,0,0
FB-RN-310a.2,"(1) Average hourly wage, by region and (2) percentage of restaurant employees earning minimum wage, by region",0,0,0,0,0,0,0,0,0,0
FB-RN-310a.3,Total amount of monetary losses as a result of legal proceedings associated with (1) labor law violations and (2) employment discrimination,0,1,0,0,0,0,0,0,0,0
FB-RN-430a.1,Percentage of food purchased that (1) meets environmental and social sourcing standards and (2) is certified to third-party environmental and/or social standards,0,0,0,0,0,0,0,0,0,0
FB-RN-430a.2,Percentage of (1) eggs that originated from a cage-free environment and (2) pork that was produced without the use of gestation crates,0,0,0,0,0,0,0,0,0,0
TR-RO-110a.1,Gross global Scope 1 emissions,0,0,0,0,1,0,0,0,0,0
TR-RO-110a.3,"(1) Total fuel consumed, (2) percentage natural gas, (3) percentage renewable",0,0,0,0,0,0,0,1,0,0
TR-RO-120a.1,"Air emissions of the following pollutants: (1) NOx (excluding N2O), (2) SOx, and (3) particulate matter (PM10)",0,0,0,0,1,0,0,0,0,0
TR-RO-320a.1,(1) Total recordable incident rate (TRIR) and (2) fatality rate for (a) direct employees and (b) contract employees,0,0,0,1,0,0,0,0,0,0
TR-RO-320a.2,(1) Voluntary and (2) involuntary turnover rate for all employees,0,0,0,0,0,0,0,0,0,0
TR-RO-540a.1,Number of road accidents and incidents,0,0,0,0,0,0,0,0,0,0
TR-RO-540a.2,"Safety Measurement System BASIC percentiles for: (1) Unsafe Driving, (2) Hours-of-Service Compliance, (3) Driver Fitness, (4) Controlled Substances/Alcohol, (5) Vehicle Maintenance, and (6) Hazardous Materials Compliance",0,0,0,0,0,0,0,0,0,0
TR-RO-540a.3,(1) Number and (2) aggregate volume of spills and releases to the environment,0,0,0,0,0,0,0,0,0,0
FN-EX-410a.1,(1) Number and (2) average duration of (a) halts related to public release of information and (b) pauses related to volatility,0,0,0,0,0,0,0,0,0,0
FN-EX-410a.2,Percentage of trades generated from automated trading systems,0,0,0,0,0,0,0,0,0,0
FN-EX-510a.1,"Total amount of monetary losses as a result of legal proceedings associated with fraud, insider trading, anti-trust, anti-competitive behavior, market manipulation, malpractice, or other related financial industry laws or regulations",0,1,0,0,0,0,0,0,0,0
FN-EX-550a.1,(1) Number of significant market disruptions and (2) duration of downtime,0,0,0,0,0,0,0,0,0,0
FN-EX-550a.2,"(1) Number of data breaches, (2) percentage involving personally identifiable information (PII), (3) number of customers affected",1,0,0,0,0,0,0,0,0,0
TC-SC-130a.1,"(1) Total energy consumed, (2) percentage grid electricity, (3) percentage renewable",0,0,0,0,0,0,0,1,0,0
TC-SC-140a.1,"(1) Total water withdrawn, (2) total water consumed, percentage of each in regions with High or Extremely High Baseline Water Stress",0,0,0,0,0,1,0,0,0,0
TC-SC-150a.1,"Amount of hazardous waste from manufacturing, percentage recycled",0,0,0,0,0,0,1,0,0,0
TC-SC-320a.2,Total amount of monetary losses as a result of legal proceedings associated with employee health and safety violations,0,1,0,0,0,0,0,0,0,0
TC-SC-330a.1,Percentage of employees that are (1) foreign nationals and (2) located offshore,0,0,0,0,0,0,0,0,0,0
TC-SC-410a.1,Percentage of products by revenue that contain IEC 62474 declarable substances,0,0,0,0,0,0,0,0,0,0
TC-SC-410a.2,"Processor energy efficiency at a system-level for: (1) servers, (2) desktops, and (3) laptops",0,0,0,0,0,0,0,0,0,0
TC-SC-520a.1,Total amount of monetary losses as a result of legal proceedings associated with anti-competitive behavior regulations,0,1,0,0,0,0,0,0,0,0
TC-SI-130a.1,"(1) Total energy consumed, (2) percentage grid electricity, (3) percentage renewable",0,0,0,0,0,0,0,1,0,0
TC-SI-130a.2,"(1) Total water withdrawn, (2) total water consumed, percentage of each in regions with High or Extremely High Baseline Water Stress",0,0,0,0,0,1,0,0,0,0
TC-SI-220a.2,Number of users whose information is used for secondary purposes,0,0,0,0,0,0,0,0,0,0
TC-SI-220a.3,Total amount of monetary losses as a result of legal proceedings associated with user privacy,0,1,0,0,0,0,0,0,0,0
TC-SI-220a.4,"(1) Number of law enforcement requests for user information, (2) number of users whose information was requested, (3) percentage resulting in disclosure",0,0,0,0,0,0,0,0,0,0
TC-SI-230a.1,"(1) Number of data breaches, (2) percentage involving personally identifiable information (PII), (3) number of users affected",1,0,0,0,0,0,0,0,0,0
TC-SI-330a.1,Percentage of employees that are (1) foreign nationals and (2) located offshore,0,0,0,0,0,0,0,0,0,0
TC-SI-330a.2,Employee engagement as a percentage,0,0,0,0,0,0,0,0,0,0
TC-SI-330a.3,"Percentage of gender and racial/ethnic group representation for (1) management, (2) technical staff, and (3) all other employees",0,0,0,0,0,0,0,0,1,0
TC-SI-520a.1,Total amount of monetary losses as a result of legal proceedings associated with anti-competitive behavior regulations,0,1,0,0,0,0,0,0,0,0
TC-SI-550a.1,Number of (1) performance issues and (2) service disruptions; (3) total customer downtime,0,0,0,0,0,0,0,0,0,0
RR-ST-130a.1,"(1) Total energy consumed, (2) percentage grid electricity, (3) percentage renewable",0,0,0,0,0,0,0,1,0,0
RR-ST-140a.1,"(1) Total water withdrawn, (2) total water consumed, percentage of each in regions with High or Extremely High Baseline Water Stress",0,0,0,0,0,1,0,0,0,0
RR-ST-150a.1,"Amount of hazardous waste generated, percentage recycled",0,0,0,0,0,0,1,0,0,0
RR-ST-150a.2,"Number and aggregate quantity of reportable spills, quantity recovered",0,0,0,0,0,0,0,0,0,0
RR-ST-160a.1,Number and duration of project delays related to ecological impacts,0,0,0,0,0,0,0,0,0,0
RR-ST-410b.1,Percentage of products sold that are recyclable or reusable,0,0,0,0,0,0,0,0,0,0
RR-ST-410b.2,"Weight of end-of-life material recovered, percentage recycled",0,0,0,0,0,0,0,0,0,0
RR-ST-410b.3,"Percentage of products by revenue that contain IEC 62474 declarable substances, arsenic compounds, antimony compounds, or beryllium compounds",0,0,0,0,0,0,0,0,0,0
TC-TL-130a.1,"(1) Total energy consumed, (2) percentage grid electricity, (3) percentage renewable",0,0,0,0,0,0,0,1,0,0
TC-TL-220a.2,Number of customers whose information is used for secondary purposes,0,0,0,0,0,0,0,0,0,0
TC-TL-220a.3,Total amount of monetary losses as a result of legal proceedings associated with customer privacy,0,1,0,0,0,0,0,0,0,0
TC-TL-220a.4,"(1) Number of law enforcement requests for customer information, (2) number of customers whose information was requested, (3) percentage resulting in disclosure",0,0,0,0,0,0,0,0,0,0
TC-TL-230a.1,"(1) Number of data breaches, (2) percentage involving personally identifiable information (PII), (3) number of customers affected",1,0,0,0,0,0,0,0,0,0
TC-TL-440a.1,"(1) Materials recovered through take back programs, percentage of recovered materials that were (2) reused, (3) recycled, and (4) landfilled",0,0,0,0,0,0,1,0,0,0
TC-TL-520a.1,Total amount of monetary losses as a result of legal proceedings associated with anti-competitive behavior regulations,0,1,0,0,0,0,0,0,0,0
TC-TL-520a.2,Average actual sustained download speed of (1) owned and commercially-associated content and (2) non-associated content,0,0,0,0,0,0,0,0,0,0
TC-TL-550a.1,(1) System average interruption frequency and (2) customer average interruption duration,0,0,0,0,0,0,0,0,0,0
FB-TB-260a.1,(1) Gross revenue and (2) revenue net of excise taxes from (a) non-tobacco nicotine products and (b) heated tobacco products,0,0,0,0,0,0,0,0,0,0
FB-TB-270a.1,"Total amount of monetary losses as a result of legal proceedings associated with marketing, labeling, and/or advertising practices",0,1,0,0,0,0,0,0,0,0
CG-TS-250a.1,Number of (1) recalls and (2) total units recalled,0,0,1,0,0,0,0,0,0,0
CG-TS-250a.2,Number of Letters of Advice (LOA) received,0,0,0,0,0,0,0,0,0,0
CG-TS-250a.3,Total amount of monetary losses as a result of legal proceedings associated with product safety,0,1,0,0,0,0,0,0,0,1
CG-TS-430a.1,Number of facilities audited to a social responsibility code of conduct,0,0,0,0,0,0,0,0,0,0
CG-TS-430a.2,Direct suppliers’ social responsibility audit (1) non-conformance rate and (2) associated corrective action rate for (a) priority non-conformances and (b) other non-conformances,0,0,0,0,0,0,0,0,0,0
IF-WM-110a.1,"(1) Gross global Scope 1 emissions, percentage covered under (2) emissions-limiting regulations, and (3) emissions-reporting regulations",0,0,0,0,1,0,0,0,0,0
IF-WM-110a.2,"(1) Total landfill gas generated, (2) percentage flared, (3) percentage used for energy",0,0,0,0,0,0,1,0,0,0
IF-WM-110b.1,"(1) Fleet fuel consumed, (2) percentage natural gas, (3) percentage renewable",0,0,0,0,0,0,0,1,0,0
IF-WM-110b.2,Percentage of alternative fuel vehicles in fleet,0,0,0,0,0,0,0,0,0,0
IF-WM-120a.1,"Air emissions of the following pollutants: (1) NOx (excluding N2O), (2) SOx, (3) volatile organic compounds (VOCs), and (4) hazardous air pollutants (HAPs)",0,0,0,0,1,0,0,0,0,0
IF-WM-120a.2,Number of facilities in or near areas of dense population,0,0,0,0,0,0,0,0,0,0
IF-WM-120a.3,Number of incidents of non-compliance associated with air emissions,0,0,1,0,1,0,0,0,0,0
IF-WM-150a.1,"(1) Total Toxic Release Inventory (TRI) releases, (2) percentage released to water",0,0,0,0,0,0,0,0,0,0
IF-WM-150a.2,Number of corrective actions implemented for landfill releases,0,0,0,0,0,0,1,0,0,0
IF-WM-150a.3,Number of incidents of non-compliance associated with environmental impacts,0,0,1,0,0,0,0,0,0,0
IF-WM-310a.1,Percentage of active workforce covered under collective bargaining agreements,0,0,0,0,0,0,0,0,0,0
IF-WM-310a.2,(1) Number of work stoppages and (2) total days idle,0,0,0,1,0,0,0,0,0,0
IF-WM-320a.1,"(1) Total recordable incident rate (TRIR), (2) fatality rate, and (3) near miss frequency rate (NMFR) for (a) direct employees and (b) contract employees",0,0,0,1,0,0,0,0,0,0
IF-WM-320a.2,"Safety Measurement System BASIC percentiles for: (1) Unsafe Driving, (2) Hours-of-Service Compliance, (3) Driver Fitness, (4) Controlled Substances/Alcohol, (5) Vehicle Maintenance, and (6) Hazardous Materials Compliance",0,0,0,0,0,0,0,0,0,0
IF-WM-320a.3,Number of road accidents and incidents,0,0,0,0,0,0,0,0,0,0
IF-WM-420a.1,"(1) Amount of waste incinerated, (2) percentage hazardous, (3) percentage used for energy recovery",0,0,0,0,0,0,0,0,0,0
IF-WM-420a.2,"Percentage of customers receiving (1) recycling and (2) composting services, by customer type",0,0,0,0,0,0,0,0,0,0
IF-WM-420a.3,"Amount of material (1) recycled, (2) composted, and (3) processed as waste-to-energy",0,0,0,0,0,0,0,0,0,0
IF-WM-420a.4,"Amount of electronic waste collected, percentage recovered through recycling",0,0,0,0,0,0,0,0,0,0
IF-WU-130a.1,"(1) Total energy consumed, (2) percentage grid electricity, (3) percentage renewable",0,0,0,0,0,0,0,1,0,0
IF-WU-140a.1,Water main replacement rate,0,0,0,0,0,0,0,0,0,0
IF-WU-140a.2,Volume of non-revenue real water losses,0,0,0,0,0,1,0,0,0,0
IF-WU-140b.1,"Number of incidents of non-compliance associated with water effluent quality permits, standards, and regulations",0,0,1,0,0,0,0,0,0,0
IF-WU-240a.1,"Average retail water rate for (1) residential, (2) commercial, and (3) industrial customers",0,0,0,0,0,0,0,0,0,0
IF-WU-240a.2,Typical monthly water bill for residential customers for 10 Ccf of water delivered per month,0,0,0,0,0,0,0,0,0,0
IF-WU-240a.3,"Number of residential customer water disconnections for non-payment, percentage reconnected within 30 days",0,0,0,0,0,0,0,0,0,0
IF-WU-250a.1,"Number of (1) acute health-based, (2) non-acute health-based, and (3) non-health-based drinking water violations",0,0,0,0,0,1,0,0,0,0
IF-WU-420a.1,Percentage of water utility revenues from rate structures that are designed to promote conservation and revenue resilience,0,0,0,0,0,0,0,0,0,0
IF-WU-420a.2,"Customer water savings from efficiency measures, by market",0,0,0,0,0,0,0,0,0,0
IF-WU-440a.1,"Total water sourced from regions with High or Extremely High Baseline Water Stress, percentage purchased from a third party",0,0,0,0,0,1,0,0,0,0
IF-WU-440a.2,Volume of recycled water delivered to customers,0,0,0,0,0,0,0,0,0,0
IF-WU-450a.1,Wastewater treatment capacity located in 100-year flood zones,0,0,0,0,0,1,0,0,0,0
IF-WU-450a.2,"(1) Number and (2) volume of sanitary sewer overflows (SSO), (3) percentage of volume recovered",0,0,0,0,0,0,0,0,0,0
IF-WU-450a.3,"(1) Number of unplanned service disruptions, and (2) customers affected, each by duration category",0,0,0,0,0,0,0,0,0,0
RR-WT-320a.1,(1) Total recordable incident rate (TRIR) and (2) fatality rate for (a) direct employees and (b) contract employees,0,0,0,1,0,0,0,0,0,0
RR-WT-410a.1,"Average A-weighted sound power level of wind turbines, by wind turbine class",0,0,0,0,0,0,0,0,0,0
RR-WT-410a.2,Backlog cancellations associated with community or ecological impacts,0,0,0,0,0,0,0,0,0,0
RR-WT-440b.1,"Top five materials consumed, by weight",0,0,0,0,0,0,0,0,0,0
RR-WT-440b.2,"Average top head mass per turbine capacity, by wind turbine class",0,0,0,0,0,0,0,0,0,0
